﻿store,websites,attribute_set,Type,category_ids,category_names,48WS_product_id,sku,has_options,name,Group_Name,meta_title,meta_description,Image,small_image,thumbnail,url_key,url_path,custom_design,page_layout,options_container,image_label,small_image_label,thumbnail_label,gift_message_available,manufacturer_url,price,special_price,cost,weight,manufacturer,manufacturer_id,color,status,visibility,tax_class_id,enable_googlecheckout,is_recurring,description,short_description,summary,upc,size_info,meta_keyword,custom_layout_update,news_from_date,news_to_date,special_from_date,special_to_date,custom_design_from,custom_design_to,qty,min_qty,use_config_min_qty,is_qty_decimal,backorders,use_config_backorders,min_sale_qty,use_config_min_sale_qty,max_sale_qty,use_config_max_sale_qty,is_in_stock,low_stock_date,notify_stock_qty,use_config_notify_stock_qty,manage_stock,use_config_manage_stock,stock_status_changed_automatically,use_config_qty_increments,qty_increments,use_config_enable_qty_increments,enable_qty_increments,product_name,store_id,product_type_id,product_status_changed,product_changed_websites
admin,base,Default,simple,"137|24589","Air Compressors|Electric Air Compressors",179695,"MICRON215KW",,"MICRON 2,2-15kW","","MICRON 2,2-15kW","Join the world of the easy screw compressor technology when your compressed air demands are increasing",/\M\I\.jpg,/\M\I\.jpg,http://www.48ws.com/images/product/M/I/.jpg,MICRON215KW-ABAC-Air-Compressors,MICRON215KW-ABAC-Air-Compressors,,No layout updates.,Block after Info Column,,"MICRON 2,2-15kW","MICRON 2,2-15kW",Use config,"http://www.abacaircompressors.com/ukus/ourproducts/screwcompressor/micron/index.aspx",0,,,0,"ABAC Air Compressors",1172,,Enabled,"Catalog, Search",Taxable Goods,Yes,No,"Join the world of the easy screw compressor technology when your compressed air demands are increasing","<li>Closed or Open variant</li>
<li>From 2,2 to 15 kW</li>
<li>8, 10 and 13 Bar versions </li>","The new ABAC MICRON compressor combines the simplicity and cost competitiveness of the ABAC Piston with the durability, low noise levels and energy efficiency of the ABAC Screw compressors.   When moving from occasional use to continuous air flow, ABAC screw compressors deliver exactly what you need at an extremely small footprint. Please check for availability of the closed and open variants in your area.
<li>Simple installation: fitted with an air receiver, ready to be installed at delivery </li>
<li>Low noise level: installation close to the usage point</li>
<li>Easy maintenance: all components are well placed to facilitate service and maintenance</li>
<li>Reduced power consumption: much less consumption when compared to piston, thanks to rotary technology</li>
<li>Constant pressure: Air flow without pulsations grants you stability for your production process</li>
<li>High efficiency air ends: for better durability and reliability</li>
","","MICRON 2,2-15kW","MICRON 2,2-15kW",,,,,,,,1,0,1,0,0,1,1,1,0,1,1,,,1,0,1,0,1,0,1,0,,0,simple,,
admin,base,Default,simple,"137|24589","Air Compressors|Electric Air Compressors",179696,"SPINN2215KW",,"SPINN 2,2-15kW","","SPINN 2,2-15kW","Explore the world of screw compressor technology with compactness, low cost, simplicity and a comfortable workplace.",/\S\P\SPINN-22.jpg,/\S\P\SPINN-22.jpg,http://www.48ws.com/images/product/S/P/SPINN-22.jpg,SPINN2215KW-ABAC-Air-Compressors-SPINN-22-15kW,SPINN2215KW-ABAC-Air-Compressors-SPINN-22-15kW,,No layout updates.,Block after Info Column,,"SPINN 2,2-15kW","SPINN 2,2-15kW",Use config,"http://www.abacaircompressors.com/ukus/ourproducts/screwcompressor/spinn/index.aspx",0,,,0,"ABAC Air Compressors",1172,,Enabled,"Catalog, Search",Taxable Goods,Yes,No,"Explore the world of screw compressor technology with compactness, low cost, simplicity and a comfortable workplace.","<li>From 2,2 to 11 kW </li>
<li>8, 10 and 13 Bar versions </li>
<li>Floor mounted, tank mounted and dry versions </li>","Your workshop comfort matters to us. Therefore, ABAC has developed a very compact compressor with an extreme low noise level, comparable to your air conditioning system. Easy to install and maintain. This compressor is ideal for garages, tires centres and various workshops.
<li>Workshop comfort: extreme low noise, small footprint.</li>
<li>Compact and complete: You can choose a basic or a complete version. The SPINN series have always a variant that suits your business</li>
<li>Maximized robustness & efficiency thanks to new screw element design.</li>
<li>Cost effective: installation close to working area allows reduction of piping network; easy and cheap to maintain, longer lifetime and 30% more efficient than piston compressors.</li>
<li>User friendly: straight forward control panel grants you an easy and simple operation</li>
<li>Easy maintenance: rapid access to servicing parts and long service intervals </li>
","","SPINN 2,2-15kW","SPINN 2,2-15kW",,,,,,,,1,0,1,0,0,1,1,1,0,1,1,,,1,0,1,0,1,0,1,0,,0,simple,,
admin,base,Default,simple,"137|24589","Air Compressors|Electric Air Compressors",179697,"FORMULA5530KW",,"FORMULA 5,5-30kW","","FORMULA 5,5-30kW","For every business need there is a FORMULA. Which one is yours?",/\F\O\FORMULA-55.jpg,/\F\O\FORMULA-55.jpg,http://www.48ws.com/images/product/F/O/FORMULA-55.jpg,FORMULA5530KW-ABAC-Air-Compressors-FORMULA-55-30kW,FORMULA5530KW-ABAC-Air-Compressors-FORMULA-55-30kW,,No layout updates.,Block after Info Column,,"FORMULA 5,5-30kW","FORMULA 5,5-30kW",Use config,"http://www.abacaircompressors.com/ukus/ourproducts/screwcompressor/formula/1530.aspx",0,,,0,"ABAC Air Compressors",1172,,Enabled,"Catalog, Search",Taxable Goods,Yes,No,"For every business need there is a FORMULA. Which one is yours?","<li>5,5 to 30 kW</li>				
<li>8, 10 and 13 bar versions</li>				
<li>Variable and fixed speed, dryer versions</li>","In ABAC we developed more than 45 different FORMULAs to suit your business requirements. There is no need to give in on any detail: many different versions, power sizes, voltages, pressure variants, efficiencies and market approvals are available for manufacturing, assembly or other  industrial applications.
<li>From basic versions up to complete versions with integrated dryers, filters and variable speed drive.</li>				
<li>Peace of mind: new air ends provide you a robust, efficient and reliable compressed air solution.</li>				
<li>Maximum efficiency with new EFF1 motors (5,5-15 kW and variable speed)</li>				
<li>Comfortable working environment: extreme low noise level  thanks to generous canopy insulation.</li>				
<li>Full control and functionality just behind a few clicks with intuitive smart controller</li>				
<li>Enhanced efficiency and lifetime of your equipment and tools with FORMULA E, providing dry and clean air</li>				
<li>Effortless maintenance: long service intervals, smart maintenance kits  and quick access to belts, filters & dryer.</li>				
<li>Easy handling with 3 accessibility points</li>				
<li>Space efficient design: very high output for a very little foot print </li>				
","","FORMULA 5,5-30kW","FORMULA 5,5-30kW",,,,,,,,1,0,1,0,0,1,1,1,0,1,1,,,1,0,1,0,1,0,1,0,,0,simple,,
admin,base,Default,simple,"137|24589","Air Compressors|Electric Air Compressors",179698,"FORMULA3075KW",,"FORMULA 30*-75kW","","FORMULA 30*-75kW","For every business need there is a FORMULA. Which one is yours?",/\F\O\FORMULA-30.jpg,/\F\O\FORMULA-30.jpg,http://www.48ws.com/images/product/F/O/FORMULA-30.jpg,FORMULA3075KW-ABAC-Air-Compressors-FORMULA-30-75kW,FORMULA3075KW-ABAC-Air-Compressors-FORMULA-30-75kW,,No layout updates.,Block after Info Column,,"FORMULA 30*-75kW","FORMULA 30*-75kW",Use config,"http://www.abacaircompressors.com/ukus/ourproducts/screwcompressor/formula/3075.aspx",0,,,0,"ABAC Air Compressors",1172,,Enabled,"Catalog, Search",Taxable Goods,Yes,No,"For every business need there is a FORMULA. Which one is yours?","ABAC presents the new Formula 30*-75kW range to offer you the ideal combination of compactness and performance.  In this range the choice is easy.
<li>Space efficiency with surfaces of 1,2m² and 1,8m².  You will receive very high output in very limited space needed.</li>
<li>Easy and effortless maintenance with long service intervals smart maintenance kits and quick access to belts, filters & dryer.</li>
<li>User-friendliness with full control and functionality just behind a few clicks thanks to the intuitive smart controller.</li>
<li>You get exactly what you need with the Formula 30*-75kW machine design consisting of minimum amount of parts: less risks, less maintenance, easier problem analysis</li>
<li>The new generation air ends guarantees efficiency, more robustness and extreme reliability.</li>
<li>Powerful cooling for a powerful compressor: the fan and coolers deliver efficient cooling as well under the most demanding conditions. </li>
<li>Easy handling with 3 access points</li>
<li>The robust Formula 30*-75 is designed for rough industrial conditions.</li>","","","FORMULA 30*-75kW","FORMULA 30*-75kW",,,,,,,,1,0,1,0,0,1,1,1,0,1,1,,,1,0,1,0,1,0,1,0,,0,simple,,
admin,base,Default,simple,"137|24589","Air Compressors|Electric Air Compressors",179699,"Genesis5522KW",,"Genesis 5,5-22kW: The reference workstation","","Genesis 5,5-22kW: The reference workstation","The legendary GENESIS, that’s a truly plug & play solution for air delivery, or just everything you need in one place! The GENESIS is ideal for OEMs and the medium size industrial and assembly applications.
",/\G\e\Genesis-55-22kW-The-reference.jpg,/\G\e\Genesis-55-22kW-The-reference.jpg,http://www.48ws.com/images/product/G/e/Genesis-55-22kW-The-reference.jpg,Genesis5522KW-ABAC-Air-Compressors-Genesis-55-22kW-The-reference-workstation,Genesis5522KW-ABAC-Air-Compressors-Genesis-55-22kW-The-reference-workstation,,No layout updates.,Block after Info Column,,"Genesis 5,5-22kW: The reference workstation","Genesis 5,5-22kW: The reference workstation",Use config,"http://www.abacaircompressors.com/ukus/ourproducts/screwcompressor/genesis/index.aspx",0,,,0,"ABAC Air Compressors",1172,,Enabled,"Catalog, Search",Taxable Goods,Yes,No,"The legendary GENESIS, that’s a truly plug & play solution for air delivery, or just everything you need in one place! The GENESIS is ideal for OEMs and the medium size industrial and assembly applications.
","<li>5,5 to 22 kW, variable speed at 11 or 22 kW</li>
<li>8, 10 and 13 bar versions</li>
<li>270 or 500L receiver </li>","<li>A unique integrated air workstation with compressor, refrigerant dryer, automatic drain, line filter (0,1 micron) and receiver (270 or 500L).</li>
<li>High performance air ends, providing robustness and reliability</li>
<li>Comfortable working environment: extreme low noise level thanks to generous canopy insulation</li>
<li>As efficient as the large industrial compressors: low maintenance, low energy consumption, low service input.</li>
<li>Enhanced efficiency and lifetime of your equipment and tools thanks to integrated refrigerant dryer and filter</li>
<li>Space efficient design - Ideal for small compressor rooms, the GENESIS series compresses and processes full quality air on a minimal space.</li>
<li>Simple and fast maintenance: long service intervals, quick access to belts, filters & dryer, smart maintenance kits; oil level indicator</li>
<li>Maximum energy efficiency variable speed version.</li>
<li>Full control and functionality just behind a few clicks with intuitive smart controller </li>","","Genesis 5,5-22kW: The reference workstation","Genesis 5,5-22kW: The reference workstation",,,,,,,,1,0,1,0,0,1,1,1,0,1,1,,,1,0,1,0,1,0,1,0,,0,simple,,
admin,base,Default,simple,"137|24589","Air Compressors|Electric Air Compressors",179700,"O15",,"O15 Range","","O15 Range","The O15 range offers great solutions for performing smaller compressed air applications in and around the house. 

Blowing dust away, inflating bicycle tyres and handyman applications like nailing or stapling can all be done easily with this range of sm",/\O\1\O15.jpg,/\O\1\O15.jpg,http://www.48ws.com/images/product/O/1/O15.jpg,O15-ABAC-Air-Compressors-O15-Range,O15-ABAC-Air-Compressors-O15-Range,,No layout updates.,Block after Info Column,,"O15 Range","O15 Range",Use config,"http://www.abacaircompressors.com/ukus/ourproducts/piston/LINE/O15.aspx",0,,,0,"ABAC Air Compressors",1172,,Enabled,"Catalog, Search",Taxable Goods,Yes,No,"","The O15 range offers great solutions for performing smaller compressed air applications in and around the house. 

Blowing dust away, inflating bicycle tyres and handyman applications like nailing or stapling can all be done easily with this range of small, light and compact compressors.","","","O15 Range","O15 Range",,,,,,,,1,0,1,0,0,1,1,1,0,1,1,,,1,0,1,0,1,0,1,0,,0,simple,,
admin,base,Default,simple,"137|24589","Air Compressors|Electric Air Compressors",179701,"L20",,"L20 Range","","L20 Range","Oil Lubricated Direct Driven Compressors

Performing small tasks has never been this simple and easy using the L20 range of compressors. 

Great technology and simple operation suitable for a large range of applications, from nailing over stapling, to",/\L\2\L20.jpg,/\L\2\L20.jpg,http://www.48ws.com/images/product/L/2/L20.jpg,L20-ABAC-Air-Compressors-L20-Range,L20-ABAC-Air-Compressors-L20-Range,,No layout updates.,Block after Info Column,,"L20 Range","L20 Range",Use config,"http://www.abacaircompressors.com/ukus/ourproducts/piston/LINE/L20.aspx",0,,,0,"ABAC Air Compressors",1172,,Enabled,"Catalog, Search",Taxable Goods,Yes,No,"","Oil Lubricated Direct Driven Compressors.

Performing small tasks has never been this simple and easy using the L20 range of compressors. 

Great technology and simple operation suitable for a large range of applications, from nailing over stapling, to blowing and inflating.","","","L20 Range","L20 Range",,,,,,,,1,0,1,0,0,1,1,1,0,1,1,,,1,0,1,0,1,0,1,0,,0,simple,,
admin,base,Default,simple,"137|24589","Air Compressors|Electric Air Compressors",179702,"A29",,"A29 Range","","A29 Range","One Stage Belt Driven Compressors

Great belt driven technology developed for simple but reliable operation. 

Your workshop deserves professional equipment. These compressors are suitable for many short to more demanding tasks ranging from ratcheting",/\A\2\A29.jpg,/\A\2\A29.jpg,http://www.48ws.com/images/product/A/2/A29.jpg,A29-ABAC-Air-Compressors-A29-Range,A29-ABAC-Air-Compressors-A29-Range,,No layout updates.,Block after Info Column,,"A29 Range","A29 Range",Use config,"http://www.abacaircompressors.com/ukus/ourproducts/piston/LINE/A29.aspx",0,,,0,"ABAC Air Compressors",1172,,Enabled,"Catalog, Search",Taxable Goods,Yes,No,"","One Stage Belt Driven Compressors

Great belt driven technology developed for simple but reliable operation. 

Your workshop deserves professional equipment. These compressors are suitable for many short to more demanding tasks ranging from ratcheting to small hammering, and from painting to wrenching.","","","A29 Range","A29 Range",,,,,,,,1,0,1,0,0,1,1,1,0,1,1,,,1,0,1,0,1,0,1,0,,0,simple,,
admin,base,Default,simple,"137|24589","Air Compressors|Electric Air Compressors",179703,"A39",,"A39 Range","","A39 Range","One Stage Belt Driven Compressors",/\A\3\A39.jpg,/\A\3\A39.jpg,http://www.48ws.com/images/product/A/3/A39.jpg,A39-ABAC-Air-Compressors-A39-Range,A39-ABAC-Air-Compressors-A39-Range,,No layout updates.,Block after Info Column,,"A39 Range","A39 Range",Use config,"http://www.abacaircompressors.com/ukus/ourproducts/piston/LINE/A39.aspx",0,,,0,"ABAC Air Compressors",1172,,Enabled,"Catalog, Search",Taxable Goods,Yes,No,"One Stage Belt Driven Compressors","The A39 takes you one step further, with more power and more air. 

If you are performing tasks which require more air delivery, the A39 compressors are a good match. They are user-friendly and simple to operate, and amongst other tasks, they can be used for impact wrenching, and more intensive hammering.","","","A39 Range","A39 Range",,,,,,,,1,0,1,0,0,1,1,1,0,1,1,,,1,0,1,0,1,0,1,0,,0,simple,,
admin,base,Default,simple,"137|24589","Air Compressors|Electric Air Compressors",179704,"O20P",,"O20P Range","","O20P Range","Oilless Direct Driven Compressor

Performant and oilless, the O20P range combines more power with more features. 

The powerful oilless direct driven compressors are a good match for more intensive DIY and semi-professional applications. The focus has",/\O\2\O20P.jpg,/\O\2\O20P.jpg,http://www.48ws.com/images/product/O/2/O20P.jpg,O20P-ABAC-Air-Compressors-O20P-Range,O20P-ABAC-Air-Compressors-O20P-Range,,No layout updates.,Block after Info Column,,"O20P Range","O20P Range",Use config,"http://www.abacaircompressors.com/ukus/ourproducts/piston/pro/O20P.aspx",0,,,0,"ABAC Air Compressors",1172,,Enabled,"Catalog, Search",Taxable Goods,Yes,No,"","Oilless Direct Driven Compressor

Performant and oilless, the O20P range combines more power with more features. 

The powerful oilless direct driven compressors are a good match for more intensive DIY and semi-professional applications. The focus has been put on user-friendly designs and reliable and strong, but easy to move configurations.","","","O20P Range","O20P Range",,,,,,,,1,0,1,0,0,1,1,1,0,1,1,,,1,0,1,0,1,0,1,0,,0,simple,,
admin,base,Default,simple,"137|24589","Air Compressors|Electric Air Compressors",179705,"L20PL30P",,"L20P - L30P Range","","L20P - L30P Range","Oil Lubricated Direct Driven Compressors

Professional and compact performance with extra user-friendly benefits. 

This range of compressors has robust and strong direct driven pumps for more intensive use, and they have extra benefits to improve the",/\L\2\L20P-L30P.jpg,/\L\2\L20P-L30P.jpg,http://www.48ws.com/images/product/L/2/L20P-L30P.jpg,L20PL30P-ABAC-Air-Compressors-L20P-L30P-Range,L20PL30P-ABAC-Air-Compressors-L20P-L30P-Range,,No layout updates.,Block after Info Column,,"L20P - L30P Range","L20P - L30P Range",Use config,"http://www.abacaircompressors.com/ukus/ourproducts/piston/pro/L20P-L30P.aspx",0,,,0,"ABAC Air Compressors",1172,,Enabled,"Catalog, Search",Taxable Goods,Yes,No,"","Oil Lubricated Direct Driven Compressors.

Professional and compact performance with extra user-friendly benefits. 

This range of compressors has robust and strong direct driven pumps for more intensive use, and they have extra benefits to improve the user comfort. Typical applications include inflating, blowing, nailing and washing.
","","","L20P - L30P Range","L20P - L30P Range",,,,,,,,1,0,1,0,0,1,1,1,0,1,1,,,1,0,1,0,1,0,1,0,,0,simple,,
admin,base,Default,simple,"137|24589","Air Compressors|Electric Air Compressors",179706,"411602",,"Special Configuations","","Special Configuations","Oil-less and lubricated direct driven compressors

More specific needs require more specific configurations. 

This range of configurations has been created for those looking for more protection with roll bars, and more comfort and space saving with v",/\4\1\Special.jpg,/\4\1\Special.jpg,http://www.48ws.com/images/product/4/1/Special.jpg,411602-ABAC-Air-Compressors-Special-Configuations,411602-ABAC-Air-Compressors-Special-Configuations,,No layout updates.,Block after Info Column,,"Special Configuations","Special Configuations",Use config,"http://www.abacaircompressors.com/ukus/ourproducts/piston/pro/special_configurations.aspx",0,,,0,"ABAC Air Compressors",1172,,Enabled,"Catalog, Search",Taxable Goods,Yes,No,"","Oil-less and lubricated direct driven compressors.

More specific needs require more specific configurations. 

This range of configurations has been created for those looking for more protection with roll bars, and more comfort and space saving with vertical handles.","","","Special Configuations","Special Configuations",,,,,,,,1,0,1,0,0,1,1,1,0,1,1,,,1,0,1,0,1,0,1,0,,0,simple,,
admin,base,Default,simple,"137|24589","Air Compressors|Electric Air Compressors",179707,"411601",,"High Performance V-Range","","High Performance V-Range","Oil Lubricated Direct Driven Compressors

Most performant compressors in the direct driven portfolio. 

This compressor range stands for compact performance. The compressors are designed for intensive use and come in special configurations to bring ex",/\4\1\High-Performance-V.jpg,/\4\1\High-Performance-V.jpg,http://www.48ws.com/images/product/4/1/High-Performance-V.jpg,411601-ABAC-Air-Compressors-High-Performance-V-Range,411601-ABAC-Air-Compressors-High-Performance-V-Range,,No layout updates.,Block after Info Column,,"High Performance V-Range","High Performance V-Range",Use config,"http://www.abacaircompressors.com/ukus/ourproducts/piston/pro/V.aspx",0,,,0,"ABAC Air Compressors",1172,,Enabled,"Catalog, Search",Taxable Goods,Yes,No,"","Oil Lubricated Direct Driven Compressors

Most performant compressors in the direct driven portfolio. 

This compressor range stands for compact performance. The compressors are designed for intensive use and come in special configurations to bring extra user comfort in special circumstances. The twin tank for example brings more stability to move around on difficult terrains.","","","High Performance V-Range","High Performance V-Range",,,,,,,,1,0,1,0,0,1,1,1,0,1,1,,,1,0,1,0,1,0,1,0,,0,simple,,
admin,base,Default,simple,"137|24589","Air Compressors|Electric Air Compressors",179708,"41160242",,"A29B PRO Range","","A29B PRO Range","One Stage Belt Driven Compressors

The A29B PRO range offers more user friendliness and lower operating temperatures. 

This is achieved all thanks to the several special product features focusing on the user comfort. They are a great match for more v",/\4\1\A29B-PRO.jpg,/\4\1\A29B-PRO.jpg,http://www.48ws.com/images/product/4/1/A29B-PRO.jpg,41160242-ABAC-Air-Compressors-A29B-PRO-Range,41160242-ABAC-Air-Compressors-A29B-PRO-Range,,No layout updates.,Block after Info Column,,"A29B PRO Range","A29B PRO Range",Use config,"http://www.abacaircompressors.com/ukus/ourproducts/piston/pro/A29B_PRO.aspx",0,,,0,"ABAC Air Compressors",1172,,Enabled,"Catalog, Search",Taxable Goods,Yes,No,"","One Stage Belt Driven Compressors

The A29B PRO range offers more user friendliness and lower operating temperatures. 

This is achieved all thanks to the several special product features focusing on the user comfort. They are a great match for more value seeking customers using their compressor for grinding and small hammering operations, but also ratcheting and wrenching.","","","A29B PRO Range","A29B PRO Range",,,,,,,,1,0,1,0,0,1,1,1,0,1,1,,,1,0,1,0,1,0,1,0,,0,simple,,
admin,base,Default,simple,"137|24589","Air Compressors|Electric Air Compressors",179709,"41160245",,"A39B PRO Range","","A39B PRO Range","One Stage Belt Driven Compressors

Reliable power and performance in combination with user friendly features. 

The PRO A39B range performs more heavy tasks but still offers you great flexibility and ease of operations. The features bring extra value",/\4\1\A39B-PRO.jpg,/\4\1\A39B-PRO.jpg,http://www.48ws.com/images/product/4/1/A39B-PRO.jpg,41160245-ABAC-Air-Compressors-A39B-PRO-Range,41160245-ABAC-Air-Compressors-A39B-PRO-Range,,No layout updates.,Block after Info Column,,"A39B PRO Range","A39B PRO Range",Use config,"http://www.abacaircompressors.com/ukus/ourproducts/piston/pro/A39B_PRO.aspx",0,,,0,"ABAC Air Compressors",1172,,Enabled,"Catalog, Search",Taxable Goods,Yes,No,"","One Stage Belt Driven Compressors

Reliable power and performance in combination with user friendly features. 

The PRO A39B range performs more heavy tasks but still offers you great flexibility and ease of operations. The features bring extra value to how you can use your compressor for tasks such as hammering, sanding, professional painting and hammering.","","","A39B PRO Range","A39B PRO Range",,,,,,,,1,0,1,0,0,1,1,1,0,1,1,,,1,0,1,0,1,0,1,0,,0,simple,,
admin,base,Default,simple,"137|24589","Air Compressors|Electric Air Compressors",179710,"4116019",,"PRO B4900-7000","","PRO B4900-7000","Two Stage Belt Driven Compressors

A double compression providing bigger flows and higher pressure. 

In two stage compressors, the air is compressed two times. The ABAC range has highly reliable components and is seen as proven technology. Furthermor",/\4\1\PRO-B4900.jpg,/\4\1\PRO-B4900.jpg,http://www.48ws.com/images/product/4/1/PRO-B4900.jpg,4116019-ABAC-Air-Compressors-PRO-B4900-7000,4116019-ABAC-Air-Compressors-PRO-B4900-7000,,No layout updates.,Block after Info Column,,"PRO B4900-7000","PRO B4900-7000",Use config,"http://www.abacaircompressors.com/ukus/ourproducts/piston/pro/PRO_B4900-7000.aspx",0,,,0,"ABAC Air Compressors",1172,,Enabled,"Catalog, Search",Taxable Goods,Yes,No,"","Two Stage Belt Driven Compressors

A double compression providing bigger flows and higher pressure. 

In two stage compressors, the air is compressed two times. The ABAC range has highly reliable components and is seen as proven technology. Furthermore, the durability is combined with the user comfort you can expect from this type of high level performance. As the compressors are providing bigger airflows and they are achieving higher operating pressures, it makes them suitable for most professional and semi-industrial applications such as grinding, wrenching, professional painting, sanding, and more.
","","","PRO B4900-7000","PRO B4900-7000",,,,,,,,1,0,1,0,0,1,1,1,0,1,1,,,1,0,1,0,1,0,1,0,,0,simple,,
admin,base,Default,simple,"137|24589","Air Compressors|Electric Air Compressors",179711,"4116020",,"PRO Slow Speed","","PRO Slow Speed","Two Stage Belt Driven Compressors

Standard running 2 stage belt driven compressors running at lower speed. 

Lower speed stands for more user comfort and more durability. The noise levels are lower than on the equivalent standard speed units, and low",/\4\1\PRO-Slow.jpg,/\4\1\PRO-Slow.jpg,http://www.48ws.com/images/product/4/1/PRO-Slow.jpg,4116020-ABAC-Air-Compressors-PRO-Slow-Speed,4116020-ABAC-Air-Compressors-PRO-Slow-Speed,,No layout updates.,Block after Info Column,,"PRO Slow Speed","PRO Slow Speed",Use config,"http://www.abacaircompressors.com/ukus/ourproducts/piston/pro/PRO_Slow_Speed.aspx",0,,,0,"ABAC Air Compressors",1172,,Enabled,"Catalog, Search",Taxable Goods,Yes,No,"","Two Stage Belt Driven Compressors

Standard running 2 stage belt driven compressors running at lower speed. 

Lower speed stands for more user comfort and more durability. The noise levels are lower than on the equivalent standard speed units, and lower temperatures are created. This reduces the wear and increases the reliability. Thanks to these characteristics, these compressors are extremely suitable for more frequent and heavy duty applications in medium and large workshops.","","","PRO Slow Speed","PRO Slow Speed",,,,,,,,1,0,1,0,0,1,1,1,0,1,1,,,1,0,1,0,1,0,1,0,,0,simple,,
admin,base,Default,simple,"137|24589","Air Compressors|Electric Air Compressors",179712,"4116000",,"Full Feature Open","","Full Feature Open","Two Stage Compressors With Tankmounted Dryer

An all-in-one range of 4 to 10hp professional piston compressors. 

These units are perfectly suitable for all professional service and repair installations in applications going from painting and body wor",/\4\1\Full-Feature.jpg,/\4\1\Full-Feature.jpg,http://www.48ws.com/images/product/4/1/Full-Feature.jpg,4116000-ABAC-Air-Compressors-Full-Feature-Open,4116000-ABAC-Air-Compressors-Full-Feature-Open,,No layout updates.,Block after Info Column,,"Full Feature Open","Full Feature Open",Use config,"http://www.abacaircompressors.com/ukus/ourproducts/piston/pro/Full_Feature_Open.aspx",0,,,0,"ABAC Air Compressors",1172,,Enabled,"Catalog, Search",Taxable Goods,Yes,No,"","Two Stage Compressors With Tankmounted Dryer

An all-in-one range of 4 to 10hp professional piston compressors. 

These units are perfectly suitable for all professional service and repair installations in applications going from painting and body work to general torquing or wrenching. They can be used where dry air is important, but also by users looking for improved corrosion prevention of their air system and equipment.","","","Full Feature Open","Full Feature Open",,,,,,,,1,0,1,0,0,1,1,1,0,1,1,,,1,0,1,0,1,0,1,0,,0,simple,,
admin,base,Default,simple,"137|24589","Air Compressors|Electric Air Compressors",179713,"4116000158",,"4 to 10hp Two Stage Compressors With Tankmounted Dryer Full Feature","Two Stage Compressors With Tankmounted Dryer Full Feature","4 to 10hp Two Stage Compressors With Tankmounted Dryer Full Feature","Two Stage Compressors With Tankmounted Dryer


",/\4\1\4-to-10hp-Two-Stage-Compressors-With-Tankmounted-Dryer-Full- 2.jpg,/\4\1\4-to-10hp-Two-Stage-Compressors-With-Tankmounted-Dryer-Full- 2.jpg,http://www.48ws.com/images/product/4/1/4-to-10hp-Two-Stage-Compressors-With-Tankmounted-Dryer-Full- 2.jpg,4116000158-ABAC-Air-Compressors-4-to-10hp-Two-Stage-Compressors-With-Tankmounted-Dryer-Full-Feature,4116000158-ABAC-Air-Compressors-4-to-10hp-Two-Stage-Compressors-With-Tankmounted-Dryer-Full-Feature,,No layout updates.,Block after Info Column,,"4 to 10hp Two Stage Compressors With Tankmounted Dryer Full Feature","4 to 10hp Two Stage Compressors With Tankmounted Dryer Full Feature",Use config,"http://www.abacaircompressors.com/ukus/ourproducts/piston/pro/Full_Feature_Open.aspx",0,,,0,"ABAC Air Compressors",1172,,Enabled,"Catalog, Search",Taxable Goods,Yes,No,"Two Stage Compressors With Tankmounted Dryer


","An all-in-one range of 4 to 10hp professional piston compressors. <br>
<br>
These units are perfectly suitable for all professional service and repair installations in applications going from painting and body work to general torquing or wrenching. They can be used where dry air is important, but also by users looking for improved corrosion prevention of their air system and equipment.","","","B4900 270 FT4 FF0","4 to 10hp Two Stage Compressors With Tankmounted Dryer Full Feature",,,,,,,,1,0,1,0,0,1,1,1,0,1,1,,,1,0,1,0,1,0,1,0,,0,simple,,
admin,base,Default,simple,"137|24589","Air Compressors|Electric Air Compressors",179714,"4116000159",,"5.5hp Two Stage Compressors With Tankmounted Dryer Full Feature","Two Stage Compressors With Tankmounted Dryer Full Feature","5.5hp Two Stage Compressors With Tankmounted Dryer Full Feature","Two Stage Compressors With Tankmounted Dryer


",/\4\1\4-to-10hp-Two-Stage-Compressors-With-Tankmounted-Dryer-Full- 2.jpg,/\4\1\4-to-10hp-Two-Stage-Compressors-With-Tankmounted-Dryer-Full- 2.jpg,http://www.48ws.com/images/product/4/1/4-to-10hp-Two-Stage-Compressors-With-Tankmounted-Dryer-Full- 2.jpg,55hp-Two-Stage-Compressors-With-Tankmounted-Dryer-Full-Feature,55hp-Two-Stage-Compressors-With-Tankmounted-Dryer-Full-Feature,,No layout updates.,Block after Info Column,,"5.5hp Two Stage Compressors With Tankmounted Dryer Full Feature","5.5hp Two Stage Compressors With Tankmounted Dryer Full Feature",Use config,"http://www.abacaircompressors.com/ukus/ourproducts/piston/pro/Full_Feature_Open.aspx",0,,,0,"ABAC Air Compressors",1172,,Enabled,"Catalog, Search",Taxable Goods,Yes,No,"5.5hp Two Stage Compressors With Tankmounted Dryer Full Feature","An all-in-one range of 4 to 10hp professional piston compressors. <br>
<br>
These units are perfectly suitable for all professional service and repair installations in applications going from painting and body work to general torquing or wrenching. They can be used where dry air is important, but also by users looking for improved corrosion prevention of their air system and equipment.","","","B5900B 270 FT5,5 FFO","5.5hp Two Stage Compressors With Tankmounted Dryer Full Feature",,,,,,,,1,0,1,0,0,1,1,1,0,1,1,,,1,0,1,0,1,0,1,0,,0,simple,,
admin,base,Default,simple,"137|24589","Air Compressors|Electric Air Compressors",179715,"4116000171",,"5.5hp YD Two Stage Compressors With Tankmounted Dryer Full Feature","Two Stage Compressors With Tankmounted Dryer Full Feature","5.5hp YD Two Stage Compressors With Tankmounted Dryer Full Feature","Two Stage Compressors With Tankmounted Dryer


",/\4\1\4-to-10hp-Two-Stage-Compressors-With-Tankmounted-Dryer-Full- 2.jpg,/\4\1\4-to-10hp-Two-Stage-Compressors-With-Tankmounted-Dryer-Full- 2.jpg,http://www.48ws.com/images/product/4/1/4-to-10hp-Two-Stage-Compressors-With-Tankmounted-Dryer-Full- 2.jpg,55hp-YD-Two-Stage-Compressors-With-Tankmounted-Dryer-Full-Feature,55hp-YD-Two-Stage-Compressors-With-Tankmounted-Dryer-Full-Feature,,No layout updates.,Block after Info Column,,"5.5hp YD Two Stage Compressors With Tankmounted Dryer Full Feature","5.5hp YD Two Stage Compressors With Tankmounted Dryer Full Feature",Use config,"http://www.abacaircompressors.com/ukus/ourproducts/piston/pro/Full_Feature_Open.aspx",0,,,0,"ABAC Air Compressors",1172,,Enabled,"Catalog, Search",Taxable Goods,Yes,No,"5.5hp YD Two Stage Compressors With Tankmounted Dryer Full Feature","An all-in-one range of 4 to 10hp professional piston compressors. <br>
<br>
These units are perfectly suitable for all professional service and repair installations in applications going from painting and body work to general torquing or wrenching. They can be used where dry air is important, but also by users looking for improved corrosion prevention of their air system and equipment.","","","B5900B 270 FT5,5 FFO YD","5.5hp YD Two Stage Compressors With Tankmounted Dryer Full Feature",,,,,,,,1,0,1,0,0,1,1,1,0,1,1,,,1,0,1,0,1,0,1,0,,0,simple,,
