﻿store,websites,attribute_set,Type,category_ids,category_names,48WS_product_id,sku,has_options,name,Group_Name,meta_title,meta_description,Image,small_image,thumbnail,url_key,url_path,custom_design,page_layout,options_container,image_label,small_image_label,thumbnail_label,gift_message_available,manufacturer_url,price,special_price,cost,weight,manufacturer,manufacturer_id,color,status,visibility,tax_class_id,enable_googlecheckout,is_recurring,description,short_description,summary,upc,size_info,meta_keyword,custom_layout_update,news_from_date,news_to_date,special_from_date,special_to_date,custom_design_from,custom_design_to,qty,min_qty,use_config_min_qty,is_qty_decimal,backorders,use_config_backorders,min_sale_qty,use_config_min_sale_qty,max_sale_qty,use_config_max_sale_qty,is_in_stock,low_stock_date,notify_stock_qty,use_config_notify_stock_qty,manage_stock,use_config_manage_stock,stock_status_changed_automatically,use_config_qty_increments,qty_increments,use_config_enable_qty_increments,enable_qty_increments,product_name,store_id,product_type_id,product_status_changed,product_changed_websites
admin,base,Default,simple,"26909","Sheathing | Sub-Floor",483732,"BCI® Joists",,"BCI® Joists","","BCI® Joists","",/\B\C\boise-cascade-bci-joists-bci-joists.jpg,/\B\C\boise-cascade-bci-joists-bci-joists.jpg,http://www.48ws.com/images/product/B/C/boise-cascade-bci-joists-bci-joists.jpg,boise-cascade-BCI-Joists-bci-joists,boise-cascade-BCI-Joists-bci-joists,,No layout updates.,Block after Info Column,,"BCI® Joists","BCI® Joists",Use config,"",0,,,0,"Boise Cascade",1657,,Enabled,"Catalog, Search",Taxable Goods,Yes,No,"BOISE GLULAM® beam products are manufactured with exterior-grade or wet-use adhesives that comply with all recognized standards. The benefit of the BOISE GLULAM® beams is the flexibility of the product. Our beams are manufactured in a variety of widths and depths with lengths up to 66 feet, with or without camber. A wide array of appearance options and layups make this one of the most versatile engineered wood products available. BOISE GLULAM® beams are available through nationwide distribution.","<table>
  <tr>
   <th>Product Info</th>
   <th>&nbsp;</th>
  </tr>
 
  <tr>
   <td>Sizes</td>
   <td>Available in a variety of widths and depths for multiple applications. Widths range from 3?” to 14¼” and depths from 6” to 48”. Other sizes available upon request</td>
  </tr>
  <tr>
   <td>Performance</td>
   <td>BOISE GLULAM® is a strong cost-effective wood beam solution which can be used as beams or columns in a multitude of building design applications. Products work well in single or multi-family residential as well as light commercial projects. Curved beams and custom fabrication is available. APA certified for quality assurance.</td>
  </tr>
  <tr>
   <td>Grades</td>
   <td>Grades range from Industrial to Architectural appearances where customers can choose the ideal strength and appearance combination. Laminations are 10-12% MC maximum 15%.</td>
  </tr>
  <tr>
   <td>Applications</td>
   <td>BOISE GLULAM® are manufactured with exterior-grade or wet use adhesives. Designers have recognized the flexibility to specify this product in many different interior and exterior applications. BC CALC® software helps the ease of design and other design services are available.</td>
  </tr>
  <tr>
   <td>Species</td>
   <td>Manufactured from Douglas Fir / Larch or Port Orford Cedar (POC). POC is a naturally resistant species that is a green alternative to pressure-treated wood.</td>
  </tr>
  <tr>
   <td>Misc.</td>
   <td>One of the original engineered wood products. BOISE GLULAM® beams are available SFI® Chain-of-Custody or Certified Sourcing to earn LEED® or NGBS™ green building credits.</td>
  </tr>
  <tr>
   <td>Availability</td>
   <td>BOISE GLULAM® are readily available thru nationwide distribution and many inventory common sizes of stock beams to expedite the delivery process. Most custom projects can be supplied within a few short weeks depending on complexity and size of project.</td>
  </tr>
 </table>","","","","BCI® Joists",,,,,,,,1,0,1,0,0,1,1,1,0,1,1,,,1,0,1,0,1,0,1,0,,0,simple,,
admin,base,Default,simple,"26909","Sheathing | Sub-Floor",483733,"VERSA-LAM® Beams & Headers",,"VERSA-LAM® Beams & Headers","","VERSA-LAM® Beams & Headers","",/\V\E\boise-cascade-versa-lam-beams-headers-versa-lam-beams-headers.jpg,/\V\E\boise-cascade-versa-lam-beams-headers-versa-lam-beams-headers.jpg,http://www.48ws.com/images/product/V/E/boise-cascade-versa-lam-beams-headers-versa-lam-beams-headers.jpg,boise-cascade-VERSA-LAM-Beams-Headers-versa-lam-beams-headers,boise-cascade-VERSA-LAM-Beams-Headers-versa-lam-beams-headers,,No layout updates.,Block after Info Column,,"VERSA-LAM® Beams & Headers","VERSA-LAM® Beams & Headers",Use config,"",0,,,0,"Boise Cascade",1657,,Enabled,"Catalog, Search",Taxable Goods,Yes,No,"","","","","","VERSA-LAM® Beams & Headers",,,,,,,,1,0,1,0,0,1,1,1,0,1,1,,,1,0,1,0,1,0,1,0,,0,simple,,
admin,base,Default,simple,"26905","Forming Lumber",483734,"Industrial/Shop",,"Industrial/Shop","","Industrial/Shop","",/\I\n\boise-cascade-industrialshop-industrialshop.jpg,/\I\n\boise-cascade-industrialshop-industrialshop.jpg,http://www.48ws.com/images/product/I/n/boise-cascade-industrialshop-industrialshop.jpg,boise-cascade-Industrial-Shop-industrialshop,boise-cascade-Industrial-Shop-industrialshop,,No layout updates.,Block after Info Column,,"Industrial/Shop","Industrial/Shop",Use config,"",0,,,0,"Boise Cascade",1657,,Enabled,"Catalog, Search",Taxable Goods,Yes,No,"BCI® Joists are specially constructed I-joists with flanges made from strong VERSA-LAM® laminated veneer lumber with oriented stranded board webs and approved waterproof structural adhesives, providing outstanding strength and durability.","<table>
  <tr>
   <th>Features</th>
   <th>Benefits</th>
  </tr>
 
  <tr>
   <td>Six Series: 4500, 5000, 6000, 6500, 60 and 90</td>
   <td>A complete line of products to satisfy every home building need</td>
  </tr>
  <tr>
   <td>About 20% stronger than comparably sized dimension lumber</td>
   <td>Longer spans or smaller joists using less wood fiber may be specified</td>
  </tr>
  <tr>
   <td>Widest I-Joist product line in the industry</td>
   <td>Easier to work with on the jobsite because of their wide nailing surface</td>
  </tr>
  <tr>
   <td>Light weight</td>
   <td>Easier to handle; quick construction; lower labor costs</td>
  </tr>
  <tr>
   <td>Available in long lengths</td>
   <td>Simpler floor/roof layouts; increases floor performance and seismic resistance</td>
  </tr>
  <tr>
   <td>Consistent from piece to piece: Help keep floors flat and homes square</td>
   <td>Finish work can go faster with fewer problems; quiet floors</td>
  </tr>
  <tr>
   <td>1-1/2” Prestamped knockouts</td>
   <td>Wiring can be routed through the web; quicker construction, reducing labor costs; allowing airflow above insulation</td>
  </tr>
  <tr>
   <td>Holes Allowed in Web</td>
   <td>Wiring, HVAC, plumbing and other large holes can be routed through the web; no unsightly soffits</td>
  </tr>
  <tr>
   <td>“Eased” Smoothed Edges</td>
   <td>Framers are much less like to suffer splinters on the job</td>
  </tr>
  <tr>
   <td>Clean appearance</td>
   <td>Pleases the structure’s owner which makes the builder look good</td>
  </tr>
  <tr>
   <td>Field-Trimmable with carpentry tools</td>
   <td>Quick, easy job site modification without specialized skills or tools</td>
  </tr>
  <tr>
   <td>Renewable resource</td>
   <td>Uses about half the wood fiber of dimensional lumber (build “green” into the product)</td>
  </tr>
  <tr>
   <td>Lifetime warranty</td>
   <td>Instills confidence in the product, the builder and YOU!</td>
  </tr>
  <tr>
  </tr>
 </table>","","","","Industrial/Shop",,,,,,,,1,0,1,0,0,1,1,1,0,1,1,,,1,0,1,0,1,0,1,0,,0,simple,,
admin,base,Default,simple,"26907","Plywood",483735,"COMBIPLY®",,"COMBIPLY®","","COMBIPLY®","",/\C\O\boise-cascade-combiply-combiply.jpg,/\C\O\boise-cascade-combiply-combiply.jpg,http://www.48ws.com/images/product/C/O/boise-cascade-combiply-combiply.jpg,boise-cascade-COMBIPLY-combiply,boise-cascade-COMBIPLY-combiply,,No layout updates.,Block after Info Column,,"COMBIPLY®","COMBIPLY®",Use config,"",0,,,0,"Boise Cascade",1657,,Enabled,"Catalog, Search",Taxable Goods,Yes,No,"","","","","","COMBIPLY®",,,,,,,,1,0,1,0,0,1,1,1,0,1,1,,,1,0,1,0,1,0,1,0,,0,simple,,
admin,base,Default,simple,"26909","Sheathing | Sub-Floor",483736,"Specialty Particleboard",,"Specialty Particleboard","","Specialty Particleboard","",/\S\p\boise-cascade-specialty-particleboard-specialty-particleboard.jpg,/\S\p\boise-cascade-specialty-particleboard-specialty-particleboard.jpg,http://www.48ws.com/images/product/S/p/boise-cascade-specialty-particleboard-specialty-particleboard.jpg,boise-cascade-Specialty-Particleboard-specialty-particleboard,boise-cascade-Specialty-Particleboard-specialty-particleboard,,No layout updates.,Block after Info Column,,"Specialty Particleboard","Specialty Particleboard",Use config,"",0,,,0,"Boise Cascade",1657,,Enabled,"Catalog, Search",Taxable Goods,Yes,No,"Boise Cascade MR10 (moisture resistant) is 45# Premium Industrial Particleboard with added

protection against occasional wetting and high humidity. Boise Cascade Company. Engineering

peace of mind.","","","","","Specialty Particleboard",,,,,,,,1,0,1,0,0,1,1,1,0,1,1,,,1,0,1,0,1,0,1,0,,0,simple,,
admin,base,Default,simple,"26909","Sheathing | Sub-Floor",483737,"Premium Underlayment",,"Premium Underlayment","","Premium Underlayment","",/\P\r\boise-cascade-premium-underlayment-premium-underlayment.jpg,/\P\r\boise-cascade-premium-underlayment-premium-underlayment.jpg,http://www.48ws.com/images/product/P/r/boise-cascade-premium-underlayment-premium-underlayment.jpg,boise-cascade-Premium-Underlayment-premium-underlayment,boise-cascade-Premium-Underlayment-premium-underlayment,,No layout updates.,Block after Info Column,,"Premium Underlayment","Premium Underlayment",Use config,"",0,,,0,"Boise Cascade",1657,,Enabled,"Catalog, Search",Taxable Goods,Yes,No,"Boise Cascade Company manufactures a limited amount of Western framing lumber in both dimension and stud grades, which are used in a wide variety of structural framing applications.","","","","","Premium Underlayment",,,,,,,,1,0,1,0,0,1,1,1,0,1,1,,,1,0,1,0,1,0,1,0,,0,simple,,
admin,base,Default,simple,"26909","Sheathing | Sub-Floor",483738,"Industrial Particleboard",,"Industrial Particleboard","","Industrial Particleboard","",/\I\n\boise-cascade-industrial-particleboard-industrial-particleboard.jpg,/\I\n\boise-cascade-industrial-particleboard-industrial-particleboard.jpg,http://www.48ws.com/images/product/I/n/boise-cascade-industrial-particleboard-industrial-particleboard.jpg,boise-cascade-Industrial-Particleboard-industrial-particleboard,boise-cascade-Industrial-Particleboard-industrial-particleboard,,No layout updates.,Block after Info Column,,"Industrial Particleboard","Industrial Particleboard",Use config,"",0,,,0,"Boise Cascade",1657,,Enabled,"Catalog, Search",Taxable Goods,Yes,No,"Boise Cascade Premium Underlayment provides a smooth surface for use under carpeting, laminate flooring, resilient floorings, or seamless floor coverings. Boise Cascade Underlayment is acceptable for use in construction covered by HUD/FHA regulations and VA loans. The product meets the specifications of the American and Canadian National Standards for flooring products (ANSI A208.1.2009, Table B) and HUD Regulation 24 CFR Part 3280.","","","","","Industrial Particleboard",,,,,,,,1,0,1,0,0,1,1,1,0,1,1,,,1,0,1,0,1,0,1,0,,0,simple,,
admin,base,Default,simple,"26905","Forming Lumber",483739,"GP-Rim",,"GP-Rim","","GP-Rim","",/\G\P\boise-cascade-gp-rim-gp-rim.jpg,/\G\P\boise-cascade-gp-rim-gp-rim.jpg,http://www.48ws.com/images/product/G/P/boise-cascade-gp-rim-gp-rim.jpg,boise-cascade-GP-Rim-gp-rim,boise-cascade-GP-Rim-gp-rim,,No layout updates.,Block after Info Column,,"GP-Rim","GP-Rim",Use config,"",0,,,0,"Boise Cascade",1657,,Enabled,"Catalog, Search",Taxable Goods,Yes,No,"VERSA-LAM® laminated veneer beams and headers eliminate twisting, shrinking and splitting, and deliver flatter, quieter floors and structures. Sized to match our BCI® and AJS® Joists and other elements of the SIMPLE FRAMING SYSTEM®, VERSA-LAM® offers quick assembly and is precision cut into more than 18 standard sizes. Because they have no camber and strength is consistent throughout, VERSA-LAM® LVL products have no top or bottom side. With better properties VERSA-LAM® beams support heavier loads and longer spans than comparable glulam or dimension lumber products. Price competitive with laminated strand products, VERSA-LAM® offers all of the advantages of authentic laminated veneer lumber. These beams are manufactured in multiple widths and depths to match BCI® joists and are available nationally.","<table>
  <tr>
   <th>Features</th>
   <th>Benefits</th>
  </tr>
 
  <tr>
   <td>No Camber</td>
   <td>Flat floor; no installation errors</td>
  </tr>
  <tr>
   <td>Dimensional Stability</td>
   <td>Reduces inspection time and rejects</td>
  </tr>
  <tr>
   <td>Depths Match BCI® Joists</td>
   <td>Part of the SIMPLE FRAMING SYSTEM® FAMILY</td>
  </tr>
  <tr>
   <td>Wide Width</td>
   <td>Speedier installation; eliminates need for bolting or nailing</td>
  </tr>
 </table>","","","","GP-Rim",,,,,,,,1,0,1,0,0,1,1,1,0,1,1,,,1,0,1,0,1,0,1,0,,0,simple,,
admin,base,Default,simple,"26905","Forming Lumber",483740,"Concrete Form",,"Concrete Form","","Concrete Form","",/\C\o\boise-cascade-concrete-form-concrete-form.jpg,/\C\o\boise-cascade-concrete-form-concrete-form.jpg,http://www.48ws.com/images/product/C/o/boise-cascade-concrete-form-concrete-form.jpg,boise-cascade-Concrete-Form-concrete-form,boise-cascade-Concrete-Form-concrete-form,,No layout updates.,Block after Info Column,,"Concrete Form","Concrete Form",Use config,"",0,,,0,"Boise Cascade",1657,,Enabled,"Catalog, Search",Taxable Goods,Yes,No,"We manufacture pre-cut countertops and bullnose/edge-filled shelving (SUPER SHELF®). Both items are offered in 3/4” thickness and are produced to 45# industrial specifications. A number of custom widths and lengths are available in each product. We manufacture 1-1/8” bullnose stair treads (SUPER STEP®) in a 47# density.","","","","","Concrete Form",,,,,,,,1,0,1,0,0,1,1,1,0,1,1,,,1,0,1,0,1,0,1,0,,0,simple,,
admin,base,Default,simple,"26905","Forming Lumber",483741,"BOISE CASCADE® Rimboard",,"BOISE CASCADE® Rimboard","","BOISE CASCADE® Rimboard","",/\B\O\boise-cascade-boise-cascade-rimboard-boise-cascade-rimboard.jpg,/\B\O\boise-cascade-boise-cascade-rimboard-boise-cascade-rimboard.jpg,http://www.48ws.com/images/product/B/O/boise-cascade-boise-cascade-rimboard-boise-cascade-rimboard.jpg,boise-cascade-BOISE-CASCADE-Rimboard-boise-cascade-rimboard,boise-cascade-BOISE-CASCADE-Rimboard-boise-cascade-rimboard,,No layout updates.,Block after Info Column,,"BOISE CASCADE® Rimboard","BOISE CASCADE® Rimboard",Use config,"",0,,,0,"Boise Cascade",1657,,Enabled,"Catalog, Search",Taxable Goods,Yes,No,"Landscape timbers are available in Southern Yellow Pine.","","","","","BOISE CASCADE® Rimboard",,,,,,,,1,0,1,0,0,1,1,1,0,1,1,,,1,0,1,0,1,0,1,0,,0,simple,,
admin,base,Default,simple,"26909","Sheathing | Sub-Floor",483742,"GP-LVL",,"GP-LVL","","GP-LVL","",/\G\P\boise-cascade-gp-lvl-gp-lvl.jpg,/\G\P\boise-cascade-gp-lvl-gp-lvl.jpg,http://www.48ws.com/images/product/G/P/boise-cascade-gp-lvl-gp-lvl.jpg,boise-cascade-GP-LVL-gp-lvl,boise-cascade-GP-LVL-gp-lvl,,No layout updates.,Block after Info Column,,"GP-LVL","GP-LVL",Use config,"",0,,,0,"Boise Cascade",1657,,Enabled,"Catalog, Search",Taxable Goods,Yes,No,"Boise Cascade’s version of Sturd-I-Floor® is manufactured in Western fir and Southern pine species.","<table>
  <tr>
   <th>Product Species</th>
   <th>Thickness</th>
   <th>Other Info</th>
  </tr>
 
  <tr>
   <td>Southern Yellow Pine</td>
   <td>19/32”, 23/32”</td>
   <td>Tongue&amp; Groove</td>
  </tr>
  <tr>
   <td>Western Fir</td>
   <td>19/32”, 23/32” &amp; 1-1/8”</td>
   <td>Scant &amp; Full Face</td>
  </tr>
 </table>","","","","GP-LVL",,,,,,,,1,0,1,0,0,1,1,1,0,1,1,,,1,0,1,0,1,0,1,0,,0,simple,,
admin,base,Default,simple,"26909","Sheathing | Sub-Floor",483743,"BOISE GLULAM®",,"BOISE GLULAM®","","BOISE GLULAM®","",/\B\O\boise-cascade-boise-glulam-boise-glulam.jpg,/\B\O\boise-cascade-boise-glulam-boise-glulam.jpg,http://www.48ws.com/images/product/B/O/boise-cascade-boise-glulam-boise-glulam.jpg,boise-cascade-BOISE-GLULAM-boise-glulam,boise-cascade-BOISE-GLULAM-boise-glulam,,No layout updates.,Block after Info Column,,"BOISE GLULAM®","BOISE GLULAM®",Use config,"",0,,,0,"Boise Cascade",1657,,Enabled,"Catalog, Search",Taxable Goods,Yes,No,"COMBIPLY® is plywood made from a combination of hardwood and pine veneers for multiple industrial applications. This construction ensures your job is completed using a quality product at an economical price.","<table>
  <tr>
   <th>Thickness</th>
   <th>Plies</th>
   <th>Pieces/Unit</th>
  </tr>
 
  <tr>
   <td>5/8”</td>
   <td>5</td>
   <td>54</td>
  </tr>
  <tr>
   <td>23/32”</td>
   <td>5</td>
   <td>46</td>
  </tr>
  <tr>
   <td>23/32”</td>
   <td>6</td>
   <td>23</td>
  </tr>
  <tr>
   <td>7/8”</td>
   <td>6</td>
   <td>35</td>
  </tr>
  <tr>
   <td>1”</td>
   <td>7</td>
   <td>30</td>
  </tr>
 </table>","","","","BOISE GLULAM®",,,,,,,,1,0,1,0,0,1,1,1,0,1,1,,,1,0,1,0,1,0,1,0,,0,simple,,
admin,base,Default,simple,"26909","Sheathing | Sub-Floor",483744,"Structural Laminated Wood Roof and Floor Decking",,"Structural Laminated Wood Roof and Floor Decking","","Structural Laminated Wood Roof and Floor Decking","",/\S\t\boise-cascade-structural-laminated-wood-roof-and-floor-decking-structural-laminated-wood-roof-and-floor-decking.jpg,/\S\t\boise-cascade-structural-laminated-wood-roof-and-floor-decking-structural-laminated-wood-roof-and-floor-decking.jpg,http://www.48ws.com/images/product/S/t/boise-cascade-structural-laminated-wood-roof-and-floor-decking-structural-laminated-wood-roof-and-floor-decking.jpg,boise-cascade-Structural-Laminated-Wood-Roof-and-Floor-Decking-structural-laminated-wood-roof-and-fl,boise-cascade-Structural-Laminated-Wood-Roof-and-Floor-Decking-structural-laminated-wood-roof-and-fl,,No layout updates.,Block after Info Column,,"Structural Laminated Wood Roof and Floor Decking","Structural Laminated Wood Roof and Floor Decking",Use config,"",0,,,0,"Boise Cascade",1657,,Enabled,"Catalog, Search",Taxable Goods,Yes,No,"SELECTPLY™ is premium sanded hardwood plywood made to your specifications.","<table>
  <tr>
   <th>Thickness</th>
   <th>Plies</th>
   <th>Pieces/Unit</th>
  </tr>
 
  <tr>
   <td>1/2”</td>
   <td>4</td>
   <td>70</td>
  </tr>
  <tr>
   <td>5/8”</td>
   <td>5</td>
   <td>56</td>
  </tr>
  <tr>
   <td>3/4”</td>
   <td>6</td>
   <td>40</td>
  </tr>
  <tr>
   <td>7/8”</td>
   <td>7</td>
   <td>35</td>
  </tr>
  <tr>
   <td>1”</td>
   <td>8</td>
   <td>30</td>
  </tr>
 </table>","","","","Structural Laminated Wood Roof and Floor Decking",,,,,,,,1,0,1,0,0,1,1,1,0,1,1,,,1,0,1,0,1,0,1,0,,0,simple,,
admin,base,Default,simple,"27806","Framing Studs",483745,"VERSA-STUD®",,"VERSA-STUD®","","VERSA-STUD®","",/\V\E\boise-cascade-versa-stud-versa-stud.jpg,/\V\E\boise-cascade-versa-stud-versa-stud.jpg,http://www.48ws.com/images/product/V/E/boise-cascade-versa-stud-versa-stud.jpg,boise-cascade-VERSA-STUD-versa-stud,boise-cascade-VERSA-STUD-versa-stud,,No layout updates.,Block after Info Column,,"VERSA-STUD®","VERSA-STUD®",Use config,"",0,,,0,"Boise Cascade",1657,,Enabled,"Catalog, Search",Taxable Goods,Yes,No,"Industrial 45# density is the most common panel we produce and is used in the manufacture of furniture, kitchen cabinets, consumer electronic cabinets, store fixtures, and game tables. This product is suitable for a variety of finishes (laminates and coatings), but is renowned for its machining performance and edge integrity. We also manufacture 47# and 50# density panels that provide additional edge consolidation and surface properties.","<table>
  <tr>
   <th>Product</th>
   <th>Inches</th>
   <th>Metric</th>
  </tr>
 
  <tr>
   <td>45#</td>
   <td>3/8” through 1-1/4”</td>
   <td>9mm through 30mm</td>
  </tr>
  <tr>
   <td>47#</td>
   <td>3/8” through 1-1/8”</td>
   <td>9mm through 25mm</td>
  </tr>
  <tr>
   <td>50#</td>
   <td>3/8” through 1-1/8”</td>
   <td>9mm through 25mm</td>
  </tr>
 </table>","","","","VERSA-STUD®",,,,,,,,1,0,1,0,0,1,1,1,0,1,1,,,1,0,1,0,1,0,1,0,,0,simple,,
admin,base,Default,simple,"27806","Framing Studs",483746,"BOISE SELECT®",,"BOISE SELECT®","","BOISE SELECT®","",/\B\O\boise-cascade-boise-select-boise-select.jpg,/\B\O\boise-cascade-boise-select-boise-select.jpg,http://www.48ws.com/images/product/B/O/boise-cascade-boise-select-boise-select.jpg,boise-cascade-BOISE-SELECT-boise-select,boise-cascade-BOISE-SELECT-boise-select,,No layout updates.,Block after Info Column,,"BOISE SELECT®","BOISE SELECT®",Use config,"",0,,,0,"Boise Cascade",1657,,Enabled,"Catalog, Search",Taxable Goods,Yes,No,"BOISE SELECT® is an engineered panel that provides higher physical properties and a tighter consolidated core than our regular particleboard. With its high internal bond and tight core, some common applications for this product have been slot walls, profiled door inserts and profiled furniture parts. BOISE SELECT® is a 50# density panel available in standard 4’ or 5’ widths, as well as a number of custom widths and lengths.","","","","","BOISE SELECT®",,,,,,,,1,0,1,0,0,1,1,1,0,1,1,,,1,0,1,0,1,0,1,0,,0,simple,,
admin,base,Default,simple,"27806","Framing Studs",483747,"ANCHOR™",,"ANCHOR™","","ANCHOR™","",/\A\N\boise-cascade-anchor-anchor.jpg,/\A\N\boise-cascade-anchor-anchor.jpg,http://www.48ws.com/images/product/A/N/boise-cascade-anchor-anchor.jpg,boise-cascade-ANCHOR-anchor,boise-cascade-ANCHOR-anchor,,No layout updates.,Block after Info Column,,"ANCHOR™","ANCHOR™",Use config,"",0,,,0,"Boise Cascade",1657,,Enabled,"Catalog, Search",Taxable Goods,Yes,No,"","","","","","ANCHOR™",,,,,,,,1,0,1,0,0,1,1,1,0,1,1,,,1,0,1,0,1,0,1,0,,0,simple,,
admin,base,Default,simple,"26906","Lumber",483748,"GP-Joist",,"GP-Joist","","GP-Joist","",/\G\P\boise-cascade-gp-joist-gp-joist.jpg,/\G\P\boise-cascade-gp-joist-gp-joist.jpg,http://www.48ws.com/images/product/G/P/boise-cascade-gp-joist-gp-joist.jpg,boise-cascade-GP-Joist-gp-joist,boise-cascade-GP-Joist-gp-joist,,No layout updates.,Block after Info Column,,"GP-Joist","GP-Joist",Use config,"",0,,,0,"Boise Cascade",1657,,Enabled,"Catalog, Search",Taxable Goods,Yes,No,"ANCHOR™ Boise Cascade Fixture Grade is specially engineered for slatwall (slotwall) applications and the store fixture market. It carries industry leading internal bond (IB), along with a light and consistent color that laminates seamlessly. ANCHOR™ is made from 100% recycled fiber and available FSC certified. Extensive testing determines ANCHOR™ is approximately 50% stronger than premium MDF in slatwall applications.

ANCHOR™ BOISE CASCADE FIXTURE GRADE","","","","","GP-Joist",,,,,,,,1,0,1,0,0,1,1,1,0,1,1,,,1,0,1,0,1,0,1,0,,0,simple,,
admin,base,Default,simple,"27806","Framing Studs",483749,"E-Z FRAME™",,"E-Z FRAME™","","E-Z FRAME™","",/\E\Z\boise-cascade-e-z-frame-e-z-frame.jpg,/\E\Z\boise-cascade-e-z-frame-e-z-frame.jpg,http://www.48ws.com/images/product/E/Z/boise-cascade-e-z-frame-e-z-frame.jpg,boise-cascade-E-Z-FRAME-e-z-frame,boise-cascade-E-Z-FRAME-e-z-frame,,No layout updates.,Block after Info Column,,"E-Z FRAME™","E-Z FRAME™",Use config,"",0,,,0,"Boise Cascade",1657,,Enabled,"Catalog, Search",Taxable Goods,Yes,No,"Whether its our Southern Pine or our Western Plyform, Boise Cascade’s concrete form works every time. This product is coated with a highly refined mineral oil that provides a clean release, which reduces labor costs. Our distinctive red edge seal provides a barrier to reduce water and chemical penetration. Longer edge life extends the life of the panel, which gives you more pours for your forming dollar.","","","","","E-Z FRAME™",,,,,,,,1,0,1,0,0,1,1,1,0,1,1,,,1,0,1,0,1,0,1,0,,0,simple,,
admin,base,Default,simple,"26905","Forming Lumber",483750,"Landscape Timbers",,"Landscape Timbers","","Landscape Timbers","",/\L\a\boise-cascade-landscape-timbers-landscape-timbers.jpg,/\L\a\boise-cascade-landscape-timbers-landscape-timbers.jpg,http://www.48ws.com/images/product/L/a/boise-cascade-landscape-timbers-landscape-timbers.jpg,boise-cascade-Landscape-Timbers-landscape-timbers,boise-cascade-Landscape-Timbers-landscape-timbers,,No layout updates.,Block after Info Column,,"Landscape Timbers","Landscape Timbers",Use config,"",0,,,0,"Boise Cascade",1657,,Enabled,"Catalog, Search",Taxable Goods,Yes,No,"Boise Cascade Company manufactures ponderosa and sugar pine factory lumber in shop, moulding, cutting common and customer specific grades.","","","","","Landscape Timbers",,,,,,,,1,0,1,0,0,1,1,1,0,1,1,,,1,0,1,0,1,0,1,0,,0,simple,,
admin,base,Default,simple,"26909","Sheathing | Sub-Floor",483751,"Plywood Sturd-I-Floor®",,"Plywood Sturd-I-Floor®","","Plywood Sturd-I-Floor®","",/\P\l\boise-cascade-plywood-sturd-i-floor-plywood-sturd-i-floor.jpg,/\P\l\boise-cascade-plywood-sturd-i-floor-plywood-sturd-i-floor.jpg,http://www.48ws.com/images/product/P/l/boise-cascade-plywood-sturd-i-floor-plywood-sturd-i-floor.jpg,boise-cascade-Plywood-Sturd-I-Floor-plywood-sturd-i-floor,boise-cascade-Plywood-Sturd-I-Floor-plywood-sturd-i-floor,,No layout updates.,Block after Info Column,,"Plywood Sturd-I-Floor®","Plywood Sturd-I-Floor®",Use config,"",0,,,0,"Boise Cascade",1657,,Enabled,"Catalog, Search",Taxable Goods,Yes,No,"Sanded panels with fully repaired and sanded faces are manufactured in Western and Southern Pine species.","","","","","Plywood Sturd-I-Floor®",,,,,,,,1,0,1,0,0,1,1,1,0,1,1,,,1,0,1,0,1,0,1,0,,0,simple,,
admin,base,Default,simple,"26911","Treated Lumber",483752,"BOISE EVERGREEN™",,"BOISE EVERGREEN™","","BOISE EVERGREEN™","",/\B\O\boise-cascade-boise-evergreen-boise-evergreen.jpg,/\B\O\boise-cascade-boise-evergreen-boise-evergreen.jpg,http://www.48ws.com/images/product/B/O/boise-cascade-boise-evergreen-boise-evergreen.jpg,boise-cascade-BOISE-EVERGREEN-boise-evergreen,boise-cascade-BOISE-EVERGREEN-boise-evergreen,,No layout updates.,Block after Info Column,,"BOISE EVERGREEN™","BOISE EVERGREEN™",Use config,"",0,,,0,"Boise Cascade",1657,,Enabled,"Catalog, Search",Taxable Goods,Yes,No,"VERSA-STUD® offers at least 2.1 times more bending strength and 20% more stiffness than no. 2 SPF dimension lumber studs. VERSA-STUD® wall framing provides superior wind resistance, strength and appearance in tall wall applications and eliminates the “hinge” created by platform framing. VERSA-STUD® products should be considered for stairwells, entrance door and window walls, elevator shafts, pocket doors and walls where cabinets or wall tile are to be installed. VERSA-STUD® is available in lengths up to 60’ for specialized applications and optimized cutting, and as with VERSA-LAM®, all edges are eased to help prevent painful splinters. VERSA-STUD® products are manufactured from VERSA-LAM® and are available nationally.","","","","","BOISE EVERGREEN™",,,,,,,,1,0,1,0,0,1,1,1,0,1,1,,,1,0,1,0,1,0,1,0,,0,simple,,
admin,base,Default,simple,"27806","Framing Studs",483753,"Appearance Grade",,"Appearance Grade","","Appearance Grade","",/\A\p\boise-cascade-appearance-grade-appearance-grade.jpg,/\A\p\boise-cascade-appearance-grade-appearance-grade.jpg,http://www.48ws.com/images/product/A/p/boise-cascade-appearance-grade-appearance-grade.jpg,boise-cascade-Appearance-Grade-appearance-grade,boise-cascade-Appearance-Grade-appearance-grade,,No layout updates.,Block after Info Column,,"Appearance Grade","Appearance Grade",Use config,"",0,,,0,"Boise Cascade",1657,,Enabled,"Catalog, Search",Taxable Goods,Yes,No,"BOISE EVERGREEN™ ULEF is a Premium Sustainable Particleboard™ from Boise Cascade Company. In keeping with our core commitment to sustain environmental resources for future generations, Boise Cascade Company employs the strictest of green practices in the manufacture of its premium particleboard. Our fiber procurement system champions Forest Stewardship Council® (FSC) standards and our finished panel embodies an ECO-Certified Composite Certified (ECC) product. Boise Evergreen™ features industry-leading quality and physical properties, comprises 100% recycled fiber, and supports up to 6 LEED® credits.","","","","","Appearance Grade",,,,,,,,1,0,1,0,0,1,1,1,0,1,1,,,1,0,1,0,1,0,1,0,,0,simple,,
admin,base,Default,simple,"26909","Sheathing | Sub-Floor",483754,"Sheathing",,"Sheathing","","Sheathing","",/\S\h\boise-cascade-sheathing-sheathing.jpg,/\S\h\boise-cascade-sheathing-sheathing.jpg,http://www.48ws.com/images/product/S/h/boise-cascade-sheathing-sheathing.jpg,boise-cascade-Sheathing-sheathing,boise-cascade-Sheathing-sheathing,,No layout updates.,Block after Info Column,,"Sheathing","Sheathing",Use config,"",0,,,0,"Boise Cascade",1657,,Enabled,"Catalog, Search",Taxable Goods,Yes,No,"","","","","","Sheathing",,,,,,,,1,0,1,0,0,1,1,1,0,1,1,,,1,0,1,0,1,0,1,0,,0,simple,,
admin,base,Default,simple,"26906","Lumber",483755,"SelectBead™",,"SelectBead™","","SelectBead™","",/\S\e\boise-cascade-selectbead-selectbead.jpg,/\S\e\boise-cascade-selectbead-selectbead.jpg,http://www.48ws.com/images/product/S/e/boise-cascade-selectbead-selectbead.jpg,boise-cascade-SelectBead-selectbead,boise-cascade-SelectBead-selectbead,,No layout updates.,Block after Info Column,,"SelectBead™","SelectBead™",Use config,"",0,,,0,"Boise Cascade",1657,,Enabled,"Catalog, Search",Taxable Goods,Yes,No,"VERSA-RIM®, VERSA-STRAND® and Boise Cascade® OSB rimboards are one-step rimboards designed specifically for the SIMPLE FRAMING SYSTEM®. These rimboards come in depths that match BCI® Joists and long lengths. Construction time is reduced. No special backing is required for siding or deck attachment. Manufactured to achieve maximum nailing values, BOISE CASCADE® Rimboard can handle seismic and high wind loads. These products are available nationally.","<table>
  <tr>
   <th>Features</th>
   <th>Benefits</th>
  </tr>
 
  <tr>
   <td>Exact Depth</td>
   <td>No need to rip material at the site, saving time and labor</td>
  </tr>
  <tr>
   <td>Dimensional Stability</td>
   <td>Reduces inspection time and rejects</td>
  </tr>
  <tr>
   <td>Vertical Load Transfer</td>
   <td>Eliminates squash blocks and complicated framing details</td>
  </tr>
  <tr>
   <td>Depths Match BCI® Joists</td>
   <td>Part of the SIMPLE FRAMING SYSTEM®</td>
  </tr>
 </table>","","","","SelectBead™",,,,,,,,1,0,1,0,0,1,1,1,0,1,1,,,1,0,1,0,1,0,1,0,,0,simple,,
admin,base,Default,simple,"26909","Sheathing | Sub-Floor",483756,"Commercial Particleboard",,"Commercial Particleboard","","Commercial Particleboard","",/\C\o\boise-cascade-commercial-particleboard-commercial-particleboard.jpg,/\C\o\boise-cascade-commercial-particleboard-commercial-particleboard.jpg,http://www.48ws.com/images/product/C/o/boise-cascade-commercial-particleboard-commercial-particleboard.jpg,boise-cascade-Commercial-Particleboard-commercial-particleboard,boise-cascade-Commercial-Particleboard-commercial-particleboard,,No layout updates.,Block after Info Column,,"Commercial Particleboard","Commercial Particleboard",Use config,"",0,,,0,"Boise Cascade",1657,,Enabled,"Catalog, Search",Taxable Goods,Yes,No,"Boise Cascade Company is one of the largest manufacturers in the industry of Ponderosa Pine appearance lumber. Product sizes range from 1×4” to 1×12” in lengths up to 16’. Grades are select, #2&Btr, #3 and #4.","","","","","Commercial Particleboard",,,,,,,,1,0,1,0,0,1,1,1,0,1,1,,,1,0,1,0,1,0,1,0,,0,simple,,
admin,base,Default,simple,"26906","Lumber",483757,"ALLJOIST®",,"ALLJOIST®","","ALLJOIST®","",/\A\L\boise-cascade-alljoist-alljoist.jpg,/\A\L\boise-cascade-alljoist-alljoist.jpg,http://www.48ws.com/images/product/A/L/boise-cascade-alljoist-alljoist.jpg,boise-cascade-ALLJOIST-alljoist,boise-cascade-ALLJOIST-alljoist,,No layout updates.,Block after Info Column,,"ALLJOIST®","ALLJOIST®",Use config,"",0,,,0,"Boise Cascade",1657,,Enabled,"Catalog, Search",Taxable Goods,Yes,No,"","","","","","ALLJOIST®",,,,,,,,1,0,1,0,0,1,1,1,0,1,1,,,1,0,1,0,1,0,1,0,,0,simple,,
admin,base,Default,simple,"26909","Sheathing | Sub-Floor",483758,"MR10 Industrial Particleboard",,"MR10 Industrial Particleboard","","MR10 Industrial Particleboard","",/\M\R\boise-cascade-mr10-industrial-particleboard-mr10-industrial-particleboard.jpg,/\M\R\boise-cascade-mr10-industrial-particleboard-mr10-industrial-particleboard.jpg,http://www.48ws.com/images/product/M/R/boise-cascade-mr10-industrial-particleboard-mr10-industrial-particleboard.jpg,boise-cascade-MR10-Industrial-Particleboard-mr10-industrial-particleboard,boise-cascade-MR10-Industrial-Particleboard-mr10-industrial-particleboard,,No layout updates.,Block after Info Column,,"MR10 Industrial Particleboard","MR10 Industrial Particleboard",Use config,"",0,,,0,"Boise Cascade",1657,,Enabled,"Catalog, Search",Taxable Goods,Yes,No,"SelectBead™ is decorative sanded pine plywood that provides an elegant design of planning while providing the strength and durability of real wood.","<table>
  <tr>
   <th>Thickness</th>
   <th>Plies</th>
   <th>Pieces/Unit</th>
  </tr>
 
  <tr>
   <td>11/32”</td>
   <td>3</td>
   <td>50</td>
  </tr>
 </table>","","","","MR10 Industrial Particleboard",,,,,,,,1,0,1,0,0,1,1,1,0,1,1,,,1,0,1,0,1,0,1,0,,0,simple,,
admin,base,Default,simple,"26907","Plywood",483759,"SELECTPLY™",,"SELECTPLY™","","SELECTPLY™","",/\S\E\boise-cascade-selectply-selectply.jpg,/\S\E\boise-cascade-selectply-selectply.jpg,http://www.48ws.com/images/product/S/E/boise-cascade-selectply-selectply.jpg,boise-cascade-SELECTPLY-selectply,boise-cascade-SELECTPLY-selectply,,No layout updates.,Block after Info Column,,"SELECTPLY™","SELECTPLY™",Use config,"",0,,,0,"Boise Cascade",1657,,Enabled,"Catalog, Search",Taxable Goods,Yes,No,"Boise Cascade Company manufactures rated sheathing in Western Fir and Southern Pine species. Our rated sheathing panels are 4'x8' and are produced in thicknesses ranging from 11/32&quot; to 1 1/8&quot; depending on the mill. Please call for details.","","","","","SELECTPLY™",,,,,,,,1,0,1,0,0,1,1,1,0,1,1,,,1,0,1,0,1,0,1,0,,0,simple,,
admin,base,Default,simple,"27806","Framing Studs",483760,"Framing Lumber",,"Framing Lumber","","Framing Lumber","",/\F\r\boise-cascade-framing-lumber-framing-lumber.jpg,/\F\r\boise-cascade-framing-lumber-framing-lumber.jpg,http://www.48ws.com/images/product/F/r/boise-cascade-framing-lumber-framing-lumber.jpg,boise-cascade-Framing-Lumber-framing-lumber,boise-cascade-Framing-Lumber-framing-lumber,,No layout updates.,Block after Info Column,,"Framing Lumber","Framing Lumber",Use config,"",0,,,0,"Boise Cascade",1657,,Enabled,"Catalog, Search",Taxable Goods,Yes,No,"The ALLJOIST® series (AJS®) I-joists have solid-sawn flanges made largely from black spruce, proven web stock and approved structural adhesives. These joists are designed to provide our customers with premium quality, high performance floor and roof systems that are priced competitively with traditional construction materials. Manufactured in Eastern Canada, the wide-flange ALLJOIST® series is available throughout the Eastern United States.","<table>
  <tr>
   <th>Features</th>
   <th>Benefits</th>
  </tr>
 
  <tr>
   <td>Seven (AJS®) Series: (2½”) 140, 150, 20, 190 &amp; (3½”)&nbsp;25 with deeper depths (3½”) 25 and 30</td>
   <td>A complete line of products to satisfy every home building need</td>
  </tr>
  <tr>
   <td>Widest I-Joist product Line in the industry</td>
   <td>Easier to work with on the jobsite because of their wide nailing surface</td>
  </tr>
  <tr>
   <td>Light weight</td>
   <td>Easier to handle; quick construction; lower labor costs</td>
  </tr>
  <tr>
   <td>Available in long lengths</td>
   <td>Simpler floor/roof layouts; increases floor performance and seismic resistance</td>
  </tr>
  <tr>
   <td>Consistent from piece to piece: Help keep floors flat and homes square</td>
   <td>Finish work can go faster with fewer problems; quiet floors</td>
  </tr>
  <tr>
   <td>1½” Prestamped knockouts</td>
   <td>Wiring can be routed through the web; quicker construction, reducing labor costs; allowing airflow above insulation</td>
  </tr>
  <tr>
   <td>Holes Allowed in Web</td>
   <td>Wiring, HVAC, plumbing and other large holes can be routed through the web; no unsightly soffits</td>
  </tr>
  <tr>
   <td>“Eased” Smoothed Edges</td>
   <td>Framers are much less like to suffer splinters on the job</td>
  </tr>
  <tr>
   <td>Clean appearance</td>
   <td>Pleases the structure’s owner which makes the builder look good</td>
  </tr>
  <tr>
   <td>Field-Trimmable with carpentry tools</td>
   <td>Quick, easy job site modification without specialized skills or tools</td>
  </tr>
  <tr>
   <td>Renewable resource</td>
   <td>Uses about half the wood fiber of dimensional lumber (build “green” into the product)</td>
  </tr>
  <tr>
   <td>Lifetime warranty</td>
   <td>Instills confidence in the product, the builder and YOU!</td>
  </tr>
 </table>","","","","Framing Lumber",,,,,,,,1,0,1,0,0,1,1,1,0,1,1,,,1,0,1,0,1,0,1,0,,0,simple,,
admin,base,Default,simple,"26907","Plywood",483761,"Sanded",,"Sanded","","Sanded","",/\S\a\boise-cascade-sanded-sanded.jpg,/\S\a\boise-cascade-sanded-sanded.jpg,http://www.48ws.com/images/product/S/a/boise-cascade-sanded-sanded.jpg,boise-cascade-Sanded-sanded,boise-cascade-Sanded-sanded,,No layout updates.,Block after Info Column,,"Sanded","Sanded",Use config,"",0,,,0,"Boise Cascade",1657,,Enabled,"Catalog, Search",Taxable Goods,Yes,No,"E-Z FRAME™ is hardwood plywood optimal for use in the framing of upholstered furniture such as sofas, recliners, chairs and all other upholstered furniture.","<table>
  <tr>
   <th>Thickness</th>
   <th>Plies</th>
   <th>Pieces/Unit</th>
  </tr>
 
  <tr>
   <td>3/8”</td>
   <td>3</td>
   <td>90</td>
  </tr>
  <tr>
   <td>15/32”</td>
   <td>4</td>
   <td>70</td>
  </tr>
  <tr>
   <td>5/8”</td>
   <td>5</td>
   <td>56</td>
  </tr>
  <tr>
   <td>11/16”</td>
   <td>5</td>
   <td>50</td>
  </tr>
  <tr>
   <td>23/32”</td>
   <td>5</td>
   <td>46</td>
  </tr>
  <tr>
   <td>3/4”</td>
   <td>6</td>
   <td>44</td>
  </tr>
  <tr>
   <td>13/16”</td>
   <td>6</td>
   <td>38</td>
  </tr>
  <tr>
   <td>7/8”</td>
   <td>6 or 7</td>
   <td>35</td>
  </tr>
  <tr>
   <td>1”</td>
   <td>7</td>
   <td>30</td>
  </tr>
  <tr>
   <td>1-1/8”</td>
   <td>8</td>
   <td>28</td>
  </tr>
 </table>","","","","Sanded",,,,,,,,1,0,1,0,0,1,1,1,0,1,1,,,1,0,1,0,1,0,1,0,,0,simple,,
