﻿store,websites,attribute_set,Type,category_ids,category_names,48WS_product_id,sku,has_options,name,Group_Name,meta_title,meta_description,Image,small_image,thumbnail,url_key,url_path,custom_design,page_layout,options_container,image_label,small_image_label,thumbnail_label,gift_message_available,manufacturer_url,price,special_price,cost,weight,manufacturer,manufacturer_id,color,status,visibility,tax_class_id,enable_googlecheckout,is_recurring,description,short_description,summary,upc,size_info,meta_keyword,custom_layout_update,news_from_date,news_to_date,special_from_date,special_to_date,custom_design_from,custom_design_to,qty,min_qty,use_config_min_qty,is_qty_decimal,backorders,use_config_backorders,min_sale_qty,use_config_min_sale_qty,max_sale_qty,use_config_max_sale_qty,is_in_stock,low_stock_date,notify_stock_qty,use_config_notify_stock_qty,manage_stock,use_config_manage_stock,stock_status_changed_automatically,use_config_qty_increments,qty_increments,use_config_enable_qty_increments,enable_qty_increments,product_name,store_id,product_type_id,product_status_changed,product_changed_websites
admin,base,Default,simple,"24970","Diamond Saw Blades",7865,"DB664",,"Bosch 6&quot; Segmented Rim Diamond Blade","","Bosch 6&quot; Segmented Rim Diamond Blade","6&quot; Segmented Rim Diamond Blade",/\D\B\Bosch-DB664-6-Segmented-Rim-Diamond.jpg,/\D\B\Bosch-DB664-6-Segmented-Rim-Diamond.jpg,http://www.48ws.com/images/product/D/B/Bosch-DB664-6-Segmented-Rim-Diamond.jpg,bosch-diamond-blades-DB664-,bosch-diamond-blades-DB664-,,No layout updates.,Block after Info Column,,"Bosch 6&quot; Segmented Rim Diamond Blade","Bosch 6&quot; Segmented Rim Diamond Blade",Use config,"http://www.boschtools.com/products/tools/print/pages/default.aspx?pid=db664&print=true",0,,,0,"Bosch Diamond Blades",245,,Enabled,"Catalog, Search",Taxable Goods,Yes,No,"Bosch DB664 6&quot; Segmented Rim Diamond Blade","<li>Application: Hard material</li><li>Arbor: 5/8&quot;, 7/8&quot;</li><li>Description: Premium Plus Segmented</li><li>Diameter: 6&quot;</li><li>Tool Type: SAG</li>","6&quot; Segmented Rim Diamond Blade","","Bosch DB664 6&quot; Segmented Rim Diamond Blade","Bosch 6&quot; Segmented Rim Diamond Blade",,,,,,,,1,0,1,0,0,1,1,1,0,1,1,,,1,0,1,0,1,0,1,0,,0,simple,,
admin,base,Default,simple,"24970","Diamond Saw Blades",7866,"DB564",,"Bosch 5&quot; Segmented Rim Diamond Blade","","Bosch 5&quot; Segmented Rim Diamond Blade","5&quot; Segmented Rim Diamond Blade",/\D\B\Bosch-DB564-5-Segmented-Rim-Diamond.jpg,/\D\B\Bosch-DB564-5-Segmented-Rim-Diamond.jpg,http://www.48ws.com/images/product/D/B/Bosch-DB564-5-Segmented-Rim-Diamond.jpg,bosch-diamond-blades-DB564-,bosch-diamond-blades-DB564-,,No layout updates.,Block after Info Column,,"Bosch 5&quot; Segmented Rim Diamond Blade","Bosch 5&quot; Segmented Rim Diamond Blade",Use config,"http://www.boschtools.com/products/tools/print/pages/default.aspx?pid=db564&print=true",0,,,0,"Bosch Diamond Blades",245,,Enabled,"Catalog, Search",Taxable Goods,Yes,No,"Bosch DB564 5&quot; Segmented Rim Diamond Blade","<li>Application: Hard material</li><li>Arbor: 5/8&quot;, 7/8&quot;</li><li>Description: Premium Plus Segmented</li><li>Diameter: 5&quot;</li><li>Tool Type: SAG</li>","5&quot; Segmented Rim Diamond Blade","","Bosch DB564 5&quot; Segmented Rim Diamond Blade","Bosch 5&quot; Segmented Rim Diamond Blade",,,,,,,,1,0,1,0,0,1,1,1,0,1,1,,,1,0,1,0,1,0,1,0,,0,simple,,
admin,base,Default,simple,"24970","Diamond Saw Blades",7867,"DB4568",,"Bosch 4-1/2&quot; Continuous Rim Diamond Blade","","Bosch 4-1/2&quot; Continuous Rim Diamond Blade","4-1/2&quot; Continuous Rim Diamond Blade",/\d\b\Bosch-DB4568-4-12-Continuous-Rim-Diamond.jpg,/\d\b\Bosch-DB4568-4-12-Continuous-Rim-Diamond.jpg,http://www.48ws.com/images/product/d/b/Bosch-DB4568-4-12-Continuous-Rim-Diamond.jpg,bosch-diamond-blades-DB4568-,bosch-diamond-blades-DB4568-,,No layout updates.,Block after Info Column,,"Bosch 4-1/2&quot; Continuous Rim Diamond Blade","Bosch 4-1/2&quot; Continuous Rim Diamond Blade",Use config,"http://www.boschtools.com/products/tools/print/pages/default.aspx?pid=db4568&print=true",0,,,0,"Bosch Diamond Blades",245,,Enabled,"Catalog, Search",Taxable Goods,Yes,No,"Bosch DB4568 4-1/2&quot; Continuous Rim Diamond Blade","<li>Application: Marble</li><li>Arbor: 7/8&quot;, 20 mm, 5/8&quot;</li><li></li>Cut Depth: 1-1/4&quot;<li>Description: Premium Continuous</li><li>Diameter: 4-1/2&quot;</li><li>Segment Thickness: .080&quot;</li><li>Tool Type: SAG, Tile Cutter</li>","4-1/2&quot; Continuous Rim Diamond Blade","","Bosch DB4568 4-1/2&quot; Continuous Rim Diamond Blade","Bosch 4-1/2&quot; Continuous Rim Diamond Blade",,,,,,,,1,0,1,0,0,1,1,1,0,1,1,,,1,0,1,0,1,0,1,0,,0,simple,,
admin,base,Default,simple,"24970","Diamond Saw Blades",7868,"DB743C",,"Bosch 7&quot; Continuous Rim Diamond Blade","","Bosch 7&quot; Continuous Rim Diamond Blade","7&quot; Continuous Rim Diamond Blade",/\d\b\Bosch-DB743C-7-Continuous-Rim-Diamond.jpg,/\d\b\Bosch-DB743C-7-Continuous-Rim-Diamond.jpg,http://www.48ws.com/images/product/d/b/Bosch-DB743C-7-Continuous-Rim-Diamond.jpg,bosch-diamond-blades-DB743C-,bosch-diamond-blades-DB743C-,,No layout updates.,Block after Info Column,,"Bosch 7&quot; Continuous Rim Diamond Blade","Bosch 7&quot; Continuous Rim Diamond Blade",Use config,"http://www.boschtools.com/products/tools/print/pages/default.aspx?pid=db743c",0,,,0,"Bosch Diamond Blades",245,,Enabled,"Catalog, Search",Taxable Goods,Yes,No,"Bosch DB743C 7&quot; Continuous Rim Diamond Blade","<li>Application: Ceramic, granite, marble</li><li>Arbor: 5/8&quot;</li><li>Cut Depth: 2-1/2&quot;</li><li>Description: Premium Continuous</li><li>Diameter: 7&quot;</li><li>Segment Thickness: .075&quot;</li><li>Tool Type: Tile Saw</li>","7&quot; Continuous Rim Diamond Blade","","Bosch DB743C 7&quot; Continuous Rim Diamond Blade","Bosch 7&quot; Continuous Rim Diamond Blade",,,,,,,,1,0,1,0,0,1,1,1,0,1,1,,,1,0,1,0,1,0,1,0,,0,simple,,
admin,base,Default,simple,"24970","Diamond Saw Blades",7869,"DB964",,"Bosch 9&quot; Segmented Rim Diamond Blade","","Bosch 9&quot; Segmented Rim Diamond Blade","9&quot; Segmented Rim Diamond Blade",/\D\B\Bosch-DB964-9-Segmented-Rim-Diamond.jpg,/\D\B\Bosch-DB964-9-Segmented-Rim-Diamond.jpg,http://www.48ws.com/images/product/D/B/Bosch-DB964-9-Segmented-Rim-Diamond.jpg,bosch-diamond-blades-DB964-,bosch-diamond-blades-DB964-,,No layout updates.,Block after Info Column,,"Bosch 9&quot; Segmented Rim Diamond Blade","Bosch 9&quot; Segmented Rim Diamond Blade",Use config,"http://www.boschtools.com/products/tools/print/pages/default.aspx?pid=db964&print=true",0,,,0,"Bosch Diamond Blades",245,,Enabled,"Catalog, Search",Taxable Goods,Yes,No,"Bosch DB964 9&quot; Segmented Rim Diamond Blade","<li>Application: Hard material</li><li>Arbor: 5/8&quot;, 7/8&quot;</li><li>Description: Premium Plus Segmented</li><li>Diameter: 9&quot;</li><li>Tool Type: LAG</li>","9&quot; Segmented Rim Diamond Blade","","Bosch DB964 9&quot; Segmented Rim Diamond Blade","Bosch 9&quot; Segmented Rim Diamond Blade",,,,,,,,1,0,1,0,0,1,1,1,0,1,1,,,1,0,1,0,1,0,1,0,,0,simple,,
admin,base,Default,simple,"24970","Diamond Saw Blades",7870,"DD400",,"Bosch 4&quot; Tuck-Point Mortar Blade","","Bosch 4&quot; Tuck-Point Mortar Blade","4&quot; Tuck-Point Mortar Blade",/\d\d\Bosch-DD400-4-Tuck-Point-Mortar.jpg,/\d\d\Bosch-DD400-4-Tuck-Point-Mortar.jpg,http://www.48ws.com/images/product/d/d/Bosch-DD400-4-Tuck-Point-Mortar.jpg,bosch-diamond-blades-DD400-,bosch-diamond-blades-DD400-,,No layout updates.,Block after Info Column,,"Bosch 4&quot; Tuck-Point Mortar Blade","Bosch 4&quot; Tuck-Point Mortar Blade",Use config,"http://www.boschtools.com/products/tools/print/pages/default.aspx?pid=dd400&print=true",0,,,0,"Bosch Diamond Blades",245,,Enabled,"Catalog, Search",Taxable Goods,Yes,No,"Bosch DD400 4&quot; Tuck-Point Mortar Blade","<li>Application: Tuck-point mortar</li><li>Arbor: 7/8&quot;, 5/8&quot;</li><li>Diameter: 4&quot;</li><li>Tool Type: SAG</li>\r\n","4&quot; Tuck-Point Mortar Blade","","Bosch DD400 4&quot; Tuck-Point Mortar Blade","Bosch 4&quot; Tuck-Point Mortar Blade",,,,,,,,1,0,1,0,0,1,1,1,0,1,1,,,1,0,1,0,1,0,1,0,,0,simple,,
admin,base,Default,simple,"24970","Diamond Saw Blades",7871,"DD500",,"Bosch 5&quot; Tuck-Point Mortar Blade","","Bosch 5&quot; Tuck-Point Mortar Blade","5&quot; Tuck-Point Mortar Blade",/\d\d\Bosch-DD500-5-Tuck-Point-Mortar.jpg,/\d\d\Bosch-DD500-5-Tuck-Point-Mortar.jpg,http://www.48ws.com/images/product/d/d/Bosch-DD500-5-Tuck-Point-Mortar.jpg,bosch-diamond-blades-DD500-,bosch-diamond-blades-DD500-,,No layout updates.,Block after Info Column,,"Bosch 5&quot; Tuck-Point Mortar Blade","Bosch 5&quot; Tuck-Point Mortar Blade",Use config,"http://www.boschtools.com/products/tools/print/pages/default.aspx?pid=dd500&print=true",0,,,0,"Bosch Diamond Blades",245,,Enabled,"Catalog, Search",Taxable Goods,Yes,No,"Bosch DD500 5&quot; Tuck-Point Mortar Blade","<li>Application: Tuck-point mortar</li><li>Arbor: 7/8&quot;, 5/8&quot;</li><li>Diameter: 5&quot;</li><li>Tool Type: SAG</li>","5&quot; Tuck-Point Mortar Blade","","Bosch DD500 5&quot; Tuck-Point Mortar Blade","Bosch 5&quot; Tuck-Point Mortar Blade",,,,,,,,1,0,1,0,0,1,1,1,0,1,1,,,1,0,1,0,1,0,1,0,,0,simple,,
admin,base,Default,simple,"24970","Diamond Saw Blades",7872,"DB968",,"Bosch 9&quot; Turbo Rim Diamond Blade","","Bosch 9&quot; Turbo Rim Diamond Blade","9&quot; Turbo Rim Diamond Blade",/\D\B\Bosch-DB968-9-Turbo-Rim-Diamond.jpg,/\D\B\Bosch-DB968-9-Turbo-Rim-Diamond.jpg,http://www.48ws.com/images/product/D/B/Bosch-DB968-9-Turbo-Rim-Diamond.jpg,bosch-diamond-blades-DB968-,bosch-diamond-blades-DB968-,,No layout updates.,Block after Info Column,,"Bosch 9&quot; Turbo Rim Diamond Blade","Bosch 9&quot; Turbo Rim Diamond Blade",Use config,"http://www.boschtools.com/products/tools/print/pages/default.aspx?pid=db968&print=true",0,,,0,"Bosch Diamond Blades",245,,Enabled,"Catalog, Search",Taxable Goods,Yes,No,"Bosch DB968 9&quot; Turbo Rim Diamond Blade","<li>Application: Marble</li><li>Arbor: 7/8&quot;, 5/8&quot;</li><li>Diameter: 9&quot;</li><li>Tool Type: Wet Saw / LAG</li>\r\n","9&quot; Turbo Rim Diamond Blade","","Bosch DB968 9&quot; Turbo Rim Diamond Blade","Bosch 9&quot; Turbo Rim Diamond Blade",,,,,,,,1,0,1,0,0,1,1,1,0,1,1,,,1,0,1,0,1,0,1,0,,0,simple,,
admin,base,Default,simple,"24970","Diamond Saw Blades",7873,"DB766C",,"Bosch 7&quot; Continuous Rim Diamond Blade","","Bosch 7&quot; Continuous Rim Diamond Blade","7&quot; Continuous Rim Diamond Blade",/\d\b\Bosch-DB766C-7-Continuous-Rim-Diamond.jpg,/\d\b\Bosch-DB766C-7-Continuous-Rim-Diamond.jpg,http://www.48ws.com/images/product/d/b/Bosch-DB766C-7-Continuous-Rim-Diamond.jpg,bosch-diamond-blades-DB766C-,bosch-diamond-blades-DB766C-,,No layout updates.,Block after Info Column,,"Bosch 7&quot; Continuous Rim Diamond Blade","Bosch 7&quot; Continuous Rim Diamond Blade",Use config,"http://www.boschtools.com/products/tools/print/pages/default.aspx?pid=db766c",0,,,0,"Bosch Diamond Blades",245,,Enabled,"Catalog, Search",Taxable Goods,Yes,No,"Bosch DB766C 7&quot; Continuous Rim Diamond Blade","<li>Application: Porcelain, granite, marble</li><li>Arbor: 5/8&quot;</li><li>Cut Depth: 2-1/4&quot;</li><li>Description: Premium Continuous</li><li>Diameter: 7&quot;</li><li>Segment Thickness: .060&quot;</li><li>Tool Type: Tile Saw</li>","7&quot; Continuous Rim Diamond Blade","","Bosch DB766C 7&quot; Continuous Rim Diamond Blade","Bosch 7&quot; Continuous Rim Diamond Blade",,,,,,,,1,0,1,0,0,1,1,1,0,1,1,,,1,0,1,0,1,0,1,0,,0,simple,,
admin,base,Default,simple,"24970","Diamond Saw Blades",7874,"DB764",,"Bosch 7&quot; Segmented Rim Diamond Blade","","Bosch 7&quot; Segmented Rim Diamond Blade","7&quot; Segmented Rim Diamond Blade",/\D\B\Bosch-DB764-7-Segmented-Rim-Diamond.jpg,/\D\B\Bosch-DB764-7-Segmented-Rim-Diamond.jpg,http://www.48ws.com/images/product/D/B/Bosch-DB764-7-Segmented-Rim-Diamond.jpg,bosch-diamond-blades-DB764-,bosch-diamond-blades-DB764-,,No layout updates.,Block after Info Column,,"Bosch 7&quot; Segmented Rim Diamond Blade","Bosch 7&quot; Segmented Rim Diamond Blade",Use config,"http://www.boschtools.com/products/tools/print/pages/default.aspx?pid=db764&print=true",0,,,0,"Bosch Diamond Blades",245,,Enabled,"Catalog, Search",Taxable Goods,Yes,No,"Bosch DB764 7&quot; Segmented Rim Diamond Blade","<li>Application: Hard material</li><li>Arbor: 5/8&quot; with diamond knockout</li><li>Description: Premium Plus Segmented</li><li>Diameter: 7&quot;</li><li>Tool Type: Circular saws / LAG</li>","7&quot; Segmented Rim Diamond Blade","","Bosch DB764 7&quot; Segmented Rim Diamond Blade","Bosch 7&quot; Segmented Rim Diamond Blade",,,,,,,,1,0,1,0,0,1,1,1,0,1,1,,,1,0,1,0,1,0,1,0,,0,simple,,
admin,base,Default,simple,"24970","Diamond Saw Blades",7875,"DB1464",,"Bosch 14&quot; Segmented Rim Diamond Blade","","Bosch 14&quot; Segmented Rim Diamond Blade","14&quot; Segmented Rim Diamond Blade",/\D\B\Bosch-DB1464-14-Segmented-Rim-Diamond.jpg,/\D\B\Bosch-DB1464-14-Segmented-Rim-Diamond.jpg,http://www.48ws.com/images/product/D/B/Bosch-DB1464-14-Segmented-Rim-Diamond.jpg,bosch-diamond-blades-DB1464-,bosch-diamond-blades-DB1464-,,No layout updates.,Block after Info Column,,"Bosch 14&quot; Segmented Rim Diamond Blade","Bosch 14&quot; Segmented Rim Diamond Blade",Use config,"http://www.boschtools.com/products/tools/print/pages/default.aspx?pid=db1464&print=true",0,,,0,"Bosch Diamond Blades",245,,Enabled,"Catalog, Search",Taxable Goods,Yes,No,"Bosch DB1464 14&quot; Segmented Rim Diamond Blade","<li>Application: Hard material</li><li>Arbor: 1&quot;, 20 mm</li><li>Description: Premium Plus Segmented</li><li>Diameter: 14&quot;</li><li>Tool Type: Cut-off machines</li>","14&quot; Segmented Rim Diamond Blade","","Bosch DB1464 14&quot; Segmented Rim Diamond Blade","Bosch 14&quot; Segmented Rim Diamond Blade",,,,,,,,1,0,1,0,0,1,1,1,0,1,1,,,1,0,1,0,1,0,1,0,,0,simple,,
admin,base,Default,simple,"24970","Diamond Saw Blades",7876,"DB1264",,"Bosch 12&quot; Segmented Rim Diamond Blade","","Bosch 12&quot; Segmented Rim Diamond Blade","12&quot; Segmented Rim Diamond Blade",/\D\B\Bosch-DB1264-12-Segmented-Rim-Diamond.jpg,/\D\B\Bosch-DB1264-12-Segmented-Rim-Diamond.jpg,http://www.48ws.com/images/product/D/B/Bosch-DB1264-12-Segmented-Rim-Diamond.jpg,bosch-diamond-blades-DB1264-,bosch-diamond-blades-DB1264-,,No layout updates.,Block after Info Column,,"Bosch 12&quot; Segmented Rim Diamond Blade","Bosch 12&quot; Segmented Rim Diamond Blade",Use config,"http://www.boschtools.com/products/tools/print/pages/default.aspx?pid=db1264&print=true",0,,,0,"Bosch Diamond Blades",245,,Enabled,"Catalog, Search",Taxable Goods,Yes,No,"Bosch DB1264 12&quot; Segmented Rim Diamond Blade","<li>Application: Hard material</li><li>Arbor: 1&quot;, 20 mm</li><li>Description: Premium Plus Segmented</li><li>Diameter: 12&quot;</li><li>Tool Type: Cut-off machines</li>","12&quot; Segmented Rim Diamond Blade","","Bosch DB1264 12&quot; Segmented Rim Diamond Blade","Bosch 12&quot; Segmented Rim Diamond Blade",,,,,,,,1,0,1,0,0,1,1,1,0,1,1,,,1,0,1,0,1,0,1,0,,0,simple,,
admin,base,Default,simple,"24970","Diamond Saw Blades",7877,"DB1066",,"Bosch 10&quot; Continuous Rim Diamond Blade","","Bosch 10&quot; Continuous Rim Diamond Blade","DB1066 10&quot; Continuous Rim Diamond Blade",/\d\b\Bosch-DB1066-10-Continuous-Rim-Diamond.jpg,/\d\b\Bosch-DB1066-10-Continuous-Rim-Diamond.jpg,http://www.48ws.com/images/product/d/b/Bosch-DB1066-10-Continuous-Rim-Diamond.jpg,bosch-diamond-blades-DB1066-,bosch-diamond-blades-DB1066-,,No layout updates.,Block after Info Column,,"Bosch 10&quot; Continuous Rim Diamond Blade","Bosch 10&quot; Continuous Rim Diamond Blade",Use config,"ttp://www.boschtools.com/products/tools/print/pages/default.aspx?pid=db1066&print=true",0,,,0,"Bosch Diamond Blades",245,,Enabled,"Catalog, Search",Taxable Goods,Yes,No,"Bosch DB1066 10&quot; Continuous Rim Diamond Blade","<li>Application: Porcelain, granite, marble</li><li>Arbor: 5/8&quot;</li><li>Cut Depth: 3-3/4&quot;</li><li>Description: Premium Plus Continuous</li><li>Diameter: 10&quot;</li><li>Segment Thickness: .080&quot;</li><li>Tool Type: Tile Saw</li>","DB1066 10&quot; Continuous Rim Diamond Blade","","Bosch DB1066 10&quot; Continuous Rim Diamond Blade","Bosch 10&quot; Continuous Rim Diamond Blade",,,,,,,,1,0,1,0,0,1,1,1,0,1,1,,,1,0,1,0,1,0,1,0,,0,simple,,
admin,base,Default,simple,"24970","Diamond Saw Blades",7878,"DB443C",,"Bosch 4&quot; Continuous Rim Diamond Blade","","Bosch 4&quot; Continuous Rim Diamond Blade","4&quot; Continuous Rim Diamond Blade",/\d\b\Bosch-DB443C-4-Continuous-Rim-Diamond.jpg,/\d\b\Bosch-DB443C-4-Continuous-Rim-Diamond.jpg,http://www.48ws.com/images/product/d/b/Bosch-DB443C-4-Continuous-Rim-Diamond.jpg,bosch-diamond-blades-DB443C-,bosch-diamond-blades-DB443C-,,No layout updates.,Block after Info Column,,"Bosch 4&quot; Continuous Rim Diamond Blade","Bosch 4&quot; Continuous Rim Diamond Blade",Use config,"http://www.boschtools.com/products/tools/print/pages/default.aspx?pid=db443c",0,,,0,"Bosch Diamond Blades",245,,Enabled,"Catalog, Search",Taxable Goods,Yes,No,"Bosch DB443C 4&quot; Continuous Rim Diamond Blade","<li>Application: Ceramic, granite, marble</li><li>Arbor: 7/8&quot;, 20 mm, 5/8&quot;</li><li>Cut Depth: 1&quot;</li><li>Description: Premium Continuous</li><li>Diameter: 4&quot;</li><li>Segment Thickness: .060&quot;</li><li>Tool Type: SAG, Tile Cutter</li>","4&quot; Continuous Rim Diamond Blade","","Bosch DB443C 4&quot; Continuous Rim Diamond Blade","Bosch 4&quot; Continuous Rim Diamond Blade",,,,,,,,1,0,1,0,0,1,1,1,0,1,1,,,1,0,1,0,1,0,1,0,,0,simple,,
admin,base,Default,simple,"24970","Diamond Saw Blades",7879,"DB4566C",,"Bosch 4-1/2&quot; Continuous Rim Diamond Blade","","Bosch 4-1/2&quot; Continuous Rim Diamond Blade","4-1/2&quot; Continuous Rim Diamond Blade",/\d\b\Bosch-DB4566C-4-12-Continuous-Rim-Diamond.jpg,/\d\b\Bosch-DB4566C-4-12-Continuous-Rim-Diamond.jpg,http://www.48ws.com/images/product/d/b/Bosch-DB4566C-4-12-Continuous-Rim-Diamond.jpg,bosch-diamond-blades-DB4566C-,bosch-diamond-blades-DB4566C-,,No layout updates.,Block after Info Column,,"Bosch 4-1/2&quot; Continuous Rim Diamond Blade","Bosch 4-1/2&quot; Continuous Rim Diamond Blade",Use config,"http://www.boschtools.com/products/tools/print/pages/default.aspx?pid=db4566c",0,,,0,"Bosch Diamond Blades",245,,Enabled,"Catalog, Search",Taxable Goods,Yes,No,"Bosch DB4566C 4-1/2&quot; Continuous Rim Diamond Blade","<li>Application: Porcelain, granite, marble</li><li>Arbor: 7/8&quot;, 20 mm, 5/8&quot;</li><li>Cut Depth: 1-1/4&quot;</li><li>Description: Premium Continuous</li><li>Diameter: 4-1/2&quot;</li><li>Segment Thickness: .060&quot;</li><li>Tool Type: SAG, Tile Cutter</li>","4-1/2&quot; Continuous Rim Diamond Blade","","Bosch DB4566C 4-1/2&quot; Continuous Rim Diamond Blade","Bosch 4-1/2&quot; Continuous Rim Diamond Blade",,,,,,,,1,0,1,0,0,1,1,1,0,1,1,,,1,0,1,0,1,0,1,0,,0,simple,,
admin,base,Default,simple,"24970","Diamond Saw Blades",7880,"DB4564",,"Bosch 4-1/2&quot; Segmented Rim Diamond Blade","","Bosch 4-1/2&quot; Segmented Rim Diamond Blade","4-1/2&quot; Continuous Rim Diamond Blade",/\D\B\Bosch-DB4564-4-12-Segmented-Rim-Diamond.jpg,/\D\B\Bosch-DB4564-4-12-Segmented-Rim-Diamond.jpg,http://www.48ws.com/images/product/D/B/Bosch-DB4564-4-12-Segmented-Rim-Diamond.jpg,bosch-diamond-blades-DB4564-,bosch-diamond-blades-DB4564-,,No layout updates.,Block after Info Column,,"Bosch 4-1/2&quot; Segmented Rim Diamond Blade","Bosch 4-1/2&quot; Segmented Rim Diamond Blade",Use config,"http://www.boschtools.com/products/tools/print/pages/default.aspx?pid=db4564&print=true",0,,,0,"Bosch Diamond Blades",245,,Enabled,"Catalog, Search",Taxable Goods,Yes,No,"Bosch DB4564 4-1/2&quot; Segmented Rim Diamond Blade","<li>Application: Hard material</li><li>Arbor: 7/8&quot;, 20 mm, 5/8&quot;</li><li>Description: Premium Plus Segmented</li><li>Diameter: 4-1/2&quot;</li><li>Tool Type: SAG</li>","4-1/2&quot; Continuous Rim Diamond Blade","","Bosch DB4564 4-1/2&quot; Segmented Rim Diamond Blade","Bosch 4-1/2&quot; Segmented Rim Diamond Blade",,,,,,,,1,0,1,0,0,1,1,1,0,1,1,,,1,0,1,0,1,0,1,0,,0,simple,,
admin,base,Default,simple,"24970","Diamond Saw Blades",7881,"DB4543",,"Bosch 4-1/2&quot; Continuous Rim Diamond Blade","","Bosch 4-1/2&quot; Continuous Rim Diamond Blade","4-1/2&quot; Continuous Rim Diamond Blade",/\d\b\Bosch-DB4543-4-12-Continuous-Rim-Diamond.jpg,/\d\b\Bosch-DB4543-4-12-Continuous-Rim-Diamond.jpg,http://www.48ws.com/images/product/d/b/Bosch-DB4543-4-12-Continuous-Rim-Diamond.jpg,bosch-diamond-blades-DB4543-,bosch-diamond-blades-DB4543-,,No layout updates.,Block after Info Column,,"Bosch 4-1/2&quot; Continuous Rim Diamond Blade","Bosch 4-1/2&quot; Continuous Rim Diamond Blade",Use config,"http://www.boschtools.com/products/tools/print/pages/default.aspx?pid=db4543",0,,,0,"Bosch Diamond Blades",245,,Enabled,"Catalog, Search",Taxable Goods,Yes,No,"Bosch DB4543 4-1/2&quot; Continuous Rim Diamond Blade","<li>Application: Ceramic, granite, marble</li><li>Arbor: 7/8&quot;, 20 mm, 5/8&quot;</li><li>Cut Depth: 1-1/4&quot;</li><li>Description: Premium Continuous</li><li>Diameter: 4-1/2&quot;</li><li>Segment Thickness: .060&quot;</li><li>Tool Type: SAG, Tile Cutte</li>","4-1/2&quot; Continuous Rim Diamond Blade","","Bosch DB4543 4-1/2&quot; Continuous Rim Diamond Blade","Bosch 4-1/2&quot; Continuous Rim Diamond Blade",,,,,,,,1,0,1,0,0,1,1,1,0,1,1,,,1,0,1,0,1,0,1,0,,0,simple,,
admin,base,Default,simple,"24970","Diamond Saw Blades",7882,"DBSW761DKO",,"Bosch 7&quot; Speedwave Segmented Rim Diamond Blade","","Bosch 7&quot; Speedwave Segmented Rim Diamond Blade","7&quot; Speedwave™ Segmented Rim Diamond Blade",/\D\B\Bosch-DBSW761DKO-7-Speedwave-Segmented-Rim-Diamond.jpg,/\D\B\Bosch-DBSW761DKO-7-Speedwave-Segmented-Rim-Diamond.jpg,http://www.48ws.com/images/product/D/B/Bosch-DBSW761DKO-7-Speedwave-Segmented-Rim-Diamond.jpg,bosch-diamond-blades-DBSW761DKO-,bosch-diamond-blades-DBSW761DKO-,,No layout updates.,Block after Info Column,,"Bosch 7&quot; Speedwave Segmented Rim Diamond Blade","Bosch 7&quot; Speedwave Segmented Rim Diamond Blade",Use config,"http://www.boschtools.com/products/tools/print/pages/default.aspx?pid=dbsw761dko",0,,,0,"Bosch Diamond Blades",245,,Enabled,"Catalog, Search",Taxable Goods,Yes,No,"Bosch DBSW761DKO 7&quot; Speedwave&trade; Segmented Rim Diamond Blade","<li>Application: Concrete, block, brick, stone, steel, reinforced concrete</li><li>Arbor: 5/8&quot;</li><li>Description: SpeedWave&trade; Segmented Diamond Blade</li><li>Diameter: 7&quot;</li><li>Tool Type: Circular Saw/ LAG</li>","7&quot; Speedwave&trade; Segmented Rim Diamond Blade","","Bosch DBSW761DKO 7&quot; Speedwave™ Segmented Rim Diamond Blade","Bosch 7&quot; Speedwave Segmented Rim Diamond Blade",,,,,,,,1,0,1,0,0,1,1,1,0,1,1,,,1,0,1,0,1,0,1,0,,0,simple,,
admin,base,Default,simple,"24970","Diamond Saw Blades",7883,"DBSW961",,"Bosch 9&quot; Speedwave Segmented Rim Diamond Blade","","Bosch 9&quot; Speedwave Segmented Rim Diamond Blade","9&quot; Speedwave™ Segmented Rim Diamond Blade",/\D\B\Bosch-DBSW961-9-Speedwave-Segmented-Rim-Diamond.jpg,/\D\B\Bosch-DBSW961-9-Speedwave-Segmented-Rim-Diamond.jpg,http://www.48ws.com/images/product/D/B/Bosch-DBSW961-9-Speedwave-Segmented-Rim-Diamond.jpg,bosch-diamond-blades-DBSW961-,bosch-diamond-blades-DBSW961-,,No layout updates.,Block after Info Column,,"Bosch 9&quot; Speedwave Segmented Rim Diamond Blade","Bosch 9&quot; Speedwave Segmented Rim Diamond Blade",Use config,"http://www.boschtools.com/products/tools/print/pages/default.aspx?pid=dbsw961",0,,,0,"Bosch Diamond Blades",245,,Enabled,"Catalog, Search",Taxable Goods,Yes,No,"Bosch DBSW961 9&quot; Speedwave&trade; Segmented Rim Diamond Blade","<li>Application: Concrete, block, brick, stone, steel, reinforced concrete</li><li>Arbor: 5/8&quot;, 7/8&quot;</li><li>Description: Segmented Diamond Blade</li><li>Diameter: 9&quot;</li><li>Tool Type: LAG</li>\r\n","9&quot; Speedwave&trade; Segmented Rim Diamond Blade","","Bosch DBSW961 9&quot; Speedwave™ Segmented Rim Diamond Blade","Bosch 9&quot; Speedwave Segmented Rim Diamond Blade",,,,,,,,1,0,1,0,0,1,1,1,0,1,1,,,1,0,1,0,1,0,1,0,,0,simple,,
admin,base,Default,simple,"24970","Diamond Saw Blades",7884,"DBSW4561",,"Bosch 4-1/2&quot; Speedwave Segmented Rim Diamond Blade","","Bosch 4-1/2&quot; Speedwave Segmented Rim Diamond Blade","4-1/2&quot; Speedwave™ Segmented Rim Diamond Blade",/\D\B\Bosch-DBSW4561-4-12-Speedwave-Segmented-Rim-Diamond.jpg,/\D\B\Bosch-DBSW4561-4-12-Speedwave-Segmented-Rim-Diamond.jpg,http://www.48ws.com/images/product/D/B/Bosch-DBSW4561-4-12-Speedwave-Segmented-Rim-Diamond.jpg,bosch-diamond-blades-DBSW4561-,bosch-diamond-blades-DBSW4561-,,No layout updates.,Block after Info Column,,"Bosch 4-1/2&quot; Speedwave Segmented Rim Diamond Blade","Bosch 4-1/2&quot; Speedwave Segmented Rim Diamond Blade",Use config,"http://www.boschtools.com/products/tools/print/pages/default.aspx?pid=dbsw4561&print=true",0,,,0,"Bosch Diamond Blades",245,,Enabled,"Catalog, Search",Taxable Goods,Yes,No,"Bosch DBSW4561 4-1/2&quot; Speedwave&trade; Segmented Rim Diamond Blade","<li>Application: Concrete, block, brick, stone, steel, reinforced concrete</li><li>Arbor: 5/8&quot;, 7/8&quot;</li><li>Description: Segmented Diamond Blade</li><li>Diameter: 4-1/2&quot;</li><li>Tool Type: SAG</li>","4-1/2&quot; Speedwave&trade; Segmented Rim Diamond Blade","","Bosch DBSW4561 4-1/2&quot; Speedwave™ Segmented Rim Diamond Blade","Bosch 4-1/2&quot; Speedwave Segmented Rim Diamond Blade",,,,,,,,1,0,1,0,0,1,1,1,0,1,1,,,1,0,1,0,1,0,1,0,,0,simple,,
admin,base,Default,simple,"24970","Diamond Saw Blades",7885,"DBSW561",,"Bosch 5&quot; Speedwave Segmented Rim Diamond Blade","","Bosch 5&quot; Speedwave Segmented Rim Diamond Blade","5&quot; Speedwave™ Segmented Rim Diamond Blade",/\D\B\Bosch-DBSW561-5-Speedwave-Segmented-Rim-Diamond.jpg,/\D\B\Bosch-DBSW561-5-Speedwave-Segmented-Rim-Diamond.jpg,http://www.48ws.com/images/product/D/B/Bosch-DBSW561-5-Speedwave-Segmented-Rim-Diamond.jpg,bosch-diamond-blades-DBSW561-,bosch-diamond-blades-DBSW561-,,No layout updates.,Block after Info Column,,"Bosch 5&quot; Speedwave Segmented Rim Diamond Blade","Bosch 5&quot; Speedwave Segmented Rim Diamond Blade",Use config,"http://www.boschtools.com/products/tools/print/pages/default.aspx?pid=dbsw561&print=true",0,,,0,"Bosch Diamond Blades",245,,Enabled,"Catalog, Search",Taxable Goods,Yes,No,"Bosch DBSW561 5&quot; Speedwave&trade; Segmented Rim Diamond Blade","<li>Application: Concrete, block, brick, stone, steel, reinforced concrete</li><li>Arbor: 5/8&quot;, 7/8&quot;</li><li>Description: SpeedWave&trade; Segmented Diamond Blade</li><li>Diameter: 5&quot;</li><li>Tool Type: SAG</li>","5&quot; Speedwave&trade; Segmented Rim Diamond Blade","","Bosch DBSW561 5&quot; Speedwave™ Segmented Rim Diamond Blade","Bosch 5&quot; Speedwave Segmented Rim Diamond Blade",,,,,,,,1,0,1,0,0,1,1,1,0,1,1,,,1,0,1,0,1,0,1,0,,0,simple,,
admin,base,Default,simple,"24970","Diamond Saw Blades",7886,"DB568",,"Bosch 5&quot; Turbo Rim Diamond Blade","","Bosch 5&quot; Turbo Rim Diamond Blade","5&quot; Turbo Rim Diamond Blade",/\D\B\Bosch-DB568-5-Turbo-Rim-Diamond.jpg,/\D\B\Bosch-DB568-5-Turbo-Rim-Diamond.jpg,http://www.48ws.com/images/product/D/B/Bosch-DB568-5-Turbo-Rim-Diamond.jpg,bosch-diamond-blades-DB568-,bosch-diamond-blades-DB568-,,No layout updates.,Block after Info Column,,"Bosch 5&quot; Turbo Rim Diamond Blade","Bosch 5&quot; Turbo Rim Diamond Blade",Use config,"http://www.boschtools.com/products/tools/print/pages/default.aspx?pid=db568&print=true",0,,,0,"Bosch Diamond Blades",245,,Enabled,"Catalog, Search",Taxable Goods,Yes,No,"Bosch DB568 5&quot; Turbo Rim Diamond Blade","<li>Application: Marble</li><li>Arbor: 7/8&quot;, 5/8&quot;</li><li>Diameter: 5&quot;</li><li>Tool Type: Wet Saws</li><li>Tool Type: SAG</li>","5&quot; Turbo Rim Diamond Blade","","Bosch DB568 5&quot; Turbo Rim Diamond Blade","Bosch 5&quot; Turbo Rim Diamond Blade",,,,,,,,1,0,1,0,0,1,1,1,0,1,1,,,1,0,1,0,1,0,1,0,,0,simple,,
admin,base,Default,simple,"24970","Diamond Saw Blades",7887,"DB742C",,"Bosch 7&quot; Turbo Rim Diamond Blade","","Bosch 7&quot; Turbo Rim Diamond Blade","7&quot; Turbo Rim Diamond Blade",/\D\B\Bosch-DB742C-7-Turbo-Rim-Diamond.jpg,/\D\B\Bosch-DB742C-7-Turbo-Rim-Diamond.jpg,http://www.48ws.com/images/product/D/B/Bosch-DB742C-7-Turbo-Rim-Diamond.jpg,bosch-diamond-blades-DB742C-,bosch-diamond-blades-DB742C-,,No layout updates.,Block after Info Column,,"Bosch 7&quot; Turbo Rim Diamond Blade","Bosch 7&quot; Turbo Rim Diamond Blade",Use config,"http://www.boschtools.com/products/tools/print/pages/default.aspx?pid=db742c",0,,,0,"Bosch Diamond Blades",245,,Enabled,"Catalog, Search",Taxable Goods,Yes,No,"Bosch DB742C 7&quot; Turbo Rim Diamond Blade","<li>Application: Stone, Concrete, Brick</li><li>Arbor: 5/8&quot;, DKO</li><li>Cut Depth: 2-1/2&quot;</li><li>Diameter: 7&quot;</li><li>Segment Thickness: .090&quot;</li><li>Tool Type: LAG</li>","7&quot; Turbo Rim Diamond Blade","","Bosch DB742C 7&quot; Turbo Rim Diamond Blade","Bosch 7&quot; Turbo Rim Diamond Blade",,,,,,,,1,0,1,0,0,1,1,1,0,1,1,,,1,0,1,0,1,0,1,0,,0,simple,,
admin,base,Default,simple,"24970","Diamond Saw Blades",7888,"DB542H",,"Bosch 5&quot; Turbo Rim Diamond Blade","","Bosch 5&quot; Turbo Rim Diamond Blade","5&quot; Turbo Rim Diamond Blade",/\D\B\Bosch-DB542H-5-Turbo-Rim-Diamond.jpg,/\D\B\Bosch-DB542H-5-Turbo-Rim-Diamond.jpg,http://www.48ws.com/images/product/D/B/Bosch-DB542H-5-Turbo-Rim-Diamond.jpg,bosch-diamond-blades-DB542H-,bosch-diamond-blades-DB542H-,,No layout updates.,Block after Info Column,,"Bosch 5&quot; Turbo Rim Diamond Blade","Bosch 5&quot; Turbo Rim Diamond Blade",Use config,"http://www.boschtools.com/products/tools/print/pages/default.aspx?pid=db542h",0,,,0,"Bosch Diamond Blades",245,,Enabled,"Catalog, Search",Taxable Goods,Yes,No,"Bosch DB542H 5&quot; Turbo Rim Diamond Blade","<li>Application: Stone, Concrete, Brick</li><li>Arbor: 7/8&quot;, 20 mm, 5/8&quot;</li><li>Cut Depth: 1-1/2&quot;</li><li>Diameter: 5&quot;</li><li>Segment Thickness: .080&quot;</li><li>Tool Type: SAG</li>","5&quot; Turbo Rim Diamond Blade","","Bosch DB542H 5&quot; Turbo Rim Diamond Blade","Bosch 5&quot; Turbo Rim Diamond Blade",,,,,,,,1,0,1,0,0,1,1,1,0,1,1,,,1,0,1,0,1,0,1,0,,0,simple,,
admin,base,Default,simple,"24970","Diamond Saw Blades",7889,"DB4565",,"Bosch 4-1/2&quot; Segmented Rim Diamond Blade","","Bosch 4-1/2&quot; Segmented Rim Diamond Blade","4-1/2&quot; Segmented Rim Diamond Blade",/\D\B\Bosch-DB4565-4-12-Segmented-Rim-Diamond.jpg,/\D\B\Bosch-DB4565-4-12-Segmented-Rim-Diamond.jpg,http://www.48ws.com/images/product/D/B/Bosch-DB4565-4-12-Segmented-Rim-Diamond.jpg,bosch-diamond-blades-DB4565-,bosch-diamond-blades-DB4565-,,No layout updates.,Block after Info Column,,"Bosch 4-1/2&quot; Segmented Rim Diamond Blade","Bosch 4-1/2&quot; Segmented Rim Diamond Blade",Use config,"http://www.boschtools.com/products/tools/print/pages/default.aspx?pid=db4565",0,,,0,"Bosch Diamond Blades",245,,Enabled,"Catalog, Search",Taxable Goods,Yes,No,"Bosch DB4565 4-1/2&quot; Segmented Rim Diamond Blade","<li>Application: Soft abrasive, soft brick, asphalt</li><li>Arbor: 7/8&quot;, 20 mm, 5/8&quot;</li><li>Description: Premium Plus Segmented</li><li>Diameter: 4-1/2&quot;</li><li>Tool Type: SAG</li>","4-1/2&quot; Segmented Rim Diamond Blade","","Bosch DB4565 4-1/2&quot; Segmented Rim Diamond Blade","Bosch 4-1/2&quot; Segmented Rim Diamond Blade",,,,,,,,1,0,1,0,0,1,1,1,0,1,1,,,1,0,1,0,1,0,1,0,,0,simple,,
admin,base,Default,simple,"24970","Diamond Saw Blades",7890,"DB468",,"Bosch 4&quot; Turbo Rim Diamond Blade","","Bosch 4&quot; Turbo Rim Diamond Blade","4&quot; Turbo Rim Diamond Blade",/\D\B\Bosch-DB468-4-Turbo-Rim-Diamond.jpg,/\D\B\Bosch-DB468-4-Turbo-Rim-Diamond.jpg,http://www.48ws.com/images/product/D/B/Bosch-DB468-4-Turbo-Rim-Diamond.jpg,bosch-diamond-blades-DB468-,bosch-diamond-blades-DB468-,,No layout updates.,Block after Info Column,,"Bosch 4&quot; Turbo Rim Diamond Blade","Bosch 4&quot; Turbo Rim Diamond Blade",Use config,"http://www.boschtools.com/products/tools/print/pages/default.aspx?pid=db468&print=true",0,,,0,"Bosch Diamond Blades",245,,Enabled,"Catalog, Search",Taxable Goods,Yes,No,"Bosch DB468 4&quot; Turbo Rim Diamond Blade","<li>Application: Marble</li><li>Arbor: 7/8&quot;, 20 mm, 5/8&quot;</li><li>Diameter: 4&quot;</li><li>Tool Type: SAG</li>","4&quot; Turbo Rim Diamond Blade","","Bosch DB468 4&quot; Turbo Rim Diamond Blade","Bosch 4&quot; Turbo Rim Diamond Blade",,,,,,,,1,0,1,0,0,1,1,1,0,1,1,,,1,0,1,0,1,0,1,0,,0,simple,,
admin,base,Default,simple,"24970","Diamond Saw Blades",7891,"DB765",,"Bosch 7&quot; Segmented Rim Diamond Blade","","Bosch 7&quot; Segmented Rim Diamond Blade","7&quot; Segmented Rim Diamond Blade",/\D\B\Bosch-DB765-7-Segmented-Rim-Diamond.jpg,/\D\B\Bosch-DB765-7-Segmented-Rim-Diamond.jpg,http://www.48ws.com/images/product/D/B/Bosch-DB765-7-Segmented-Rim-Diamond.jpg,bosch-diamond-blades-DB765-,bosch-diamond-blades-DB765-,,No layout updates.,Block after Info Column,,"Bosch 7&quot; Segmented Rim Diamond Blade","Bosch 7&quot; Segmented Rim Diamond Blade",Use config,"http://www.boschtools.com/products/tools/print/pages/default.aspx?pid=db765&print=true",0,,,0,"Bosch Diamond Blades",245,,Enabled,"Catalog, Search",Taxable Goods,Yes,No,"Bosch DB765 7&quot; Segmented Rim Diamond Blade","<li>Application: Soft abrasive, soft brick, asphalt</li><li>Arbor: 5/8&quot; with diamond knockout</li><li>Description: Premium Plus Segmented</li><li>Diameter: 7&quot;</li><li>Tool Type: Circular saws / LAG</li>","7&quot; Segmented Rim Diamond Blade","","Bosch DB765 7&quot; Segmented Rim Diamond Blade","Bosch 7&quot; Segmented Rim Diamond Blade",,,,,,,,1,0,1,0,0,1,1,1,0,1,1,,,1,0,1,0,1,0,1,0,,0,simple,,
admin,base,Default,simple,"24970","Diamond Saw Blades",7892,"DB768",,"Bosch 7&quot; Continuous Rim Diamond Blade","","Bosch 7&quot; Continuous Rim Diamond Blade","7&quot; Continuous Rim Diamond Blade",/\d\b\Bosch-DB768-7-Continuous-Rim-Diamond.jpg,/\d\b\Bosch-DB768-7-Continuous-Rim-Diamond.jpg,http://www.48ws.com/images/product/d/b/Bosch-DB768-7-Continuous-Rim-Diamond.jpg,bosch-diamond-blades-DB768-,bosch-diamond-blades-DB768-,,No layout updates.,Block after Info Column,,"Bosch 7&quot; Continuous Rim Diamond Blade","Bosch 7&quot; Continuous Rim Diamond Blade",Use config,"http://www.boschtools.com/products/tools/print/pages/default.aspx?pid=db768&print=true",0,,,0,"Bosch Diamond Blades",245,,Enabled,"Catalog, Search",Taxable Goods,Yes,No,"Bosch DB768 7&quot; Continuous Rim Diamond Blade","<li>Application: Marble</li><li>Arbor: 5/8&quot;, DKO</li><li>Cut Depth: 2-1/2&quot;</li><li>Description: Premium Plus Continuous</li><li>Diameter: 7&quot;</li><li>Segment Thickness: .080&quot;</li><li>Tool Type: LAG, Tile Saw</li>","7&quot; Continuous Rim Diamond Blade","","Bosch DB768 7&quot; Continuous Rim Diamond Blade","Bosch 7&quot; Continuous Rim Diamond Blade",,,,,,,,1,0,1,0,0,1,1,1,0,1,1,,,1,0,1,0,1,0,1,0,,0,simple,,
admin,base,Default,simple,"24970","Diamond Saw Blades",7893,"DB4542C",,"Bosch 4-1/2&quot; Turbo Rim Diamond Blade","","Bosch 4-1/2&quot; Turbo Rim Diamond Blade","4-1/2&quot; Turbo Rim Diamond Blade",/\D\B\Bosch-DB4542C-4-12-Turbo-Rim-Diamond.jpg,/\D\B\Bosch-DB4542C-4-12-Turbo-Rim-Diamond.jpg,http://www.48ws.com/images/product/D/B/Bosch-DB4542C-4-12-Turbo-Rim-Diamond.jpg,bosch-diamond-blades-DB4542C-,bosch-diamond-blades-DB4542C-,,No layout updates.,Block after Info Column,,"Bosch 4-1/2&quot; Turbo Rim Diamond Blade","Bosch 4-1/2&quot; Turbo Rim Diamond Blade",Use config,"http://www.boschtools.com/products/tools/print/pages/default.aspx?pid=db4542c",0,,,0,"Bosch Diamond Blades",245,,Enabled,"Catalog, Search",Taxable Goods,Yes,No,"Bosch DB4542C 4-1/2&quot; Turbo Rim Diamond Blade","<li>Application: Stone, Concrete, Brick</li><li>Arbor: 7/8&quot;, 20 mm, 5/8&quot;</li><li>Cut Depth: 1-1/4&quot;</li><li>Diameter: 4-1/2&quot;</li><li>Segment Thickness: .080&quot;</li><li>Tool Type: SAG</li>","4-1/2&quot; Turbo Rim Diamond Blade","","Bosch DB4542C 4-1/2&quot; Turbo Rim Diamond Blade","Bosch 4-1/2&quot; Turbo Rim Diamond Blade",,,,,,,,1,0,1,0,0,1,1,1,0,1,1,,,1,0,1,0,1,0,1,0,,0,simple,,
admin,base,Default,simple,"24970","Diamond Saw Blades",7894,"DB1267",,"Bosch 12&quot; Segmented Rim Diamond Blade","","Bosch 12&quot; Segmented Rim Diamond Blade","12&quot; Segmented Rim Diamond Blade",/\d\b\Bosch-DB1267-12-Segmented-Rim-Diamond.jpg,/\d\b\Bosch-DB1267-12-Segmented-Rim-Diamond.jpg,http://www.48ws.com/images/product/d/b/Bosch-DB1267-12-Segmented-Rim-Diamond.jpg,bosch-diamond-blades-DB1267-,bosch-diamond-blades-DB1267-,,No layout updates.,Block after Info Column,,"Bosch 12&quot; Segmented Rim Diamond Blade","Bosch 12&quot; Segmented Rim Diamond Blade",Use config,"http://www.boschtools.com/products/tools/print/pages/default.aspx?pid=db1267&print=true",0,,,0,"Bosch Diamond Blades",245,,Enabled,"Catalog, Search",Taxable Goods,Yes,No,"Bosch DB1267 12&quot; Segmented Rim Diamond Blade","<li>Application: Ductile, iron / rebar</li><li>Arbor: 1&quot;, 20 mm</li><li>Description: Premium Plus Segmented</li><li>Diameter: 12&quot;</li><li>Tool Type: Cut-off machines</li>","12&quot; Segmented Rim Diamond Blade","","Bosch DB1267 12&quot; Segmented Rim Diamond Blade","Bosch 12&quot; Segmented Rim Diamond Blade",,,,,,,,1,0,1,0,0,1,1,1,0,1,1,,,1,0,1,0,1,0,1,0,,0,simple,,
admin,base,Default,simple,"24970","Diamond Saw Blades",7895,"DB1441",,"Bosch 14&quot; Segmented Rim Diamond Blade","","Bosch 14&quot; Segmented Rim Diamond Blade","14&quot; Segmented Rim Diamond Blade",/\d\b\Bosch-DB1441-14-Segmented-Rim-Diamond.jpg,/\d\b\Bosch-DB1441-14-Segmented-Rim-Diamond.jpg,http://www.48ws.com/images/product/d/b/Bosch-DB1441-14-Segmented-Rim-Diamond.jpg,bosch-diamond-blades-DB1441-,bosch-diamond-blades-DB1441-,,No layout updates.,Block after Info Column,,"Bosch 14&quot; Segmented Rim Diamond Blade","Bosch 14&quot; Segmented Rim Diamond Blade",Use config,"http://www.boschtools.com/products/tools/print/pages/default.aspx?pid=db1441",0,,,0,"Bosch Diamond Blades",245,,Enabled,"Catalog, Search",Taxable Goods,Yes,No,"Bosch DB1441 14&quot; Segmented Rim Diamond Blade","<li>Application: Concrete, block, brick, stone, steel, reinforced concrete</li><li>Arbor: 1&quot;, 20 mm</li><li>Description: Premium Plus Segmented</li><li>Diameter: 14&quot;</li><li>Tool Type: High Speed Saw</li>","14&quot; Segmented Rim Diamond Blade","","Bosch DB1441 14&quot; Segmented Rim Diamond Blade","Bosch 14&quot; Segmented Rim Diamond Blade",,,,,,,,1,0,1,0,0,1,1,1,0,1,1,,,1,0,1,0,1,0,1,0,,0,simple,,
admin,base,Default,simple,"24970","Diamond Saw Blades",7896,"DB1265",,"Bosch 12&quot; Segmented Rim Diamond Blade","","Bosch 12&quot; Segmented Rim Diamond Blade","12&quot; Segmented Rim Diamond Blade",/\d\b\Bosch-DB1265-12-Segmented-Rim-Diamond.jpg,/\d\b\Bosch-DB1265-12-Segmented-Rim-Diamond.jpg,http://www.48ws.com/images/product/d/b/Bosch-DB1265-12-Segmented-Rim-Diamond.jpg,bosch-diamond-blades-DB1265-,bosch-diamond-blades-DB1265-,,No layout updates.,Block after Info Column,,"Bosch 12&quot; Segmented Rim Diamond Blade","Bosch 12&quot; Segmented Rim Diamond Blade",Use config,"http://www.boschtools.com/products/tools/print/pages/default.aspx?pid=db1265&print=true",0,,,0,"Bosch Diamond Blades",245,,Enabled,"Catalog, Search",Taxable Goods,Yes,No,"Bosch DB1265 12&quot; Segmented Rim Diamond Blade","<li>Application: Asphalt, green concrete</li><li>Arbor: 1&quot;, 20 mm</li><li>Description: Premium Plus Segmented</li><li>Diameter: 12&quot;</li><li>Tool Type: Walk behinds</li>\r\n","12&quot; Segmented Rim Diamond Blade","","Bosch DB1265 12&quot; Segmented Rim Diamond Blade","Bosch 12&quot; Segmented Rim Diamond Blade",,,,,,,,1,0,1,0,0,1,1,1,0,1,1,,,1,0,1,0,1,0,1,0,,0,simple,,
admin,base,Default,simple,"24970","Diamond Saw Blades",7897,"DB1241",,"Bosch 12&quot; Segmented Rim Diamond Blade","","Bosch 12&quot; Segmented Rim Diamond Blade","12&quot; Segmented Rim Diamond Blade",/\d\b\Bosch-DB1241-12-Segmented-Rim-Diamond.jpg,/\d\b\Bosch-DB1241-12-Segmented-Rim-Diamond.jpg,http://www.48ws.com/images/product/d/b/Bosch-DB1241-12-Segmented-Rim-Diamond.jpg,bosch-diamond-blades-DB1241-,bosch-diamond-blades-DB1241-,,No layout updates.,Block after Info Column,,"Bosch 12&quot; Segmented Rim Diamond Blade","Bosch 12&quot; Segmented Rim Diamond Blade",Use config,"http://www.boschtools.com/products/tools/print/pages/default.aspx?pid=db1241",0,,,0,"Bosch Diamond Blades",245,,Enabled,"Catalog, Search",Taxable Goods,Yes,No,"Bosch DB1241 12&quot; Segmented Rim Diamond Blade","<li>Application: Concrete, block, brick, stone, steel, reinforced concrete</li><li>Arbor: 1&quot;, 20 mm</li><li>Description: Premium Segmented</li><li>Diameter: 12&quot;</li><li>Tool Type: High Speed Saw</li><li>Accessories: Turbo Rim Diamond Abrasive Blades</li>","12&quot; Segmented Rim Diamond Blade","","Bosch DB1241 12&quot; Segmented Rim Diamond Blade","Bosch 12&quot; Segmented Rim Diamond Blade",,,,,,,,1,0,1,0,0,1,1,1,0,1,1,,,1,0,1,0,1,0,1,0,,0,simple,,
admin,base,Default,simple,"24970","Diamond Saw Blades",7898,"DB1263",,"Bosch 12&quot; Turbo Rim Diamond Blade","","Bosch 12&quot; Turbo Rim Diamond Blade","12&quot; Turbo Rim Diamond Blade",/\D\B\Bosch-DB1263-12-Turbo-Rim-Diamond.jpg,/\D\B\Bosch-DB1263-12-Turbo-Rim-Diamond.jpg,http://www.48ws.com/images/product/D/B/Bosch-DB1263-12-Turbo-Rim-Diamond.jpg,bosch-diamond-blades-DB1263-,bosch-diamond-blades-DB1263-,,No layout updates.,Block after Info Column,,"Bosch 12&quot; Turbo Rim Diamond Blade","Bosch 12&quot; Turbo Rim Diamond Blade",Use config,"http://www.boschtools.com/products/tools/print/pages/default.aspx?pid=db1263",0,,,0,"Bosch Diamond Blades",245,,Enabled,"Catalog, Search",Taxable Goods,Yes,No,"Bosch DB1263 12&quot; Turbo Rim Diamond Blade","<li>Application: Stone, Concrete, Brick</li><li>Arbor: 1&quot;, 20 mm</li><li>Cut Depth: 4&quot;Diameter: 12&quot;</li><li>Segment Thickness: .125&quot;</li><li>Tool Type: High Speed Saw</li>\r\n","12&quot; Turbo Rim Diamond Blade","","Bosch DB1263 12&quot; Turbo Rim Diamond Blade","Bosch 12&quot; Turbo Rim Diamond Blade",,,,,,,,1,0,1,0,0,1,1,1,0,1,1,,,1,0,1,0,1,0,1,0,,0,simple,,
admin,base,Default,simple,"24970","Diamond Saw Blades",7899,"DB441",,"Bosch 4&quot; Segmented Rim Diamond Blade","","Bosch 4&quot; Segmented Rim Diamond Blade","4&quot; Segmented Rim Diamond Blade",/\d\b\Bosch-DB441-4-Segmented-Rim-Diamond.jpg,/\d\b\Bosch-DB441-4-Segmented-Rim-Diamond.jpg,http://www.48ws.com/images/product/d/b/Bosch-DB441-4-Segmented-Rim-Diamond.jpg,bosch-diamond-blades-DB441-,bosch-diamond-blades-DB441-,,No layout updates.,Block after Info Column,,"Bosch 4&quot; Segmented Rim Diamond Blade","Bosch 4&quot; Segmented Rim Diamond Blade",Use config,"ttp://www.boschtools.com/products/tools/print/pages/default.aspx?pid=db441",0,,,0,"Bosch Diamond Blades",245,,Enabled,"Catalog, Search",Taxable Goods,Yes,No,"Bosch DB441 4&quot; Segmented Rim Diamond Blade","<li>Application: Concrete, block, brick, stone, steel, reinforced concrete</li><li>Arbor: 7/8&quot;, 20 mm, 5/8&quot;</li><li>Description: Premium Plus Segmented</li><li>Diameter: 4&quot;</li><li>Tool Type: SAG</li>","4&quot; Segmented Rim Diamond Blade","","Bosch DB441 4&quot; Segmented Rim Diamond Blade","Bosch 4&quot; Segmented Rim Diamond Blade",,,,,,,,1,0,1,0,0,1,1,1,0,1,1,,,1,0,1,0,1,0,1,0,,0,simple,,
admin,base,Default,simple,"24970","Diamond Saw Blades",7900,"DB442C",,"Bosch 4&quot; Turbo Rim Diamond Blade","","Bosch 4&quot; Turbo Rim Diamond Blade","4&quot; Turbo Rim Diamond Blade",/\D\B\Bosch-DB442C-4-Turbo-Rim-Diamond.jpg,/\D\B\Bosch-DB442C-4-Turbo-Rim-Diamond.jpg,http://www.48ws.com/images/product/D/B/Bosch-DB442C-4-Turbo-Rim-Diamond.jpg,bosch-diamond-blades-DB442C-,bosch-diamond-blades-DB442C-,,No layout updates.,Block after Info Column,,"Bosch 4&quot; Turbo Rim Diamond Blade","Bosch 4&quot; Turbo Rim Diamond Blade",Use config,"ttp://www.boschtools.com/products/tools/print/pages/default.aspx?pid=db442c",0,,,0,"Bosch Diamond Blades",245,,Enabled,"Catalog, Search",Taxable Goods,Yes,No,"Bosch DB442C 4&quot; Turbo Rim Diamond Blade","<li>Application: Stone, Concrete, Brick</li><li>Arbor: 7/8&quot;, 20 mm, 5/8&quot;</li><li>Cut Depth: 1&quot;</li><li>Diameter: 4&quot;</li><li>Segment Thickness: .080&quot;</li><li>Tool Type: SAG</li>","4&quot; Turbo Rim Diamond Blade","","Bosch DB442C 4&quot; Turbo Rim Diamond Blade","Bosch 4&quot; Turbo Rim Diamond Blade",,,,,,,,1,0,1,0,0,1,1,1,0,1,1,,,1,0,1,0,1,0,1,0,,0,simple,,
admin,base,Default,simple,"24970","Diamond Saw Blades",7901,"DB1467",,"Bosch 14&quot; Segmented Rim Diamond Blade","","Bosch 14&quot; Segmented Rim Diamond Blade","14&quot; Segmented Rim Diamond Blade",/\D\B\Bosch-DB1467-14-Segmented-Rim-Diamond.jpg,/\D\B\Bosch-DB1467-14-Segmented-Rim-Diamond.jpg,http://www.48ws.com/images/product/D/B/Bosch-DB1467-14-Segmented-Rim-Diamond.jpg,bosch-diamond-blades-DB1467-,bosch-diamond-blades-DB1467-,,No layout updates.,Block after Info Column,,"Bosch 14&quot; Segmented Rim Diamond Blade","Bosch 14&quot; Segmented Rim Diamond Blade",Use config,"",0,,,0,"Bosch Diamond Blades",245,,Enabled,"Catalog, Search",Taxable Goods,Yes,No,"Bosch DB1467 14&quot; Segmented Rim Diamond Blade","<li>Application: Ductile, iron / rebar</li><li>Arbor: 1&quot;, 20 mm</li><li>Description: Premium Plus Segmented</li><li>Diameter: 14&quot;</li><li>Tool Type: Cut-off machines</li>","14&quot; Segmented Rim Diamond Blade","","Bosch DB1467 14&quot; Segmented Rim Diamond Blade","Bosch 14&quot; Segmented Rim Diamond Blade",,,,,,,,1,0,1,0,0,1,1,1,0,1,1,,,1,0,1,0,1,0,1,0,,0,simple,,
admin,base,Default,simple,"24970","Diamond Saw Blades",7902,"DB1463",,"Bosch 14&quot; Turbo Rim Diamond Blade","","Bosch 14&quot; Turbo Rim Diamond Blade","14&quot; Turbo Rim Diamond Blade",/\D\B\Bosch-DB1463-14-Turbo-Rim-Diamond.jpg,/\D\B\Bosch-DB1463-14-Turbo-Rim-Diamond.jpg,http://www.48ws.com/images/product/D/B/Bosch-DB1463-14-Turbo-Rim-Diamond.jpg,bosch-diamond-blades-DB1463-,bosch-diamond-blades-DB1463-,,No layout updates.,Block after Info Column,,"Bosch 14&quot; Turbo Rim Diamond Blade","Bosch 14&quot; Turbo Rim Diamond Blade",Use config,"http://www.boschtools.com/products/tools/print/pages/default.aspx?pid=db1463",0,,,0,"Bosch Diamond Blades",245,,Enabled,"Catalog, Search",Taxable Goods,Yes,No,"Bosch DB1463 14&quot; Turbo Rim Diamond Blade","<li>Application: Stone, Concrete, Brick</li><li>Arbor: 1&quot;, 20 mm</li><li>Cut Depth: 5&quot;</li><li>Diameter: 14&quot;</li><li>Segment Thickness: .125&quot;</li><li>Tool Type: High Speed Saw</li>","14&quot; Turbo Rim Diamond Blade","","Bosch DB1463 14&quot; Turbo Rim Diamond Blade","Bosch 14&quot; Turbo Rim Diamond Blade",,,,,,,,1,0,1,0,0,1,1,1,0,1,1,,,1,0,1,0,1,0,1,0,,0,simple,,
admin,base,Default,simple,"24970","Diamond Saw Blades",7903,"DB1465",,"Bosch 14&quot; Segmented Rim Diamond Blade","","Bosch 14&quot; Segmented Rim Diamond Blade","14&quot; Segmented Rim Diamond Blade",/\D\B\Bosch-DB1465-14-Segmented-Rim-Diamond.jpg,/\D\B\Bosch-DB1465-14-Segmented-Rim-Diamond.jpg,http://www.48ws.com/images/product/D/B/Bosch-DB1465-14-Segmented-Rim-Diamond.jpg,bosch-diamond-blades-DB1465-,bosch-diamond-blades-DB1465-,,No layout updates.,Block after Info Column,,"Bosch 14&quot; Segmented Rim Diamond Blade","Bosch 14&quot; Segmented Rim Diamond Blade",Use config,"http://www.boschtools.com/products/tools/print/pages/default.aspx?pid=db1465&print=true",0,,,0,"Bosch Diamond Blades",245,,Enabled,"Catalog, Search",Taxable Goods,Yes,No,"Bosch DB1465 14&quot; Segmented Rim Diamond Blade","<li>Application: Asphalt, green concrete</li><li>Arbor: 1&quot;, 20 mm</li><li>Description: Premium Plus Segmented</li><li>Diameter: 14&quot;</li><li>Tool Type: Walk behinds</li>","14&quot; Segmented Rim Diamond Blade","","Bosch DB1465 14&quot; Segmented Rim Diamond Blade","Bosch 14&quot; Segmented Rim Diamond Blade",,,,,,,,1,0,1,0,0,1,1,1,0,1,1,,,1,0,1,0,1,0,1,0,,0,simple,,
admin,base,Default,simple,"24970","Diamond Saw Blades",7904,"DB461",,"Bosch 4&quot; Segmented Rim Diamond Blade","","Bosch 4&quot; Segmented Rim Diamond Blade","4&quot; Segmented Rim Diamond Blade",/\D\B\Bosch-DB461-4-Segmented-Rim-Diamond.jpg,/\D\B\Bosch-DB461-4-Segmented-Rim-Diamond.jpg,http://www.48ws.com/images/product/D/B/Bosch-DB461-4-Segmented-Rim-Diamond.jpg,bosch-diamond-blades-DB461-,bosch-diamond-blades-DB461-,,No layout updates.,Block after Info Column,,"Bosch 4&quot; Segmented Rim Diamond Blade","Bosch 4&quot; Segmented Rim Diamond Blade",Use config,"http://www.boschtools.com/products/tools/print/pages/default.aspx?pid=db461&print=true",0,,,0,"Bosch Diamond Blades",245,,Enabled,"Catalog, Search",Taxable Goods,Yes,No,"Bosch DB461 4&quot; Segmented Rim Diamond Blade","<li>Application: Concrete, block, brick, stone, steel, reinforced concrete</li><li>Arbor: 7/8&quot;, 20 mm, 5/8&quot;</li><li>Diameter: 4&quot;</li><li>Tool Type: SAG</li>","4&quot; Segmented Rim Diamond Blade","","Bosch DB461 4&quot; Segmented Rim Diamond Blade","Bosch 4&quot; Segmented Rim Diamond Blade",,,,,,,,1,0,1,0,0,1,1,1,0,1,1,,,1,0,1,0,1,0,1,0,,0,simple,,
admin,base,Default,simple,"24970","Diamond Saw Blades",7905,"DB661",,"Bosch 6&quot; Segmented Rim Diamond Blade","","Bosch 6&quot; Segmented Rim Diamond Blade","6&quot; Segmented Rim Diamond Blade",/\d\b\Bosch-DB661-6-Segmented-Rim-Diamond.jpg,/\d\b\Bosch-DB661-6-Segmented-Rim-Diamond.jpg,http://www.48ws.com/images/product/d/b/Bosch-DB661-6-Segmented-Rim-Diamond.jpg,bosch-diamond-blades-DB661-,bosch-diamond-blades-DB661-,,No layout updates.,Block after Info Column,,"Bosch 6&quot; Segmented Rim Diamond Blade","Bosch 6&quot; Segmented Rim Diamond Blade",Use config,"ttp://www.boschtools.com/products/tools/print/pages/default.aspx?pid=db661",0,,,0,"Bosch Diamond Blades",245,,Enabled,"Catalog, Search",Taxable Goods,Yes,No,"Bosch DB661 6&quot; Segmented Rim Diamond Blade","<li>Application: Concrete, block, brick, stone, steel, reinforced concrete</li><li>Arbor: 7/8&quot;, 5/8&quot;</li><li>Description: Laser Fusion Progressive Segmented</li><li>Diameter: 6&quot;</li><li>Tool Type: SAG</li>\r\n","6&quot; Segmented Rim Diamond Blade","","Bosch DB661 6&quot; Segmented Rim Diamond Blade","Bosch 6&quot; Segmented Rim Diamond Blade",,,,,,,,1,0,1,0,0,1,1,1,0,1,1,,,1,0,1,0,1,0,1,0,,0,simple,,
admin,base,Default,simple,"24970","Diamond Saw Blades",7906,"DB541H",,"Bosch 5&quot; Segmented Rim Diamond Blade","","Bosch 5&quot; Segmented Rim Diamond Blade","5&quot; Segmented Rim Diamond Blade",/\d\b\Bosch-DB541H-5-Segmented-Rim-Diamond.jpg,/\d\b\Bosch-DB541H-5-Segmented-Rim-Diamond.jpg,http://www.48ws.com/images/product/d/b/Bosch-DB541H-5-Segmented-Rim-Diamond.jpg,bosch-diamond-blades-DB541H-,bosch-diamond-blades-DB541H-,,No layout updates.,Block after Info Column,,"Bosch 5&quot; Segmented Rim Diamond Blade","Bosch 5&quot; Segmented Rim Diamond Blade",Use config,"http://www.boschtools.com/products/tools/print/pages/default.aspx?pid=db541h",0,,,0,"Bosch Diamond Blades",245,,Enabled,"Catalog, Search",Taxable Goods,Yes,No,"Bosch DB541H 5&quot; Segmented Rim Diamond Blade","<li>Application: Concrete, Block, Brick</li><li>Arbor: 7/8&quot;, 20 mm, 5/8&quot;</li><li>Cut Depth: 1-1/2&quot;</li><li>Diameter: 5&quot;</li><li>Segment Thickness: .080&quot;</li><li>Tool Type: SAG</li>\r\n","5&quot; Segmented Rim Diamond Blade","","Bosch DB541H 5&quot; Segmented Rim Diamond Blade","Bosch 5&quot; Segmented Rim Diamond Blade",,,,,,,,1,0,1,0,0,1,1,1,0,1,1,,,1,0,1,0,1,0,1,0,,0,simple,,
admin,base,Default,simple,"24970","Diamond Saw Blades",7907,"DB741C",,"Bosch 7&quot; Segmented Rim Diamond Blade","","Bosch 7&quot; Segmented Rim Diamond Blade","Ideal for cutting brick, tile stone, masonry and many other materials — These cutting discs are used by professionals because of their optimized self-sharpening. The metal bonding releases worn diamonds during cutting operation, enabling new sharp diamond",/\d\b\Bosch-DB741C-7-Segmented-Rim-Diamond.jpg,/\d\b\Bosch-DB741C-7-Segmented-Rim-Diamond.jpg,http://www.48ws.com/images/product/d/b/Bosch-DB741C-7-Segmented-Rim-Diamond.jpg,bosch-diamond-blades-DB741C-,bosch-diamond-blades-DB741C-,,No layout updates.,Block after Info Column,,"Bosch 7&quot; Segmented Rim Diamond Blade","Bosch 7&quot; Segmented Rim Diamond Blade",Use config,"http://www.boschtools.com/products/tools/print/pages/default.aspx?pid=db741c",0,,,0,"Bosch Diamond Blades",245,,Enabled,"Catalog, Search",Taxable Goods,Yes,No,"Bosch DB741C 7&quot; Segmented Rim Diamond Blade","<li>Application: Concrete, Block, Brick</li><li>Arbor: 5/8&quot;, DKO</li><li>Cut Depth: 2-1/2&quot;</li><li>Description: Premium Segmented</li><li>Diameter: 7&quot;</li><li>Segment Thickness: .090&quot;</li><li>Tool Type: LAG</li>","Ideal for cutting brick, tile stone, masonry and many other materials - These cutting discs are used by professionals because of their optimized self-sharpening. The metal bonding releases worn diamonds during cutting operation, enabling new sharp diamonds to take effect.","","Bosch DB741C 7&quot; Segmented Rim Diamond Blade","Bosch 7&quot; Segmented Rim Diamond Blade",,,,,,,,1,0,1,0,0,1,1,1,0,1,1,,,1,0,1,0,1,0,1,0,,0,simple,,
admin,base,Default,simple,"24970","Diamond Saw Blades",7908,"DB766",,"Bosch 7&quot; Continuous Rim Diamond Blade","","Bosch 7&quot; Continuous Rim Diamond Blade","7&quot; Continuous Rim Diamond Blade",/\D\B\Bosch-DB766-7-Continuous-Rim-Diamond.jpg,/\D\B\Bosch-DB766-7-Continuous-Rim-Diamond.jpg,http://www.48ws.com/images/product/D/B/Bosch-DB766-7-Continuous-Rim-Diamond.jpg,bosch-diamond-blades-DB766-,bosch-diamond-blades-DB766-,,No layout updates.,Block after Info Column,,"Bosch 7&quot; Continuous Rim Diamond Blade","Bosch 7&quot; Continuous Rim Diamond Blade",Use config,"http://www.boschtools.com/products/tools/print/pages/default.aspx?pid=db766&print=true",0,,,0,"Bosch Diamond Blades",245,,Enabled,"Catalog, Search",Taxable Goods,Yes,No,"Bosch DB766 7&quot; Continuous Rim Diamond Blade","<li>Application: Tile</li><li>Arbor: 5/8&quot;</li><li>Description: Premium Plus Continuous</li><li>Diameter: 7&quot;</li><li>Tool Type: Wet saws / LAG</li>\r\n","7&quot; Continuous Rim Diamond Blade","","Bosch DB766 7&quot; Continuous Rim Diamond Blade","Bosch 7&quot; Continuous Rim Diamond Blade",,,,,,,,1,0,1,0,0,1,1,1,0,1,1,,,1,0,1,0,1,0,1,0,,0,simple,,
admin,base,Default,simple,"24970","Diamond Saw Blades",7909,"DB743",,"Bosch 7&quot; Continuous Rim Diamond Blade","","Bosch 7&quot; Continuous Rim Diamond Blade","Ideal for cutting brick, tile stone, masonry and many other materials — These cutting discs are used by professionals because of their optimized self-sharpening. The metal bonding releases worn diamonds during cutting operation, enabling new sharp diamond",/\d\b\Bosch-DB743-7-Continuous-Rim-Diamond.jpg,/\d\b\Bosch-DB743-7-Continuous-Rim-Diamond.jpg,http://www.48ws.com/images/product/d/b/Bosch-DB743-7-Continuous-Rim-Diamond.jpg,bosch-diamond-blades-DB743-,bosch-diamond-blades-DB743-,,No layout updates.,Block after Info Column,,"Bosch 7&quot; Continuous Rim Diamond Blade","Bosch 7&quot; Continuous Rim Diamond Blade",Use config,"http://www.boschtools.com/products/accessories/print/pages/default.aspx?pid=157",0,,,0,"Bosch Diamond Blades",245,,Enabled,"Catalog, Search",Taxable Goods,Yes,No,"Bosch DB743 7&quot; Continuous Rim Diamond Blade","<li>Application: Tile</li><li>Arbor: 5/8&quot;</li><li>Description: Premium Continuous</li><li>Diameter: 7&quot;</li><li>Tool Type: Wet saws / LAG</li>","Ideal for cutting brick, tile stone, masonry and many other materials - These cutting discs are used by professionals because of their optimized self-sharpening. The metal bonding releases worn diamonds during cutting operation, enabling new sharp diamonds to take effect.","","Bosch DB743 7&quot; Continuous Rim Diamond Blade","Bosch 7&quot; Continuous Rim Diamond Blade",,,,,,,,1,0,1,0,0,1,1,1,0,1,1,,,1,0,1,0,1,0,1,0,,0,simple,,
admin,base,Default,simple,"24970","Diamond Saw Blades",7910,"DB1441H",,"Bosch 14&quot; Segmented Rim Diamond Blade","","Bosch 14&quot; Segmented Rim Diamond Blade","14&quot; Segmented Rim Diamond Blade",/\d\b\Bosch-DB1441H-14-Segmented-Rim-Diamond.jpg,/\d\b\Bosch-DB1441H-14-Segmented-Rim-Diamond.jpg,http://www.48ws.com/images/product/d/b/Bosch-DB1441H-14-Segmented-Rim-Diamond.jpg,bosch-diamond-blades-DB1441H-,bosch-diamond-blades-DB1441H-,,No layout updates.,Block after Info Column,,"Bosch 14&quot; Segmented Rim Diamond Blade","Bosch 14&quot; Segmented Rim Diamond Blade",Use config,"http://www.boschtools.com/products/tools/print/pages/default.aspx?pid=db1441h",0,,,0,"Bosch Diamond Blades",245,,Enabled,"Catalog, Search",Taxable Goods,Yes,No,"Bosch DB1441H 14&quot; Segmented Rim Diamond Blade","<li>Application: Concrete, Block, Brick</li><li>Arbor: 1&quot;, 20 mm</li><li>Cut Depth: 5&quot;</li><li>Description: Premium Segmented</li><li>Diameter: 14&quot;</li><li>Segment Thickness: .125&quot;</li><li>Tool Type: High Speed Saw</li>","14&quot; Segmented Rim Diamond Blade","","Bosch DB1441H 14&quot; Segmented Rim Diamond Blade","Bosch 14&quot; Segmented Rim Diamond Blade",,,,,,,,1,0,1,0,0,1,1,1,0,1,1,,,1,0,1,0,1,0,1,0,,0,simple,,
admin,base,Default,simple,"24970","Diamond Saw Blades",7911,"DB1241H",,"Bosch 12&quot; Segmented Rim Diamond Blade","","Bosch 12&quot; Segmented Rim Diamond Blade","12&quot; Segmented Rim Diamond Blade",/\d\b\Bosch-DB1241H-12-Segmented-Rim-Diamond.jpg,/\d\b\Bosch-DB1241H-12-Segmented-Rim-Diamond.jpg,http://www.48ws.com/images/product/d/b/Bosch-DB1241H-12-Segmented-Rim-Diamond.jpg,bosch-diamond-blades-DB1241H-,bosch-diamond-blades-DB1241H-,,No layout updates.,Block after Info Column,,"Bosch 12&quot; Segmented Rim Diamond Blade","Bosch 12&quot; Segmented Rim Diamond Blade",Use config,"http://www.boschtools.com/products/tools/print/pages/default.aspx?pid=db1241h",0,,,0,"Bosch Diamond Blades",245,,Enabled,"Catalog, Search",Taxable Goods,Yes,No,"Bosch DB1241H 12&quot; Segmented Rim Diamond Blade","<li>Application: Concrete, block, brick, stone, steel, reinforced concrete</li><li>Arbor: 1&quot;, 20 mm</li><li>Cut Depth: 4&quot;</li><li>Description: Premium Segmented</li><li>Diameter: 12&quot;</li><li>Segment Thickness: .110&quot;</li><li>Tool Type: High Speed Saw</li>","12&quot; Segmented Rim Diamond Blade","","Bosch DB1241H 12&quot; Segmented Rim Diamond Blade","Bosch 12&quot; Segmented Rim Diamond Blade",,,,,,,,1,0,1,0,0,1,1,1,0,1,1,,,1,0,1,0,1,0,1,0,,0,simple,,
admin,base,Default,simple,"24970","Diamond Saw Blades",7912,"DB1041C",,"Bosch 10&quot; Segmented Rim Diamond Blade","","Bosch 10&quot; Segmented Rim Diamond Blade","10&quot; Segmented Rim Diamond Blade",/\d\b\Bosch-DB1041C-10-Segmented-Rim-Diamond.jpg,/\d\b\Bosch-DB1041C-10-Segmented-Rim-Diamond.jpg,http://www.48ws.com/images/product/d/b/Bosch-DB1041C-10-Segmented-Rim-Diamond.jpg,bosch-diamond-blades-DB1041C-,bosch-diamond-blades-DB1041C-,,No layout updates.,Block after Info Column,,"Bosch 10&quot; Segmented Rim Diamond Blade","Bosch 10&quot; Segmented Rim Diamond Blade",Use config,"http://www.boschtools.com/products/tools/print/pages/default.aspx?pid=db1041c",0,,,0,"Bosch Diamond Blades",245,,Enabled,"Catalog, Search",Taxable Goods,Yes,No,"Bosch DB1041C 10&quot; Segmented Rim Diamond Blade","<li>Application: Concrete, Block, Brick</li><li>Arbor: 7/8&quot;, 5/8&quot;</li><li>Cut Depth: 3-3/4&quot;</li><li>Description: Premium Segmented</li><li>Diameter: 10&quot;</li><li>Segment Thickness: .100&quot;</li><li>Tool Type: Brick or Paver Saw</li>","10&quot; Segmented Rim Diamond Blade","","Bosch DB1041C 10&quot; Segmented Rim Diamond Blade","Bosch 10&quot; Segmented Rim Diamond Blade",,,,,,,,1,0,1,0,0,1,1,1,0,1,1,,,1,0,1,0,1,0,1,0,,0,simple,,
admin,base,Default,simple,"24970","Diamond Saw Blades",7913,"DB441C",,"Bosch 4&quot; Segmented Rim Diamond Blade","","Bosch 4&quot; Segmented Rim Diamond Blade","4&quot; Segmented Rim Diamond Blade",/\d\b\Bosch-DB441C-4-Segmented-Rim-Diamond.jpg,/\d\b\Bosch-DB441C-4-Segmented-Rim-Diamond.jpg,http://www.48ws.com/images/product/d/b/Bosch-DB441C-4-Segmented-Rim-Diamond.jpg,bosch-diamond-blades-DB441C-,bosch-diamond-blades-DB441C-,,No layout updates.,Block after Info Column,,"Bosch 4&quot; Segmented Rim Diamond Blade","Bosch 4&quot; Segmented Rim Diamond Blade",Use config,"http://www.boschtools.com/products/tools/print/pages/default.aspx?pid=db441",0,,,0,"Bosch Diamond Blades",245,,Enabled,"Catalog, Search",Taxable Goods,Yes,No,"Bosch DB441C 4&quot; Segmented Rim Diamond Blade","<li>Application: Concrete, block, brick, stone, steel, reinforced concrete</li><li>Arbor: 7/8&quot;, 20 mm, 5/8&quot;</li><li>Description: Premium Plus Segmented</li><li>Diameter: 4&quot;</li><li>Tool Type: SAG</li>","4&quot; Segmented Rim Diamond Blade","","Bosch DB441C 4&quot; Segmented Rim Diamond Blade","Bosch 4&quot; Segmented Rim Diamond Blade",,,,,,,,1,0,1,0,0,1,1,1,0,1,1,,,1,0,1,0,1,0,1,0,,0,simple,,
admin,base,Default,simple,"24970","Diamond Saw Blades",7915,"DB4541C",,"Bosch 4-1/2&quot; Segmented Rim Diamond Blade","","Bosch 4-1/2&quot; Segmented Rim Diamond Blade","Ideal for cutting brick, tile stone, masonry and many other materials — These cutting discs are used by professionals because of their optimized self-sharpening. The metal bonding releases worn diamonds during cutting operation, enabling new sharp diamond",/\d\b\Bosch-DB4541C-4-12-Segmented-Rim-Diamond.jpg,/\d\b\Bosch-DB4541C-4-12-Segmented-Rim-Diamond.jpg,http://www.48ws.com/images/product/d/b/Bosch-DB4541C-4-12-Segmented-Rim-Diamond.jpg,bosch-diamond-blades-DB4541C-,bosch-diamond-blades-DB4541C-,,No layout updates.,Block after Info Column,,"Bosch 4-1/2&quot; Segmented Rim Diamond Blade","Bosch 4-1/2&quot; Segmented Rim Diamond Blade",Use config,"http://www.boschtools.com/products/tools/print/pages/default.aspx?pid=db4541c",0,,,0,"Bosch Diamond Blades",245,,Enabled,"Catalog, Search",Taxable Goods,Yes,No,"Bosch DB4541C 4-1/2&quot; Segmented Rim Diamond Blade","<li>Application: Concrete, Block, Brick</li><li>Arbor: 7/8&quot;, 20 mm, 5/8&quot;</li><li>Cut Depth: 1-1/4&quot;</li><li>Description: Premium Segmented</li><li>Diameter: 4-1/2&quot;</li><li>Segment Thickness: .080&quot;</li><li>&quot;Tool Type: SAG</li>\r\n","Ideal for cutting brick, tile stone, masonry and many other materials - These cutting discs are used by professionals because of their optimized self-sharpening. The metal bonding releases worn diamonds during cutting operation, enabling new sharp diamonds to take effect.","","Bosch DB4541C 4-1/2&quot; Segmented Rim Diamond Blade","Bosch 4-1/2&quot; Segmented Rim Diamond Blade",,,,,,,,1,0,1,0,0,1,1,1,0,1,1,,,1,0,1,0,1,0,1,0,,0,simple,,
admin,base,Default,simple,"24970","Diamond Saw Blades",7916,"DB443",,"Bosch 4&quot; Continuous Rim Diamond Blade","","Bosch 4&quot; Continuous Rim Diamond Blade","Ideal for cutting brick, tile stone, masonry and many other materials — These cutting discs are used by professionals because of their optimized self-sharpening. The metal bonding releases worn diamonds during cutting operation, enabling new sharp diamond",/\d\b\Bosch-DB443-4-Continuous-Rim-Diamond.jpg,/\d\b\Bosch-DB443-4-Continuous-Rim-Diamond.jpg,http://www.48ws.com/images/product/d/b/Bosch-DB443-4-Continuous-Rim-Diamond.jpg,bosch-diamond-blades-DB443-,bosch-diamond-blades-DB443-,,No layout updates.,Block after Info Column,,"Bosch 4&quot; Continuous Rim Diamond Blade","Bosch 4&quot; Continuous Rim Diamond Blade",Use config,"http://www.boschtools.com/products/accessories/print/pages/default.aspx?pid=157",0,,,0,"Bosch Diamond Blades",245,,Enabled,"Catalog, Search",Taxable Goods,Yes,No,"Bosch DB443 4&quot; Continuous Rim Diamond Blade","<li>Application: Tile</li><li>Arbor: 7/8&quot;, 20 mm, 5/8&quot;</li><li>Description: Premium Continuous</li><li>Diameter: 4&quot;</li><li>Tool Type: SAG</li>","Ideal for cutting brick, tile stone, masonry and many other materials - These cutting discs are used by professionals because of their optimized self-sharpening. The metal bonding releases worn diamonds during cutting operation, enabling new sharp diamonds to take effect.","","Bosch DB443 4&quot; Continuous Rim Diamond Blade","Bosch 4&quot; Continuous Rim Diamond Blade",,,,,,,,1,0,1,0,0,1,1,1,0,1,1,,,1,0,1,0,1,0,1,0,,0,simple,,
