﻿store,websites,attribute_set,Type,category_ids,category_names,48WS_product_id,sku,has_options,name,Group_Name,meta_title,meta_description,Image,small_image,thumbnail,url_key,url_path,custom_design,page_layout,options_container,image_label,small_image_label,thumbnail_label,gift_message_available,manufacturer_url,price,special_price,cost,weight,manufacturer,manufacturer_id,color,status,visibility,tax_class_id,enable_googlecheckout,is_recurring,description,short_description,summary,upc,size_info,meta_keyword,custom_layout_update,news_from_date,news_to_date,special_from_date,special_to_date,custom_design_from,custom_design_to,qty,min_qty,use_config_min_qty,is_qty_decimal,backorders,use_config_backorders,min_sale_qty,use_config_min_sale_qty,max_sale_qty,use_config_max_sale_qty,is_in_stock,low_stock_date,notify_stock_qty,use_config_notify_stock_qty,manage_stock,use_config_manage_stock,stock_status_changed_automatically,use_config_qty_increments,qty_increments,use_config_enable_qty_increments,enable_qty_increments,product_name,store_id,product_type_id,product_status_changed,product_changed_websites
admin,base,Default,simple,"821|21716|28294","Picks and Handles|Sledges|Rental Picks and Handles",38084,"881",,"Fiberglass Sledge Handle","","Fiberglass Sledge Handle","Precision made, non-warping, non-corrosive and waterproof. Includes epoxy adhesive, self adjusting grommet.",/\8\8\881-Orgill-Fiberglass-Sledge.jpg,/\8\8\881-Orgill-Fiberglass-Sledge.jpg,http://www.48ws.com/images/product/8/8/881-Orgill-Fiberglass-Sledge.jpg,881-Orgill-Fiberglass-Sledge-Handle,881-Orgill-Fiberglass-Sledge-Handle,,No layout updates.,Block after Info Column,,"Fiberglass Sledge Handle","Fiberglass Sledge Handle",Use config,"",0,,,0,"Dasco Products",400,,Enabled,"Catalog, Search",Taxable Goods,Yes,No,"Precision made, non-warping, non-corrosive and waterproof. Includes epoxy adhesive, self adjusting grommet.","<li>Fiberglass</li>
<li>For Sledges/Splitting Mauls 6 to 16 lbs</li>
<li>Width: 5.5 in.</li>
<li>Height: 3.25 in.</li>
<li>Length: 38.25 in.</li>
<li>Weight: 2.53 lbs.</li>","","","881 Dasco Products Fiberglass Sledge Handle","Fiberglass Sledge Handle",,,,,,,,1,0,1,0,0,1,1,1,0,1,1,,,1,0,1,0,1,0,1,0,,0,simple,,
admin,base,Default,simple,"636|21924","Screw Drivers|Screwdrivers",119392,"431-0",,"Scratch Awl-One Piece Drop Forged","","Scratch Awl-One Piece Drop Forged","",/\4\3\Scratch-Awl-One-Piece-Drop.jpg,/\4\3\Scratch-Awl-One-Piece-Drop.jpg,http://www.48ws.com/images/product/4/3/Scratch-Awl-One-Piece-Drop.jpg,Dasco-Products-431-0-Scratch-Awl-One-Piece-Drop-Forged,Dasco-Products-431-0-Scratch-Awl-One-Piece-Drop-Forged,,No layout updates.,Block after Info Column,,"Scratch Awl-One Piece Drop Forged","Scratch Awl-One Piece Drop Forged",Use config,"http://www.dascopro.com/sites/beta.dascopro.jeremyborseth.com/files/misc.pdf",0,,,0,"Dasco Products",400,,Enabled,"Catalog, Search",Taxable Goods,Yes,No,"","<br>The DASCO PRO 7 in. Scratch Awl is a 1-piece forged steel tool 
designed to start holes in soft wood and scribe or mark wood and 
other soft materials, such as cardboard.","","","Dasco Products 431-0 Scratch Awl-One Piece Drop Forged","Scratch Awl-One Piece Drop Forged",,,,,,,,1,0,1,0,0,1,1,1,0,1,1,,,1,0,1,0,1,0,1,0,,0,simple,,
admin,base,Default,simple,"275|21899","Chisels|Chisels",119396,"480",,"Concrete Chisels","Concrete Chisels","Concrete Chisels","",/\4\8\Concrete.jpg,/\4\8\Concrete.jpg,http://www.48ws.com/images/product/4/8/Concrete.jpg,Dasco-Products-480-Concrete-Chisels,Dasco-Products-480-Concrete-Chisels,,No layout updates.,Block after Info Column,,"Concrete Chisels","Concrete Chisels",Use config,"http://www.dascopro.com/",0,,,0,"Dasco Products",400,,Enabled,"Catalog, Search",Taxable Goods,Yes,No,"","<br>The DASCO PRO Concrete chisel is designed to break up concrete floors, sidewalks and paving slabs when an air hammer would be impractical.","","","Size: 3/4&quot; x 12&quot;","Concrete Chisels",,,,,,,,1,0,1,0,0,1,1,1,0,1,1,,,1,0,1,0,1,0,1,0,,0,simple,,
admin,base,Default,simple,"275|21899","Chisels|Chisels",119397,"485",,"Dasco Products 485 Concrete Chisels","Concrete Chisels","Dasco Products 485 Concrete Chisels","",/\4\8\Concrete.jpg,/\4\8\Concrete.jpg,http://www.48ws.com/images/product/4/8/Concrete.jpg,Dasco-Products-485-Concrete-Chisels,Dasco-Products-485-Concrete-Chisels,,No layout updates.,Block after Info Column,,"Dasco Products 485 Concrete Chisels","Dasco Products 485 Concrete Chisels",Use config,"http://www.dascopro.com/",0,,,0,"Dasco Products",400,,Enabled,"Catalog, Search",Taxable Goods,Yes,No,"Dasco Products 485 Concrete Chisels","<br>The DASCO PRO Concrete chisel is designed to break up concrete floors, sidewalks and paving slabs when an air hammer would be impractical.","","","Size: 1&quot; x 12&quot;","Dasco Products 485 Concrete Chisels",,,,,,,,1,0,1,0,0,1,1,1,0,1,1,,,1,0,1,0,1,0,1,0,,0,simple,,
admin,base,Default,simple,"275|21899","Chisels|Chisels",119399,"482",,"Dasco Products 482 Concrete Chisels","Concrete Chisels","Dasco Products 482 Concrete Chisels","",/\4\8\Concrete.jpg,/\4\8\Concrete.jpg,http://www.48ws.com/images/product/4/8/Concrete.jpg,Dasco-Products-482-Concrete-Chisels,Dasco-Products-482-Concrete-Chisels,,No layout updates.,Block after Info Column,,"Dasco Products 482 Concrete Chisels","Dasco Products 482 Concrete Chisels",Use config,"http://www.dascopro.com/",0,,,0,"Dasco Products",400,,Enabled,"Catalog, Search",Taxable Goods,Yes,No,"Dasco Products 482 Concrete Chisels","<br>The DASCO PRO Concrete chisel is designed to break up concrete floors, sidewalks and paving slabs when an air hammer would be impractical.","","","Size: 7/8&quot; x 12&quot;","Dasco Products 482 Concrete Chisels",,,,,,,,1,0,1,0,0,1,1,1,0,1,1,,,1,0,1,0,1,0,1,0,,0,simple,,
admin,base,Default,simple,"275|21899","Chisels|Chisels",119400,"476",,"Plugging Chisel","","Plugging Chisel","",/\4\7\Plugging.jpg,/\4\7\Plugging.jpg,http://www.48ws.com/images/product/4/7/Plugging.jpg,Dasco-Products-476-Plugging-Chisel,Dasco-Products-476-Plugging-Chisel,,No layout updates.,Block after Info Column,,"Plugging Chisel","Plugging Chisel",Use config,"http://www.dascopro.com/",0,,,0,"Dasco Products",400,,Enabled,"Catalog, Search",Taxable Goods,Yes,No,"","<br>DASCO PRO Plugging chisels are specially designed with tapered blade to clean mortar joints easily without binding. They also feature DASCO PRO’s exclusive TargetHead™ design that increases the striking area and reduces spalling and mushrooming. ","","","Dasco Products 476 Plugging Chisel","Plugging Chisel",,,,,,,,1,0,1,0,0,1,1,1,0,1,1,,,1,0,1,0,1,0,1,0,,0,simple,,
admin,base,Default,simple,"275|21899","Chisels|Chisels",119403,"G470",,"Floor/Electrician Chisels with TargetGuard®","Floor/Electrician Chisels with TargetGuard®","Floor/Electrician Chisels with TargetGuard®","",/\G\4\FloorElectrician-Chisels-with.jpg,/\G\4\FloorElectrician-Chisels-with.jpg,http://www.48ws.com/images/product/G/4/FloorElectrician-Chisels-with.jpg,Dasco-Products-G470-FloorElectrician-Chisels-with-TargetGuard,Dasco-Products-G470-FloorElectrician-Chisels-with-TargetGuard,,No layout updates.,Block after Info Column,,"Floor/Electrician Chisels with TargetGuard®","Floor/Electrician Chisels with TargetGuard®",Use config,"http://www.dascopro.com/",0,,,0,"Dasco Products",400,,Enabled,"Catalog, Search",Taxable Goods,Yes,No,"","<br>The DASCO PRO 2-3/4 in. x 8 in. Electrician’s Chisel is especially designed for cutting, shaping, trimming and removing building materials. The short handle helps electricians get into small, tight areas.</br>","","","Size: 8&quot;","Floor/Electrician Chisels with TargetGuard®",,,,,,,,1,0,1,0,0,1,1,1,0,1,1,,,1,0,1,0,1,0,1,0,,0,simple,,
admin,base,Default,simple,"275|21899","Chisels|Chisels",119405,"G473",,"Dasco Products G470 Floor/Electrician Chisels with TargetGuard®","Floor/Electrician Chisels with TargetGuard®","Dasco Products G470 Floor/Electrician Chisels with TargetGuard®","",/\G\4\FloorElectrician-Chisels-with.jpg,/\G\4\FloorElectrician-Chisels-with.jpg,http://www.48ws.com/images/product/G/4/FloorElectrician-Chisels-with.jpg,Dasco-Products-G470-FloorElectrician-Chisels-with-TargetGuard,Dasco-Products-G470-FloorElectrician-Chisels-with-TargetGuard,,No layout updates.,Block after Info Column,,"Dasco Products G470 Floor/Electrician Chisels with TargetGuard®","Dasco Products G470 Floor/Electrician Chisels with TargetGuard®",Use config,"http://www.dascopro.com/",0,,,0,"Dasco Products",400,,Enabled,"Catalog, Search",Taxable Goods,Yes,No,"Dasco Products G470 Floor/Electrician Chisels with TargetGuard®","<br>The DASCO PRO 2-3/4 in. x 8 in. Electrician’s Chisel is especially designed for cutting, shaping, trimming and removing building materials. The short handle helps electricians get into small, tight areas.</br>","","","Size: 11&quot;","Dasco Products G470 Floor/Electrician Chisels with TargetGuard®",,,,,,,,1,0,1,0,0,1,1,1,0,1,1,,,1,0,1,0,1,0,1,0,,0,simple,,
admin,base,Default,simple,"275|21899","Chisels|Chisels",119406,"G472",,"Dasco Products G472 Floor/Electrician Chisels with TargetGuard®","Floor/Electrician Chisels with TargetGuard®","Dasco Products G472 Floor/Electrician Chisels with TargetGuard®","",/\G\4\FloorElectrician-Chisels-with.jpg,/\G\4\FloorElectrician-Chisels-with.jpg,http://www.48ws.com/images/product/G/4/FloorElectrician-Chisels-with.jpg,Dasco-Products-G472-FloorElectrician-Chisels-with-TargetGuard,Dasco-Products-G472-FloorElectrician-Chisels-with-TargetGuard,,No layout updates.,Block after Info Column,,"Dasco Products G472 Floor/Electrician Chisels with TargetGuard®","Dasco Products G472 Floor/Electrician Chisels with TargetGuard®",Use config,"http://www.dascopro.com/",0,,,0,"Dasco Products",400,,Enabled,"Catalog, Search",Taxable Goods,Yes,No,"Dasco Products G472 Floor/Electrician Chisels with TargetGuard®","<br>The DASCO PRO 2-3/4 in. x 8 in. Electrician’s Chisel is especially designed for cutting, shaping, trimming and removing building materials. The short handle helps electricians get into small, tight areas.</br>","","","Size: 10&quot;","Dasco Products G472 Floor/Electrician Chisels with TargetGuard®",,,,,,,,1,0,1,0,0,1,1,1,0,1,1,,,1,0,1,0,1,0,1,0,,0,simple,,
admin,base,Default,simple,"275|21899","Chisels|Chisels",119408,"1234",,"Tooth Chisels","Tooth Chisels","Tooth Chisels","",/\1\2\Tooth.jpg,/\1\2\Tooth.jpg,http://www.48ws.com/images/product/1/2/Tooth.jpg,Dasco-Products-1234-Tooth-Chisels,Dasco-Products-1234-Tooth-Chisels,,No layout updates.,Block after Info Column,,"Tooth Chisels","Tooth Chisels",Use config,"http://www.dascopro.com/",0,,,0,"Dasco Products",400,,Enabled,"Catalog, Search",Taxable Goods,Yes,No,"","<br>DASCO PRO Tooth chisels have sharp teeth for accurately cutting and shaping soft stone.</br>","","","Type: Bulk & Size: 2-1/4&quot;","Tooth Chisels",,,,,,,,1,0,1,0,0,1,1,1,0,1,1,,,1,0,1,0,1,0,1,0,,0,simple,,
admin,base,Default,simple,"275|21899","Chisels|Chisels",119409,"1235",,"Dasco Products 1235 Tooth Chisels","Tooth Chisels","Dasco Products 1235 Tooth Chisels","",/\1\2\Tooth.jpg,/\1\2\Tooth.jpg,http://www.48ws.com/images/product/1/2/Tooth.jpg,Dasco-Products-1235-Tooth-Chisels,Dasco-Products-1235-Tooth-Chisels,,No layout updates.,Block after Info Column,,"Dasco Products 1235 Tooth Chisels","Dasco Products 1235 Tooth Chisels",Use config,"http://www.dascopro.com/",0,,,0,"Dasco Products",400,,Enabled,"Catalog, Search",Taxable Goods,Yes,No,"Dasco Products 1235 Tooth Chisels","<br>DASCO PRO Tooth chisels have sharp teeth for accurately cutting and shaping soft stone.</br>","","","Type: Bulk & Size: 2-3/4&quot;","Dasco Products 1235 Tooth Chisels",,,,,,,,1,0,1,0,0,1,1,1,0,1,1,,,1,0,1,0,1,0,1,0,,0,simple,,
admin,base,Default,simple,"275|21899","Chisels|Chisels",119410,"1233",,"Dasco Products 1233 Tooth Chisels","Tooth Chisels","Dasco Products 1233 Tooth Chisels","",/\1\2\Tooth.jpg,/\1\2\Tooth.jpg,http://www.48ws.com/images/product/1/2/Tooth.jpg,Dasco-Products-1233-Tooth-Chisels,Dasco-Products-1233-Tooth-Chisels,,No layout updates.,Block after Info Column,,"Dasco Products 1233 Tooth Chisels","Dasco Products 1233 Tooth Chisels",Use config,"http://www.dascopro.com/",0,,,0,"Dasco Products",400,,Enabled,"Catalog, Search",Taxable Goods,Yes,No,"Dasco Products 1233 Tooth Chisels","<br>DASCO PRO Tooth chisels have sharp teeth for accurately cutting and shaping soft stone.</br>","","","Type: Bulk & Size: 1-3/4&quot;","Dasco Products 1233 Tooth Chisels",,,,,,,,1,0,1,0,0,1,1,1,0,1,1,,,1,0,1,0,1,0,1,0,,0,simple,,
admin,base,Default,simple,"275|21899","Chisels|Chisels",119411,"1232",,"Dasco Products 1232 Tooth Chisels","Tooth Chisels","Dasco Products 1232 Tooth Chisels","",/\1\2\Tooth.jpg,/\1\2\Tooth.jpg,http://www.48ws.com/images/product/1/2/Tooth.jpg,Dasco-Products-1232-Tooth-Chisels,Dasco-Products-1232-Tooth-Chisels,,No layout updates.,Block after Info Column,,"Dasco Products 1232 Tooth Chisels","Dasco Products 1232 Tooth Chisels",Use config,"http://www.dascopro.com/",0,,,0,"Dasco Products",400,,Enabled,"Catalog, Search",Taxable Goods,Yes,No,"Dasco Products 1232 Tooth Chisels","<br>DASCO PRO Tooth chisels have sharp teeth for accurately cutting and shaping soft stone.</br>","","","Type: Bulk & Size: 1-1/4&quot;","Dasco Products 1232 Tooth Chisels",,,,,,,,1,0,1,0,0,1,1,1,0,1,1,,,1,0,1,0,1,0,1,0,,0,simple,,
admin,base,Default,simple,"275|21899","Chisels|Chisels",119412,"1235-0",,"Dasco Products 1235-0 Tooth Chisels","Tooth Chisels","Dasco Products 1235-0 Tooth Chisels","",/\1\2\Tooth.jpg,/\1\2\Tooth.jpg,http://www.48ws.com/images/product/1/2/Tooth.jpg,Dasco-Products-1235-0-Tooth-Chisels,Dasco-Products-1235-0-Tooth-Chisels,,No layout updates.,Block after Info Column,,"Dasco Products 1235-0 Tooth Chisels","Dasco Products 1235-0 Tooth Chisels",Use config,"http://www.dascopro.com/",0,,,0,"Dasco Products",400,,Enabled,"Catalog, Search",Taxable Goods,Yes,No,"Dasco Products 1235-0 Tooth Chisels","<br>DASCO PRO Tooth chisels have sharp teeth for accurately cutting and shaping soft stone.</br>","","","Type: Carded & Size: 2-3/4&quot;","Dasco Products 1235-0 Tooth Chisels",,,,,,,,1,0,1,0,0,1,1,1,0,1,1,,,1,0,1,0,1,0,1,0,,0,simple,,
admin,base,Default,simple,"275|21899","Chisels|Chisels",119413,"1233-0",,"Dasco Products 1233-0 Tooth Chisels","Tooth Chisels","Dasco Products 1233-0 Tooth Chisels","",/\1\2\Tooth.jpg,/\1\2\Tooth.jpg,http://www.48ws.com/images/product/1/2/Tooth.jpg,Dasco-Products-1233-0-Tooth-Chisels,Dasco-Products-1233-0-Tooth-Chisels,,No layout updates.,Block after Info Column,,"Dasco Products 1233-0 Tooth Chisels","Dasco Products 1233-0 Tooth Chisels",Use config,"http://www.dascopro.com/",0,,,0,"Dasco Products",400,,Enabled,"Catalog, Search",Taxable Goods,Yes,No,"Dasco Products 1233-0 Tooth Chisels","<br>DASCO PRO Tooth chisels have sharp teeth for accurately cutting and shaping soft stone.</br>","","","Type: Carded & Size: 1-3/4&quot;","Dasco Products 1233-0 Tooth Chisels",,,,,,,,1,0,1,0,0,1,1,1,0,1,1,,,1,0,1,0,1,0,1,0,,0,simple,,
admin,base,Default,simple,"275|21899","Chisels|Chisels",119414,"1232-0",,"Dasco Products 1232-0 Tooth Chisels","Tooth Chisels","Dasco Products 1232-0 Tooth Chisels","",/\1\2\Tooth.jpg,/\1\2\Tooth.jpg,http://www.48ws.com/images/product/1/2/Tooth.jpg,Dasco-Products-1232-0-Tooth-Chisels,Dasco-Products-1232-0-Tooth-Chisels,,No layout updates.,Block after Info Column,,"Dasco Products 1232-0 Tooth Chisels","Dasco Products 1232-0 Tooth Chisels",Use config,"http://www.dascopro.com/",0,,,0,"Dasco Products",400,,Enabled,"Catalog, Search",Taxable Goods,Yes,No,"Dasco Products 1232-0 Tooth Chisels","<br>DASCO PRO Tooth chisels have sharp teeth for accurately cutting and shaping soft stone.</br>","","","Type: Carded & Size: 1-1/4&quot;","Dasco Products 1232-0 Tooth Chisels",,,,,,,,1,0,1,0,0,1,1,1,0,1,1,,,1,0,1,0,1,0,1,0,,0,simple,,
admin,base,Default,simple,"275|21899","Chisels|Chisels",119415,"332",,"Mason Chisels","Mason Chisels","Mason Chisels","",/\3\3\Mason.jpg,/\3\3\Mason.jpg,http://www.48ws.com/images/product/3/3/Mason.jpg,Dasco-Products-332-Mason-Chisels,Dasco-Products-332-Mason-Chisels,,No layout updates.,Block after Info Column,,"Mason Chisels","Mason Chisels",Use config,"http://www.dascopro.com/",0,,,0,"Dasco Products",400,,Enabled,"Catalog, Search",Taxable Goods,Yes,No,"","<br>DASCO PRO Mason Chisels are ideal for cutting or shaping brick, cement block, cinder block, or trimming excess mortar.</br>","","","Type: Bulk & Size: 1-1/4&quot;","Mason Chisels",,,,,,,,1,0,1,0,0,1,1,1,0,1,1,,,1,0,1,0,1,0,1,0,,0,simple,,
admin,base,Default,simple,"275|21899","Chisels|Chisels",119416,"333",,"Dasco Products 333 Mason Chisels","Mason Chisels","Dasco Products 333 Mason Chisels","",/\3\3\Mason.jpg,/\3\3\Mason.jpg,http://www.48ws.com/images/product/3/3/Mason.jpg,Dasco-Products-333-Mason-Chisels,Dasco-Products-333-Mason-Chisels,,No layout updates.,Block after Info Column,,"Dasco Products 333 Mason Chisels","Dasco Products 333 Mason Chisels",Use config,"http://www.dascopro.com/",0,,,0,"Dasco Products",400,,Enabled,"Catalog, Search",Taxable Goods,Yes,No,"Dasco Products 333 Mason Chisels","<br>DASCO PRO Mason Chisels are ideal for cutting or shaping brick, cement block, cinder block, or trimming excess mortar.</br>","","","Type: Bulk & Size: 1-3/4&quot;","Dasco Products 333 Mason Chisels",,,,,,,,1,0,1,0,0,1,1,1,0,1,1,,,1,0,1,0,1,0,1,0,,0,simple,,
admin,base,Default,simple,"275|21899","Chisels|Chisels",119417,"334",,"Dasco Products 334 Mason Chisels","Mason Chisels","Dasco Products 334 Mason Chisels","",/\3\3\Mason.jpg,/\3\3\Mason.jpg,http://www.48ws.com/images/product/3/3/Mason.jpg,Dasco-Products-334-Mason-Chisels,Dasco-Products-334-Mason-Chisels,,No layout updates.,Block after Info Column,,"Dasco Products 334 Mason Chisels","Dasco Products 334 Mason Chisels",Use config,"http://www.dascopro.com/",0,,,0,"Dasco Products",400,,Enabled,"Catalog, Search",Taxable Goods,Yes,No,"Dasco Products 334 Mason Chisels","<br>DASCO PRO Mason Chisels are ideal for cutting or shaping brick, cement block, cinder block, or trimming excess mortar.</br>","","","Type: Bulk & Size: 2-1/4&quot;","Dasco Products 334 Mason Chisels",,,,,,,,1,0,1,0,0,1,1,1,0,1,1,,,1,0,1,0,1,0,1,0,,0,simple,,
admin,base,Default,simple,"275|21899","Chisels|Chisels",119418,"335",,"Dasco Products 335 Mason Chisels","Mason Chisels","Dasco Products 335 Mason Chisels","",/\3\3\Mason.jpg,/\3\3\Mason.jpg,http://www.48ws.com/images/product/3/3/Mason.jpg,Dasco-Products-335-Mason-Chisels,Dasco-Products-335-Mason-Chisels,,No layout updates.,Block after Info Column,,"Dasco Products 335 Mason Chisels","Dasco Products 335 Mason Chisels",Use config,"http://www.dascopro.com/",0,,,0,"Dasco Products",400,,Enabled,"Catalog, Search",Taxable Goods,Yes,No,"Dasco Products 335 Mason Chisels","<br>DASCO PRO Mason Chisels are ideal for cutting or shaping brick, cement block, cinder block, or trimming excess mortar.</br>","","","Type: Bulk & Size: 2-3/4&quot;","Dasco Products 335 Mason Chisels",,,,,,,,1,0,1,0,0,1,1,1,0,1,1,,,1,0,1,0,1,0,1,0,,0,simple,,
admin,base,Default,simple,"275|21899","Chisels|Chisels",119419,"332-0",,"Dasco Products 332-0 Mason Chisels","Mason Chisels","Dasco Products 332-0 Mason Chisels","",/\3\3\Mason.jpg,/\3\3\Mason.jpg,http://www.48ws.com/images/product/3/3/Mason.jpg,Dasco-Products-332-0-Mason-Chisels,Dasco-Products-332-0-Mason-Chisels,,No layout updates.,Block after Info Column,,"Dasco Products 332-0 Mason Chisels","Dasco Products 332-0 Mason Chisels",Use config,"http://www.dascopro.com/",0,,,0,"Dasco Products",400,,Enabled,"Catalog, Search",Taxable Goods,Yes,No,"Dasco Products 332-0 Mason Chisels","<br>DASCO PRO Mason Chisels are ideal for cutting or shaping brick, cement block, cinder block, or trimming excess mortar.</br>","","","Type: Carded & Size: 1-1/4&quot;","Dasco Products 332-0 Mason Chisels",,,,,,,,1,0,1,0,0,1,1,1,0,1,1,,,1,0,1,0,1,0,1,0,,0,simple,,
admin,base,Default,simple,"275|21899","Chisels|Chisels",119420,"333-0",,"Dasco Products 333-0 Mason Chisels","Mason Chisels","Dasco Products 333-0 Mason Chisels","",/\3\3\Mason.jpg,/\3\3\Mason.jpg,http://www.48ws.com/images/product/3/3/Mason.jpg,Dasco-Products-333-0-Mason-Chisels,Dasco-Products-333-0-Mason-Chisels,,No layout updates.,Block after Info Column,,"Dasco Products 333-0 Mason Chisels","Dasco Products 333-0 Mason Chisels",Use config,"http://www.dascopro.com/",0,,,0,"Dasco Products",400,,Enabled,"Catalog, Search",Taxable Goods,Yes,No,"Dasco Products 333-0 Mason Chisels","<br>DASCO PRO Mason Chisels are ideal for cutting or shaping brick, cement block, cinder block, or trimming excess mortar.</br>","","","Type: Carded & Size: 1-3/4&quot;","Dasco Products 333-0 Mason Chisels",,,,,,,,1,0,1,0,0,1,1,1,0,1,1,,,1,0,1,0,1,0,1,0,,0,simple,,
admin,base,Default,simple,"275|21899","Chisels|Chisels",119421,"334-0",,"Dasco Products 334-0 Mason Chisels","Mason Chisels","Dasco Products 334-0 Mason Chisels","",/\3\3\Mason.jpg,/\3\3\Mason.jpg,http://www.48ws.com/images/product/3/3/Mason.jpg,Dasco-Products-334-0-Mason-Chisels,Dasco-Products-334-0-Mason-Chisels,,No layout updates.,Block after Info Column,,"Dasco Products 334-0 Mason Chisels","Dasco Products 334-0 Mason Chisels",Use config,"http://www.dascopro.com/",0,,,0,"Dasco Products",400,,Enabled,"Catalog, Search",Taxable Goods,Yes,No,"Dasco Products 334-0 Mason Chisels","<br>DASCO PRO Mason Chisels are ideal for cutting or shaping brick, cement block, cinder block, or trimming excess mortar.</br>","","","Type: Carded & Size: 2-1/4&quot;","Dasco Products 334-0 Mason Chisels",,,,,,,,1,0,1,0,0,1,1,1,0,1,1,,,1,0,1,0,1,0,1,0,,0,simple,,
admin,base,Default,simple,"275|21899","Chisels|Chisels",119422,"335-0",,"Dasco Products 335-0 Mason Chisels","Mason Chisels","Dasco Products 335-0 Mason Chisels","",/\3\3\Mason.jpg,/\3\3\Mason.jpg,http://www.48ws.com/images/product/3/3/Mason.jpg,Dasco-Products-335-0-Mason-Chisels,Dasco-Products-335-0-Mason-Chisels,,No layout updates.,Block after Info Column,,"Dasco Products 335-0 Mason Chisels","Dasco Products 335-0 Mason Chisels",Use config,"http://www.dascopro.com/",0,,,0,"Dasco Products",400,,Enabled,"Catalog, Search",Taxable Goods,Yes,No,"Dasco Products 335-0 Mason Chisels","<br>DASCO PRO Mason Chisels are ideal for cutting or shaping brick, cement block, cinder block, or trimming excess mortar.</br>","","","Type: Carded & Size: 2-3/4&quot;","Dasco Products 335-0 Mason Chisels",,,,,,,,1,0,1,0,0,1,1,1,0,1,1,,,1,0,1,0,1,0,1,0,,0,simple,,
admin,base,Default,simple,"275|21899","Chisels|Chisels",119425,"434",,"Brick Set","Brick Set","Brick Set","",/\4\3\Brick- 1.jpg,/\4\3\Brick- 1.jpg,http://www.48ws.com/images/product/4/3/Brick- 1.jpg,Dasco-Products-434-Brick-Set,Dasco-Products-434-Brick-Set,,No layout updates.,Block after Info Column,,"Brick Set","Brick Set",Use config,"http://www.dascopro.com/",0,,,0,"Dasco Products",400,,Enabled,"Catalog, Search",Taxable Goods,Yes,No,"","<br>DASCO PRO brick sets are designed for scoring, cutting and trimming bricks and blocks. Made of high carbon steel that has been heat treated, these chisels feature a sharp, durable cutting edge for years of use.</br>","","","Type: Bulk & Size: 2-1/2&quot;","Brick Set",,,,,,,,1,0,1,0,0,1,1,1,0,1,1,,,1,0,1,0,1,0,1,0,,0,simple,,
admin,base,Default,simple,"275|21899","Chisels|Chisels",119427,"435",,"Dasco Products 435 Brick Set","Brick Set","Dasco Products 435 Brick Set","",/\4\3\Brick- 1.jpg,/\4\3\Brick- 1.jpg,http://www.48ws.com/images/product/4/3/Brick- 1.jpg,Dasco-Products-435-Brick-Set,Dasco-Products-435-Brick-Set,,No layout updates.,Block after Info Column,,"Dasco Products 435 Brick Set","Dasco Products 435 Brick Set",Use config,"http://www.dascopro.com/",0,,,0,"Dasco Products",400,,Enabled,"Catalog, Search",Taxable Goods,Yes,No,"Dasco Products 435 Brick Set","<br>DASCO PRO brick sets are designed for scoring, cutting and trimming bricks and blocks. Made of high carbon steel that has been heat treated, these chisels feature a sharp, durable cutting edge for years of use.</br>","","","Type: Bulk & Size: 3&quot;","Dasco Products 435 Brick Set",,,,,,,,1,0,1,0,0,1,1,1,0,1,1,,,1,0,1,0,1,0,1,0,,0,simple,,
admin,base,Default,simple,"275|21899","Chisels|Chisels",119428,"436",,"Dasco Products 436 Brick Set","Brick Set","Dasco Products 436 Brick Set","",/\4\3\Brick- 1.jpg,/\4\3\Brick- 1.jpg,http://www.48ws.com/images/product/4/3/Brick- 1.jpg,Dasco-Products-436-Brick-Set,Dasco-Products-436-Brick-Set,,No layout updates.,Block after Info Column,,"Dasco Products 436 Brick Set","Dasco Products 436 Brick Set",Use config,"http://www.dascopro.com/",0,,,0,"Dasco Products",400,,Enabled,"Catalog, Search",Taxable Goods,Yes,No,"Dasco Products 436 Brick Set","<br>DASCO PRO brick sets are designed for scoring, cutting and trimming bricks and blocks. Made of high carbon steel that has been heat treated, these chisels feature a sharp, durable cutting edge for years of use.</br>","","","Type: Bulk & Size: 3-1/2&quot;","Dasco Products 436 Brick Set",,,,,,,,1,0,1,0,0,1,1,1,0,1,1,,,1,0,1,0,1,0,1,0,,0,simple,,
admin,base,Default,simple,"275|21899","Chisels|Chisels",119429,"437",,"Dasco Products 437 Brick Set","Brick Set","Dasco Products 437 Brick Set","",/\4\3\Brick- 1.jpg,/\4\3\Brick- 1.jpg,http://www.48ws.com/images/product/4/3/Brick- 1.jpg,Dasco-Products-437-Brick-Set,Dasco-Products-437-Brick-Set,,No layout updates.,Block after Info Column,,"Dasco Products 437 Brick Set","Dasco Products 437 Brick Set",Use config,"http://www.dascopro.com/",0,,,0,"Dasco Products",400,,Enabled,"Catalog, Search",Taxable Goods,Yes,No,"Dasco Products 437 Brick Set","<br>DASCO PRO brick sets are designed for scoring, cutting and trimming bricks and blocks. Made of high carbon steel that has been heat treated, these chisels feature a sharp, durable cutting edge for years of use.</br>","","","Type: Bulk & Size: 4&quot;","Dasco Products 437 Brick Set",,,,,,,,1,0,1,0,0,1,1,1,0,1,1,,,1,0,1,0,1,0,1,0,,0,simple,,
admin,base,Default,simple,"275|21899","Chisels|Chisels",119430,"439",,"Dasco Products 439 Brick Set","Brick Set","Dasco Products 439 Brick Set","",/\4\3\Brick- 1.jpg,/\4\3\Brick- 1.jpg,http://www.48ws.com/images/product/4/3/Brick- 1.jpg,Dasco-Products-439-Brick-Set,Dasco-Products-439-Brick-Set,,No layout updates.,Block after Info Column,,"Dasco Products 439 Brick Set","Dasco Products 439 Brick Set",Use config,"http://www.dascopro.com/",0,,,0,"Dasco Products",400,,Enabled,"Catalog, Search",Taxable Goods,Yes,No,"Dasco Products 439 Brick Set","<br>DASCO PRO brick sets are designed for scoring, cutting and trimming bricks and blocks. Made of high carbon steel that has been heat treated, these chisels feature a sharp, durable cutting edge for years of use.</br>","","","Type: Bulk & Size: 5&quot;","Dasco Products 439 Brick Set",,,,,,,,1,0,1,0,0,1,1,1,0,1,1,,,1,0,1,0,1,0,1,0,,0,simple,,
admin,base,Default,simple,"275|21899","Chisels|Chisels",119431,"434-0",,"Dasco Products 434-0 Brick Set","Brick Set","Dasco Products 434-0 Brick Set","",/\4\3\Brick- 1.jpg,/\4\3\Brick- 1.jpg,http://www.48ws.com/images/product/4/3/Brick- 1.jpg,Dasco-Products-434-0-Brick-Set,Dasco-Products-434-0-Brick-Set,,No layout updates.,Block after Info Column,,"Dasco Products 434-0 Brick Set","Dasco Products 434-0 Brick Set",Use config,"http://www.dascopro.com/",0,,,0,"Dasco Products",400,,Enabled,"Catalog, Search",Taxable Goods,Yes,No,"Dasco Products 434-0 Brick Set","<br>DASCO PRO brick sets are designed for scoring, cutting and trimming bricks and blocks. Made of high carbon steel that has been heat treated, these chisels feature a sharp, durable cutting edge for years of use.</br>","","","Type: Carded & Size: 2-1/2&quot;","Dasco Products 434-0 Brick Set",,,,,,,,1,0,1,0,0,1,1,1,0,1,1,,,1,0,1,0,1,0,1,0,,0,simple,,
admin,base,Default,simple,"275|21899","Chisels|Chisels",119432,"435-0",,"Dasco Products 435-0 Brick Set","Brick Set","Dasco Products 435-0 Brick Set","",/\4\3\Brick- 1.jpg,/\4\3\Brick- 1.jpg,http://www.48ws.com/images/product/4/3/Brick- 1.jpg,Dasco-Products-435-0-Brick-Set,Dasco-Products-435-0-Brick-Set,,No layout updates.,Block after Info Column,,"Dasco Products 435-0 Brick Set","Dasco Products 435-0 Brick Set",Use config,"http://www.dascopro.com/",0,,,0,"Dasco Products",400,,Enabled,"Catalog, Search",Taxable Goods,Yes,No,"Dasco Products 435-0 Brick Set","<br>DASCO PRO brick sets are designed for scoring, cutting and trimming bricks and blocks. Made of high carbon steel that has been heat treated, these chisels feature a sharp, durable cutting edge for years of use.</br>","","","Type: Carded & Size: 3&quot;","Dasco Products 435-0 Brick Set",,,,,,,,1,0,1,0,0,1,1,1,0,1,1,,,1,0,1,0,1,0,1,0,,0,simple,,
admin,base,Default,simple,"275|21899","Chisels|Chisels",119434,"436-0",,"Dasco Products 436-0 Brick Set","Brick Set","Dasco Products 436-0 Brick Set","",/\4\3\Brick- 1.jpg,/\4\3\Brick- 1.jpg,http://www.48ws.com/images/product/4/3/Brick- 1.jpg,Dasco-Products-436-0-Brick-Set,Dasco-Products-436-0-Brick-Set,,No layout updates.,Block after Info Column,,"Dasco Products 436-0 Brick Set","Dasco Products 436-0 Brick Set",Use config,"http://www.dascopro.com/",0,,,0,"Dasco Products",400,,Enabled,"Catalog, Search",Taxable Goods,Yes,No,"Dasco Products 436-0 Brick Set","<br>DASCO PRO brick sets are designed for scoring, cutting and trimming bricks and blocks. Made of high carbon steel that has been heat treated, these chisels feature a sharp, durable cutting edge for years of use.</br>","","","Type: Carded & Size: 3-1/2&quot;","Dasco Products 436-0 Brick Set",,,,,,,,1,0,1,0,0,1,1,1,0,1,1,,,1,0,1,0,1,0,1,0,,0,simple,,
admin,base,Default,simple,"275|21899","Chisels|Chisels",119435,"437-0",,"Dasco Products 437-0 Brick Set","Brick Set","Dasco Products 437-0 Brick Set","",/\4\3\Brick- 1.jpg,/\4\3\Brick- 1.jpg,http://www.48ws.com/images/product/4/3/Brick- 1.jpg,Dasco-Products-437-0-Brick-Set,Dasco-Products-437-0-Brick-Set,,No layout updates.,Block after Info Column,,"Dasco Products 437-0 Brick Set","Dasco Products 437-0 Brick Set",Use config,"http://www.dascopro.com/",0,,,0,"Dasco Products",400,,Enabled,"Catalog, Search",Taxable Goods,Yes,No,"Dasco Products 437-0 Brick Set","<br>DASCO PRO brick sets are designed for scoring, cutting and trimming bricks and blocks. Made of high carbon steel that has been heat treated, these chisels feature a sharp, durable cutting edge for years of use.</br>","","","Type: Carded & Size: 4&quot;","Dasco Products 437-0 Brick Set",,,,,,,,1,0,1,0,0,1,1,1,0,1,1,,,1,0,1,0,1,0,1,0,,0,simple,,
admin,base,Default,simple,"275|21899","Chisels|Chisels",119436,"439-0",,"Dasco Products 439-0 Brick Set","Brick Set","Dasco Products 439-0 Brick Set","",/\4\3\Brick- 1.jpg,/\4\3\Brick- 1.jpg,http://www.48ws.com/images/product/4/3/Brick- 1.jpg,Dasco-Products-439-0-Brick-Set,Dasco-Products-439-0-Brick-Set,,No layout updates.,Block after Info Column,,"Dasco Products 439-0 Brick Set","Dasco Products 439-0 Brick Set",Use config,"http://www.dascopro.com/",0,,,0,"Dasco Products",400,,Enabled,"Catalog, Search",Taxable Goods,Yes,No,"Dasco Products 439-0 Brick Set","<br>DASCO PRO brick sets are designed for scoring, cutting and trimming bricks and blocks. Made of high carbon steel that has been heat treated, these chisels feature a sharp, durable cutting edge for years of use.</br>","","","Type: Carded & Size: 5&quot;","Dasco Products 439-0 Brick Set",,,,,,,,1,0,1,0,0,1,1,1,0,1,1,,,1,0,1,0,1,0,1,0,,0,simple,,
admin,base,Default,simple,"275|21899","Chisels|Chisels",119438,"400",,"Cold Chisels","Cold Chisels","Cold Chisels","",/\4\0\Cold.jpg,/\4\0\Cold.jpg,http://www.48ws.com/images/product/4/0/Cold.jpg,Dasco-Products-400-Cold-Chisels,Dasco-Products-400-Cold-Chisels,,No layout updates.,Block after Info Column,,"Cold Chisels","Cold Chisels",Use config,"http://www.dascopro.com/",0,,,0,"Dasco Products",400,,Enabled,"Catalog, Search",Taxable Goods,Yes,No,"","<br>DASCO PRO cold chisels are precision ground for cutting, shaping and removing metal that is softer than the cutting edge of the chisel. Made of high carbon steel that has been heat treated, these chisels are to be used on cast iron, wrought iron, steel, bronze and copper.</br>","","","Type: Bulk & Size: 1/4&quot;","Cold Chisels",,,,,,,,1,0,1,0,0,1,1,1,0,1,1,,,1,0,1,0,1,0,1,0,,0,simple,,
admin,base,Default,simple,"275|21899","Chisels|Chisels",119440,"401",,"Dasco Products 401 Cold Chisels","Cold Chisels","Dasco Products 401 Cold Chisels","",/\4\0\Cold.jpg,/\4\0\Cold.jpg,http://www.48ws.com/images/product/4/0/Cold.jpg,Dasco-Products-401-Cold-Chisels,Dasco-Products-401-Cold-Chisels,,No layout updates.,Block after Info Column,,"Dasco Products 401 Cold Chisels","Dasco Products 401 Cold Chisels",Use config,"http://www.dascopro.com/",0,,,0,"Dasco Products",400,,Enabled,"Catalog, Search",Taxable Goods,Yes,No,"Dasco Products 401 Cold Chisels","<br>DASCO PRO cold chisels are precision ground for cutting, shaping and removing metal that is softer than the cutting edge of the chisel. Made of high carbon steel that has been heat treated, these chisels are to be used on cast iron, wrought iron, steel, bronze and copper.</br>","","","Type: Bulk & Size: 5/16&quot;","Dasco Products 401 Cold Chisels",,,,,,,,1,0,1,0,0,1,1,1,0,1,1,,,1,0,1,0,1,0,1,0,,0,simple,,
admin,base,Default,simple,"275|21899","Chisels|Chisels",119441,"402",,"Dasco Products 402 Cold Chisels","Cold Chisels","Dasco Products 402 Cold Chisels","",/\4\0\Cold.jpg,/\4\0\Cold.jpg,http://www.48ws.com/images/product/4/0/Cold.jpg,Dasco-Products-402-Cold-Chisels,Dasco-Products-402-Cold-Chisels,,No layout updates.,Block after Info Column,,"Dasco Products 402 Cold Chisels","Dasco Products 402 Cold Chisels",Use config,"http://www.dascopro.com/",0,,,0,"Dasco Products",400,,Enabled,"Catalog, Search",Taxable Goods,Yes,No,"Dasco Products 402 Cold Chisels","<br>DASCO PRO cold chisels are precision ground for cutting, shaping and removing metal that is softer than the cutting edge of the chisel. Made of high carbon steel that has been heat treated, these chisels are to be used on cast iron, wrought iron, steel, bronze and copper.</br>","","","Type: Bulk & Size: 3/8&quot;","Dasco Products 402 Cold Chisels",,,,,,,,1,0,1,0,0,1,1,1,0,1,1,,,1,0,1,0,1,0,1,0,,0,simple,,
admin,base,Default,simple,"275|21899","Chisels|Chisels",119442,"405",,"Dasco Products 405 Cold Chisels","Cold Chisels","Dasco Products 405 Cold Chisels","",/\4\0\Cold.jpg,/\4\0\Cold.jpg,http://www.48ws.com/images/product/4/0/Cold.jpg,Dasco-Products-405-Cold-Chisels,Dasco-Products-405-Cold-Chisels,,No layout updates.,Block after Info Column,,"Dasco Products 405 Cold Chisels","Dasco Products 405 Cold Chisels",Use config,"http://www.dascopro.com/",0,,,0,"Dasco Products",400,,Enabled,"Catalog, Search",Taxable Goods,Yes,No,"Dasco Products 405 Cold Chisels","<br>DASCO PRO cold chisels are precision ground for cutting, shaping and removing metal that is softer than the cutting edge of the chisel. Made of high carbon steel that has been heat treated, these chisels are to be used on cast iron, wrought iron, steel, bronze and copper.</br>","","","Type: Bulk & Size: 1/2&quot;","Dasco Products 405 Cold Chisels",,,,,,,,1,0,1,0,0,1,1,1,0,1,1,,,1,0,1,0,1,0,1,0,,0,simple,,
admin,base,Default,simple,"275|21899","Chisels|Chisels",119443,"406",,"Dasco Products 406 Cold Chisels","Cold Chisels","Dasco Products 406 Cold Chisels","",/\4\0\Cold.jpg,/\4\0\Cold.jpg,http://www.48ws.com/images/product/4/0/Cold.jpg,Dasco-Products-406-Cold-Chisels,Dasco-Products-406-Cold-Chisels,,No layout updates.,Block after Info Column,,"Dasco Products 406 Cold Chisels","Dasco Products 406 Cold Chisels",Use config,"http://www.dascopro.com/",0,,,0,"Dasco Products",400,,Enabled,"Catalog, Search",Taxable Goods,Yes,No,"Dasco Products 406 Cold Chisels","<br>DASCO PRO cold chisels are precision ground for cutting, shaping and removing metal that is softer than the cutting edge of the chisel. Made of high carbon steel that has been heat treated, these chisels are to be used on cast iron, wrought iron, steel, bronze and copper.</br>","","","Type: Bulk & Size: 5/8&quot;","Dasco Products 406 Cold Chisels",,,,,,,,1,0,1,0,0,1,1,1,0,1,1,,,1,0,1,0,1,0,1,0,,0,simple,,
admin,base,Default,simple,"275|21899","Chisels|Chisels",119444,"408",,"Dasco Products 408 Cold Chisels","Cold Chisels","Dasco Products 408 Cold Chisels","",/\4\0\Cold.jpg,/\4\0\Cold.jpg,http://www.48ws.com/images/product/4/0/Cold.jpg,Dasco-Products-408-Cold-Chisels,Dasco-Products-408-Cold-Chisels,,No layout updates.,Block after Info Column,,"Dasco Products 408 Cold Chisels","Dasco Products 408 Cold Chisels",Use config,"http://www.dascopro.com/",0,,,0,"Dasco Products",400,,Enabled,"Catalog, Search",Taxable Goods,Yes,No,"Dasco Products 408 Cold Chisels","<br>DASCO PRO cold chisels are precision ground for cutting, shaping and removing metal that is softer than the cutting edge of the chisel. Made of high carbon steel that has been heat treated, these chisels are to be used on cast iron, wrought iron, steel, bronze and copper.</br>","","","Type: Bulk & Size: 3/4&quot;","Dasco Products 408 Cold Chisels",,,,,,,,1,0,1,0,0,1,1,1,0,1,1,,,1,0,1,0,1,0,1,0,,0,simple,,
admin,base,Default,simple,"275|21899","Chisels|Chisels",119445,"413",,"Dasco Products 413 Cold Chisels","Cold Chisels","Dasco Products 413 Cold Chisels","",/\4\0\Cold.jpg,/\4\0\Cold.jpg,http://www.48ws.com/images/product/4/0/Cold.jpg,Dasco-Products-413-Cold-Chisels,Dasco-Products-413-Cold-Chisels,,No layout updates.,Block after Info Column,,"Dasco Products 413 Cold Chisels","Dasco Products 413 Cold Chisels",Use config,"http://www.dascopro.com/",0,,,0,"Dasco Products",400,,Enabled,"Catalog, Search",Taxable Goods,Yes,No,"Dasco Products 413 Cold Chisels","<br>DASCO PRO cold chisels are precision ground for cutting, shaping and removing metal that is softer than the cutting edge of the chisel. Made of high carbon steel that has been heat treated, these chisels are to be used on cast iron, wrought iron, steel, bronze and copper.</br>","","","Type: Bulk & Size: 7/8&quot;","Dasco Products 413 Cold Chisels",,,,,,,,1,0,1,0,0,1,1,1,0,1,1,,,1,0,1,0,1,0,1,0,,0,simple,,
admin,base,Default,simple,"275|21899","Chisels|Chisels",119446,"417",,"Dasco Products 417 Cold Chisels","Cold Chisels","Dasco Products 417 Cold Chisels","",/\4\0\Cold.jpg,/\4\0\Cold.jpg,http://www.48ws.com/images/product/4/0/Cold.jpg,Dasco-Products-417-Cold-Chisels,Dasco-Products-417-Cold-Chisels,,No layout updates.,Block after Info Column,,"Dasco Products 417 Cold Chisels","Dasco Products 417 Cold Chisels",Use config,"http://www.dascopro.com/",0,,,0,"Dasco Products",400,,Enabled,"Catalog, Search",Taxable Goods,Yes,No,"Dasco Products 417 Cold Chisels","<br>DASCO PRO cold chisels are precision ground for cutting, shaping and removing metal that is softer than the cutting edge of the chisel. Made of high carbon steel that has been heat treated, these chisels are to be used on cast iron, wrought iron, steel, bronze and copper.</br>","","","Type: Bulk & Size: 1&quot;","Dasco Products 417 Cold Chisels",,,,,,,,1,0,1,0,0,1,1,1,0,1,1,,,1,0,1,0,1,0,1,0,,0,simple,,
admin,base,Default,simple,"275|21899","Chisels|Chisels",119447,"400-0",,"Dasco Products 400-0 Cold Chisels","Cold Chisels","Dasco Products 400-0 Cold Chisels","",/\4\0\Cold.jpg,/\4\0\Cold.jpg,http://www.48ws.com/images/product/4/0/Cold.jpg,Dasco-Products-400-0-Cold-Chisels,Dasco-Products-400-0-Cold-Chisels,,No layout updates.,Block after Info Column,,"Dasco Products 400-0 Cold Chisels","Dasco Products 400-0 Cold Chisels",Use config,"http://www.dascopro.com/",0,,,0,"Dasco Products",400,,Enabled,"Catalog, Search",Taxable Goods,Yes,No,"Dasco Products 400-0 Cold Chisels","<br>DASCO PRO cold chisels are precision ground for cutting, shaping and removing metal that is softer than the cutting edge of the chisel. Made of high carbon steel that has been heat treated, these chisels are to be used on cast iron, wrought iron, steel, bronze and copper.</br>","","","Type: Carded & Size: 1/4&quot;","Dasco Products 400-0 Cold Chisels",,,,,,,,1,0,1,0,0,1,1,1,0,1,1,,,1,0,1,0,1,0,1,0,,0,simple,,
admin,base,Default,simple,"275|21899","Chisels|Chisels",119448,"401-0",,"Dasco Products 401-0 Cold Chisels","Cold Chisels","Dasco Products 401-0 Cold Chisels","",/\4\0\Cold.jpg,/\4\0\Cold.jpg,http://www.48ws.com/images/product/4/0/Cold.jpg,Dasco-Products-401-0-Cold-Chisels,Dasco-Products-401-0-Cold-Chisels,,No layout updates.,Block after Info Column,,"Dasco Products 401-0 Cold Chisels","Dasco Products 401-0 Cold Chisels",Use config,"http://www.dascopro.com/",0,,,0,"Dasco Products",400,,Enabled,"Catalog, Search",Taxable Goods,Yes,No,"Dasco Products 401-0 Cold Chisels","<br>DASCO PRO cold chisels are precision ground for cutting, shaping and removing metal that is softer than the cutting edge of the chisel. Made of high carbon steel that has been heat treated, these chisels are to be used on cast iron, wrought iron, steel, bronze and copper.</br>","","","Type: Carded & Size: 5/16&quot;","Dasco Products 401-0 Cold Chisels",,,,,,,,1,0,1,0,0,1,1,1,0,1,1,,,1,0,1,0,1,0,1,0,,0,simple,,
admin,base,Default,simple,"275|21899","Chisels|Chisels",119449,"402-0",,"Dasco Products 402-0 Cold Chisels","Cold Chisels","Dasco Products 402-0 Cold Chisels","",/\4\0\Cold.jpg,/\4\0\Cold.jpg,http://www.48ws.com/images/product/4/0/Cold.jpg,Dasco-Products-402-0-Cold-Chisels,Dasco-Products-402-0-Cold-Chisels,,No layout updates.,Block after Info Column,,"Dasco Products 402-0 Cold Chisels","Dasco Products 402-0 Cold Chisels",Use config,"http://www.dascopro.com/",0,,,0,"Dasco Products",400,,Enabled,"Catalog, Search",Taxable Goods,Yes,No,"Dasco Products 402-0 Cold Chisels","<br>DASCO PRO cold chisels are precision ground for cutting, shaping and removing metal that is softer than the cutting edge of the chisel. Made of high carbon steel that has been heat treated, these chisels are to be used on cast iron, wrought iron, steel, bronze and copper.</br>","","","Type: Carded & Size: 3/8&quot;","Dasco Products 402-0 Cold Chisels",,,,,,,,1,0,1,0,0,1,1,1,0,1,1,,,1,0,1,0,1,0,1,0,,0,simple,,
admin,base,Default,simple,"275|21899","Chisels|Chisels",119450,"405-0",,"Dasco Products 405-0 Cold Chisels","Cold Chisels","Dasco Products 405-0 Cold Chisels","",/\4\0\Cold.jpg,/\4\0\Cold.jpg,http://www.48ws.com/images/product/4/0/Cold.jpg,Dasco-Products-405-0-Cold-Chisels,Dasco-Products-405-0-Cold-Chisels,,No layout updates.,Block after Info Column,,"Dasco Products 405-0 Cold Chisels","Dasco Products 405-0 Cold Chisels",Use config,"http://www.dascopro.com/",0,,,0,"Dasco Products",400,,Enabled,"Catalog, Search",Taxable Goods,Yes,No,"Dasco Products 405-0 Cold Chisels","<br>DASCO PRO cold chisels are precision ground for cutting, shaping and removing metal that is softer than the cutting edge of the chisel. Made of high carbon steel that has been heat treated, these chisels are to be used on cast iron, wrought iron, steel, bronze and copper.</br>","","","Type: Carded & Size: 1/2&quot;","Dasco Products 405-0 Cold Chisels",,,,,,,,1,0,1,0,0,1,1,1,0,1,1,,,1,0,1,0,1,0,1,0,,0,simple,,
admin,base,Default,simple,"275|21899","Chisels|Chisels",119451,"406-0",,"Dasco Products 406-0 Cold Chisels","Cold Chisels","Dasco Products 406-0 Cold Chisels","",/\4\0\Cold.jpg,/\4\0\Cold.jpg,http://www.48ws.com/images/product/4/0/Cold.jpg,Dasco-Products-406-0-Cold-Chisels,Dasco-Products-406-0-Cold-Chisels,,No layout updates.,Block after Info Column,,"Dasco Products 406-0 Cold Chisels","Dasco Products 406-0 Cold Chisels",Use config,"http://www.dascopro.com/",0,,,0,"Dasco Products",400,,Enabled,"Catalog, Search",Taxable Goods,Yes,No,"Dasco Products 406-0 Cold Chisels","<br>DASCO PRO cold chisels are precision ground for cutting, shaping and removing metal that is softer than the cutting edge of the chisel. Made of high carbon steel that has been heat treated, these chisels are to be used on cast iron, wrought iron, steel, bronze and copper.</br>","","","Type: Carded & Size: 5/8&quot;","Dasco Products 406-0 Cold Chisels",,,,,,,,1,0,1,0,0,1,1,1,0,1,1,,,1,0,1,0,1,0,1,0,,0,simple,,
admin,base,Default,simple,"275|21899","Chisels|Chisels",119452,"408-0",,"Dasco Products 408-0 Cold Chisels","Cold Chisels","Dasco Products 408-0 Cold Chisels","",/\4\0\Cold.jpg,/\4\0\Cold.jpg,http://www.48ws.com/images/product/4/0/Cold.jpg,Dasco-Products-408-0-Cold-Chisels,Dasco-Products-408-0-Cold-Chisels,,No layout updates.,Block after Info Column,,"Dasco Products 408-0 Cold Chisels","Dasco Products 408-0 Cold Chisels",Use config,"http://www.dascopro.com/",0,,,0,"Dasco Products",400,,Enabled,"Catalog, Search",Taxable Goods,Yes,No,"Dasco Products 408-0 Cold Chisels","<br>DASCO PRO cold chisels are precision ground for cutting, shaping and removing metal that is softer than the cutting edge of the chisel. Made of high carbon steel that has been heat treated, these chisels are to be used on cast iron, wrought iron, steel, bronze and copper.</br>","","","Type: Carded & Size: 3/4&quot;","Dasco Products 408-0 Cold Chisels",,,,,,,,1,0,1,0,0,1,1,1,0,1,1,,,1,0,1,0,1,0,1,0,,0,simple,,
admin,base,Default,simple,"275|21899","Chisels|Chisels",119454,"413-0",,"Dasco Products 413-0 Cold Chisels","Cold Chisels","Dasco Products 413-0 Cold Chisels","",/\4\0\Cold.jpg,/\4\0\Cold.jpg,http://www.48ws.com/images/product/4/0/Cold.jpg,Dasco-Products-413-0-Cold-Chisels,Dasco-Products-413-0-Cold-Chisels,,No layout updates.,Block after Info Column,,"Dasco Products 413-0 Cold Chisels","Dasco Products 413-0 Cold Chisels",Use config,"http://www.dascopro.com/",0,,,0,"Dasco Products",400,,Enabled,"Catalog, Search",Taxable Goods,Yes,No,"Dasco Products 413-0 Cold Chisels","<br>DASCO PRO cold chisels are precision ground for cutting, shaping and removing metal that is softer than the cutting edge of the chisel. Made of high carbon steel that has been heat treated, these chisels are to be used on cast iron, wrought iron, steel, bronze and copper.</br>","","","Type: Carded & Size: 7/8&quot;","Dasco Products 413-0 Cold Chisels",,,,,,,,1,0,1,0,0,1,1,1,0,1,1,,,1,0,1,0,1,0,1,0,,0,simple,,
admin,base,Default,simple,"275|21899","Chisels|Chisels",119455,"417-0",,"Dasco Products 417-0 Cold Chisels","Cold Chisels","Dasco Products 417-0 Cold Chisels","",/\4\0\Cold.jpg,/\4\0\Cold.jpg,http://www.48ws.com/images/product/4/0/Cold.jpg,Dasco-Products-417-0-Cold-Chisels,Dasco-Products-417-0-Cold-Chisels,,No layout updates.,Block after Info Column,,"Dasco Products 417-0 Cold Chisels","Dasco Products 417-0 Cold Chisels",Use config,"http://www.dascopro.com/",0,,,0,"Dasco Products",400,,Enabled,"Catalog, Search",Taxable Goods,Yes,No,"Dasco Products 417-0 Cold Chisels","<br>DASCO PRO cold chisels are precision ground for cutting, shaping and removing metal that is softer than the cutting edge of the chisel. Made of high carbon steel that has been heat treated, these chisels are to be used on cast iron, wrought iron, steel, bronze and copper.</br>","","","Type: Carded & Size: 1&quot;","Dasco Products 417-0 Cold Chisels",,,,,,,,1,0,1,0,0,1,1,1,0,1,1,,,1,0,1,0,1,0,1,0,,0,simple,,
