﻿store,websites,attribute_set,Type,category_ids,category_names,48WS_product_id,sku,has_options,name,Group_Name,meta_title,meta_description,Image,small_image,thumbnail,url_key,url_path,custom_design,page_layout,options_container,image_label,small_image_label,thumbnail_label,gift_message_available,manufacturer_url,price,special_price,cost,weight,manufacturer,manufacturer_id,color,status,visibility,tax_class_id,enable_googlecheckout,is_recurring,description,short_description,summary,upc,size_info,meta_keyword,custom_layout_update,news_from_date,news_to_date,special_from_date,special_to_date,custom_design_from,custom_design_to,qty,min_qty,use_config_min_qty,is_qty_decimal,backorders,use_config_backorders,min_sale_qty,use_config_min_sale_qty,max_sale_qty,use_config_max_sale_qty,is_in_stock,low_stock_date,notify_stock_qty,use_config_notify_stock_qty,manage_stock,use_config_manage_stock,stock_status_changed_automatically,use_config_qty_increments,qty_increments,use_config_enable_qty_increments,enable_qty_increments,product_name,store_id,product_type_id,product_status_changed,product_changed_websites
admin,base,Default,simple,"309|19521","Sealers|Caulks and Sealants",102315,"1500SL",,"Premium Self-leveling Concrete Joint & Crack Sealant","","Premium Self-leveling Concrete Joint & Crack Sealant","",/\1\5\Geocel-1500SL-Premium-Self-leveling-Concrete-Joint-Crack.jpg,/\1\5\Geocel-1500SL-Premium-Self-leveling-Concrete-Joint-Crack.jpg,http://www.48ws.com/images/product/1/5/Geocel-1500SL-Premium-Self-leveling-Concrete-Joint-Crack.jpg,Geocel-1500SL-Premium-Self-leveling-Concrete-Joint-Crack-Sealant,Geocel-1500SL-Premium-Self-leveling-Concrete-Joint-Crack-Sealant,,No layout updates.,Block after Info Column,,"Premium Self-leveling Concrete Joint & Crack Sealant","Premium Self-leveling Concrete Joint & Crack Sealant",Use config,"http://www.geocelusa.com/products/all-constructionbuilding-products.html?page=shop.product_details&flypage=flypage.tpl&product_id=49&category_id=1",0,,,0,"Geocel",706,,Enabled,"Catalog, Search",Taxable Goods,Yes,No,"","<br>
<li>1500SL Sealant is a a high performance one-part, moisture curing, self-leveling sealant for concrete or asphalt joints. Its non-gassing property makes it ideal for high temperature and humid conditions</li>
<li>Non-gassing, Permanently flexible, Excellent adhesion, Excellent UV resistance, Non-priming on most substrates, and Asphalt compatible (black only).</li>
","Adheres To:
<li>Asphalt, concrete, masonry, mortar, and wood.</li>
<br>
Colors:
<li>Gray and black</li>","","Geocel 1500SL Premium Self-leveling Concrete Joint & Crack Sealant","Premium Self-leveling Concrete Joint & Crack Sealant",,,,,,,,1,0,1,0,0,1,1,1,0,1,1,,,1,0,1,0,1,0,1,0,,0,simple,,
admin,base,Default,simple,"309|19521","Sealers|Caulks and Sealants",102323,"2000",,"Construction Caulking Sealant","","Construction Caulking Sealant","",/\2\0\Geocel-2000-Construction-Caulking.jpg,/\2\0\Geocel-2000-Construction-Caulking.jpg,http://www.48ws.com/images/product/2/0/Geocel-2000-Construction-Caulking.jpg,Geocel-2000-Construction-Caulking-Sealant,Geocel-2000-Construction-Caulking-Sealant,,No layout updates.,Block after Info Column,,"Construction Caulking Sealant","Construction Caulking Sealant",Use config,"http://www.geocelusa.com/products/all-constructionbuilding-products.html?page=shop.product_details&flypage=flypage.tpl&product_id=51&category_id=1",0,,,0,"Geocel",706,,Enabled,"Catalog, Search",Taxable Goods,Yes,No,"","<br>
<li>2000® Construction Caulking Sealant is a single component, non-sag elastomeric sealant, designed for use in most moving and non-moving joints.</li>
<br>
<li>100% resealable. In the cured state, the sealant will rejoin to itself if the bead is broken. It will also adhere to itself if additional sealant is applied over cured material.  Gunnable at low temperatures.  Exhibits immediate adhesion to many building materials, including damp, non-porous surfaces.</li>","Adheres To:
<li>Masonry, sheet metal, vinyl, wood, and other common building substrates.</li>
<br>
Colors:
<li>Bronze, brown, black, gray, white, and clear/translucent. Special colors may be available on request.</li>","","Geocel 2000 Construction Caulking Sealant","Construction Caulking Sealant",,,,,,,,1,0,1,0,0,1,1,1,0,1,1,,,1,0,1,0,1,0,1,0,,0,simple,,
admin,base,Default,simple,"309|26914","Sealers|Above Grade",102335,"2010",,"Brushable Repair Coating","","Brushable Repair Coating","",/\2\0\Geocel-2010-Brushable-Repair.jpg,/\2\0\Geocel-2010-Brushable-Repair.jpg,http://www.48ws.com/images/product/2/0/Geocel-2010-Brushable-Repair.jpg,Geocel-2010-Brushable-Repair-Coating,Geocel-2010-Brushable-Repair-Coating,,No layout updates.,Block after Info Column,,"Brushable Repair Coating","Brushable Repair Coating",Use config,"http://www.geocelusa.com/products/all-constructionbuilding-products.html?page=shop.product_details&flypage=flypage.tpl&product_id=52&category_id=1",0,,,0,"Geocel",706,,Enabled,"Catalog, Search",Taxable Goods,Yes,No,"","<br>
2010® is a single-component, brushable elastomeric sealant designed for many construction, commercial, agricultural, manufacturing, and industrial applications. It has the following unique properties:
<br>
<br>
<li>May be applied at any working temperature</li>
<li>Exhibits immediate adhesion to most construction materials, including damp, non-porous surfaces, and oily or dirty surfaces</li>
<li>May be applied in layers to build up desired sealant thickness</li>
<li>Forms a tough and flexible film with outstanding adhesion to metal, concrete, wood, and glass</li>
<li>Withstands water contact immediately after application to stop leaks fast</li>
<li>Product meets all state and federal VOC regulations</li>

","Limitations:
<li>Traffic-bearing surfaces</li>
<li>Bituminous or asphaltic surfaces</li>
<li>Polystyrene insulation sheathing</li>
<li>Areas where food is processed or stored</li>
<li>Flexible acrylic surfaces</li>","","Geocel 2010 Brushable Repair Coating","Brushable Repair Coating",,,,,,,,1,0,1,0,0,1,1,1,0,1,1,,,1,0,1,0,1,0,1,0,,0,simple,,
admin,base,Default,simple,"309|19521","Sealers|Caulks and Sealants",102337,"2300",,"Construction Tripolymer Sealant","","Construction Tripolymer Sealant","",/\2\3\Geocel-2300-Construction-Tripolymer.jpg,/\2\3\Geocel-2300-Construction-Tripolymer.jpg,http://www.48ws.com/images/product/2/3/Geocel-2300-Construction-Tripolymer.jpg,Geocel-2300-Construction-Tripolymer-Sealant,Geocel-2300-Construction-Tripolymer-Sealant,,No layout updates.,Block after Info Column,,"Construction Tripolymer Sealant","Construction Tripolymer Sealant",Use config,"http://www.geocelusa.com/products/all-constructionbuilding-products.html?page=shop.product_details&flypage=flypage.tpl&product_id=46&category_id=1",0,,,0,"Geocel",706,,Enabled,"Catalog, Search",Taxable Goods,Yes,No,"","<br>
<li>2300® Construction Tripolymer Sealant is a single component, high-performance elastomeric sealant for use in a wide variety of roofing, trim, architectural metal, manufacturing, underdeck system, solar roof system, and general construction applications.</li>
<li>Will not crack.  Asphalt compatible.  Exceptional elongation and flexibility.  Excellent adhesion to many building surfaces, even when damp.  Superior ultraviolet resistance.  Resealable, may be applied over itself.  Paintable.  No dirt pick-up.  Easily applied, non-stringing formulation.  Available in crystal clear, colors, and specially designed metal roof colors.  Tools and cleans up easily.  Mildew resistant.</li>","Limitations:
<li>Do not use on traffic-bearing surfaces</li>
<li>Do not use on extruded polystyrene insulating sheathing (Styrofoam®, etc.)</li>
<li>Do not use on acrylic skylight glazing surfaces</li>
<li>Do not use in areas where food is processed or stored.</li>
<li>Do not use in interior applications without long-term, high volume ventilation.</li>","","Geocel 2300 Construction Tripolymer Sealant","Construction Tripolymer Sealant",,,,,,,,1,0,1,0,0,1,1,1,0,1,1,,,1,0,1,0,1,0,1,0,,0,simple,,
admin,base,Default,simple,"309|26914","Sealers|Above Grade",102339,"2310",,"Tripolymer Brushable Repair Coating","","Tripolymer Brushable Repair Coating","",/\2\3\Geocel-2310-Tripolymer-Brushable-Repair.jpg,/\2\3\Geocel-2310-Tripolymer-Brushable-Repair.jpg,http://www.48ws.com/images/product/2/3/Geocel-2310-Tripolymer-Brushable-Repair.jpg,Geocel-2310-Tripolymer-Brushable-Repair-Coating,Geocel-2310-Tripolymer-Brushable-Repair-Coating,,No layout updates.,Block after Info Column,,"Tripolymer Brushable Repair Coating","Tripolymer Brushable Repair Coating",Use config,"http://www.geocelusa.com/products/all-constructionbuilding-products.html?page=shop.product_details&flypage=flypage.tpl&product_id=48&category_id=1",0,,,0,"Geocel",706,,Enabled,"Catalog, Search",Taxable Goods,Yes,No,"","<br>
<li>2310® Brushable Tripolymer Sealant is a single-component, brushable elastic sealant with rubber-like flexibility, designed for many construction, roofing, manufacturing, and industrial applications.</li>
<br>
<br>
<li>Exhibits adhesion to many common construction materials including damp, oily, or dirty surfaces.  Withstands water contact immediately after application to stop leaks.  Prevents rust on metal surfaces.  Mildew resistant.  Paintable.  Crystal clear.  Resealable.  All weather application.  Stays flexible.  Lever-lock lids on 3-gallon pails.</li>","Limitations:
<li>Do not use on traffic-bearing surfaces</li>
<li>Do not use on polystyrene insulation sheathing or EPDM.</li>
<li>Do not use in areas where food is processed or stored</li>
<li>Product contains solvents that may craze some plastic materials</li>
<li>Do not use as a complete surface coating or in continuous underwater applications</li>
<li>Product is recommended for exterior use only due to odor emitted during cure</li>
","","Geocel 2310 Tripolymer Brushable Repair Coating","Tripolymer Brushable Repair Coating",,,,,,,,1,0,1,0,0,1,1,1,0,1,1,,,1,0,1,0,1,0,1,0,,0,simple,,
admin,base,Default,simple,"309|26914","Sealers|Above Grade",102344,"2315LRF",,"Leak Repair-Fibered Brushable Coating","","Leak Repair-Fibered Brushable Coating","",/\2\3\Geocel-2315LRF-Leak-Repair-Fibered-Brushable.jpg,/\2\3\Geocel-2315LRF-Leak-Repair-Fibered-Brushable.jpg,http://www.48ws.com/images/product/2/3/Geocel-2315LRF-Leak-Repair-Fibered-Brushable.jpg,Geocel-2315LRF-Leak-Repair-Fibered-Brushable-Coating,Geocel-2315LRF-Leak-Repair-Fibered-Brushable-Coating,,No layout updates.,Block after Info Column,,"Leak Repair-Fibered Brushable Coating","Leak Repair-Fibered Brushable Coating",Use config,"http://www.geocelusa.com/products/all-constructionbuilding-products.html?page=shop.product_details&flypage=flypage.tpl&product_id=40&category_id=1",0,,,0,"Geocel",706,,Enabled,"Catalog, Search",Taxable Goods,Yes,No,"","<br>
<li>2315LRF® Leak Repair-Fibered Brushable Sealant is a single-component, elastic sealant with rubber-like flexibility. 2315LRF Sealant is a permanent solution for roof leaks and will stop leaks immediately, even in wet conditions.</li>
<br>
<br>
<li>Stops leaks immediately and permanently.  Fibered for strength.  Will function in severe UV, heat, acid rain, and intermittent foot traffic.  Withstands water contact immediately after application to stop leaks.  One-step application with no primer required.  Applies in extreme temperature ranges, including wet and icy conditions.  Mildew resistant.  Repairs small areas on slate, tile, shingles, and asphalt roofs.  Exhibits adhesion to many roofing materials, including damp, oily, or slightly dirty surfaces.</li>","Limitations:
<li>Do not use on polystyrene insulation sheathing or EPDM</li>
<li>Do not use in areas where food is processed or stored</li>
<li>Do not use as a complete surface coating or in continuous underwater applications</li>
<li>Product is recommended for exterior use only due to odor emitted during cure</li>
<li>Product contains solvents which may craze some plastic materials or discolor some light colored asphaltic materials.</li>
","","Geocel 2315LRF Leak Repair-Fibered Brushable Coating","Leak Repair-Fibered Brushable Coating",,,,,,,,1,0,1,0,0,1,1,1,0,1,1,,,1,0,1,0,1,0,1,0,,0,simple,,
admin,base,Default,simple,"309|19521","Sealers|Caulks and Sealants",102346,"3300",,"Professional Grade Polyurethane Sealant","","Professional Grade Polyurethane Sealant","",/\3\3\Geocel-3300-Professional-Grade-Polyurethane.jpg,/\3\3\Geocel-3300-Professional-Grade-Polyurethane.jpg,http://www.48ws.com/images/product/3/3/Geocel-3300-Professional-Grade-Polyurethane.jpg,Geocel-3300-Professional-Grade-Polyurethane-Sealant,Geocel-3300-Professional-Grade-Polyurethane-Sealant,,No layout updates.,Block after Info Column,,"Professional Grade Polyurethane Sealant","Professional Grade Polyurethane Sealant",Use config,"http://www.geocelusa.com/products/all-constructionbuilding-products.html?page=shop.product_details&flypage=flypage.tpl&product_id=38&category_id=1",0,,,0,"Geocel",706,,Enabled,"Catalog, Search",Taxable Goods,Yes,No,"","<br>
<li>3300® Polyurethane Roofing Sealant is a single component, high performance polyurethane sealant that withstands extreme weather conditions and cures to a flexible weatherproof seal.</li>
<li>Withstands extreme weather conditions.  Meets LEED and NAHB guidelines.  Moisture cure.  Permanently flexible.  Minimal shrinkage.  Non-sag formula.  Low odor, low VOC.  VOC & CARB compliant.  30-year life expectancy.  Primerless adhesion.  Paintable, non-corrosive.  Contains no TDI (toluene diisocyanate).</li>","Limitations:
<li>Do not apply to absorptive surfaces such as marble, limestone, or granite without prior testing for discoloration or staining.</li>
<li>Do not apply over damp or contaminated surfaces</li>
","","Geocel 3300 Professional Grade Polyurethane Sealant","Professional Grade Polyurethane Sealant",,,,,,,,1,0,1,0,0,1,1,1,0,1,1,,,1,0,1,0,1,0,1,0,,0,simple,,
admin,base,Default,simple,"309|19521","Sealers|Caulks and Sealants",102348,"3500",,"Roof Tile Adhesive/Sealant","","Roof Tile Adhesive/Sealant","",/\3\5\Geocel-3500-Roof-Tile.jpg,/\3\5\Geocel-3500-Roof-Tile.jpg,http://www.48ws.com/images/product/3/5/Geocel-3500-Roof-Tile.jpg,Geocel-3500-Roof-Tile-AdhesiveSealant,Geocel-3500-Roof-Tile-AdhesiveSealant,,No layout updates.,Block after Info Column,,"Roof Tile Adhesive/Sealant","Roof Tile Adhesive/Sealant",Use config,"http://www.geocelusa.com/products/all-constructionbuilding-products.html?page=shop.product_details&flypage=flypage.tpl&product_id=43&category_id=1",0,,,0,"Geocel",706,,Enabled,"Catalog, Search",Taxable Goods,Yes,No,"","<br>
<li>3500™ Roof Tile Adhesive/Sealant is a urethane sealant that cures to a tough, flexible seal. Manufactured for clay, slate, concrete, and composite roof tiles, it can be used in bonding, beading, and sealing applications. It contains no TDI (toluene diisocyanate).</li>
<li>One-part Urethane Moisture.  Cure Sealant.  Contains no TDI (Toulene Diisocyanate).  Adheres to Clay, Slate, Concrete, and Composite Roof Tiles.  50-Year Durability Rating.  Paintable.  Both Bonding and Sealing Applications.  Variety of Colors.  Fast Set-up, No Shrinkage.</li>","Limitations:
<li>Do not use for glazing.</li>
<li>Do not use on plastic materials with high plasticizer content.</li>
<li>Do not use on corrosive/crack sensitive plastics.</li>","","Geocel 3500 Roof Tile Adhesive/Sealant","Roof Tile Adhesive/Sealant",,,,,,,,1,0,1,0,0,1,1,1,0,1,1,,,1,0,1,0,1,0,1,0,,0,simple,,
admin,base,Default,simple,"309|26914","Sealers|Above Grade",102349,"4515",,"Pitch Pan & Repair Sealant","","Pitch Pan & Repair Sealant","",/\4\5\Geocel-4515-Pitch-Pan-Repair.jpg,/\4\5\Geocel-4515-Pitch-Pan-Repair.jpg,http://www.48ws.com/images/product/4/5/Geocel-4515-Pitch-Pan-Repair.jpg,Geocel-4515-Pitch-Pan-Repair-Sealant,Geocel-4515-Pitch-Pan-Repair-Sealant,,No layout updates.,Block after Info Column,,"Pitch Pan & Repair Sealant","Pitch Pan & Repair Sealant",Use config,"http://www.geocelusa.com/products/all-constructionbuilding-products.html?page=shop.product_details&flypage=flypage.tpl&product_id=37&category_id=1",0,,,0,"Geocel",706,,Enabled,"Catalog, Search",Taxable Goods,Yes,No,"","<br>
<li>4515® Pitch Pan & Repair Sealant is a semi-self-leveling Scypolymer® sealant. There is no mixing involved and it can be used in damp or dry conditions. Simply pour it in place and it cures to form a weather resistant, permanent seal for pitch pans and EPDM repairs.</li>
<li>Can be applied in damp or dry conditions.  No priming required on most substrates.  Semi-self-leveling.  One-part, no mixing.  Compatible with GeoGreen 4500® Roof Bonding Sealant.  Permanently flexible.  Will not distort due to weather, stress, water, movement, or aging.  Adheres to many common building substrates including EPDM, TPO*,PVC*, metal, asphalt shingles, and concrete.  Meets LEED & NAHB guidelines.</li>","Limitations:
<li>Do not use on unprimed TPO or PVC</li>
<li>Do not use for broad applications on PVC</li>","","Geocel 4515 Pitch Pan & Repair Sealant","Pitch Pan & Repair Sealant",,,,,,,,1,0,1,0,0,1,1,1,0,1,1,,,1,0,1,0,1,0,1,0,,0,simple,,
admin,base,Default,simple,"309|19521","Sealers|Caulks and Sealants",102351,"8125",,"100% High Performance Silicone Acetoxy Cure Sealant","","100% High Performance Silicone Acetoxy Cure Sealant","",/\8\1\100-High-Performance-Silicone-Acetoxy-Cure.png,/\8\1\100-High-Performance-Silicone-Acetoxy-Cure.png,http://www.48ws.com/images/product/8/1/100-High-Performance-Silicone-Acetoxy-Cure.png,Geocel-8125-100-Silicone-High-Performance-Silicone-Acetoxy-Cure-Sealant,Geocel-8125-100-Silicone-High-Performance-Silicone-Acetoxy-Cure-Sealant,,No layout updates.,Block after Info Column,,"100% High Performance Silicone Acetoxy Cure Sealant","100% High Performance Silicone Acetoxy Cure Sealant",Use config,"http://www.geocelusa.com/products/all-constructionbuilding-products.html?page=shop.product_details&flypage=flypage.tpl&product_id=20&category_id=1",0,,,0,"Geocel",706,,Enabled,"Catalog, Search",Taxable Goods,Yes,No,"","<br>
<li>8125® 100% High Performance Acetoxy Cure Sealant is a high modulus, one component sealant. It has excellent adhesion to non-porous surfaces and is able to withstand ±25% joint movement.</li>
<li>100% Silicone.  High modulus.  Excellent adhesion to non-porous surfaces.  Mildew resistant.  Can be applied in extreme temperatures.  Good resistance to weathering, vibration, and moisture.  ±25% joint movement.  Can be used for sealing or adhering glass, wood, vinyl, metal, ceramic, plastic, and many painted surfaces.  Meets ASTM C 920, TT-S-0023; FDA/USDA approved.</li>","Limitations:
<li>Product is not recommended for exterior, below grade use.</li>
<li>Product is not recommended for glazing of insulated glass units sealed with two-part silicone secondary seals.</li>
<li>Product is not recommended for continuous water immersion.</li>
<li>Do not use in applications over tar, asphalt, or materials that bleed oils, plasticizers, or solvents.</li>
<li>Do not use on marble substrates</li>
<li>Do not use in applications with airtight enclosures as the sealant requires atmospheric moisture to cure</li>
<li>Do not use in applications with materials that may react to acetic acid like copper, acrylic, and plastic.</li>
<li>Do not use on horizontal traffic joints.</li>","","Geocel 8125 100% Silicone High Performance Silicone Acetoxy Cure Sealant","100% High Performance Silicone Acetoxy Cure Sealant",,,,,,,,1,0,1,0,0,1,1,1,0,1,1,,,1,0,1,0,1,0,1,0,,0,simple,,
admin,base,Default,simple,"309|19521","Sealers|Caulks and Sealants",102369,"8150",,"100% High Performance Silicone Neutral Cure Sealant","","100% High Performance Silicone Neutral Cure Sealant","",/\8\1\Geocel-8150-100-Silicone-High-Performance-Silicone-Neutral.jpg,/\8\1\Geocel-8150-100-Silicone-High-Performance-Silicone-Neutral.jpg,http://www.48ws.com/images/product/8/1/Geocel-8150-100-Silicone-High-Performance-Silicone-Neutral.jpg,Geocel-8150-100-Silicone-High-Performance-Silicone-Neutral-Cure-Sealant,Geocel-8150-100-Silicone-High-Performance-Silicone-Neutral-Cure-Sealant,,No layout updates.,Block after Info Column,,"100% High Performance Silicone Neutral Cure Sealant","100% High Performance Silicone Neutral Cure Sealant",Use config,"http://www.geocelusa.com/products/all-constructionbuilding-products.html?page=shop.product_details&flypage=flypage.tpl&product_id=53&category_id=1",0,,,0,"Geocel",706,,Enabled,"Catalog, Search",Taxable Goods,Yes,No,"","<br>
<li>8150 Sealant is a neutral cure, high performance, high modulus, one component silicone with excellent adhesion to both porous and non-porous surfaces. It provides joint movement capability of ±25% with superior weatherability. Ideal for a variety of construction and industrial applications.</li>
<li>100% Silicone.  Neutral cure, high modulus.  Versatile, high performance.  Excellent adhesion to porous and non-porous surfaces.  High movement capability of ± 25%.  Excellent weatherability.</li>
","Limitations:
<li>Product is not recommended for exterior, below grade use</li>
<li>Product is not recommended for continuous water immersion</li>
<li>Do not use in applications over tar, asphalt, or materials that bleed oils, plasticizers, or solvents</li>
<li>Do not use on marble substrates.</li>
<li>Do not use in applications in airtight enclosures as the sealant requires atmospheric moisture to cure</li>
<li>Do not use on horizontal traffic joints.</li>
<li>Do not use on brass, copper, or other sensitive metals as discoloration may occur.</li>
<li>Product may stress-craze polycarbonate materials.</li>","","Geocel 8150 100% High Performance Silicone Neutral Cure Sealant","100% High Performance Silicone Neutral Cure Sealant",,,,,,,,1,0,1,0,0,1,1,1,0,1,1,,,1,0,1,0,1,0,1,0,,0,simple,,
admin,base,Default,simple,"309|19521","Sealers|Caulks and Sealants",102370,"All-In ONE",,"Adhesive/Sealant","","Adhesive/Sealant","",/\A\l\Geocel-All-In-ONE.jpg,/\A\l\Geocel-All-In-ONE.jpg,http://www.48ws.com/images/product/A/l/Geocel-All-In-ONE.jpg,Geocel-All-In-ONE-AdhesiveSealant,Geocel-All-In-ONE-AdhesiveSealant,,No layout updates.,Block after Info Column,,"Adhesive/Sealant","Adhesive/Sealant",Use config,"http://www.geocelusa.com/products/all-constructionbuilding-products.html?page=shop.product_details&flypage=flypage.tpl&product_id=4&category_id=1",0,,,0,"Geocel",706,,Enabled,"Catalog, Search",Taxable Goods,Yes,No,"","<br>
<li>all-in One™ Adhesive/Sealant is a single component, non-sag, siliconized sealant for use in most moving and non-moving joints and adhesive applications.</li>
<li>Low VOC.  Tools easily.  Bonds to most common building materials.  Tack free in 70 to 90 minutes.  Paintable in 10 minutes.  Soap and water cleanup.  Water resistant in 3 hours.  Mildew resistant.  Meets LEED & NAHB guidelines.</li>","Limitations:
<li>Do not apply below 40° F (4° C).</li>
<li>Do not apply when a hard frost is anticipated within one week of application.</li>
<li>Do not apply where joint will be subjected to heavy rainfall within 8 hours of application.</li>
<li>Do not use in joints subject to extended water immersion</li>
<li>Not recommended for underwater applications or traffic-bearing joints or surfaces.</li>","","Geocel All-In ONE Adhesive/Sealant  ","Adhesive/Sealant",,,,,,,,1,0,1,0,0,1,1,1,0,1,1,,,1,0,1,0,1,0,1,0,,0,simple,,
admin,base,Default,simple,"309|26914","Sealers|Above Grade",102395,"EFS",,"Expanding Foam Sealant","","Expanding Foam Sealant","",/\E\F\Geocel-EFS-Expanding-Foam.jpg,/\E\F\Geocel-EFS-Expanding-Foam.jpg,http://www.48ws.com/images/product/E/F/Geocel-EFS-Expanding-Foam.jpg,Geocel-EFS-Expanding-Foam-Sealant,Geocel-EFS-Expanding-Foam-Sealant,,No layout updates.,Block after Info Column,,"Expanding Foam Sealant","Expanding Foam Sealant",Use config,"http://www.geocelusa.com/products/all-constructionbuilding-products.html?page=shop.product_details&flypage=flypage.tpl&product_id=6&category_id=1",0,,,0,"Geocel",706,,Enabled,"Catalog, Search",Taxable Goods,Yes,No,"","<br>
<li>Expanding Foam Sealant is a single component, moisture-cure, polyurethane foam sealant with a (H) CFC-free propellant designed to fill gaps, cracks, etc., and to stop air infiltration around door and window frames and pipe penetrations.</li>
<li>Expanding Foam Sealant expands up to 3 times to fill large voids & holes.  Features an R-value of 4 to 5.</li>","Adheres To:
<li>Asphalt</li>
<li>masonry</li>
<li>vinyl</li>
<li>wood</li>
<li>steel</li>
<li>other common building substrates</li>","","Geocel EFS Expanding Foam Sealant","Expanding Foam Sealant",,,,,,,,1,0,1,0,0,1,1,1,0,1,1,,,1,0,1,0,1,0,1,0,,0,simple,,
admin,base,Default,simple,"565|19596","Duct Tape|Duct and Cloth Tapes",102404,"GeoBond",,"Double Bonding Tape","","Double Bonding Tape","",/\G\e\Geocel-GEOBOND-Double-Bonding.jpg,/\G\e\Geocel-GEOBOND-Double-Bonding.jpg,http://www.48ws.com/images/product/G/e/Geocel-GEOBOND-Double-Bonding.jpg,Geocel-GEOBOND-Double-Bonding-Tape,Geocel-GEOBOND-Double-Bonding-Tape,,No layout updates.,Block after Info Column,,"Double Bonding Tape","Double Bonding Tape",Use config,"http://www.geocelusa.com/products/all-constructionbuilding-products.html?page=shop.product_details&flypage=flypage.tpl&product_id=14&category_id=1",0,,,0,"Geocel",706,,Enabled,"Catalog, Search",Taxable Goods,Yes,No,"","<br>
<li>GeoBond Double Bonding Tape is a double bonding tape that will adhere similar or dissimilar substrates together to form a water tight seal. Its flexible sealing characteristics will adjust with the movement activity of the structure. GeoBond Double Bonding Tape has advanced S-Polymer technology that prevents plasticizer migration often associated with other tapes when they have prolonged contact with TPO, PVC, EPDM, asphalt, and other common roofing substrates. It is used for lap seam repairs, flashings, and where various substrates are to be adhered to each other. Holes and cracks can be repaired by forming a cord and placing into the void. It applies and adheres to wet surfaces below 0° F, and maintains its thermal stability up to 300° F. GeoBond Double Bonding Tape will not crack, harden, or oxidize over time, and it remains flexible to accommodate the natural movements of the roof.</li>
<li>Prevents plasticizer migration.  Use for lap seam repairs, flashing, and adhering various substrates together.  Repair holes and cracks.  Will not crack, harden, or oxidize over time.  Remains flexible.  Applies and adheres to wet surfaces.</li>","Adheres To:
<li>TPO</li>
<li>PVC</li>
<li>EPDM</li>
<li>Metal</li>
<li>Asphalt</li>
<li>Vinyl</li>","","Geocel GEOBOND Double Bonding Tape","Double Bonding Tape",,,,,,,,1,0,1,0,0,1,1,1,0,1,1,,,1,0,1,0,1,0,1,0,,0,simple,,
admin,base,Default,simple,"565|19596","Duct Tape|Duct and Cloth Tapes",102415,"Geobond2",,"Fleece Bonding Tape","","Fleece Bonding Tape","",/\G\e\Geocel-GEOBOND2-Fleece-Bonding.jpg,/\G\e\Geocel-GEOBOND2-Fleece-Bonding.jpg,http://www.48ws.com/images/product/G/e/Geocel-GEOBOND2-Fleece-Bonding.jpg,Geocel-GEOBOND2-Fleece-Bonding-Tape,Geocel-GEOBOND2-Fleece-Bonding-Tape,,No layout updates.,Block after Info Column,,"Fleece Bonding Tape","Fleece Bonding Tape",Use config,"http://www.geocelusa.com/products/all-constructionbuilding-products.html?page=shop.product_details&flypage=flypage.tpl&product_id=13&category_id=1",0,,,0,"Geocel",706,,Enabled,"Catalog, Search",Taxable Goods,Yes,No,"","<br>
<li>GeoBond Fleece Bonding Tape offers an advanced fleece backed butyl technology and is compatible with polymetric coatings and primers. GeoBond Fleece Bonding Tape prevents plasticizer migration often associated with other tapes when they have prolonged contact with TPO, PVC, EPDM, asphalt, and other common roofing substrates. GeoBond Fleece Bonding Tape is used to seal holes, tears, and seams in gutters, flashings, skylights, roofing membranes, and more. It is ideal for repairing roofs prior to roof coating applications. It applies and adheres to wet surfaces below 0°F, and maintains its thermal stability up to 300°F. GeoBond Fleece Bonding Tape will not crack, harden, or oxidize over time, and remains flexible to accommodate the natural movements of the roof.</li>
<li>Prevents plasticizer migration.  Seals holes, tears, and seams in gutters, flashings, skylights, roofing membranes, and more.  Applies and adheres to wet surfaces.  Will not crack, harden, or oxidize over time.  Remains flexible.  Applies and adheres to wet surfaces.</li>","Adheres To:
<li>TPO</li>
<li>PVC</li>
<li>EPDM</li>
<li>Metal</li>
<li>Asphalt</li>
<li>Vinyl</li>","","Geocel GEOBOND2 Fleece Bonding Tape","Fleece Bonding Tape",,,,,,,,1,0,1,0,0,1,1,1,0,1,1,,,1,0,1,0,1,0,1,0,,0,simple,,
admin,base,Default,simple,"565|19596","Duct Tape|Duct and Cloth Tapes",102417,"Geobond3",,"Roof Bonding Tape","","Roof Bonding Tape","",/\G\e\Geocel-GEOBOND3-Roof-Bonding.jpg,/\G\e\Geocel-GEOBOND3-Roof-Bonding.jpg,http://www.48ws.com/images/product/G/e/Geocel-GEOBOND3-Roof-Bonding.jpg,Geocel-GEOBOND3-Roof-Bonding-Tape,Geocel-GEOBOND3-Roof-Bonding-Tape,,No layout updates.,Block after Info Column,,"Roof Bonding Tape","Roof Bonding Tape",Use config,"http://www.geocelusa.com/products/all-constructionbuilding-products.html?page=shop.product_details&flypage=flypage.tpl&product_id=12&category_id=1",0,,,0,"Geocel",706,,Enabled,"Catalog, Search",Taxable Goods,Yes,No,"","<br>
<li>GeoBond Roof Bonding Tape has advanced S-Polymer technology that prevents plasticizer migration often associated with other tapes when they have prolonged contact with TPO, PVC, EPDM, asphalt, and other common roofing substrates. GeoBond Roof Bonding Tape is used to seal holes, tears, and seams in gutters, flashings, skylights, roofing membranes, and more. GeoBond Roof Bonding Tape applies and adheres to wet surfaces below 0ºF, and maintain its thermal stability up to 300ºF. It will not crack, harden, or oxidize over time, and remains flexible to accommodate the natural movements of the roof.</li>
<li>Prevents plasticizer migration.  Seals holes, tears, and seams in gutters, flashings, skylights, roofing membranes, and more.  Applies and adheres to wet surfaces.  Will not crack, harden or oxidize over time.  Remains flexible.  </li>","Adheres To: 
<li>TPO</li>
<li>PVC</li>
<li>EPDM</li>
<li>Metal</li>
<li>Asphalt</li>
<li>Vinyl</li>","","Geocel GEOBOND3 Roof Bonding Tape","Roof Bonding Tape",,,,,,,,1,0,1,0,0,1,1,1,0,1,1,,,1,0,1,0,1,0,1,0,,0,simple,,
admin,base,Default,simple,"309|26914","Sealers|Above Grade",102422,"Geocel Pro Fit",,"Pocket Penetration Sealant System","","Pocket Penetration Sealant System","",/\G\e\Geocel-GEOCEL-PRO-FIT-Pocket-Penetration-Sealant.jpg,/\G\e\Geocel-GEOCEL-PRO-FIT-Pocket-Penetration-Sealant.jpg,http://www.48ws.com/images/product/G/e/Geocel-GEOCEL-PRO-FIT-Pocket-Penetration-Sealant.jpg,Geocel-GEOCEL-PRO-FIT-Pocket-Penetration-Sealant-System,Geocel-GEOCEL-PRO-FIT-Pocket-Penetration-Sealant-System,,No layout updates.,Block after Info Column,,"Pocket Penetration Sealant System","Pocket Penetration Sealant System",Use config,"http://www.geocelusa.com/products/all-constructionbuilding-products.html?page=shop.product_details&flypage=flypage.tpl&product_id=45&category_id=1",0,,,0,"Geocel",706,,Enabled,"Catalog, Search",Taxable Goods,Yes,No,"","<br>
<li>Geocel Pro Fit™ Pocket Penetration Sealant System is a universal, worry-free solution that’s high in value, low in waste. The flexible pocket is easily shaped to fit around even the most challenging configuration without the complex cutting or assembling found with other systems. Each system contains enough materials to install a single large pocket or multiple, smaller pockets. The unique packaging includes a shoulder strap that allows the complete system to be safely carried up the ladder, hands free, to the roof.Geocel Pro Fit System seals roof penetrations on EPDM, TPO*, PVC*, BUR, metal, asphalt, and other roofing substrates. It installs in under 15 minutes with no flashing, priming*, or complicated roof expertise required. The Geocel Pro Fit System package includes a 56” Pro Fit Pocket, one 10 fl. oz. cartridge of GeoGreen 4500® Roof Bonding Sealant in black, either one or two 2-liter pouches of 4515® Pitch Pan & Repair Sealant in black, four self-tapping screws, and a troweling tool. See back for various configurations and number of pockets per system.</li>
<li>Highly cost effective system with minimal waste.  Universal; fits penetrations that pre-fabricated pockets and pans can’t.  Can be installed in wet conditions.  Convenient, complete system.  Create single or multiple pockets from one system.  Easy, worry-free installation.  Easy-to-carry package with shoulder strap.</li>","<b>Limitations:</b>
<li>Do not apply below 30° F (-1° C).</li>
<li>Do not apply to Hypalon or smooth APP modified bitumen membrane.</li>
<li>Do not use on TPO and PVC without a primer.</li>
<li>Do not use system sealants as a temporary seal around roof penetrations.</li>","","Geocel GEOCEL PRO FIT Pocket Penetration Sealant System","Pocket Penetration Sealant System",,,,,,,,1,0,1,0,0,1,1,1,0,1,1,,,1,0,1,0,1,0,1,0,,0,simple,,
admin,base,Default,simple,"309|19521","Sealers|Caulks and Sealants",102427,"GeoGreen 4500",,"Roof Bonding Sealant","","Roof Bonding Sealant","",/\G\e\Geocel-GeoGreen-4500-Roof-Bonding.jpg,/\G\e\Geocel-GeoGreen-4500-Roof-Bonding.jpg,http://www.48ws.com/images/product/G/e/Geocel-GeoGreen-4500-Roof-Bonding.jpg,Geocel-GeoGreen-4500-Roof-Bonding-Sealant,Geocel-GeoGreen-4500-Roof-Bonding-Sealant,,No layout updates.,Block after Info Column,,"Roof Bonding Sealant","Roof Bonding Sealant",Use config,"http://www.geocelusa.com/products/all-constructionbuilding-products.html?page=shop.product_details&flypage=flypage.tpl&product_id=42&category_id=1",0,,,0,"Geocel",706,,Enabled,"Catalog, Search",Taxable Goods,Yes,No,"","<br>
<b>Product Description:</b>
<li>GeoGreen 4500® Roof Bonding Sealant is a premium Scypolymer® one-component, proprietary, non-solvent bonding sealant specifically designed for roofing applications and systems. The advanced technology of 4500 Roof Sealant results in a product that immediately withstands ponding water while bonding to many common roofing substrates.</li>
<br />
<br />
<b>Product Benefits:</b>
<li>Applies, adheres, and cures underwater.  2 products in 1 - lap adhesive & scrim edge sealant.  No additional adhesives or sealants needed.  Remains flexible.  Works with EPDM membranes, tapes, and patches.  GeoGreen 4500 can also be used as a night seal and for core/test cuts.  Meets LEED & NAHB guidelines.  Safe, non-flammable, non-solvent formulation.</li>","<b>Limitations:</b>
<li>Do not use on unprimed TPO or PVC membranes.</li>
<li>Do not use black 4500 Roof Sealant on white EPDM.</li>
<li>Do not use white 4500 Roof Sealant on black EPDM.</li>
<br />
<br />
<b>Adheres To:</b>
<li>Asphalt shingles</li>
<li>steel</li>
<li>concrete</li>
<li>EPDM</li>
<li>primed TPO</li>
<li>primed PVC</li>
<li>Hypalon (black only)</li>
<li>metal</li>
<li>wood</li>
<li>other common building substrates</li>","","Geocel GeoGreen 4500 Roof Bonding Sealant","Roof Bonding Sealant",,,,,,,,1,0,1,0,0,1,1,1,0,1,1,,,1,0,1,0,1,0,1,0,,0,simple,,
admin,base,Default,simple,"309|19521","Sealers|Caulks and Sealants",102440,"GeoGreen Pro",,"Gutter Seal Scypolymer Sealant","","Gutter Seal Scypolymer Sealant","",/\G\e\Geocel-GeoGreen-Pro-Gutter-Seal-Scypolymer.jpg,/\G\e\Geocel-GeoGreen-Pro-Gutter-Seal-Scypolymer.jpg,http://www.48ws.com/images/product/G/e/Geocel-GeoGreen-Pro-Gutter-Seal-Scypolymer.jpg,Geocel-GeoGreen-Pro-Gutter-Seal-Scypolymer-Sealant,Geocel-GeoGreen-Pro-Gutter-Seal-Scypolymer-Sealant,,No layout updates.,Block after Info Column,,"Gutter Seal Scypolymer Sealant","Gutter Seal Scypolymer Sealant",Use config,"http://www.geocelusa.com/products/all-constructionbuilding-products.html?page=shop.product_details&flypage=flypage.tpl&product_id=41&category_id=1",0,,,0,"Geocel",706,,Enabled,"Catalog, Search",Taxable Goods,Yes,No,"","<br>
<b>Product Description:</b>
<li>GeoGreen Pro® Gutter Seal is a high performance, extremely low VOC Scypolymer® sealant specifically designed for small joints and seams found in the repair and installation of gutters.</li>
<br />
<br />
<b>Product Benefits:</b>
<li>Applies, adheres, and cures underwater.  High tack, fast curing.  Weather & UV resistant.  Permanently flexible.  Non-shrinking.  Meets LEED & NAHB Guidelines for green building.</li>","<b>Adheres To:</b>
<li>Aluminum</li>
<li>brick</li>
<li>concrete</li>
<li>galvanized steel</li>
<li>coated steel (Kynar®)</li>
<li>vinyl</li>
<li>wood</li>
<li>other common building substrates</li>","","Geocel GeoGreen Pro Gutter Seal Scypolymer Sealant","Gutter Seal Scypolymer Sealant",,,,,,,,1,0,1,0,0,1,1,1,0,1,1,,,1,0,1,0,1,0,1,0,,0,simple,,
admin,base,Default,simple,"309|26914","Sealers|Above Grade",102456,"IGS",,"Instant Gutter & Narrow Seam Sealant","","Instant Gutter & Narrow Seam Sealant","",/\I\G\Geocel-IGS-Instant-Gutter-Seal-Gutter-Narrow-Seam.jpg,/\I\G\Geocel-IGS-Instant-Gutter-Seal-Gutter-Narrow-Seam.jpg,http://www.48ws.com/images/product/I/G/Geocel-IGS-Instant-Gutter-Seal-Gutter-Narrow-Seam.jpg,Geocel-IGS-Instant-Gutter-Seal-Gutter-Narrow-Seam-Sealant,Geocel-IGS-Instant-Gutter-Seal-Gutter-Narrow-Seam-Sealant,,No layout updates.,Block after Info Column,,"Instant Gutter & Narrow Seam Sealant","Instant Gutter & Narrow Seam Sealant",Use config,"http://www.geocelusa.com/products/all-constructionbuilding-products.html?page=shop.product_details&flypage=flypage.tpl&product_id=16&category_id=1",0,,,0,"Geocel",706,,Enabled,"Catalog, Search",Taxable Goods,Yes,No,"","<br>
<b>Product Description:</b>
<li>Instant Gutter Seal Gutter & Narrow Seam Sealant is a single component, elastomeric, semi-self-leveling, highperformance tripolymer sealant designed to prevent the passage of air and moisture through small joints or seams.</li>
<br />
<br />
<b>Product Benefits:</b>
<li>Excellent adhesion to many building surfaces, even when wet or oily.  Superior ultraviolet resistance.  Paintable.  Semi-self-leveling.  Cleans up easily.  Asphalt compatible.</li>","<b>Limitation:</b>
<li>Do not use on joints larger than 1/4” x 1/4”.</li>
<li>Do not use on traffic-bearing surfaces.</li>
<li>Do not use in contact with Styrofoam®.</li>
<br />
<br />
<b>Adheres To:</b>
<li>Aluminum</li>
<li>Kynar</li>
<li>concrete</li>
<li>galvanized steel</li>
<li>wood</li>
<li>other common building substrates</li>","","Geocel IGS Instant Gutter & Narrow Seam Sealant","Instant Gutter & Narrow Seam Sealant",,,,,,,,1,0,1,0,0,1,1,1,0,1,1,,,1,0,1,0,1,0,1,0,,0,simple,,
admin,base,Default,simple,"309|26914","Sealers|Above Grade",102464,"IRR",,"Instand Roof Repair Brushable Coating (Fibered)","","Instand Roof Repair Brushable Coating (Fibered)","",/\I\R\Geocel-IRR-Instand-Roof-Repair-Brushable-Coating.jpg,/\I\R\Geocel-IRR-Instand-Roof-Repair-Brushable-Coating.jpg,http://www.48ws.com/images/product/I/R/Geocel-IRR-Instand-Roof-Repair-Brushable-Coating.jpg,Geocel-IRR-Instand-Roof-Repair-Brushable-Coating-Fibered,Geocel-IRR-Instand-Roof-Repair-Brushable-Coating-Fibered,,No layout updates.,Block after Info Column,,"Instand Roof Repair Brushable Coating (Fibered)","Instand Roof Repair Brushable Coating (Fibered)",Use config,"http://www.geocelusa.com/products/all-constructionbuilding-products.html?page=shop.product_details&flypage=flypage.tpl&product_id=15&category_id=1",0,,,0,"Geocel",706,,Enabled,"Catalog, Search",Taxable Goods,Yes,No,"","<br>
<b>Product Description:</b>
<li>Instant Roof Repair Sealant is a single-component, brushable, elastic sealant with rubber-like flexibility. Instant Roof Repair Sealant is a permanent solution for roof leaks and will stop leaks immediately, even in wet conditions.</li>
<br />
<br />
<b>Product Benefits:</b>
<li>Stops leaks immediately and permanently.  Fibered for strength.  Will function in severe UV, heat, acid rain, and intermittent foot traffic.  Withstands water contact immediately after application to stop leaks.  One-step application; no primer required. Applies in extreme temperature ranges including wet and icy conditions.  Mildew resistant.  Paintable.  Repairs small areas on slate, tile, shingles and asphalt roofs.</li>","<b>Limitations:</b>
<li>Do not use on polystyrene insulation sheathing or EPDM.</li>
<li>Do not use in areas where food is processed or stored.</li>
<li>Product contains solvents which may craze some plastic materials.</li>
<br />
<br />
<b>Adheres To:</b>
<li>Asphalt</li>
<li>BUR</li>
<li>coated steel (Kynar®)</li>
<li>concrete</li>
<li>vinyl</li>
<li>metal</li>
<li>other common building substrates</li>
","","Geocel IRR Instand Roof Repair Brushable Coating (Fibered)","Instand Roof Repair Brushable Coating (Fibered)",,,,,,,,1,0,1,0,0,1,1,1,0,1,1,,,1,0,1,0,1,0,1,0,,0,simple,,
admin,base,Default,simple,"309|19521","Sealers|Caulks and Sealants",102474,"MSSAS",,"Mortar Seal Siliconized Acrylic Sealant","","Mortar Seal Siliconized Acrylic Sealant","",/\M\S\Geocel-MSSAS-Mortar-Seal-Siliconized-Acrylic.jpg,/\M\S\Geocel-MSSAS-Mortar-Seal-Siliconized-Acrylic.jpg,http://www.48ws.com/images/product/M/S/Geocel-MSSAS-Mortar-Seal-Siliconized-Acrylic.jpg,Geocel-MSSAS-Mortar-Seal-Siliconized-Acrylic-Sealant,Geocel-MSSAS-Mortar-Seal-Siliconized-Acrylic-Sealant,,No layout updates.,Block after Info Column,,"Mortar Seal Siliconized Acrylic Sealant","Mortar Seal Siliconized Acrylic Sealant",Use config,"http://www.geocelusa.com/products/all-constructionbuilding-products.html?page=shop.product_details&flypage=flypage.tpl&product_id=17&category_id=1",0,,,0,"Geocel",706,,Enabled,"Catalog, Search",Taxable Goods,Yes,No,"","<br>
<b>Product Description:</b>
<li>Mortar Seal™ Siliconized Acrylic Sealant is a single component, non-sag sealant, designed for use in moving and non-moving joints.</li>
<br />
<br />
<b>Product Benefits:</b>
<li>25-year exterior life expectancy.  Tools easily.  Bonds to common building materials.  Tack free in 30 minutes to 1 hour.  Will withstand ±12 1/2% joint movement.  Bonds to damp surfaces excellent rain resistance after cure.  Texturized to look like mortar.</li>","<b>Limitations:</b>
<li>Do not use in underwater applications.</li>
<li>Do not use on traffic-bearing joints.</li>
<br />
<br />
<b>Adheres To:</b>
<li>Glass</li>
<li>mortar</li>
<li>aluminum</li>
<li>brick</li>
<li>wood</li>
<li>other common building substrates</li>","","Geocel MSSAS Mortar Seal Siliconized Acrylic Sealant","Mortar Seal Siliconized Acrylic Sealant",,,,,,,,1,0,1,0,0,1,1,1,0,1,1,,,1,0,1,0,1,0,1,0,,0,simple,,
admin,base,Default,simple,"309|26914","Sealers|Above Grade",102476,"Pro Flex",,"Multi-Purpose Brushable Repair Coating","","Multi-Purpose Brushable Repair Coating","",/\P\r\Geocel-Pro-Flex-Multi-Purpose-Brushable-Repair.jpg,/\P\r\Geocel-Pro-Flex-Multi-Purpose-Brushable-Repair.jpg,http://www.48ws.com/images/product/P/r/Geocel-Pro-Flex-Multi-Purpose-Brushable-Repair.jpg,Geocel-Pro-Flex-Multi-Purpose-Brushable-Repair-Coating,Geocel-Pro-Flex-Multi-Purpose-Brushable-Repair-Coating,,No layout updates.,Block after Info Column,,"Multi-Purpose Brushable Repair Coating","Multi-Purpose Brushable Repair Coating",Use config,"http://www.geocelusa.com/products/all-constructionbuilding-products.html?page=shop.product_details&flypage=flypage.tpl&product_id=19&category_id=1",0,,,0,"Geocel",706,,Enabled,"Catalog, Search",Taxable Goods,Yes,No,"","<br>
<b>Product Description:</b>
<li>Pro Flex® Multi-Purpose Brushable Repair Coating is a single-component, brushable elastic sealer with rubber-like flexibility, designed for many construction, roofing, manufacturing, and industrial applications.</li>
<br />
<br />
<b>Product Benefits:</b>
<li>Exhibits adhesion to many common construction materials including damp, oily, or dirty surfaces.  Withstands water contact immediately after application to stop leaks.  Prevents rust on metal surfaces.  Mildew resistant.  Paintable, resealable.  All-weather application.  Stays flexible.  Crystal clear.  Lever-lock lids on 5-gallon cans.</li>","<b>Limitations:</b>
<li>Do not use on traffic-bearing surfaces.</li>
<li>Do not use on polystyrene insulation sheathing.</li>
<li>Do not use in areas where food is processed or stored.</li>
<li>Contains solvents that may craze some plastic materials.</li>
<li>Do not use as a complete surface coating or continuous underwater application.</li>
<br />
<br />
<b>Adheres To:</b>
<li>Asphalt shingles</li>
<li>coated steel (Kynar®)</li>
<li>concrete</li>
<li>steel</li>
<li>vinyl</li>
<li>other common building substrates</li>","","Geocel Pro Flex Multi-Purpose Brushable Repair Coating","Multi-Purpose Brushable Repair Coating",,,,,,,,1,0,1,0,0,1,1,1,0,1,1,,,1,0,1,0,1,0,1,0,,0,simple,,
admin,base,Default,simple,"309|19521","Sealers|Caulks and Sealants",102477,"ProFlex",,"Tripolymer Sealant","","Tripolymer Sealant","",/\P\r\Geocel-ProFlex-Tripolymer.jpg,/\P\r\Geocel-ProFlex-Tripolymer.jpg,http://www.48ws.com/images/product/P/r/Geocel-ProFlex-Tripolymer.jpg,Geocel-ProFlex-Tripolymer-Sealant,Geocel-ProFlex-Tripolymer-Sealant,,No layout updates.,Block after Info Column,,"Tripolymer Sealant","Tripolymer Sealant",Use config,"http://www.geocelusa.com/products/all-constructionbuilding-products.html?page=shop.product_details&flypage=flypage.tpl&product_id=2&category_id=1",0,,,0,"Geocel",706,,Enabled,"Catalog, Search",Taxable Goods,Yes,No,"","<br>
<b>Product Description:</b>
<li>Pro Flex® Tripolymer Sealant is a single component, high-performance elastomeric sealant for use in a wide variety of roofing, trim, architectural metal, underdeck systems, solar roof systems, manufacturing, and general construction applications.</li>
<br />
<br />
<b>Product Benefits:</b>
<li>Exceptional elongation and flexibility.  Excellent adhesion to many building surfaces, even when damp.  Superior ultraviolet resistance.  Resealable, may be applied over itself.  Asphalt compatible.  Paintable.  No dirt pick-up.  Easily applied, non-stringing formulation.  Available in crystal clear and standard colors.  Will not crack.  Tools and cleans up easily.  Mildew resistant.</li>","Limitations:
<li>Do not use on traffic-bearing surfaces.</li>
<li>Do not use on extruded polystyrene insulating sheathing (Styrofoam®, etc.).</li>
<li>Do not use on acrylic skylight glazing surfaces.</li>
<li>Do not use in areas where food is processed or stored, unless sealant is cured, until solvent odor dissipates.</li>
<li>Do not use in interior applications without long-term, high volume ventilation.</li>
<br />
<br />
<b>Adheres To:</b>
<li>Asphalt shingles</li>
<li>coated steel (Kynar®)</li>
<li>concrete</li>
<li>vinyl</li>
<li>steel</li>
<li>other common building substrates</li>
","","Geocel ProFlex Tripolymer Sealant","Tripolymer Sealant",,,,,,,,1,0,1,0,0,1,1,1,0,1,1,,,1,0,1,0,1,0,1,0,,0,simple,,
admin,base,Default,simple,"309|19521","Sealers|Caulks and Sealants",102480,"ProCOLOR SWD",,"Tripolymer Sealant","","Tripolymer Sealant","",/\P\r\Geocel-ProCOLOR-SWD-Tripolymer.jpg,/\P\r\Geocel-ProCOLOR-SWD-Tripolymer.jpg,http://www.48ws.com/images/product/P/r/Geocel-ProCOLOR-SWD-Tripolymer.jpg,Geocel-ProCOLOR-SWD-Tripolymer-Sealant,Geocel-ProCOLOR-SWD-Tripolymer-Sealant,,No layout updates.,Block after Info Column,,"Tripolymer Sealant","Tripolymer Sealant",Use config,"http://www.geocelusa.com/products/all-constructionbuilding-products.html?page=shop.product_details&flypage=flypage.tpl&product_id=39&category_id=1",0,,,0,"Geocel",706,,Enabled,"Catalog, Search",Taxable Goods,Yes,No,"","<br>
<b>Product Description:</b>
<li>ProCOLOR SWD™ Tripolymer Sealant is a single-component, elastomeric, high performance sealant formulated for exterior siding, window, and door applications.</li>
<br />
<br />
<b>Product Benefits:</b>
<li>Available in a wide variety of precision matched siding, window, and door colors.  Adheres in wet or damp conditions.  Ultraviolet resistant.  Paintable - contains no silicone.  No primers required.  Resists dirt pick-up.  Mildew resistant.  Resealable - may be applied over itself.  Permanently flexible.  ASTM C 920 compliant.  Application temperature range is 0° F to 140° F</li>","<b>Limitations:</b>
<i>Not Recommended For:</i>
<li>Do not use on traffic-bearing surfaces.</li>
<li>Do not use on extruded polystyrene insulating sheathing (Styrofoam®, etc).</li>
<li>Do not use on acrylic skylight glazing surfaces.</li>
<br />
<br />
<b>Adheres To:</b>
<li>Aluminum</li>
<li>steel</li>
<li>vinyl</li>
<li>fiber cement</li>
<li>wood</li>
<li>masonry</li>
<li>concrete</li>
<li>other common building substrates</li>

","","Geocel ProCOLOR SWD Tripolymer Sealant ","Tripolymer Sealant",,,,,,,,1,0,1,0,0,1,1,1,0,1,1,,,1,0,1,0,1,0,1,0,,0,simple,,
admin,base,Default,simple,"309|19521","Sealers|Caulks and Sealants",102482,"RPPRC",,"Roof Patch Plastic Roof Cement","","Roof Patch Plastic Roof Cement","",/\R\P\Geocel-RPPRC-Roof-Patch-Plastic-Roof.jpg,/\R\P\Geocel-RPPRC-Roof-Patch-Plastic-Roof.jpg,http://www.48ws.com/images/product/R/P/Geocel-RPPRC-Roof-Patch-Plastic-Roof.jpg,Geocel-RPPRC-Roof-Patch-Plastic-Roof-Cement,Geocel-RPPRC-Roof-Patch-Plastic-Roof-Cement,,No layout updates.,Block after Info Column,,"Roof Patch Plastic Roof Cement","Roof Patch Plastic Roof Cement",Use config,"http://www.geocelusa.com/products/all-constructionbuilding-products.html?page=shop.product_details&flypage=flypage.tpl&product_id=27&category_id=1",0,,,0,"Geocel",706,,Enabled,"Catalog, Search",Taxable Goods,Yes,No,"","<br>
<b>Product Description:</b>
<li>Roof Patch Plastic Roof Cement is a singlecomponent, asphalt-based cement designed to bond on wet or dry surfaces for many construction, roofing, agricultural, manufacturing, and industrial applications.</li>
<br />
<br />
<b>Product Benefits:</b>>
<li>Use on wet or dry surfaces, even underwater.  Formulated to seal quickly; will not pull apart or lose its bond.  Remains soft and pliable, and resists temperature change.</li>
","<b>Limitations:</b>
<li>Do not paint or thin.</li>
<li>Do not use with single-ply membranes such as EPDM, PVC, CSPE, etc.</li>
<li>Product contains solvents that may craze some plastic materials.</li>
<li>Store at room temperature for 24 hours before use to improve ease of application.</li>
<br />
<br />
<b>Adheres To:</b>
<li>Asphalt</li>
<li>modified bitumen</li>
<li>other common building substrates</li>","","Geocel RPPRC Roof Patch Plastic Roof Cement","Roof Patch Plastic Roof Cement",,,,,,,,1,0,1,0,0,1,1,1,0,1,1,,,1,0,1,0,1,0,1,0,,0,simple,,
admin,base,Default,simple,"309|19521","Sealers|Caulks and Sealants",102487,"Roof PRO",,"Tripolymer Sealant","","Tripolymer Sealant","",/\R\o\Geocel-Roof-PRO-Tripolymer.jpg,/\R\o\Geocel-Roof-PRO-Tripolymer.jpg,http://www.48ws.com/images/product/R/o/Geocel-Roof-PRO-Tripolymer.jpg,Geocel-Roof-PRO-Tripolymer-Sealant,Geocel-Roof-PRO-Tripolymer-Sealant,,No layout updates.,Block after Info Column,,"Tripolymer Sealant","Tripolymer Sealant",Use config,"http://www.geocelusa.com/products/all-constructionbuilding-products.html?page=shop.product_details&flypage=flypage.tpl&product_id=3&category_id=1",0,,,0,"Geocel",706,,Enabled,"Catalog, Search",Taxable Goods,Yes,No,"","<br>
<b>Product Description:</b>
<li>Roof PRO™ Tripolymer Sealant is a high-performance elastomeric sealant specifically designed for roofing applications without surface preparation. Roof PRO Sealant provides a tough, durable, watertight seal with excellent adhesion to asphalt shingles, brick, stone, metals and wood substrates.</li>
<br />
<br />
<b>Product Benefits:</b>
<li>All-weather application.  Sticks to wet & oily surfaces.  Remains permanently flexible.  Asphalt compatible.  Resealable, may be applied over itself.  Superior UV light resistance.  Exceptional elongation.  Paintable.</li>","<b>Limitations:</b>
<li>Do not use on traffic-bearing surfaces.</li>
<li>Do not use on extruded polystyrene insulating sheathing (Styrofoam®, etc).</li>
<li>Do not use on acrylic skylight glazing surfaces.</li>
<li>Do not use in areas where food is processed or stored.</li>
<li>Do not use in interior applications without long-term, high volume ventilation.</li>
<br />
<br />
<b>Adheres To:</b>
<li>Asphalt shingles</li>
<li>coated steel (Kynar®)</li>
<li>concrete</li>
<li>vinyl</li>
<li>steel</li>
<li>other common building substrates</li>","","Geocel Roof PRO Tripolymer Sealant ","Tripolymer Sealant",,,,,,,,1,0,1,0,0,1,1,1,0,1,1,,,1,0,1,0,1,0,1,0,,0,simple,,
admin,base,Default,simple,"309|19521","Sealers|Caulks and Sealants",102488,"RP-400",,"Construction Plastic Wet-Dry Surface Roof Cement","","Construction Plastic Wet-Dry Surface Roof Cement","",/\R\P\Geocel-RP-400-Construction-Plastic-Wet-Dry-Surface-Roof.jpg,/\R\P\Geocel-RP-400-Construction-Plastic-Wet-Dry-Surface-Roof.jpg,http://www.48ws.com/images/product/R/P/Geocel-RP-400-Construction-Plastic-Wet-Dry-Surface-Roof.jpg,Geocel-RP-400-Construction-Plastic-Wet-Dry-Surface-Roof-Cement,Geocel-RP-400-Construction-Plastic-Wet-Dry-Surface-Roof-Cement,,No layout updates.,Block after Info Column,,"Construction Plastic Wet-Dry Surface Roof Cement","Construction Plastic Wet-Dry Surface Roof Cement",Use config,"http://www.geocelusa.com/products/all-constructionbuilding-products.html?page=shop.product_details&flypage=flypage.tpl&product_id=50&category_id=1",0,,,0,"Geocel",706,,Enabled,"Catalog, Search",Taxable Goods,Yes,No,"","<br>
<b>Product Description:</b>
<li>RP-400® Construction Plastic Wet-Dry Surface Roof Cement is a single-component, asbestos free, asphalt-based cement designed for many construction, roofing, manufacturing, and industrial applications.</li>
<br />
<br />
<b>Product Benefits:</b>
<li>Use on wet or dry roof surfaces, even underwater.  Formulated to seal quickly; will not pull apart or lose its bond.  Lever-lock lids on 3-gallon and 5-gallon pails for ease of resealing container and reduced waste.  Remains soft and pliable, and resists temperature change.</li>","<b>Limitations:</b>
<li>Do not paint or thin.</li>
<li>Do not use with single-ply membranes such as EPDM, PVC, CSPE, etc.</li>
<li>Product contains solvents that may craze some plastic materials.</li>
<li>Store at room temperature for 24 hours before use to improve ease of application.</li>
<br />
<br />
<b>Adheres To:</b>
<li>Asphalt</li>
<li>modified bitumen</li>
<li>other common building substrates</li>
","","Geocel RP-400 Construction Plastic Wet-Dry Surface Roof Cement","Construction Plastic Wet-Dry Surface Roof Cement",,,,,,,,1,0,1,0,0,1,1,1,0,1,1,,,1,0,1,0,1,0,1,0,,0,simple,,
admin,base,Default,simple,"146|28040","Adhesives|Adhesive Caulks",102489,"SpeedGrip",,"Speed Grip Adhesive","","Speed Grip Adhesive","",/\S\p\Geocel-Speed-Grip.jpg,/\S\p\Geocel-Speed-Grip.jpg,http://www.48ws.com/images/product/S/p/Geocel-Speed-Grip.jpg,Geocel-Speed-Grip-Adhesive,Geocel-Speed-Grip-Adhesive,,No layout updates.,Block after Info Column,,"Speed Grip Adhesive","Speed Grip Adhesive",Use config,"http://www.geocelusa.com/products/all-constructionbuilding-products.html?page=shop.product_details&flypage=flypage.tpl&product_id=5&category_id=1",0,,,0,"Geocel",706,,Enabled,"Catalog, Search",Taxable Goods,Yes,No,"","<br>
<b>Product Description:</b>
<li>Speed Grip® Adhesive is a latex-based technology that has an extremely low VOC content. Its formula offers instant grab on most porous and non-porous surfaces. It bonds quickly to a variety of plastics, wood, concrete, brick, plasterboard, carpet, and metal.</li>
<br />
<br />
<b>Product Benefits:</b>
<li>Cures to form a high-strength bond.  Instant grab on most porous and non-porous surfaces.  Ultra-high green strength.  Extremely low VOC content.  Low odor.  Water clean-up.  Meets AFG-01 guidelines for sub-floors.  Meets LEED & NAHB guidelines.</li>","<b>Limitations:</b>
<li>This adhesive should not be applied to building materials that bleed oils, plasticizers, or solvents.</li>
<br />
<br />
<b>Adheres To:</b>
<li>Drywall</li>
<li>plywood</li>
<li>marble</li>
<li>paneling</li>
<li>brick</li>
<li>mirrors</li>
<li>cork board</li>
<li>foam board</li>
<li>concrete</li>
<li>other common building substrates</li>

","","Geocel Speed Grip Adhesive","Speed Grip Adhesive",,,,,,,,1,0,1,0,0,1,1,1,0,1,1,,,1,0,1,0,1,0,1,0,,0,simple,,
admin,base,Default,simple,"309|26914","Sealers|Above Grade",102490,"WaterShield",,"Water Shield Brushable Repair Coating","","Water Shield Brushable Repair Coating","",/\W\a\Geocel-Water-Shield-Brushable-Repair.jpg,/\W\a\Geocel-Water-Shield-Brushable-Repair.jpg,http://www.48ws.com/images/product/W/a/Geocel-Water-Shield-Brushable-Repair.jpg,Geocel-Water-Shield-Brushable-Repair-Coating,Geocel-Water-Shield-Brushable-Repair-Coating,,No layout updates.,Block after Info Column,,"Water Shield Brushable Repair Coating","Water Shield Brushable Repair Coating",Use config,"http://www.geocelusa.com/products/all-constructionbuilding-products.html?page=shop.product_details&flypage=flypage.tpl&product_id=23&category_id=1",0,,,0,"Geocel",706,,Enabled,"Catalog, Search",Taxable Goods,Yes,No,"","<br>
<b>Product Description:</b>
<li>Water Shield® is a single-component, brushable-grade sealant designed for many construction, residental, agricultural, and industrial applications.</li>
<br />
<br />
<b>Product Benefits:</b>
<li>May be applied at any working temperature.  Exhibits immediate adhesion to many construction materials, including damp, non-porous surfaces, and oily or dirty surfaces.  May be applied in layers to build up desired sealant thickness.  Forms a tough and flexible film with outstanding adhesion to metal, concrete, wood, and glass.  Withstands water contact immediately after application to stop leaks fast.</li>","<b>Limitations:</b>
<li>Do not use on traffic-bearing surfaces.</li>
<li>Do not use on bituminous or asphaltic surfaces.</li>
<li>Do not use on polystyrene insulation sheathing.</li>
<li>Do not use in areas where food is processed or stored.</li>
<li>Do not use on flexible acrylic surfaces.</li>
<br />
<br />
<b>Adheres To:</b>
<li>Concrete</li>
<li>glass</li>
<li>vinyl</li>
<li>wood</li>
<li>steel</li>
<li>other common building substrates</li>","","Geocel Water Shield Brushable Repair Coating","Water Shield Brushable Repair Coating",,,,,,,,1,0,1,0,0,1,1,1,0,1,1,,,1,0,1,0,1,0,1,0,,0,simple,,
admin,base,Default,simple,"309|19521","Sealers|Caulks and Sealants",102492,"WaterShield2",,"Water Shield 2 Caulking Sealant","","Water Shield 2 Caulking Sealant","",/\W\a\Geocel-Water-Shield-2-Caulking.jpg,/\W\a\Geocel-Water-Shield-2-Caulking.jpg,http://www.48ws.com/images/product/W/a/Geocel-Water-Shield-2-Caulking.jpg,Geocel-Water-Shield-2-Caulking-Sealant,Geocel-Water-Shield-2-Caulking-Sealant,,No layout updates.,Block after Info Column,,"Water Shield 2 Caulking Sealant","Water Shield 2 Caulking Sealant",Use config,"http://www.geocelusa.com/products/all-constructionbuilding-products.html?page=shop.product_details&flypage=flypage.tpl&product_id=22&category_id=1",0,,,0,"Geocel",706,,Enabled,"Catalog, Search",Taxable Goods,Yes,No,"","<br>
<b>Product Description:</b>
<li>Water Shield® Caulking Sealant is a single component, non-sag sealant designed for use in most moving and non-moving joints.</li>
<br />
<br />
<b>Product Benefits:</b>
<li>100% resealable. In the cured state, the sealant will rejoin to itself if the bead is broken. It will also adhere to itself if additional sealant is applied over cured material.  Gunnable at low temperatures.  Exhibits immediate adhesion to many building materials, including damp, non-porous surfaces.  Highly elastic.  No surface prep.  Paintable.</li>","<b>Limitations:</b>
<li>Do not use on traffic-bearing surfaces.</li>
<li>Do not use on heel bead in glazing applications.</li>
<li>Do not use on bituminous surfaces.</li>
<li>Do not use where food is processed or stored.</li>
<br />
<br />
<b>Adheres To:</b>
<li>Concrete</li>
<li>brick</li>
<li>glass</li>
<li>steel</li>
<li>aluminum</li>
<li>wood</li>
<li>other common building substrates</li>","","Geocel Water Shield 2 Caulking Sealant ","Water Shield 2 Caulking Sealant",,,,,,,,1,0,1,0,0,1,1,1,0,1,1,,,1,0,1,0,1,0,1,0,,0,simple,,
admin,base,Default,simple,"309|26914","Sealers|Above Grade",102497,"WDF",,"Window & Door Foam Sealant","","Window & Door Foam Sealant","",/\W\D\Geocel-WDF-Window-Door-Foam.jpg,/\W\D\Geocel-WDF-Window-Door-Foam.jpg,http://www.48ws.com/images/product/W/D/Geocel-WDF-Window-Door-Foam.jpg,Geocel-WDF-Window-Door-Foam-Sealant,Geocel-WDF-Window-Door-Foam-Sealant,,No layout updates.,Block after Info Column,,"Window & Door Foam Sealant","Window & Door Foam Sealant",Use config,"http://www.geocelusa.com/products/all-constructionbuilding-products.html?page=shop.product_details&flypage=flypage.tpl&product_id=7&category_id=1",0,,,0,"Geocel",706,,Enabled,"Catalog, Search",Taxable Goods,Yes,No,"","<br>
<b>Product Description:</b>
<li>Window & Door Foam Sealant is specially designed to eliminate frame distortion during installation. It is a single component, moisture-cure, polyurethane foam sealant with a (H) CFC-free propellant designed to fill gaps, cracks, etc., and stop air infiltration around door and window frames.</li>
<br />
<br />
<b>Product Benefits:</b>
<li>Expands minimally to eliminate frame distortion during installation.  Features R-value of 4-5 per inch.  Window & Door Foam is gray in color, easily distinguishing the product from common expanding foams.</li>
","<b>Adheres To:</b>
<li>Masonry</li>
<li>vinyl</li>
<li>wood</li>
<li>steel</li>
<li>other common building substrates</li>","","Geocel WDF Window & Door Foam Sealant ","Window & Door Foam Sealant",,,,,,,,1,0,1,0,0,1,1,1,0,1,1,,,1,0,1,0,1,0,1,0,,0,simple,,
admin,base,Default,simple,"309|19521","Sealers|Caulks and Sealants",102500,"GeoGreen 4300",,"Clear Sealant","","Clear Sealant","",/\G\e\Geocel-GeoGreen-4300-Clear.jpg,/\G\e\Geocel-GeoGreen-4300-Clear.jpg,http://www.48ws.com/images/product/G/e/Geocel-GeoGreen-4300-Clear.jpg,Geocel-GeoGreen-4300-Clear-Sealant,Geocel-GeoGreen-4300-Clear-Sealant,,No layout updates.,Block after Info Column,,"Clear Sealant","Clear Sealant",Use config,"http://www.geocelusa.com/general-construction.html?page=shop.product_details&flypage=flypage.tpl&product_id=68&category_id=13",0,,,0,"Geocel",706,,Enabled,"Catalog, Search",Taxable Goods,Yes,No,"","<br>
<b>Product Description:</b>
<li>GeoGreen 4300™ Clear Sealant is a high performance, chemically curing Scypolymer® sealant that offers excellent adhesion to many substrates including wood, stone, concrete, metal, glass, tile, brick and asphalt shingles. GeoGreen 4300 Clear Sealant can be used as an interior/exterior sealant, can withstand all weather conditions, is UV resistant, is tolerant to damp surfaces*, and is mold and mildew resistant. GeoGreen 4300 Clear Sealant will not shrink and is solvent free.</li>
<br />
<br />
<b>Product Benefits:</b>
<li>Meets ASTM C 920, Solvent free, Very low dirt pickup, Will not shrink, Mold and mildew resistant, Fast curing, Permanently flexible, UV resistant, Applies in wet or dry conditions*, Paintable with latex-based paints, Meets LEED & NAHB guidelines</li>","<b>Limitations:</b>
<li>Do not use on marble surfaces as staining may occur</li>
<li>Do not use on traffic-bearing surfaces</li>
<br />
<br />
<b>Adheres To:</b>
<li>Wood</li>
<li>stone</li>
<li>concrete</li>
<li>metal</li>
<li>glass</li>
<li>tile</li>
<li>brick</li>
<li>asphalt shingles</li>
<li>other common building substrates</li>","","Geocel GeoGreen 4300 Clear Sealant","Clear Sealant",,,,,,,,1,0,1,0,0,1,1,1,0,1,1,,,1,0,1,0,1,0,1,0,,0,simple,,
admin,base,Default,simple,"309|19521","Sealers|Caulks and Sealants",102501,"GeoGreen 4350",,"Construction Sealant","","Construction Sealant","",/\G\e\Geocel-GeoGreen-4350-Construction.jpg,/\G\e\Geocel-GeoGreen-4350-Construction.jpg,http://www.48ws.com/images/product/G/e/Geocel-GeoGreen-4350-Construction.jpg,Geocel-GeoGreen-4350-Construction-Sealant,Geocel-GeoGreen-4350-Construction-Sealant,,No layout updates.,Block after Info Column,,"Construction Sealant","Construction Sealant",Use config,"http://www.geocelusa.com/general-construction.html?page=shop.product_details&flypage=flypage.tpl&product_id=69&category_id=13",0,,,0,"Geocel",706,,Enabled,"Catalog, Search",Taxable Goods,Yes,No,"","<br>
<b>Product Description:</b>
<li>GeoGreen 4350™ Construction Sealant is a high performance, chemically curing Scypolymer® sealant that offers excellent adhesion to many substrates including wood, stone, concrete, metal, glass, tile, brick, and asphalt shingles. GeoGreen 4350 Construction Sealant can be used as an interior/exterior sealant, can withstand all weather conditions, is UV resistant, and is tolerant to damp surfaces. GeoGreen 4350 Construction Sealant will not shrink and is solvent free.</li>
<br />
<br />
<b>Product Benefits:</b>
<li>Meets ASTM C 920, Solvent free, Very low dirt pickup, Will not shrink, Fast curing, Permanently flexible, UV resistant, Applies in wet or dry conditions, Paintable with latex-based paints, Meets LEED & NAHB guidelines</li>","<b>Limitations:</b>
<li>Do not use on traffic-bearing surfaces</li>
<br />
<br />
<b>Adheres To:</b>
<li>Wood</li>
<li>stone</li>
<li>concrete</li>
<li>metal</li>
<li>glass</li>
<li>tile</li>
<li>brick</li>
<li>asphalt shingles</li>
<li>other common building substrates</li>
","","Geocel GeoGreen 4350 Construction Sealant ","Construction Sealant",,,,,,,,1,0,1,0,0,1,1,1,0,1,1,,,1,0,1,0,1,0,1,0,,0,simple,,
