﻿store,websites,attribute_set,Type,category_ids,category_names,48WS_product_id,sku,has_options,name,Group_Name,meta_title,meta_description,Image,small_image,thumbnail,url_key,url_path,custom_design,page_layout,options_container,image_label,small_image_label,thumbnail_label,gift_message_available,manufacturer_url,price,special_price,cost,weight,manufacturer,manufacturer_id,color,status,visibility,tax_class_id,enable_googlecheckout,is_recurring,description,short_description,summary,upc,size_info,meta_keyword,custom_layout_update,news_from_date,news_to_date,special_from_date,special_to_date,custom_design_from,custom_design_to,qty,min_qty,use_config_min_qty,is_qty_decimal,backorders,use_config_backorders,min_sale_qty,use_config_min_sale_qty,max_sale_qty,use_config_max_sale_qty,is_in_stock,low_stock_date,notify_stock_qty,use_config_notify_stock_qty,manage_stock,use_config_manage_stock,stock_status_changed_automatically,use_config_qty_increments,qty_increments,use_config_enable_qty_increments,enable_qty_increments,product_name,store_id,product_type_id,product_status_changed,product_changed_websites
admin,base,Default,simple,"1774|26885","Rebar Chairs|Bar Chairs",224421,"GRPROLK41",,"PROLOK High Chair","PROLOK High Chair","PROLOK High Chair","",/\G\R\grip-rite-grprolk41-prolok-high-chair.jpg,/\G\R\grip-rite-grprolk41-prolok-high-chair.jpg,http://www.48ws.com/images/product/G/R/grip-rite-grprolk41-prolok-high-chair.jpg,grip-rite-GRPROLK41-prolok-high-chair,grip-rite-GRPROLK41-prolok-high-chair,,No layout updates.,Block after Info Column,,"PROLOK High Chair","PROLOK High Chair",Use config,"http://www.grip-rite.com/us/en/products/concrete-construction-products/bar-mesh-supports/prolok/high-chair",0,,,0,"Grip-Rite",1292,,Enabled,"Catalog, Search",Taxable Goods,Yes,No,"PROLOK High Chair","</br>
<li>No tie or bar ties needed</li>
<li>Strong, durable & lightweight</li>
<li>I-beam design</li>
<li>Fits #3 - #6 rebar</li>
<li>Fits all mesh sizes</li>
<li>Available in 1-4 in. heights</li>
<li>1-3 in. compatible with PROLOK Sandplate base</li>
<li>Contributes to LEED® points</li>","","","Bar &Mesh #4-1 in.","PROLOK High Chair",,,,,,,,1,0,1,0,0,1,1,1,0,1,1,,,1,0,1,0,1,0,1,0,,0,simple,,
admin,base,Default,simple,"1774|26885","Rebar Chairs|Bar Chairs",224422,"GRPROLK415",,"PROLOK High Chair","PROLOK High Chair","PROLOK High Chair","",/\G\R\grip-rite-grprolk415-prolok-high-chair.jpg,/\G\R\grip-rite-grprolk415-prolok-high-chair.jpg,http://www.48ws.com/images/product/G/R/grip-rite-grprolk415-prolok-high-chair.jpg,grip-rite-GRPROLK415-prolok-high-chair,grip-rite-GRPROLK415-prolok-high-chair,,No layout updates.,Block after Info Column,,"PROLOK High Chair","PROLOK High Chair",Use config,"http://www.grip-rite.com/us/en/products/concrete-construction-products/bar-mesh-supports/prolok/high-chair",0,,,0,"Grip-Rite",1292,,Enabled,"Catalog, Search",Taxable Goods,Yes,No,"PROLOK High Chair","</br>
<li>No tie or bar ties needed</li>
<li>Strong, durable & lightweight</li>
<li>I-beam design</li>
<li>Fits #3 - #6 rebar</li>
<li>Fits all mesh sizes</li>
<li>Available in 1-4 in. heights</li>
<li>1-3 in. compatible with PROLOK Sandplate base</li>
<li>Contributes to LEED® points</li>","","","Bar & Mesh #4-1.5 in.","PROLOK High Chair",,,,,,,,1,0,1,0,0,1,1,1,0,1,1,,,1,0,1,0,1,0,1,0,,0,simple,,
admin,base,Default,simple,"1774|26885","Rebar Chairs|Bar Chairs",224423,"GRPROLK42",,"PROLOK High Chair","PROLOK High Chair","PROLOK High Chair","",/\G\R\grip-rite-grprolk42-prolok-high-chair.jpg,/\G\R\grip-rite-grprolk42-prolok-high-chair.jpg,http://www.48ws.com/images/product/G/R/grip-rite-grprolk42-prolok-high-chair.jpg,grip-rite-GRPROLK42-prolok-high-chair,grip-rite-GRPROLK42-prolok-high-chair,,No layout updates.,Block after Info Column,,"PROLOK High Chair","PROLOK High Chair",Use config,"http://www.grip-rite.com/us/en/products/concrete-construction-products/bar-mesh-supports/prolok/high-chair",0,,,0,"Grip-Rite",1292,,Enabled,"Catalog, Search",Taxable Goods,Yes,No,"PROLOK High Chair","</br>
<li>No tie or bar ties needed</li>
<li>Strong, durable & lightweight</li>
<li>I-beam design</li>
<li>Fits #3 - #6 rebar</li>
<li>Fits all mesh sizes</li>
<li>Available in 1-4 in. heights</li>
<li>1-3 in. compatible with PROLOK Sandplate base</li>
<li>Contributes to LEED® points</li>","","","Bar & Mesh #4-2 in.","PROLOK High Chair",,,,,,,,1,0,1,0,0,1,1,1,0,1,1,,,1,0,1,0,1,0,1,0,,0,simple,,
admin,base,Default,simple,"1774|26885","Rebar Chairs|Bar Chairs",224424,"GRPROLK425",,"PROLOK High Chair","PROLOK High Chair","PROLOK High Chair","",/\G\R\grip-rite-grprolk425-prolok-high-chair.jpg,/\G\R\grip-rite-grprolk425-prolok-high-chair.jpg,http://www.48ws.com/images/product/G/R/grip-rite-grprolk425-prolok-high-chair.jpg,grip-rite-GRPROLK425-prolok-high-chair,grip-rite-GRPROLK425-prolok-high-chair,,No layout updates.,Block after Info Column,,"PROLOK High Chair","PROLOK High Chair",Use config,"http://www.grip-rite.com/us/en/products/concrete-construction-products/bar-mesh-supports/prolok/high-chair",0,,,0,"Grip-Rite",1292,,Enabled,"Catalog, Search",Taxable Goods,Yes,No,"PROLOK High Chair","</br>
<li>No tie or bar ties needed</li>
<li>Strong, durable & lightweight</li>
<li>I-beam design</li>
<li>Fits #3 - #6 rebar</li>
<li>Fits all mesh sizes</li>
<li>Available in 1-4 in. heights</li>
<li>1-3 in. compatible with PROLOK Sandplate base</li>
<li>Contributes to LEED® points</li>","","","Bar & Mesh #4-2.5 in.","PROLOK High Chair",,,,,,,,1,0,1,0,0,1,1,1,0,1,1,,,1,0,1,0,1,0,1,0,,0,simple,,
admin,base,Default,simple,"1774|26885","Rebar Chairs|Bar Chairs",224425,"GRPROLK43",,"PROLOK High Chair","PROLOK High Chair","PROLOK High Chair","",/\G\R\grip-rite-grprolk43-prolok-high-chair.jpg,/\G\R\grip-rite-grprolk43-prolok-high-chair.jpg,http://www.48ws.com/images/product/G/R/grip-rite-grprolk43-prolok-high-chair.jpg,grip-rite-GRPROLK43-prolok-high-chair,grip-rite-GRPROLK43-prolok-high-chair,,No layout updates.,Block after Info Column,,"PROLOK High Chair","PROLOK High Chair",Use config,"http://www.grip-rite.com/us/en/products/concrete-construction-products/bar-mesh-supports/prolok/high-chair",0,,,0,"Grip-Rite",1292,,Enabled,"Catalog, Search",Taxable Goods,Yes,No,"PROLOK High Chair","</br>
<li>No tie or bar ties needed</li>
<li>Strong, durable & lightweight</li>
<li>I-beam design</li>
<li>Fits #3 - #6 rebar</li>
<li>Fits all mesh sizes</li>
<li>Available in 1-4 in. heights</li>
<li>1-3 in. compatible with PROLOK Sandplate base</li>
<li>Contributes to LEED® points</li>","","","Bar & Mesh #4-3 in.","PROLOK High Chair",,,,,,,,1,0,1,0,0,1,1,1,0,1,1,,,1,0,1,0,1,0,1,0,,0,simple,,
admin,base,Default,simple,"1774|26885","Rebar Chairs|Bar Chairs",224426,"GRPROLK44",,"PROLOK High Chair","PROLOK High Chair","PROLOK High Chair","",/\G\R\grip-rite-grprolk44-prolok-high-chair.jpg,/\G\R\grip-rite-grprolk44-prolok-high-chair.jpg,http://www.48ws.com/images/product/G/R/grip-rite-grprolk44-prolok-high-chair.jpg,grip-rite-GRPROLK44-prolok-high-chair,grip-rite-GRPROLK44-prolok-high-chair,,No layout updates.,Block after Info Column,,"PROLOK High Chair","PROLOK High Chair",Use config,"http://www.grip-rite.com/us/en/products/concrete-construction-products/bar-mesh-supports/prolok/high-chair",0,,,0,"Grip-Rite",1292,,Enabled,"Catalog, Search",Taxable Goods,Yes,No,"PROLOK High Chair","</br>
<li>No tie or bar ties needed</li>
<li>Strong, durable & lightweight</li>
<li>I-beam design</li>
<li>Fits #3 - #6 rebar</li>
<li>Fits all mesh sizes</li>
<li>Available in 1-4 in. heights</li>
<li>1-3 in. compatible with PROLOK Sandplate base</li>
<li>Contributes to LEED® points</li>","","","Bar & Mesh #4-4 in.","PROLOK High Chair",,,,,,,,1,0,1,0,0,1,1,1,0,1,1,,,1,0,1,0,1,0,1,0,,0,simple,,
admin,base,Default,simple,"1774|26885","Rebar Chairs|Bar Chairs",224427,"GRPROLK515",,"PROLOK High Chair","PROLOK High Chair","PROLOK High Chair","",/\G\R\grip-rite-grprolk515-prolok-high-chair.jpg,/\G\R\grip-rite-grprolk515-prolok-high-chair.jpg,http://www.48ws.com/images/product/G/R/grip-rite-grprolk515-prolok-high-chair.jpg,grip-rite-GRPROLK515-prolok-high-chair,grip-rite-GRPROLK515-prolok-high-chair,,No layout updates.,Block after Info Column,,"PROLOK High Chair","PROLOK High Chair",Use config,"http://www.grip-rite.com/us/en/products/concrete-construction-products/bar-mesh-supports/prolok/high-chair",0,,,0,"Grip-Rite",1292,,Enabled,"Catalog, Search",Taxable Goods,Yes,No,"PROLOK High Chair","</br>
<li>No tie or bar ties needed</li>
<li>Strong, durable & lightweight</li>
<li>I-beam design</li>
<li>Fits #3 - #6 rebar</li>
<li>Fits all mesh sizes</li>
<li>Available in 1-4 in. heights</li>
<li>1-3 in. compatible with PROLOK Sandplate base</li>
<li>Contributes to LEED® points</li>","","","Bar & Mesh #5-1.5 in.","PROLOK High Chair",,,,,,,,1,0,1,0,0,1,1,1,0,1,1,,,1,0,1,0,1,0,1,0,,0,simple,,
admin,base,Default,simple,"1774|26885","Rebar Chairs|Bar Chairs",224428,"GRPROLK52",,"PROLOK High Chair","PROLOK High Chair","PROLOK High Chair","",/\G\R\grip-rite-grprolk52-prolok-high-chair.jpg,/\G\R\grip-rite-grprolk52-prolok-high-chair.jpg,http://www.48ws.com/images/product/G/R/grip-rite-grprolk52-prolok-high-chair.jpg,grip-rite-GRPROLK52-prolok-high-chair,grip-rite-GRPROLK52-prolok-high-chair,,No layout updates.,Block after Info Column,,"PROLOK High Chair","PROLOK High Chair",Use config,"http://www.grip-rite.com/us/en/products/concrete-construction-products/bar-mesh-supports/prolok/high-chair",0,,,0,"Grip-Rite",1292,,Enabled,"Catalog, Search",Taxable Goods,Yes,No,"PROLOK High Chair","</br>
<li>No tie or bar ties needed</li>
<li>Strong, durable & lightweight</li>
<li>I-beam design</li>
<li>Fits #3 - #6 rebar</li>
<li>Fits all mesh sizes</li>
<li>Available in 1-4 in. heights</li>
<li>1-3 in. compatible with PROLOK Sandplate base</li>
<li>Contributes to LEED® points</li>","","","Bar & Mesh #5-2 in.","PROLOK High Chair",,,,,,,,1,0,1,0,0,1,1,1,0,1,1,,,1,0,1,0,1,0,1,0,,0,simple,,
admin,base,Default,simple,"1774|26885","Rebar Chairs|Bar Chairs",224429,"GRPROLK525",,"PROLOK High Chair","PROLOK High Chair","PROLOK High Chair","",/\G\R\grip-rite-grprolk525-prolok-high-chair.jpg,/\G\R\grip-rite-grprolk525-prolok-high-chair.jpg,http://www.48ws.com/images/product/G/R/grip-rite-grprolk525-prolok-high-chair.jpg,grip-rite-GRPROLK525-prolok-high-chair,grip-rite-GRPROLK525-prolok-high-chair,,No layout updates.,Block after Info Column,,"PROLOK High Chair","PROLOK High Chair",Use config,"http://www.grip-rite.com/us/en/products/concrete-construction-products/bar-mesh-supports/prolok/high-chair",0,,,0,"Grip-Rite",1292,,Enabled,"Catalog, Search",Taxable Goods,Yes,No,"PROLOK High Chair","</br>
<li>No tie or bar ties needed</li>
<li>Strong, durable & lightweight</li>
<li>I-beam design</li>
<li>Fits #3 - #6 rebar</li>
<li>Fits all mesh sizes</li>
<li>Available in 1-4 in. heights</li>
<li>1-3 in. compatible with PROLOK Sandplate base</li>
<li>Contributes to LEED® points</li>","","","Bar & Mesh #5-2.5 in.","PROLOK High Chair",,,,,,,,1,0,1,0,0,1,1,1,0,1,1,,,1,0,1,0,1,0,1,0,,0,simple,,
admin,base,Default,simple,"1774|26885","Rebar Chairs|Bar Chairs",224430,"GRPROLK53",,"PROLOK High Chair","PROLOK High Chair","PROLOK High Chair","",/\G\R\grip-rite-grprolk53-prolok-high-chair.jpg,/\G\R\grip-rite-grprolk53-prolok-high-chair.jpg,http://www.48ws.com/images/product/G/R/grip-rite-grprolk53-prolok-high-chair.jpg,grip-rite-GRPROLK53-prolok-high-chair,grip-rite-GRPROLK53-prolok-high-chair,,No layout updates.,Block after Info Column,,"PROLOK High Chair","PROLOK High Chair",Use config,"http://www.grip-rite.com/us/en/products/concrete-construction-products/bar-mesh-supports/prolok/high-chair",0,,,0,"Grip-Rite",1292,,Enabled,"Catalog, Search",Taxable Goods,Yes,No,"PROLOK High Chair","</br>
<li>No tie or bar ties needed</li>
<li>Strong, durable & lightweight</li>
<li>I-beam design</li>
<li>Fits #3 - #6 rebar</li>
<li>Fits all mesh sizes</li>
<li>Available in 1-4 in. heights</li>
<li>1-3 in. compatible with PROLOK Sandplate base</li>
<li>Contributes to LEED® points</li>","","","Bar & Mesh #5-3 in.","PROLOK High Chair",,,,,,,,1,0,1,0,0,1,1,1,0,1,1,,,1,0,1,0,1,0,1,0,,0,simple,,
admin,base,Default,simple,"1774|26885","Rebar Chairs|Bar Chairs",224431,"GRPROLK54",,"PROLOK High Chair","PROLOK High Chair","PROLOK High Chair","",/\G\R\grip-rite-grprolk54-prolok-high-chair.jpg,/\G\R\grip-rite-grprolk54-prolok-high-chair.jpg,http://www.48ws.com/images/product/G/R/grip-rite-grprolk54-prolok-high-chair.jpg,grip-rite-GRPROLK54-prolok-high-chair,grip-rite-GRPROLK54-prolok-high-chair,,No layout updates.,Block after Info Column,,"PROLOK High Chair","PROLOK High Chair",Use config,"http://www.grip-rite.com/us/en/products/concrete-construction-products/bar-mesh-supports/prolok/high-chair",0,,,0,"Grip-Rite",1292,,Enabled,"Catalog, Search",Taxable Goods,Yes,No,"PROLOK High Chair","</br>
<li>No tie or bar ties needed</li>
<li>Strong, durable & lightweight</li>
<li>I-beam design</li>
<li>Fits #3 - #6 rebar</li>
<li>Fits all mesh sizes</li>
<li>Available in 1-4 in. heights</li>
<li>1-3 in. compatible with PROLOK Sandplate base</li>
<li>Contributes to LEED® points</li>","","","Bar & Mesh #5-4 in.","PROLOK High Chair",,,,,,,,1,0,1,0,0,1,1,1,0,1,1,,,1,0,1,0,1,0,1,0,,0,simple,,
admin,base,Default,simple,"1774|26885","Rebar Chairs|Bar Chairs",224432,"GRPROLK615",,"PROLOK High Chair","PROLOK High Chair","PROLOK High Chair","",/\G\R\grip-rite-grprolk615-prolok-high-chair.jpg,/\G\R\grip-rite-grprolk615-prolok-high-chair.jpg,http://www.48ws.com/images/product/G/R/grip-rite-grprolk615-prolok-high-chair.jpg,grip-rite-GRPROLK615-prolok-high-chair,grip-rite-GRPROLK615-prolok-high-chair,,No layout updates.,Block after Info Column,,"PROLOK High Chair","PROLOK High Chair",Use config,"http://www.grip-rite.com/us/en/products/concrete-construction-products/bar-mesh-supports/prolok/high-chair",0,,,0,"Grip-Rite",1292,,Enabled,"Catalog, Search",Taxable Goods,Yes,No,"PROLOK High Chair","</br>
<li>No tie or bar ties needed</li>
<li>Strong, durable & lightweight</li>
<li>I-beam design</li>
<li>Fits #3 - #6 rebar</li>
<li>Fits all mesh sizes</li>
<li>Available in 1-4 in. heights</li>
<li>1-3 in. compatible with PROLOK Sandplate base</li>
<li>Contributes to LEED® points</li>","","","Bar & Mesh #6-1.5 in.","PROLOK High Chair",,,,,,,,1,0,1,0,0,1,1,1,0,1,1,,,1,0,1,0,1,0,1,0,,0,simple,,
admin,base,Default,simple,"1774|26885","Rebar Chairs|Bar Chairs",224433,"GRPROLK625",,"PROLOK High Chair","PROLOK High Chair","PROLOK High Chair","",/\G\R\grip-rite-grprolk625-prolok-high-chair.jpg,/\G\R\grip-rite-grprolk625-prolok-high-chair.jpg,http://www.48ws.com/images/product/G/R/grip-rite-grprolk625-prolok-high-chair.jpg,grip-rite-GRPROLK625-prolok-high-chair,grip-rite-GRPROLK625-prolok-high-chair,,No layout updates.,Block after Info Column,,"PROLOK High Chair","PROLOK High Chair",Use config,"http://www.grip-rite.com/us/en/products/concrete-construction-products/bar-mesh-supports/prolok/high-chair",0,,,0,"Grip-Rite",1292,,Enabled,"Catalog, Search",Taxable Goods,Yes,No,"PROLOK High Chair","</br>
<li>No tie or bar ties needed</li>
<li>Strong, durable & lightweight</li>
<li>I-beam design</li>
<li>Fits #3 - #6 rebar</li>
<li>Fits all mesh sizes</li>
<li>Available in 1-4 in. heights</li>
<li>1-3 in. compatible with PROLOK Sandplate base</li>
<li>Contributes to LEED® points</li>","","","Bar & Mesh #6-2.5 in.","PROLOK High Chair",,,,,,,,1,0,1,0,0,1,1,1,0,1,1,,,1,0,1,0,1,0,1,0,,0,simple,,
admin,base,Default,simple,"1774|26885","Rebar Chairs|Bar Chairs",224434,"GRPROLK63",,"PROLOK High Chair","PROLOK High Chair","PROLOK High Chair","",/\G\R\grip-rite-grprolk63-prolok-high-chair.jpg,/\G\R\grip-rite-grprolk63-prolok-high-chair.jpg,http://www.48ws.com/images/product/G/R/grip-rite-grprolk63-prolok-high-chair.jpg,grip-rite-GRPROLK63-prolok-high-chair,grip-rite-GRPROLK63-prolok-high-chair,,No layout updates.,Block after Info Column,,"PROLOK High Chair","PROLOK High Chair",Use config,"http://www.grip-rite.com/us/en/products/concrete-construction-products/bar-mesh-supports/prolok/high-chair",0,,,0,"Grip-Rite",1292,,Enabled,"Catalog, Search",Taxable Goods,Yes,No,"PROLOK High Chair","</br>
<li>No tie or bar ties needed</li>
<li>Strong, durable & lightweight</li>
<li>I-beam design</li>
<li>Fits #3 - #6 rebar</li>
<li>Fits all mesh sizes</li>
<li>Available in 1-4 in. heights</li>
<li>1-3 in. compatible with PROLOK Sandplate base</li>
<li>Contributes to LEED® points</li>","","","Bar & Mesh #6-3 in.","PROLOK High Chair",,,,,,,,1,0,1,0,0,1,1,1,0,1,1,,,1,0,1,0,1,0,1,0,,0,simple,,
admin,base,Default,simple,"1774|26885","Rebar Chairs|Bar Chairs",224435,"GRPROLK64",,"PROLOK High Chair","PROLOK High Chair","PROLOK High Chair","",/\G\R\grip-rite-grprolk64-prolok-high-chair.jpg,/\G\R\grip-rite-grprolk64-prolok-high-chair.jpg,http://www.48ws.com/images/product/G/R/grip-rite-grprolk64-prolok-high-chair.jpg,grip-rite-GRPROLK64-prolok-high-chair,grip-rite-GRPROLK64-prolok-high-chair,,No layout updates.,Block after Info Column,,"PROLOK High Chair","PROLOK High Chair",Use config,"http://www.grip-rite.com/us/en/products/concrete-construction-products/bar-mesh-supports/prolok/high-chair",0,,,0,"Grip-Rite",1292,,Enabled,"Catalog, Search",Taxable Goods,Yes,No,"PROLOK High Chair","</br>
<li>No tie or bar ties needed</li>
<li>Strong, durable & lightweight</li>
<li>I-beam design</li>
<li>Fits #3 - #6 rebar</li>
<li>Fits all mesh sizes</li>
<li>Available in 1-4 in. heights</li>
<li>1-3 in. compatible with PROLOK Sandplate base</li>
<li>Contributes to LEED® points</li>","","","Bar & Mesh #6-4 in.","PROLOK High Chair",,,,,,,,1,0,1,0,0,1,1,1,0,1,1,,,1,0,1,0,1,0,1,0,,0,simple,,
admin,base,Default,simple,"2547|27818","Square Washers|Square Washers",224436,"58HGSPW3",,"Square Slotted Washer Hot Dipped Galvanized","","Square Slotted Washer Hot Dipped Galvanized","",/,/,/,58HGSPW3-Grip-Rite-Square-Slotted-Washer-Hot-Dipped-Galvanized,58HGSPW3-Grip-Rite-Square-Slotted-Washer-Hot-Dipped-Galvanized,,No layout updates.,Block after Info Column,,"Square Slotted Washer Hot Dipped Galvanized","Square Slotted Washer Hot Dipped Galvanized",Use config,"",0,,,0,"Grip-Rite",1292,,Enabled,"Catalog, Search",Taxable Goods,Yes,No,"Square Slotted Washer Hot Dipped Galvanized","</br>
<li><b>Fits Bolt Size:</b> 5/8&quot;</li>
<li><b>Washer Size:</b> 3&quot; x 3&quot; x 1/4&quot; x 5/8&quot;</li>
</br>
<center><i>All Grip-Rite hot dipped galvanized fasteners meet ASTM A-153 requirements and can be used with treated lumber.</i></center>

","","","Square Slotted Washer Hot Dipped Galvanized","Square Slotted Washer Hot Dipped Galvanized",,,,,,,,1,0,1,0,0,1,1,1,0,1,1,,,1,0,1,0,1,0,1,0,,0,simple,,
admin,base,Default,simple,"22092","Tarps",460039,"TARP3040",,"30' X 40' POLY TARP","","30' X 40' POLY TARP","",/\T\A\grip-rite-tarp3040-30-x-40-poly-tarp.jpg,/\T\A\grip-rite-tarp3040-30-x-40-poly-tarp.jpg,http://www.48ws.com/images/product/T/A/grip-rite-tarp3040-30-x-40-poly-tarp.jpg,grip-rite-TARP3040-30-x-40-poly-tarp,grip-rite-TARP3040-30-x-40-poly-tarp,,No layout updates.,Block after Info Column,,"30' X 40' POLY TARP","30' X 40' POLY TARP",Use config,"",0,,,0,"Grip-Rite",1292,,Enabled,"Catalog, Search",Taxable Goods,Yes,No,"","Weather resistant
Tear resistant
Mold and mildew resistant
Rust proof grommets","","","","30' X 40' POLY TARP",,,,,,,,1,0,1,0,0,1,1,1,0,1,1,,,1,0,1,0,1,0,1,0,,0,simple,,
admin,base,Default,simple,"22092","Tarps",460040,"TARP4060",,"40' X 60' POLY TARP","","40' X 60' POLY TARP","",/\T\A\grip-rite-tarp4060-40-x-60-poly-tarp.jpg,/\T\A\grip-rite-tarp4060-40-x-60-poly-tarp.jpg,http://www.48ws.com/images/product/T/A/grip-rite-tarp4060-40-x-60-poly-tarp.jpg,grip-rite-TARP4060-40-x-60-poly-tarp,grip-rite-TARP4060-40-x-60-poly-tarp,,No layout updates.,Block after Info Column,,"40' X 60' POLY TARP","40' X 60' POLY TARP",Use config,"",0,,,0,"Grip-Rite",1292,,Enabled,"Catalog, Search",Taxable Goods,Yes,No,"","Weather resistant
Tear resistant
Mold and mildew resistant
Rust proof grommets","","","","40' X 60' POLY TARP",,,,,,,,1,0,1,0,0,1,1,1,0,1,1,,,1,0,1,0,1,0,1,0,,0,simple,,
admin,base,Default,simple,"24589","Electric Air Compressors",485662,"GR100",,"AIR COMPRESSOR 1 HP 1 GALLON CFM .6","Air Compressor","AIR COMPRESSOR 1 HP 1 GALLON CFM .6","",/\G\R\grip-rite-gr100-air-compressor-1-hp-1-gallon-cfm-6.jpg,/\G\R\grip-rite-gr100-air-compressor-1-hp-1-gallon-cfm-6.jpg,http://www.48ws.com/images/product/G/R/grip-rite-gr100-air-compressor-1-hp-1-gallon-cfm-6.jpg,grip-rite-GR100-air-compressor-1-hp-1-gallon-cfm-6,grip-rite-GR100-air-compressor-1-hp-1-gallon-cfm-6,,No layout updates.,Block after Info Column,,"AIR COMPRESSOR 1 HP 1 GALLON CFM .6","AIR COMPRESSOR 1 HP 1 GALLON CFM .6",Use config,"",0,,,0,"Grip-Rite",1292,,Enabled,"Catalog, Search",Taxable Goods,Yes,No,"","","Designed for trim carpentry and other small projects
Plastic protective shroud protects pump and motor
Electric, direct drive, oil-free pump
Overload protection with manual reset
5 amps - will not trip breakers
Ultra quiet
Lightweight and compact - only 2","","","AIR COMPRESSOR 1 HP 1 GALLON CFM .6",,,,,,,,1,0,1,0,0,1,1,1,0,1,1,,,1,0,1,0,1,0,1,0,,0,simple,,
admin,base,Default,simple,"24589","Electric Air Compressors",485663,"GR152CM",,"AIR COMPRESSOR 2 HP 2 GALLON CFM 2.6","Air Compressor","AIR COMPRESSOR 2 HP 2 GALLON CFM 2.6","",/\G\R\grip-rite-gr152cm-air-compressor-2-hp-2-gallon-cfm-26.jpg,/\G\R\grip-rite-gr152cm-air-compressor-2-hp-2-gallon-cfm-26.jpg,http://www.48ws.com/images/product/G/R/grip-rite-gr152cm-air-compressor-2-hp-2-gallon-cfm-26.jpg,grip-rite-GR152CM-air-compressor-2-hp-2-gallon-cfm-26,grip-rite-GR152CM-air-compressor-2-hp-2-gallon-cfm-26,,No layout updates.,Block after Info Column,,"AIR COMPRESSOR 2 HP 2 GALLON CFM 2.6","AIR COMPRESSOR 2 HP 2 GALLON CFM 2.6",Use config,"",0,,,0,"Grip-Rite",1292,,Enabled,"Catalog, Search",Taxable Goods,Yes,No,"","","Features:
Designed to handle small to larger punch-out projects
Oil-free pump 
Extremely quiet and lightweight 
Pontoon-style tank provides a low center of gravity and reduced tip-over
Life expectancy of up to 4,000 hours 
Easy grip handles for jobsite po","","","AIR COMPRESSOR 2 HP 2 GALLON CFM 2.6",,,,,,,,1,0,1,0,0,1,1,1,0,1,1,,,1,0,1,0,1,0,1,0,,0,simple,,
admin,base,Default,simple,"24589","Electric Air Compressors",485664,"GR2540LR",,"AIR COMPRESSOR 2.5 HP 4.0 GALLON CFM 4.5","Air Compressor","AIR COMPRESSOR 2.5 HP 4.0 GALLON CFM 4.5","",/\G\R\grip-rite-gr2540lr-air-compressor-25-hp-40-gallon-cfm-45.jpg,/\G\R\grip-rite-gr2540lr-air-compressor-25-hp-40-gallon-cfm-45.jpg,http://www.48ws.com/images/product/G/R/grip-rite-gr2540lr-air-compressor-25-hp-40-gallon-cfm-45.jpg,grip-rite-GR2540LR-air-compressor-25-hp-40-gallon-cfm-45,grip-rite-GR2540LR-air-compressor-25-hp-40-gallon-cfm-45,,No layout updates.,Block after Info Column,,"AIR COMPRESSOR 2.5 HP 4.0 GALLON CFM 4.5","AIR COMPRESSOR 2.5 HP 4.0 GALLON CFM 4.5",Use config,"",0,,,0,"Grip-Rite",1292,,Enabled,"Catalog, Search",Taxable Goods,Yes,No,"","","Ultra quiet 1725 RPM motor 
Heavy duty pump features a cast iron cylinder 
Locking pull-out handle provides leverage for maximum mobility 
Overload protection with manual reset 
10” no - flat tire never loses air
Initial oil fill included 
Recessed gauges","","","AIR COMPRESSOR 2.5 HP 4.0 GALLON CFM 4.5",,,,,,,,1,0,1,0,0,1,1,1,0,1,1,,,1,0,1,0,1,0,1,0,,0,simple,,
admin,base,Default,simple,"24589","Electric Air Compressors",485665,"GR254CTS",,"AIR COMPRESSOR 2.5 HP 4.3 GALLON CFM 4.0","Air Compressor","AIR COMPRESSOR 2.5 HP 4.3 GALLON CFM 4.0","",/\G\R\grip-rite-gr254cts-air-compressor-25-hp-43-gallon-cfm-40.jpg,/\G\R\grip-rite-gr254cts-air-compressor-25-hp-43-gallon-cfm-40.jpg,http://www.48ws.com/images/product/G/R/grip-rite-gr254cts-air-compressor-25-hp-43-gallon-cfm-40.jpg,grip-rite-GR254CTS-air-compressor-25-hp-43-gallon-cfm-40,grip-rite-GR254CTS-air-compressor-25-hp-43-gallon-cfm-40,,No layout updates.,Block after Info Column,,"AIR COMPRESSOR 2.5 HP 4.3 GALLON CFM 4.0","AIR COMPRESSOR 2.5 HP 4.3 GALLON CFM 4.0",Use config,"",0,,,0,"Grip-Rite",1292,,Enabled,"Catalog, Search",Taxable Goods,Yes,No,"","","","","","AIR COMPRESSOR 2.5 HP 4.3 GALLON CFM 4.0",,,,,,,,1,0,1,0,0,1,1,1,0,1,1,,,1,0,1,0,1,0,1,0,,0,simple,,
admin,base,Default,simple,"20448","Staples",485666,"GRGS161",,"1/2 X 1 CROWN STAPLE 16 GAUGE GALV 10,000/BX","","1/2 X 1 CROWN STAPLE 16 GAUGE GALV 10,000/BX","",/\G\R\grip-rite-grgs161-12-x-1-crown-staple-16-gauge-galv-10000bx.jpg,/\G\R\grip-rite-grgs161-12-x-1-crown-staple-16-gauge-galv-10000bx.jpg,http://www.48ws.com/images/product/G/R/grip-rite-grgs161-12-x-1-crown-staple-16-gauge-galv-10000bx.jpg,grip-rite-GRGS161-12-x-1-crown-staple-16-gauge-galv-10000bx,grip-rite-GRGS161-12-x-1-crown-staple-16-gauge-galv-10000bx,,No layout updates.,Block after Info Column,,"1/2 X 1 CROWN STAPLE 16 GAUGE GALV 10,000/BX","1/2 X 1 CROWN STAPLE 16 GAUGE GALV 10,000/BX",Use config,"",0,,,0,"Grip-Rite",1292,,Enabled,"Catalog, Search",Taxable Goods,Yes,No,"","","For use with most 16 Gauge Medium Crown &quot;GS&quot;-style Staplers, including:
DeWalt
Fasco
Paslode
Spotnails","","","1/2 X 1 CROWN STAPLE 16 GAUGE GALV 10,000/BX",,,,,,,,1,0,1,0,0,1,1,1,0,1,1,,,1,0,1,0,1,0,1,0,,0,simple,,
admin,base,Default,simple,"20402","Concrete / Masonry Nails",631318,"1TFMAS",,"GRIPRITE 1&quot; FLUTED MASONRY NAIL 50LB 1TFMAS","Masonry Nail","GRIPRITE 1&quot; FLUTED MASONRY NAIL 50LB 1TFMAS","",/\1\T\grip-rite-1tfmas-griprite-1-fluted-masonry-nail-50lb-1tfmas.jpg,/\1\T\grip-rite-1tfmas-griprite-1-fluted-masonry-nail-50lb-1tfmas.jpg,http://www.48ws.com/images/product/1/T/grip-rite-1tfmas-griprite-1-fluted-masonry-nail-50lb-1tfmas.jpg,grip-rite-1TFMAS-griprite-1-fluted-masonry-nail-50lb-1tfmas,grip-rite-1TFMAS-griprite-1-fluted-masonry-nail-50lb-1tfmas,,No layout updates.,Block after Info Column,,"GRIPRITE 1&quot; FLUTED MASONRY NAIL 50LB 1TFMAS","GRIPRITE 1&quot; FLUTED MASONRY NAIL 50LB 1TFMAS",Use config,"https://www.grip-rite.com/",0,,,0,"Grip-Rite",1292,,Enabled,"Catalog, Search",Taxable Goods,Yes,No,"GRIPRITE 1&quot; FLUTED MASONRY NAIL","GRIPRITE FLUTED MASONRY NAIL","<ul>
<li>Gauge: 9</li>
<li>Head Size: 5/16&quot;</li>
<li>Shank Style: Fluted</li>
</ul>","76466617392","<ul>
<li>Size: 1&quot;</li>
<li>50LB/BX</li>
</ul>","GRIPRITE 1&quot; FLUTED MASONRY NAIL 50LB 1TFMAS",,,,,,,,1,0,1,0,0,1,1,1,0,1,1,,,1,0,1,0,1,0,1,0,,0,simple,,
admin,base,Default,simple,"20395","Box Nails",631319,"10SPK",,"GRIPRITE 10&quot; BRIGHT LANDSCAPE SPIKE NAIL 50LB CARTON","Spike Nail","GRIPRITE 10&quot; BRIGHT LANDSCAPE SPIKE NAIL 50LB CARTON","",/\1\0\grip-rite-10spk-griprite-10-bright-landscape-spike-nail-50lb-carton.jpg,/\1\0\grip-rite-10spk-griprite-10-bright-landscape-spike-nail-50lb-carton.jpg,http://www.48ws.com/images/product/1/0/grip-rite-10spk-griprite-10-bright-landscape-spike-nail-50lb-carton.jpg,grip-rite-10SPK-griprite-10-bright-landscape-spike-nail-50lb-carton,grip-rite-10SPK-griprite-10-bright-landscape-spike-nail-50lb-carton,,No layout updates.,Block after Info Column,,"GRIPRITE 10&quot; BRIGHT LANDSCAPE SPIKE NAIL 50LB CARTON","GRIPRITE 10&quot; BRIGHT LANDSCAPE SPIKE NAIL 50LB CARTON",Use config,"https://www.grip-rite.com/",0,,,0,"Grip-Rite",1292,,Enabled,"Catalog, Search",Taxable Goods,Yes,No,"GRIPRITE 10&quot; BRIGHT LANDSCAPE SPIKE NAIL CARTON","","<ul>
<li>Used to secure railroad ties, landscaping timbers and thick members used in log home construction.</li>
<li>Length: 10 in.</li>
<li>Diameter: 3/8 in.</li>
<li>Head Size: 3/4 in.</li>
<li>Finish: Bright</li>
<li>Material: Steel</li>
<li>Shank Style: Smooth</li>
</ul>","76466614838","","GRIPRITE 10&quot; BRIGHT LANDSCAPE SPIKE NAIL 50LB CARTON",,,,,,,,1,0,1,0,0,1,1,1,0,1,1,,,1,0,1,0,1,0,1,0,,0,simple,,
admin,base,Default,simple,"20402","Concrete / Masonry Nails",631320,"10HGCTMAS5",,"GRIPRITE 10HGCTMAS5 10D HDG HARD CUT MASONRY HAND NAILS 5LB/BX","Masonry Nail","GRIPRITE 10HGCTMAS5 10D HDG HARD CUT MASONRY HAND NAILS 5LB/BX","",/\1\0\grip-rite-10hgctmas5-griprite-10hgctmas5-10d-hdg-hard-cut-masonry-hand-nails-5lbbx.jpg,/\1\0\grip-rite-10hgctmas5-griprite-10hgctmas5-10d-hdg-hard-cut-masonry-hand-nails-5lbbx.jpg,http://www.48ws.com/images/product/1/0/grip-rite-10hgctmas5-griprite-10hgctmas5-10d-hdg-hard-cut-masonry-hand-nails-5lbbx.jpg,grip-rite-10HGCTMAS5-griprite-10hgctmas5-10d-hdg-hard-cut-masonry-hand-nails-5lbbx,grip-rite-10HGCTMAS5-griprite-10hgctmas5-10d-hdg-hard-cut-masonry-hand-nails-5lbbx,,No layout updates.,Block after Info Column,,"GRIPRITE 10HGCTMAS5 10D HDG HARD CUT MASONRY HAND NAILS 5LB/BX","GRIPRITE 10HGCTMAS5 10D HDG HARD CUT MASONRY HAND NAILS 5LB/BX",Use config,"https://www.grip-rite.com/",0,,,0,"Grip-Rite",1292,,Enabled,"Catalog, Search",Taxable Goods,Yes,No,"GRIPRITE 10D HDG HARD CUT MASONRY HAND NAIL","","<ul>
<li>Penny: 10d</li>
<li>Length: 3&quot;</li>
<li>Shank style: Tempered hardened steel cut</li>
<li>Application: For attaching wood to cinder block, mortar joints, brick walls, and fresh concrete</li>
<li>Blunt point and tapered shank reduce splitting</li>
</ul>","76466653304","","GRIPRITE 10HGCTMAS5 10D HDG HARD CUT MASONRY HAND NAILS 5LB/BX",,,,,,,,1,0,1,0,0,1,1,1,0,1,1,,,1,0,1,0,1,0,1,0,,0,simple,,
admin,base,Default,simple,"20402","Concrete / Masonry Nails",631321,"112TFMAS",,"GRIPRITE 1-1/2 50LB FLUTED MASONRY NAIL 112TFMAS","Masonry Nail","GRIPRITE 1-1/2 50LB FLUTED MASONRY NAIL 112TFMAS","",/\1\1\grip-rite-112tfmas-griprite-1-12-50lb-fluted-masonry-nail-112tfmas.jpg,/\1\1\grip-rite-112tfmas-griprite-1-12-50lb-fluted-masonry-nail-112tfmas.jpg,http://www.48ws.com/images/product/1/1/grip-rite-112tfmas-griprite-1-12-50lb-fluted-masonry-nail-112tfmas.jpg,grip-rite-112TFMAS-griprite-1-12-50lb-fluted-masonry-nail-112tfmas,grip-rite-112TFMAS-griprite-1-12-50lb-fluted-masonry-nail-112tfmas,,No layout updates.,Block after Info Column,,"GRIPRITE 1-1/2 50LB FLUTED MASONRY NAIL 112TFMAS","GRIPRITE 1-1/2 50LB FLUTED MASONRY NAIL 112TFMAS",Use config,"https://www.grip-rite.com/",0,,,0,"Grip-Rite",1292,,Enabled,"Catalog, Search",Taxable Goods,Yes,No,"GRIPRITE 1-1/2 50LB FLUTED MASONRY NAIL","GRIPRITE FLUTED MASONRY NAIL","<ul>
<li>Gauge: 9</li>
<li>Head Size: 5/16&quot;</li>
<li>Shank Style: Fluted</li>
</ul>","76466617413","<ul>
<li>Size: 1-1/2&quot;</li>
<li>50LB/BX</li>
</ul>","GRIPRITE 1-1/2 50LB FLUTED MASONRY NAIL 112TFMAS",,,,,,,,1,0,1,0,0,1,1,1,0,1,1,,,1,0,1,0,1,0,1,0,,0,simple,,
admin,base,Default,simple,"20402","Concrete / Masonry Nails",631322,"112TFMAS5",,"GRIPRITE 112TFMAS5 1-1/2 THS FLUTED MASONRY NAIL 5LB/BX","Masonry Nail","GRIPRITE 112TFMAS5 1-1/2 THS FLUTED MASONRY NAIL 5LB/BX","",/\1\1\grip-rite-112tfmas5-griprite-112tfmas5-1-12-ths-fluted-masonry-nail-5lbbx.jpg,/\1\1\grip-rite-112tfmas5-griprite-112tfmas5-1-12-ths-fluted-masonry-nail-5lbbx.jpg,http://www.48ws.com/images/product/1/1/grip-rite-112tfmas5-griprite-112tfmas5-1-12-ths-fluted-masonry-nail-5lbbx.jpg,grip-rite-112TFMAS5-griprite-112tfmas5-1-12-ths-fluted-masonry-nail-5lbbx,grip-rite-112TFMAS5-griprite-112tfmas5-1-12-ths-fluted-masonry-nail-5lbbx,,No layout updates.,Block after Info Column,,"GRIPRITE 112TFMAS5 1-1/2 THS FLUTED MASONRY NAIL 5LB/BX","GRIPRITE 112TFMAS5 1-1/2 THS FLUTED MASONRY NAIL 5LB/BX",Use config,"https://www.grip-rite.com/",0,,,0,"Grip-Rite",1292,,Enabled,"Catalog, Search",Taxable Goods,Yes,No,"GRIPRITE 1-1/2 5LB FLUTED MASONRY NAIL","GRIPRITE FLUTED MASONRY NAIL","<ul>
<li>Gauge: 9</li>
<li>Head Size: 5/16&quot;</li>
<li>Shank Style: Fluted</li>
</ul>","76466617407","<ul>
<li>Size: 1-1/2&quot;</li>
<li>5LB/BX</li>
</ul>","GRIPRITE 112TFMAS5 1-1/2 THS FLUTED MASONRY NAIL 5LB/BX",,,,,,,,1,0,1,0,0,1,1,1,0,1,1,,,1,0,1,0,1,0,1,0,,0,simple,,
admin,base,Default,simple,"20405","Roofing Nails",631323,"114EGRFG5",,"GRIPRITE 114EGRFG5 1-1/4 ROOFING NAIL 5LB BOX 6/CS","Roofing Nail","GRIPRITE 114EGRFG5 1-1/4 ROOFING NAIL 5LB BOX 6/CS","",/\1\1\grip-rite-114egrfg5-griprite-114egrfg5-1-14-roofing-nail-5lb-box-6cs.jpg,/\1\1\grip-rite-114egrfg5-griprite-114egrfg5-1-14-roofing-nail-5lb-box-6cs.jpg,http://www.48ws.com/images/product/1/1/grip-rite-114egrfg5-griprite-114egrfg5-1-14-roofing-nail-5lb-box-6cs.jpg,grip-rite-114EGRFG5-griprite-114egrfg5-1-14-roofing-nail-5lb-box-6cs,grip-rite-114EGRFG5-griprite-114egrfg5-1-14-roofing-nail-5lb-box-6cs,,No layout updates.,Block after Info Column,,"GRIPRITE 114EGRFG5 1-1/4 ROOFING NAIL 5LB BOX 6/CS","GRIPRITE 114EGRFG5 1-1/4 ROOFING NAIL 5LB BOX 6/CS",Use config,"https://www.grip-rite.com/",0,,,0,"Grip-Rite",1292,,Enabled,"Catalog, Search",Taxable Goods,Yes,No,"GRIPRITE 1-1/4 ROOFING NAIL ","","<ul>
<li>Electro galvanized Roofing Nails</li>
<li>1.25&quot;</li>
<li>11-gauge</li>
<li>7/16&quot; diameter thin flat head</li>
</ul>","76466616467","","GRIPRITE 114EGRFG5 1-1/4 ROOFING NAIL 5LB BOX 6/CS",,,,,,,,1,0,1,0,0,1,1,1,0,1,1,,,1,0,1,0,1,0,1,0,,0,simple,,
admin,base,Default,simple,"24124","Surface Protection Films",631324,"FLT15D226",,"GRIPRITE 15LB FELT PAPER 36/SKID","Asphalt Saturated Organic Felt Paper","GRIPRITE 15LB FELT PAPER 36/SKID","",/\F\L\grip-rite-flt15d226-griprite-15lb-felt-paper-36skid.jpg,/\F\L\grip-rite-flt15d226-griprite-15lb-felt-paper-36skid.jpg,http://www.48ws.com/images/product/F/L/grip-rite-flt15d226-griprite-15lb-felt-paper-36skid.jpg,grip-rite-FLT15D226-griprite-15lb-felt-paper-36skid,grip-rite-FLT15D226-griprite-15lb-felt-paper-36skid,,No layout updates.,Block after Info Column,,"GRIPRITE 15LB FELT PAPER 36/SKID","GRIPRITE 15LB FELT PAPER 36/SKID",Use config,"https://www.grip-rite.com/",0,,,0,"Grip-Rite",1292,,Enabled,"Catalog, Search",Taxable Goods,Yes,No,"Grip-Rite felt paper gives roofs maximum protection from rain and snow. Keeping water out from underneath roof shingles, Grip-Rite felt paper helps to extend the life of a roof.
Manufactured by top felt paper manufacturers, Grip-Rite felt paper can be depended on for its durability and strength in even the toughest of weather conditions.","","<ul>
<li>15# Asphalt Saturated Organic Felt Paper </li>
<li>Meets ASTM D4869 Type I </li>
<li>36 in. x 144 ft. -432 ft SQ.</li>
</ul>","9206414869","","GRIPRITE 15LB FELT PAPER 36/SKID",,,,,,,,1,0,1,0,0,1,1,1,0,1,1,,,1,0,1,0,1,0,1,0,,0,simple,,
admin,base,Default,simple,"20397","Common Nails",631325,"16C",,"GRIPRITE 16 COMMON BRIGHT NAIL 50LB BOX","Common Nail","GRIPRITE 16 COMMON BRIGHT NAIL 50LB BOX","",/\1\6\grip-rite-16c-griprite-16-common-bright-nail-50lb-box.jpg,/\1\6\grip-rite-16c-griprite-16-common-bright-nail-50lb-box.jpg,http://www.48ws.com/images/product/1/6/grip-rite-16c-griprite-16-common-bright-nail-50lb-box.jpg,grip-rite-16C-griprite-16-common-bright-nail-50lb-box,grip-rite-16C-griprite-16-common-bright-nail-50lb-box,,No layout updates.,Block after Info Column,,"GRIPRITE 16 COMMON BRIGHT NAIL 50LB BOX","GRIPRITE 16 COMMON BRIGHT NAIL 50LB BOX",Use config,"https://www.grip-rite.com/",0,,,0,"Grip-Rite",1292,,Enabled,"Catalog, Search",Taxable Goods,Yes,No,"GRIPRITE 16 COMMON BRIGHT NAIL","GRIPRITE COMMON BRIGHT NAIL","<ul>
<li>Common nail</li>
<li>Most popular nail and versatile style</li>
<li>For construction, carpentry and framing</li>
<li>Larger shank provides greater resistance to bending</li>
<li>Made to conform to ASTM F1667</li>
</ul>","76466613211","<ul>
<li>3-1/2&quot; size</li>
<li>16D size</li>
<li>8 gauge</li>
<li>11/32&quot; head size</li>
<li>50LB/BX</li>
</ul>","GRIPRITE 16 COMMON BRIGHT NAIL 50LB BOX",,,,,,,,1,0,1,0,0,1,1,1,0,1,1,,,1,0,1,0,1,0,1,0,,0,simple,,
admin,base,Default,simple,"20407","Sinker Nails",631326,"16CTDSKR5",,"GRIPRITE 16CTDSKR5 16D COATED SINKER NAIL 5LB/BX","Sinker Nail","GRIPRITE 16CTDSKR5 16D COATED SINKER NAIL 5LB/BX","",/\1\6\grip-rite-16ctdskr5-griprite-16ctdskr5-16d-coated-sinker-nail-5lbbx.jpg,/\1\6\grip-rite-16ctdskr5-griprite-16ctdskr5-16d-coated-sinker-nail-5lbbx.jpg,http://www.48ws.com/images/product/1/6/grip-rite-16ctdskr5-griprite-16ctdskr5-16d-coated-sinker-nail-5lbbx.jpg,grip-rite-16CTDSKR5-griprite-16ctdskr5-16d-coated-sinker-nail-5lbbx,grip-rite-16CTDSKR5-griprite-16ctdskr5-16d-coated-sinker-nail-5lbbx,,No layout updates.,Block after Info Column,,"GRIPRITE 16CTDSKR5 16D COATED SINKER NAIL 5LB/BX","GRIPRITE 16CTDSKR5 16D COATED SINKER NAIL 5LB/BX",Use config,"https://www.grip-rite.com/",0,,,0,"Grip-Rite",1292,,Enabled,"Catalog, Search",Taxable Goods,Yes,No,"GRIPRITE 16 COATED SINKER NAIL","GRIPRITE COATED SINKER NAIL","<ul>
<li>Finish: Vinyl Coated</li>
<li>Head Type: Countersunk</li>
<li>Point Type: Diamond</li>
<li>Shank Type: Smooth</li>
</ul>","3890205591","<ul>
<li>Diameter: 9 ga</li>
<li>Head Diameter: 11/32 In.</li>
<li>Length: 3-1/4 In.</li>
<li>Size: 16d</li>
<li>5LB/BX</li>
</ul>","GRIPRITE 16CTDSKR5 16D COATED SINKER NAIL 5LB/BX",,,,,,,,1,0,1,0,0,1,1,1,0,1,1,,,1,0,1,0,1,0,1,0,,0,simple,,
admin,base,Default,simple,"20407","Sinker Nails",631327,"16CTDSKR",,"GRIPRITE 16D SINKER CEMENT COATED NAIL 50LB","Sinker Nail","GRIPRITE 16D SINKER CEMENT COATED NAIL 50LB","",/\1\6\grip-rite-16ctdskr-griprite-16d-sinker-cement-coated-nail-50lb.jpg,/\1\6\grip-rite-16ctdskr-griprite-16d-sinker-cement-coated-nail-50lb.jpg,http://www.48ws.com/images/product/1/6/grip-rite-16ctdskr-griprite-16d-sinker-cement-coated-nail-50lb.jpg,grip-rite-16CTDSKR-griprite-16d-sinker-cement-coated-nail-50lb,grip-rite-16CTDSKR-griprite-16d-sinker-cement-coated-nail-50lb,,No layout updates.,Block after Info Column,,"GRIPRITE 16D SINKER CEMENT COATED NAIL 50LB","GRIPRITE 16D SINKER CEMENT COATED NAIL 50LB",Use config,"https://www.grip-rite.com/",0,,,0,"Grip-Rite",1292,,Enabled,"Catalog, Search",Taxable Goods,Yes,No,"GRIPRITE 16D SINKER CEMENT COATED NAIL","","<ul>
<li>Used in general framing, cement coated sinker nails are coated with a resin coating to increase holding power.</li>
<li>General framing nail</li>
<li>Cement coated for extra holding power</li>
<li>High quality steel</li>
<li>Smooth shank for easy driving</li>
</ul>","76466615673","","GRIPRITE 16D SINKER CEMENT COATED NAIL 50LB",,,,,,,,1,0,1,0,0,1,1,1,0,1,1,,,1,0,1,0,1,0,1,0,,0,simple,,
admin,base,Default,simple,"29047","Duplex Nails",631328,"16DUP",,"GRIPRITE 16DUP 16D DUPLEX NAIL 50LB","Duplex Nail","GRIPRITE 16DUP 16D DUPLEX NAIL 50LB","",/\1\6\grip-rite-16dup-griprite-16dup-16d-duplex-nail-50lb.jpg,/\1\6\grip-rite-16dup-griprite-16dup-16d-duplex-nail-50lb.jpg,http://www.48ws.com/images/product/1/6/grip-rite-16dup-griprite-16dup-16d-duplex-nail-50lb.jpg,grip-rite-16DUP-griprite-16dup-16d-duplex-nail-50lb,grip-rite-16DUP-griprite-16dup-16d-duplex-nail-50lb,,No layout updates.,Block after Info Column,,"GRIPRITE 16DUP 16D DUPLEX NAIL 50LB","GRIPRITE 16DUP 16D DUPLEX NAIL 50LB",Use config,"https://www.grip-rite.com/",0,,,0,"Grip-Rite",1292,,Enabled,"Catalog, Search",Taxable Goods,Yes,No,"GRIPRITE 16DUP 16D DUPLEX NAIL","GRIPRITE 16D DUPLEX NAIL","<ul>
<li>Diameter: 9 ga</li>
<li>Finish: Bright</li>
<li>Head Diameter: 11/32 In.</li>
<li>Head Type: Double</li>
<li>Length: 3 In.</li>
<li>Point Type: Diamond</li>
<li>Shank Type: Smooth</li>
<li>Size: 16d</li>
</ul>","76466613910","<ul>
<li>50LB/BX</li>
</ul>","GRIPRITE 16DUP 16D DUPLEX NAIL 50LB",,,,,,,,1,0,1,0,0,1,1,1,0,1,1,,,1,0,1,0,1,0,1,0,,0,simple,,
admin,base,Default,simple,"29047","Duplex Nails",631329,"16DUP5",,"GRIPRITE 16DUP5 16D BRIGHT DUPLEX NAIL 5LB/BX","Duplex Nail","GRIPRITE 16DUP5 16D BRIGHT DUPLEX NAIL 5LB/BX","",/\1\6\grip-rite-16dup5-griprite-16dup5-16d-bright-duplex-nail-5lbbx.jpg,/\1\6\grip-rite-16dup5-griprite-16dup5-16d-bright-duplex-nail-5lbbx.jpg,http://www.48ws.com/images/product/1/6/grip-rite-16dup5-griprite-16dup5-16d-bright-duplex-nail-5lbbx.jpg,grip-rite-16DUP5-griprite-16dup5-16d-bright-duplex-nail-5lbbx,grip-rite-16DUP5-griprite-16dup5-16d-bright-duplex-nail-5lbbx,,No layout updates.,Block after Info Column,,"GRIPRITE 16DUP5 16D BRIGHT DUPLEX NAIL 5LB/BX","GRIPRITE 16DUP5 16D BRIGHT DUPLEX NAIL 5LB/BX",Use config,"https://www.grip-rite.com/",0,,,0,"Grip-Rite",1292,,Enabled,"Catalog, Search",Taxable Goods,Yes,No,"GRIPRITE 16DUP5 16D BRIGHT DUPLEX NAIL","GRIPRITE 16D DUPLEX NAIL","<ul>
<li>Diameter: 9 ga</li>
<li>Finish: Bright</li>
<li>Head Diameter: 11/32 In.</li>
<li>Head Type: Double</li>
<li>Length: 3 In.</li>
<li>Point Type: Diamond</li>
<li>Shank Type: Smooth</li>
<li>Size: 16d</li>
</ul>","76466613904","<ul>
<li>5LB/BX</li>
</ul>","GRIPRITE 16DUP5 16D BRIGHT DUPLEX NAIL 5LB/BX",,,,,,,,1,0,1,0,0,1,1,1,0,1,1,,,1,0,1,0,1,0,1,0,,0,simple,,
admin,base,Default,simple,"20402","Concrete / Masonry Nails",631330,"1TFMAS5",,"GRIPRITE 1TFMAS5 1^ THS FLUTED MASONRY NAIL 5LB/BX","THS Masonry Nail","GRIPRITE 1TFMAS5 1^ THS FLUTED MASONRY NAIL 5LB/BX","",/\1\T\grip-rite-1tfmas5-griprite-1tfmas5-1-ths-fluted-masonry-nail-5lbbx.jpg,/\1\T\grip-rite-1tfmas5-griprite-1tfmas5-1-ths-fluted-masonry-nail-5lbbx.jpg,http://www.48ws.com/images/product/1/T/grip-rite-1tfmas5-griprite-1tfmas5-1-ths-fluted-masonry-nail-5lbbx.jpg,grip-rite-1TFMAS5-griprite-1tfmas5-1-ths-fluted-masonry-nail-5lbbx,grip-rite-1TFMAS5-griprite-1tfmas5-1-ths-fluted-masonry-nail-5lbbx,,No layout updates.,Block after Info Column,,"GRIPRITE 1TFMAS5 1^ THS FLUTED MASONRY NAIL 5LB/BX","GRIPRITE 1TFMAS5 1^ THS FLUTED MASONRY NAIL 5LB/BX",Use config,"https://www.grip-rite.com/",0,,,0,"Grip-Rite",1292,,Enabled,"Catalog, Search",Taxable Goods,Yes,No,"GRIPRITE 1&quot; THS FLUTED MASONRY NAIL","GRIPRITE THS FLUTED MASONRY NAIL","<ul>
<li>Gauge: 9</li>
<li>Head Size: 5/16&quot;</li>
<li>Shank Style: Fluted</li>
</ul>","76466617386","<ul>
<li>Size: 1&quot;</li>
<li>5LB/BX</li>
</ul>","GRIPRITE 1TFMAS5 1^ THS FLUTED MASONRY NAIL 5LB/BX",,,,,,,,1,0,1,0,0,1,1,1,0,1,1,,,1,0,1,0,1,0,1,0,,0,simple,,
admin,base,Default,simple,"27892","General Construction Screws",631331,"212GCS5",,"GRIPRITE 212GCS5 #9X2-1/2 CONSTRUCTION SCREW T25 5LB/BX","Construction Screw","GRIPRITE 212GCS5 #9X2-1/2 CONSTRUCTION SCREW T25 5LB/BX","",/\2\1\grip-rite-212gcs5-griprite-212gcs5-9x2-12-construction-screw-t25-5lbbx.jpg,/\2\1\grip-rite-212gcs5-griprite-212gcs5-9x2-12-construction-screw-t25-5lbbx.jpg,http://www.48ws.com/images/product/2/1/grip-rite-212gcs5-griprite-212gcs5-9x2-12-construction-screw-t25-5lbbx.jpg,grip-rite-212GCS5-griprite-212gcs5-9x2-12-construction-screw-t25-5lbbx,grip-rite-212GCS5-griprite-212gcs5-9x2-12-construction-screw-t25-5lbbx,,No layout updates.,Block after Info Column,,"GRIPRITE 212GCS5 #9X2-1/2 CONSTRUCTION SCREW T25 5LB/BX","GRIPRITE 212GCS5 #9X2-1/2 CONSTRUCTION SCREW T25 5LB/BX",Use config,"https://www.grip-rite.com/",0,,,0,"Grip-Rite",1292,,Enabled,"Catalog, Search",Taxable Goods,Yes,No,"GRIPRITE 212GCS5 #9X2-1/2 CONSTRUCTION SCREW","GRIPRITE CONSTRUCTION SCREW","<ul>
<li>Gold construction screws. </li>
<li>T-25 Star Drive (Free T-25 bit included in box). </li>
<li>T-17 Point eliminates the need to pre-drill and reduces splitting. </li>
<li>Star Drive Head reduces bit spinout. </li>
<li>Nibs under drive head seat fastener perfectly in wood. </li>
<li>Auger threads aggressively cut through wood.</li>
</ul>","76466668158","<ul>
<li>#9X2-1/2</li>
<li>5LB/BX</li>
</ul>","GRIPRITE 212GCS5 #9X2-1/2 CONSTRUCTION SCREW T25 5LB/BX",,,,,,,,1,0,1,0,0,1,1,1,0,1,1,,,1,0,1,0,1,0,1,0,,0,simple,,
admin,base,Default,simple,"20402","Concrete / Masonry Nails",631332,"212TFMAS5",,"GRIPRITE 212TFMAS5 2-1/2^ THS FLUTED MASONRY NAIL 5LB/BX","THS Masonry Nail","GRIPRITE 212TFMAS5 2-1/2^ THS FLUTED MASONRY NAIL 5LB/BX","",/\2\1\grip-rite-212tfmas5-griprite-212tfmas5-2-12-ths-fluted-masonry-nail-5lbbx.jpg,/\2\1\grip-rite-212tfmas5-griprite-212tfmas5-2-12-ths-fluted-masonry-nail-5lbbx.jpg,http://www.48ws.com/images/product/2/1/grip-rite-212tfmas5-griprite-212tfmas5-2-12-ths-fluted-masonry-nail-5lbbx.jpg,grip-rite-212TFMAS5-griprite-212tfmas5-2-12-ths-fluted-masonry-nail-5lbbx,grip-rite-212TFMAS5-griprite-212tfmas5-2-12-ths-fluted-masonry-nail-5lbbx,,No layout updates.,Block after Info Column,,"GRIPRITE 212TFMAS5 2-1/2^ THS FLUTED MASONRY NAIL 5LB/BX","GRIPRITE 212TFMAS5 2-1/2^ THS FLUTED MASONRY NAIL 5LB/BX",Use config,"https://www.grip-rite.com/",0,,,0,"Grip-Rite",1292,,Enabled,"Catalog, Search",Taxable Goods,Yes,No,"GRIPRITE 1&quot; THS FLUTED MASONRY NAIL","GRIPRITE THS FLUTED MASONRY NAIL","<ul>
<li>Gauge: 9</li>
<li>Head Size: 5/16&quot;</li>
<li>Shank Style: Fluted</li>
</ul>","76466617452","<ul>
<li>Size:2-1/2&quot;</li>
<li>5LB/BX</li>
</ul>","GRIPRITE 212TFMAS5 2-1/2^ THS FLUTED MASONRY NAIL 5LB/BX",,,,,,,,1,0,1,0,0,1,1,1,0,1,1,,,1,0,1,0,1,0,1,0,,0,simple,,
admin,base,Default,simple,"20399","Drywall Screw Nails",631333,"2ATDWlh",,"GRIPRITE 2ATDWlh 2^ BRIGHT DRYWALL NAIL 50LB/BX","Drywall Nail","GRIPRITE 2ATDWlh 2^ BRIGHT DRYWALL NAIL 50LB/BX","",/\2\A\grip-rite-2atdwlh-griprite-2atdwlh-2-bright-drywall-nail-50lbbx.jpg,/\2\A\grip-rite-2atdwlh-griprite-2atdwlh-2-bright-drywall-nail-50lbbx.jpg,http://www.48ws.com/images/product/2/A/grip-rite-2atdwlh-griprite-2atdwlh-2-bright-drywall-nail-50lbbx.jpg,grip-rite-2ATDWlh-griprite-2atdwlh-2-bright-drywall-nail-50lbbx,grip-rite-2ATDWlh-griprite-2atdwlh-2-bright-drywall-nail-50lbbx,,No layout updates.,Block after Info Column,,"GRIPRITE 2ATDWlh 2^ BRIGHT DRYWALL NAIL 50LB/BX","GRIPRITE 2ATDWlh 2^ BRIGHT DRYWALL NAIL 50LB/BX",Use config,"https://www.grip-rite.com/",0,,,0,"Grip-Rite",1292,,Enabled,"Catalog, Search",Taxable Goods,Yes,No,"GRIPRITE 2ATDW 2&quot; BRIGHT DRYWALL NAIL","","<ul>
<li>Size: 2 in. </li>
<li>Gauge: 12-1/2</li>
<li>Head Size: 19/64 in.</li>
<li>Shank Style: Ring</li>
</ul>","76466650124","","GRIPRITE 2ATDWlh 2^ BRIGHT DRYWALL NAIL 50LB/BX",,,,,,,,1,0,1,0,0,1,1,1,0,1,1,,,1,0,1,0,1,0,1,0,,0,simple,,
admin,base,Default,simple,"20397","Common Nails",631334,"3C",,"GRIPRITE 3D COMMON NAIL 50LB","Common Nail","GRIPRITE 3D COMMON NAIL 50LB","",/\3\C\grip-rite-3c-griprite-3d-common-nail-50lb.jpg,/\3\C\grip-rite-3c-griprite-3d-common-nail-50lb.jpg,http://www.48ws.com/images/product/3/C/grip-rite-3c-griprite-3d-common-nail-50lb.jpg,grip-rite-3C-griprite-3d-common-nail-50lb,grip-rite-3C-griprite-3d-common-nail-50lb,,No layout updates.,Block after Info Column,,"GRIPRITE 3D COMMON NAIL 50LB","GRIPRITE 3D COMMON NAIL 50LB",Use config,"https://www.grip-rite.com/",0,,,0,"Grip-Rite",1292,,Enabled,"Catalog, Search",Taxable Goods,Yes,No,"GRIPRITE 3D COMMON BRIGHT NAIL","GRIPRITE COMMON BRIGHT NAIL","<ul>
<li>Common nail</li>
<li>Most popular nail and versatile style</li>
<li>For construction, carpentry and framing</li>
<li>Larger shank provides greater resistance to bending</li>
<li>Made to conform to ASTM F1667</li>
</ul>","76466613121","<ul>
<li>1-1/4&quot; size</li>
<li>3D size</li>
<li>14 gauge</li>
<li>13/64&quot; head size</li>
<li>50LB/BX</li>
</ul>","GRIPRITE 3D COMMON NAIL 50LB",,,,,,,,1,0,1,0,0,1,1,1,0,1,1,,,1,0,1,0,1,0,1,0,,0,simple,,
admin,base,Default,simple,"27892","General Construction Screws",631335,"3GCS5",,"GRIPRITE 3GCS5 #9X3 CONSTRUCTION SCREW T25 5LB/BX","Construction Screw","GRIPRITE 3GCS5 #9X3 CONSTRUCTION SCREW T25 5LB/BX","",/\3\G\grip-rite-3gcs5-griprite-3gcs5-9x3-construction-screw-t25-5lbbx.jpg,/\3\G\grip-rite-3gcs5-griprite-3gcs5-9x3-construction-screw-t25-5lbbx.jpg,http://www.48ws.com/images/product/3/G/grip-rite-3gcs5-griprite-3gcs5-9x3-construction-screw-t25-5lbbx.jpg,grip-rite-3GCS5-griprite-3gcs5-9x3-construction-screw-t25-5lbbx,grip-rite-3GCS5-griprite-3gcs5-9x3-construction-screw-t25-5lbbx,,No layout updates.,Block after Info Column,,"GRIPRITE 3GCS5 #9X3 CONSTRUCTION SCREW T25 5LB/BX","GRIPRITE 3GCS5 #9X3 CONSTRUCTION SCREW T25 5LB/BX",Use config,"https://www.grip-rite.com/",0,,,0,"Grip-Rite",1292,,Enabled,"Catalog, Search",Taxable Goods,Yes,No,"GRIPRITE 3GCS5 #9X3 CONSTRUCTION SCREW","GRIPRITE CONSTRUCTION SCREW","<ul>
<li>Gold construction screws. </li>
<li>T-25 Star Drive (Free T-25 bit included in box). </li>
<li>T-17 Point eliminates the need to pre-drill and reduces splitting. </li>
<li>Star Drive Head reduces bit spinout. </li>
<li>Nibs under drive head seat fastener perfectly in wood. </li>
<li>Auger threads aggressively cut through wood.</li>
</ul>","76466668032","<ul>
<li>#9X3</li>
<li>5LB/BX</li>
</ul>","GRIPRITE 3GCS5 #9X3 CONSTRUCTION SCREW T25 5LB/BX",,,,,,,,1,0,1,0,0,1,1,1,0,1,1,,,1,0,1,0,1,0,1,0,,0,simple,,
admin,base,Default,simple,"19791","Trash Bags",631336,"42TRASH",,"GRIPRITE 42TRASH AP 42GL 3MIL CONTRACTOR BAG 20/BX 168/PALLET","Contractor Bag","GRIPRITE 42TRASH AP 42GL 3MIL CONTRACTOR BAG 20/BX 168/PALLET","",/\4\2\grip-rite-42trash-griprite-42trash-ap-42gl-3mil-contractor-bag-20bx-168pallet.jpg,/\4\2\grip-rite-42trash-griprite-42trash-ap-42gl-3mil-contractor-bag-20bx-168pallet.jpg,http://www.48ws.com/images/product/4/2/grip-rite-42trash-griprite-42trash-ap-42gl-3mil-contractor-bag-20bx-168pallet.jpg,grip-rite-42TRASH-griprite-42trash-ap-42gl-3mil-contractor-bag-20bx-168pallet,grip-rite-42TRASH-griprite-42trash-ap-42gl-3mil-contractor-bag-20bx-168pallet,,No layout updates.,Block after Info Column,,"GRIPRITE 42TRASH AP 42GL 3MIL CONTRACTOR BAG 20/BX 168/PALLET","GRIPRITE 42TRASH AP 42GL 3MIL CONTRACTOR BAG 20/BX 168/PALLET",Use config,"https://www.grip-rite.com/",0,,,0,"Grip-Rite",1292,,Enabled,"Catalog, Search",Taxable Goods,Yes,No,"GRIPRITE 42TRASH AP 42GL 3MIL CONTRACTOR BAG","","<ul>
<li>Made from recycled product</li>
<li>Heavy trash clean-up</li>
<li>Lawn clean-up</li>
<li>All purpose clean-up</li>
<li>3 Mil – 42 gallon</li>
<li>Ties included</li>
</ul>","85668200016","","GRIPRITE 42TRASH AP 42GL 3MIL CONTRACTOR BAG 20/BX 168/PALLET",,,,,,,,1,0,1,0,0,1,1,1,0,1,1,,,1,0,1,0,1,0,1,0,,0,simple,,
admin,base,Default,simple,"20397","Common Nails",631337,"6C",,"GRIPRITE 6 BRIGHT COMMON NAIL 50LB CARTON","Common Nail","GRIPRITE 6 BRIGHT COMMON NAIL 50LB CARTON","",/\6\C\grip-rite-6c-griprite-6-bright-common-nail-50lb-carton.jpg,/\6\C\grip-rite-6c-griprite-6-bright-common-nail-50lb-carton.jpg,http://www.48ws.com/images/product/6/C/grip-rite-6c-griprite-6-bright-common-nail-50lb-carton.jpg,grip-rite-6C-griprite-6-bright-common-nail-50lb-carton,grip-rite-6C-griprite-6-bright-common-nail-50lb-carton,,No layout updates.,Block after Info Column,,"GRIPRITE 6 BRIGHT COMMON NAIL 50LB CARTON","GRIPRITE 6 BRIGHT COMMON NAIL 50LB CARTON",Use config,"https://www.grip-rite.com/",0,,,0,"Grip-Rite",1292,,Enabled,"Catalog, Search",Taxable Goods,Yes,No,"GRIPRITE 6D COMMON BRIGHT NAIL","GRIPRITE COMMON BRIGHT NAIL","<ul>
<li>Common nail</li>
<li>Most popular nail and versatile style</li>
<li>For construction, carpentry and framing</li>
<li>Larger shank provides greater resistance to bending</li>
<li>Made to conform to ASTM F1667</li>
</ul>","76466613154","<ul>
<li>2&quot; size</li>
<li>6D size</li>
<li>11-1/2 gauge</li>
<li>17/64&quot; head size</li>
<li>50LB/BX</li>
</ul>","GRIPRITE 6 BRIGHT COMMON NAIL 50LB CARTON",,,,,,,,1,0,1,0,0,1,1,1,0,1,1,,,1,0,1,0,1,0,1,0,,0,simple,,
admin,base,Default,simple,"20407","Sinker Nails",631338,"7CTDSKR",,"GRIPRITE 7D COATED SINKER NAIL 50LB CARTON","Sinker Nail","GRIPRITE 7D COATED SINKER NAIL 50LB CARTON","",/\7\C\grip-rite-7ctdskr-griprite-7d-coated-sinker-nail-50lb-carton.jpg,/\7\C\grip-rite-7ctdskr-griprite-7d-coated-sinker-nail-50lb-carton.jpg,http://www.48ws.com/images/product/7/C/grip-rite-7ctdskr-griprite-7d-coated-sinker-nail-50lb-carton.jpg,grip-rite-7CTDSKR-griprite-7d-coated-sinker-nail-50lb-carton,grip-rite-7CTDSKR-griprite-7d-coated-sinker-nail-50lb-carton,,No layout updates.,Block after Info Column,,"GRIPRITE 7D COATED SINKER NAIL 50LB CARTON","GRIPRITE 7D COATED SINKER NAIL 50LB CARTON",Use config,"https://www.grip-rite.com/",0,,,0,"Grip-Rite",1292,,Enabled,"Catalog, Search",Taxable Goods,Yes,No,"GRIPRITE 7D COATED SINKER NAIL","GRIPRITE COATED SINKER NAIL","<ul>
<li>Finish: Vinyl Coated</li>
<li>Head Type: Countersunk</li>
<li>Point Type: Diamond</li>
<li>Shank Type: Smooth</li>
</ul>","76466615625","<ul>
<li>Diameter: 12-1/2 ga</li>
<li>Head Diameter: 1/4 In.</li>
<li>Length: 2-1/8 In.</li>
<li>Size: 7d</li>
<li>50LB/BX</li>
</ul>","GRIPRITE 7D COATED SINKER NAIL 50LB CARTON",,,,,,,,1,0,1,0,0,1,1,1,0,1,1,,,1,0,1,0,1,0,1,0,,0,simple,,
admin,base,Default,simple,"20407","Sinker Nails",631339,"8CTDSKR5",,"GRIPRITE 8CTDSKR5 8D COATED SINKER NAIL 5LB/BX","Sinker Nail","GRIPRITE 8CTDSKR5 8D COATED SINKER NAIL 5LB/BX","",/\8\C\grip-rite-8ctdskr5-griprite-8ctdskr5-8d-coated-sinker-nail-5lbbx.jpg,/\8\C\grip-rite-8ctdskr5-griprite-8ctdskr5-8d-coated-sinker-nail-5lbbx.jpg,http://www.48ws.com/images/product/8/C/grip-rite-8ctdskr5-griprite-8ctdskr5-8d-coated-sinker-nail-5lbbx.jpg,grip-rite-8CTDSKR5-griprite-8ctdskr5-8d-coated-sinker-nail-5lbbx,grip-rite-8CTDSKR5-griprite-8ctdskr5-8d-coated-sinker-nail-5lbbx,,No layout updates.,Block after Info Column,,"GRIPRITE 8CTDSKR5 8D COATED SINKER NAIL 5LB/BX","GRIPRITE 8CTDSKR5 8D COATED SINKER NAIL 5LB/BX",Use config,"https://www.grip-rite.com/",0,,,0,"Grip-Rite",1292,,Enabled,"Catalog, Search",Taxable Goods,Yes,No,"GRIPRITE 7D COATED SINKER NAIL","GRIPRITE COATED SINKER NAIL","<ul>
<li>Finish: Vinyl Coated</li>
<li>Head Type: Countersunk</li>
<li>Point Type: Diamond</li>
<li>Shank Type: Smooth</li>
</ul>","76466615631","<ul>
<li>Diameter: 11-1/2 ga</li>
<li>Head Diameter: 17/64 In.</li>
<li>Length: 2-3/8 In.</li>
<li>Size: 8d</li>
<li>5LB/BX</li>
</ul>","GRIPRITE 8CTDSKR5 8D COATED SINKER NAIL 5LB/BX",,,,,,,,1,0,1,0,0,1,1,1,0,1,1,,,1,0,1,0,1,0,1,0,,0,simple,,
admin,base,Default,simple,"20397","Common Nails",631340,"8C",,"GRIPRITE 8D COMMON NAIL 50LB","Common Nail","GRIPRITE 8D COMMON NAIL 50LB","",/\8\C\grip-rite-8c-griprite-8d-common-nail-50lb.jpg,/\8\C\grip-rite-8c-griprite-8d-common-nail-50lb.jpg,http://www.48ws.com/images/product/8/C/grip-rite-8c-griprite-8d-common-nail-50lb.jpg,grip-rite-8C-griprite-8d-common-nail-50lb,grip-rite-8C-griprite-8d-common-nail-50lb,,No layout updates.,Block after Info Column,,"GRIPRITE 8D COMMON NAIL 50LB","GRIPRITE 8D COMMON NAIL 50LB",Use config,"https://www.grip-rite.com/",0,,,0,"Grip-Rite",1292,,Enabled,"Catalog, Search",Taxable Goods,Yes,No,"GRIPRITE 8D COMMON BRIGHT NAIL","GRIPRITE COMMON BRIGHT NAIL","<ul>
<li>Common nail</li>
<li>Most popular nail and versatile style</li>
<li>For construction, carpentry and framing</li>
<li>Larger shank provides greater resistance to bending</li>
<li>Made to conform to ASTM F1667</li>
</ul>","76466613175","<ul>
<li>2-1/2&quot; size</li>
<li>8D size</li>
<li>10-1/2 gauge</li>
<li>9/32&quot; head size</li>
<li>50LB/BX</li>
</ul>","GRIPRITE 8D COMMON NAIL 50LB",,,,,,,,1,0,1,0,0,1,1,1,0,1,1,,,1,0,1,0,1,0,1,0,,0,simple,,
admin,base,Default,simple,"29047","Duplex Nails",631341,"8DUP",,"GRIPRITE 8D DUPLEX SCAFFOLD NAIL 50LB","Duplex Nail","GRIPRITE 8D DUPLEX SCAFFOLD NAIL 50LB","",/\8\D\grip-rite-8dup-griprite-8d-duplex-scaffold-nail-50lb.jpg,/\8\D\grip-rite-8dup-griprite-8d-duplex-scaffold-nail-50lb.jpg,http://www.48ws.com/images/product/8/D/grip-rite-8dup-griprite-8d-duplex-scaffold-nail-50lb.jpg,grip-rite-8DUP-griprite-8d-duplex-scaffold-nail-50lb,grip-rite-8DUP-griprite-8d-duplex-scaffold-nail-50lb,,No layout updates.,Block after Info Column,,"GRIPRITE 8D DUPLEX SCAFFOLD NAIL 50LB","GRIPRITE 8D DUPLEX SCAFFOLD NAIL 50LB",Use config,"https://www.grip-rite.com/",0,,,0,"Grip-Rite",1292,,Enabled,"Catalog, Search",Taxable Goods,Yes,No,"GRIPRITE 8DUP 8D BRIGHT DUPLEX NAIL","GRIPRITE 8DUP 8D BRIGHT DUPLEX NAIL","<ul>
<li>Diameter: 10-1/4 ga</li>
<li>Finish: Bright</li>
<li>Head Diameter: 9/32 In.</li>
<li>Head Type: Double</li>
<li>Length: 2-1/4 In.</li>
<li>Point Type: Diamond</li>
<li>Shank Type: Smooth</li>
<li>Size: 8d</li>
</ul>","76466613874","<ul>
<li>50LB/BX</li>
</ul>","GRIPRITE 8D DUPLEX SCAFFOLD NAIL 50LB",,,,,,,,1,0,1,0,0,1,1,1,0,1,1,,,1,0,1,0,1,0,1,0,,0,simple,,
admin,base,Default,simple,"29047","Duplex Nails",631342,"8DUP5",,"GRIPRITE 8DUP5 8D BRIGHT DUPLEX NAIL 5LB/BX","Duplex Nail","GRIPRITE 8DUP5 8D BRIGHT DUPLEX NAIL 5LB/BX","",/\8\D\grip-rite-8dup5-griprite-8dup5-8d-bright-duplex-nail-5lbbx.jpg,/\8\D\grip-rite-8dup5-griprite-8dup5-8d-bright-duplex-nail-5lbbx.jpg,http://www.48ws.com/images/product/8/D/grip-rite-8dup5-griprite-8dup5-8d-bright-duplex-nail-5lbbx.jpg,grip-rite-8DUP5-griprite-8dup5-8d-bright-duplex-nail-5lbbx,grip-rite-8DUP5-griprite-8dup5-8d-bright-duplex-nail-5lbbx,,No layout updates.,Block after Info Column,,"GRIPRITE 8DUP5 8D BRIGHT DUPLEX NAIL 5LB/BX","GRIPRITE 8DUP5 8D BRIGHT DUPLEX NAIL 5LB/BX",Use config,"https://www.grip-rite.com/",0,,,0,"Grip-Rite",1292,,Enabled,"Catalog, Search",Taxable Goods,Yes,No,"GRIPRITE 8DUP5 8D BRIGHT DUPLEX NAIL","GRIPRITE 8DUP 8D BRIGHT DUPLEX NAIL","<ul>
<li>Diameter: 10-1/4 ga</li>
<li>Finish: Bright</li>
<li>Head Diameter: 9/32 In.</li>
<li>Head Type: Double</li>
<li>Length: 2-1/4 In.</li>
<li>Point Type: Diamond</li>
<li>Shank Type: Smooth</li>
<li>Size: 8d</li>
</ul>","76466613868","<ul>
<li>5LB/BX</li>
</ul>","GRIPRITE 8DUP5 8D BRIGHT DUPLEX NAIL 5LB/BX",,,,,,,,1,0,1,0,0,1,1,1,0,1,1,,,1,0,1,0,1,0,1,0,,0,simple,,
admin,base,Default,simple,"20402","Concrete / Masonry Nails",631343,"8HGCUTMAS5",,"GRIPRITE 8HGCUTMAS5 8D HDG HARD CUT MASONRY HAND NAILS 5LB/BX","Masonry Nail","GRIPRITE 8HGCUTMAS5 8D HDG HARD CUT MASONRY HAND NAILS 5LB/BX","",/\8\H\grip-rite-8hgcutmas5-griprite-8hgcutmas5-8d-hdg-hard-cut-masonry-hand-nails-5lbbx.jpg,/\8\H\grip-rite-8hgcutmas5-griprite-8hgcutmas5-8d-hdg-hard-cut-masonry-hand-nails-5lbbx.jpg,http://www.48ws.com/images/product/8/H/grip-rite-8hgcutmas5-griprite-8hgcutmas5-8d-hdg-hard-cut-masonry-hand-nails-5lbbx.jpg,grip-rite-8HGCUTMAS5-griprite-8hgcutmas5-8d-hdg-hard-cut-masonry-hand-nails-5lbbx,grip-rite-8HGCUTMAS5-griprite-8hgcutmas5-8d-hdg-hard-cut-masonry-hand-nails-5lbbx,,No layout updates.,Block after Info Column,,"GRIPRITE 8HGCUTMAS5 8D HDG HARD CUT MASONRY HAND NAILS 5LB/BX","GRIPRITE 8HGCUTMAS5 8D HDG HARD CUT MASONRY HAND NAILS 5LB/BX",Use config,"https://www.grip-rite.com/",0,,,0,"Grip-Rite",1292,,Enabled,"Catalog, Search",Taxable Goods,Yes,No,"GRIPRITE 8D HDG HARD CUT MASONRY HAND NAIL","","<ul>
<li>Penny: 8d</li>
<li>Length: 2-1/2&quot;</li>
<li>Shank style: Tempered hardened steel cut</li>
<li>Application: For attaching wood to cinder block, mortar joints, brick walls, and fresh concrete</li>
<li>Blunt point and tapered shank reduce splitting</li>
</ul>","76466653218","","GRIPRITE 8HGCUTMAS5 8D HDG HARD CUT MASONRY HAND NAILS 5LB/BX",,,,,,,,1,0,1,0,0,1,1,1,0,1,1,,,1,0,1,0,1,0,1,0,,0,simple,,
admin,base,Default,simple,"26082","Barrier, Flagging and Underground Tapes",631344,"BTCC31000G",,"GRIPRITE BTCC31000G BILINGUAL CAUTION TAPE 6/CS","Caution Tape","GRIPRITE BTCC31000G BILINGUAL CAUTION TAPE 6/CS","",/\B\T\grip-rite-btcc31000g-griprite-btcc31000g-bilingual-caution-tape-6cs.jpg,/\B\T\grip-rite-btcc31000g-griprite-btcc31000g-bilingual-caution-tape-6cs.jpg,http://www.48ws.com/images/product/B/T/grip-rite-btcc31000g-griprite-btcc31000g-bilingual-caution-tape-6cs.jpg,grip-rite-BTCC31000G-griprite-btcc31000g-bilingual-caution-tape-6cs,grip-rite-BTCC31000G-griprite-btcc31000g-bilingual-caution-tape-6cs,,No layout updates.,Block after Info Column,,"GRIPRITE BTCC31000G BILINGUAL CAUTION TAPE 6/CS","GRIPRITE BTCC31000G BILINGUAL CAUTION TAPE 6/CS",Use config,"https://www.grip-rite.com/",0,,,0,"Grip-Rite",1292,,Enabled,"Catalog, Search",Taxable Goods,Yes,No,"Grip-Rite barrier tape is ideal for identifying jobsite hazards, work areas, and for crowd control. Made of durable 2 mil polyethylene, Grip-Rite barrier tape is highly visible on the jobsite and on your retail shelf.","Grip-Rite barrier tape is ideal for identifying jobsite hazards, work areas, and for crowd control. Made of durable 2 mil polyethylene, Grip-Rite barrier tape is highly visible on the jobsite and on your retail shelf.","<ul>
<li>3 in. x 1,000 ft.</li>
<li>Individually wrapped and labeled rolls</li>
<li>Suitable for peg hanging or shelf display</li>
<li>Open top display cartons</li>
</ul>","76466658758","<ul>
<li>Caution/Cuidado Tape</li>
</ul>","GRIPRITE BTCC31000G BILINGUAL CAUTION TAPE 6/CS",,,,,,,,1,0,1,0,0,1,1,1,0,1,1,,,1,0,1,0,1,0,1,0,,0,simple,,
admin,base,Default,simple,"26082","Barrier, Flagging and Underground Tapes",631345,"BTP31000GR",,"GRIPRITE BTP31000GR 3X1000 BILINGUAL DANGER TAPE 6/CS","Caution Tape","GRIPRITE BTP31000GR 3X1000 BILINGUAL DANGER TAPE 6/CS","",/\B\T\grip-rite-btp31000gr-griprite-btp31000gr-3x1000-bilingual-danger-tape-6cs.jpg,/\B\T\grip-rite-btp31000gr-griprite-btp31000gr-3x1000-bilingual-danger-tape-6cs.jpg,http://www.48ws.com/images/product/B/T/grip-rite-btp31000gr-griprite-btp31000gr-3x1000-bilingual-danger-tape-6cs.jpg,grip-rite-BTP31000GR-griprite-btp31000gr-3x1000-bilingual-danger-tape-6cs,grip-rite-BTP31000GR-griprite-btp31000gr-3x1000-bilingual-danger-tape-6cs,,No layout updates.,Block after Info Column,,"GRIPRITE BTP31000GR 3X1000 BILINGUAL DANGER TAPE 6/CS","GRIPRITE BTP31000GR 3X1000 BILINGUAL DANGER TAPE 6/CS",Use config,"https://www.grip-rite.com/",0,,,0,"Grip-Rite",1292,,Enabled,"Catalog, Search",Taxable Goods,Yes,No,"Grip-Rite barrier tape is ideal for identifying jobsite hazards, work areas, and for crowd control. Made of durable 2 mil polyethylene, Grip-Rite barrier tape is highly visible on the jobsite and on your retail shelf.","Grip-Rite barrier tape is ideal for identifying jobsite hazards, work areas, and for crowd control. Made of durable 2 mil polyethylene, Grip-Rite barrier tape is highly visible on the jobsite and on your retail shelf.","<ul>
<li>3 in. x 1,000 ft.</li>
<li>Individually wrapped and labeled rolls</li>
<li>Suitable for peg hanging or shelf display</li>
<li>Open top display cartons</li>
</ul>","76466658756","<ul>
<li>Danger/Peligro Tape</li>
</ul>","GRIPRITE BTP31000GR 3X1000 BILINGUAL DANGER TAPE 6/CS",,,,,,,,1,0,1,0,0,1,1,1,0,1,1,,,1,0,1,0,1,0,1,0,,0,simple,,
admin,base,Default,simple,"26962","Concrete Screws",631346,"CB1145",,"GRIPRITE CB1145 #8X1-1/4 COATED CEMENT BOARD SCREW SHARP POINT 5LB/BX","Cement Board Screw","GRIPRITE CB1145 #8X1-1/4 COATED CEMENT BOARD SCREW SHARP POINT 5LB/BX","",/\C\B\grip-rite-cb1145-griprite-cb1145-8x1-14-coated-cement-board-screw-sharp-point-5lbbx.jpg,/\C\B\grip-rite-cb1145-griprite-cb1145-8x1-14-coated-cement-board-screw-sharp-point-5lbbx.jpg,http://www.48ws.com/images/product/C/B/grip-rite-cb1145-griprite-cb1145-8x1-14-coated-cement-board-screw-sharp-point-5lbbx.jpg,grip-rite-CB1145-griprite-cb1145-8x1-14-coated-cement-board-screw-sharp-point-5lbbx,grip-rite-CB1145-griprite-cb1145-8x1-14-coated-cement-board-screw-sharp-point-5lbbx,,No layout updates.,Block after Info Column,,"GRIPRITE CB1145 #8X1-1/4 COATED CEMENT BOARD SCREW SHARP POINT 5LB/BX","GRIPRITE CB1145 #8X1-1/4 COATED CEMENT BOARD SCREW SHARP POINT 5LB/BX",Use config,"https://www.grip-rite.com/",0,,,0,"Grip-Rite",1292,,Enabled,"Catalog, Search",Taxable Goods,Yes,No,"GRIPRITE CB1145 #8X1-1/4 COATED CEMENT BOARD SCREW","","<ul>
<li>For fastening cement board to wood or light gauge steel studs.</li>
<li>SIZE: #8 x 1-1/4&quot;</li>
</ul>","76466651564","","GRIPRITE CB1145 #8X1-1/4 COATED CEMENT BOARD SCREW SHARP POINT 5LB/BX",,,,,,,,1,0,1,0,0,1,1,1,0,1,1,,,1,0,1,0,1,0,1,0,,0,simple,,
admin,base,Default,simple,"20515","Drywall Screws",631347,"CS1145",,"GRIPRITE CS1145 #6X1-1/4 BUGLE HEAD SHARP POINT DRYWALL SCREW PHOS 5LB","Drywall Screw","GRIPRITE CS1145 #6X1-1/4 BUGLE HEAD SHARP POINT DRYWALL SCREW PHOS 5LB","",/\C\S\grip-rite-cs1145-griprite-cs1145-6x1-14-bugle-head-sharp-point-drywall-screw-phos-5lb.jpg,/\C\S\grip-rite-cs1145-griprite-cs1145-6x1-14-bugle-head-sharp-point-drywall-screw-phos-5lb.jpg,http://www.48ws.com/images/product/C/S/grip-rite-cs1145-griprite-cs1145-6x1-14-bugle-head-sharp-point-drywall-screw-phos-5lb.jpg,grip-rite-CS1145-griprite-cs1145-6x1-14-bugle-head-sharp-point-drywall-screw-phos-5lb,grip-rite-CS1145-griprite-cs1145-6x1-14-bugle-head-sharp-point-drywall-screw-phos-5lb,,No layout updates.,Block after Info Column,,"GRIPRITE CS1145 #6X1-1/4 BUGLE HEAD SHARP POINT DRYWALL SCREW PHOS 5LB","GRIPRITE CS1145 #6X1-1/4 BUGLE HEAD SHARP POINT DRYWALL SCREW PHOS 5LB",Use config,"https://www.grip-rite.com/",0,,,0,"Grip-Rite",1292,,Enabled,"Catalog, Search",Taxable Goods,Yes,No,"These Pro-Twist drywall screws are used when installing gypsum board to wood studs. They have a sharp point to pierce through drywall, and a coarse thread design to help grab into wood studs. Once the screw has been driven, the bugle head allows for quick and easy countersinking.","These Pro-Twist drywall screws are used when installing gypsum board to wood studs. They have a sharp point to pierce through drywall, and a coarse thread design to help grab into wood studs. Once the screw has been driven, the bugle head allows for quick","<ul>
<li>Drive: #2 Phillips</li>
<li>Point: Sharp</li>
</ul>","76466651480","<ul>
<li>Size: 1-1/4 in. x 6</li>
<li>Thread: Coarse</li>
</ul>","GRIPRITE CS1145 #6X1-1/4 BUGLE HEAD SHARP POINT DRYWALL SCREW PHOS 5LB",,,,,,,,1,0,1,0,0,1,1,1,0,1,1,,,1,0,1,0,1,0,1,0,,0,simple,,
admin,base,Default,simple,"20515","Drywall Screws",631348,"CS1585",,"GRIPRITE CS1585 #6X1-5/8 BUGLE HEAD SHARP POINT DRYWALL SCREW PHOS 5LB","Drywall Screw","GRIPRITE CS1585 #6X1-5/8 BUGLE HEAD SHARP POINT DRYWALL SCREW PHOS 5LB","",/\C\S\grip-rite-cs1585-griprite-cs1585-6x1-58-bugle-head-sharp-point-drywall-screw-phos-5lb.jpg,/\C\S\grip-rite-cs1585-griprite-cs1585-6x1-58-bugle-head-sharp-point-drywall-screw-phos-5lb.jpg,http://www.48ws.com/images/product/C/S/grip-rite-cs1585-griprite-cs1585-6x1-58-bugle-head-sharp-point-drywall-screw-phos-5lb.jpg,grip-rite-CS1585-griprite-cs1585-6x1-58-bugle-head-sharp-point-drywall-screw-phos-5lb,grip-rite-CS1585-griprite-cs1585-6x1-58-bugle-head-sharp-point-drywall-screw-phos-5lb,,No layout updates.,Block after Info Column,,"GRIPRITE CS1585 #6X1-5/8 BUGLE HEAD SHARP POINT DRYWALL SCREW PHOS 5LB","GRIPRITE CS1585 #6X1-5/8 BUGLE HEAD SHARP POINT DRYWALL SCREW PHOS 5LB",Use config,"https://www.grip-rite.com/",0,,,0,"Grip-Rite",1292,,Enabled,"Catalog, Search",Taxable Goods,Yes,No,"These Pro-Twist drywall screws are used when installing gypsum board to wood studs. They have a sharp point to pierce through drywall, and a coarse thread design to help grab into wood studs. Once the screw has been driven, the bugle head allows for quick and easy countersinking.","These Pro-Twist drywall screws are used when installing gypsum board to wood studs. They have a sharp point to pierce through drywall, and a coarse thread design to help grab into wood studs. Once the screw has been driven, the bugle head allows for quick","<ul>
<li>Drive: #2 Phillips</li>
<li>Point: Sharp</li>
</ul>","76466651482","<ul>
<li>Size: 1-5/8 in. x 6</li>
<li>Thread: Coarse</li>
</ul>","GRIPRITE CS1585 #6X1-5/8 BUGLE HEAD SHARP POINT DRYWALL SCREW PHOS 5LB",,,,,,,,1,0,1,0,0,1,1,1,0,1,1,,,1,0,1,0,1,0,1,0,,0,simple,,
admin,base,Default,simple,"20515","Drywall Screws",631349,"FS1145",,"GRIPRITE FS1145 1-1/4 SHARP PT FINE DRYWALL SCREW 5LB/BX","Drywall Screw","GRIPRITE FS1145 1-1/4 SHARP PT FINE DRYWALL SCREW 5LB/BX","",/\F\S\grip-rite-fs1145-griprite-fs1145-1-14-sharp-pt-fine-drywall-screw-5lbbx.jpg,/\F\S\grip-rite-fs1145-griprite-fs1145-1-14-sharp-pt-fine-drywall-screw-5lbbx.jpg,http://www.48ws.com/images/product/F/S/grip-rite-fs1145-griprite-fs1145-1-14-sharp-pt-fine-drywall-screw-5lbbx.jpg,grip-rite-FS1145-griprite-fs1145-1-14-sharp-pt-fine-drywall-screw-5lbbx,grip-rite-FS1145-griprite-fs1145-1-14-sharp-pt-fine-drywall-screw-5lbbx,,No layout updates.,Block after Info Column,,"GRIPRITE FS1145 1-1/4 SHARP PT FINE DRYWALL SCREW 5LB/BX","GRIPRITE FS1145 1-1/4 SHARP PT FINE DRYWALL SCREW 5LB/BX",Use config,"https://www.grip-rite.com/",0,,,0,"Grip-Rite",1292,,Enabled,"Catalog, Search",Taxable Goods,Yes,No,"These Pro-Twist drywall screws are used when installing gypsum board to wood studs. They have a sharp point to pierce through drywall, and a coarse thread design to help grab into wood studs. Once the screw has been driven, the bugle head allows for quick and easy countersinking.","These Pro-Twist drywall screws are used when installing gypsum board to wood studs. They have a sharp point to pierce through drywall, and a coarse thread design to help grab into wood studs. Once the screw has been driven, the bugle head allows for quick","<ul>
<li>Drive: #2 Phillips</li>
<li>Point: Sharp</li>
</ul>","76466651450","<ul>
<li>Size: 1-1/4 in. x 6</li>
<li>Thread: Fine</li>
</ul>","GRIPRITE FS1145 1-1/4 SHARP PT FINE DRYWALL SCREW 5LB/BX",,,,,,,,1,0,1,0,0,1,1,1,0,1,1,,,1,0,1,0,1,0,1,0,,0,simple,,
admin,base,Default,simple,"20515","Drywall Screws",631350,"FS1585",,"GRIPRITE FS1585 #6x1-5/8 SHARP POINT FINE DRYWALL SCREW 1-5/8 5LB/BX","Drywall Screw","GRIPRITE FS1585 #6x1-5/8 SHARP POINT FINE DRYWALL SCREW 1-5/8 5LB/BX","",/\F\S\grip-rite-fs1585-griprite-fs1585-6x1-58-sharp-point-fine-drywall-screw-1-58-5lbbx.jpg,/\F\S\grip-rite-fs1585-griprite-fs1585-6x1-58-sharp-point-fine-drywall-screw-1-58-5lbbx.jpg,http://www.48ws.com/images/product/F/S/grip-rite-fs1585-griprite-fs1585-6x1-58-sharp-point-fine-drywall-screw-1-58-5lbbx.jpg,grip-rite-FS1585-griprite-fs1585-6x1-58-sharp-point-fine-drywall-screw-1-58-5lbbx,grip-rite-FS1585-griprite-fs1585-6x1-58-sharp-point-fine-drywall-screw-1-58-5lbbx,,No layout updates.,Block after Info Column,,"GRIPRITE FS1585 #6x1-5/8 SHARP POINT FINE DRYWALL SCREW 1-5/8 5LB/BX","GRIPRITE FS1585 #6x1-5/8 SHARP POINT FINE DRYWALL SCREW 1-5/8 5LB/BX",Use config,"https://www.grip-rite.com/",0,,,0,"Grip-Rite",1292,,Enabled,"Catalog, Search",Taxable Goods,Yes,No,"These Pro-Twist drywall screws are used when installing gypsum board to wood studs. They have a sharp point to pierce through drywall, and a coarse thread design to help grab into wood studs. Once the screw has been driven, the bugle head allows for quick and easy countersinking.","These Pro-Twist drywall screws are used when installing gypsum board to wood studs. They have a sharp point to pierce through drywall, and a coarse thread design to help grab into wood studs. Once the screw has been driven, the bugle head allows for quick","<ul>
<li>Drive: #2 Phillips</li>
<li>Point: Sharp</li>
</ul>","76466651454","<ul>
<li>Size: 1-5/8 in. x 6</li>
<li>Thread: Fine</li>
</ul>","GRIPRITE FS1585 #6x1-5/8 SHARP POINT FINE DRYWALL SCREW 1-5/8 5LB/BX",,,,,,,,1,0,1,0,0,1,1,1,0,1,1,,,1,0,1,0,1,0,1,0,,0,simple,,
admin,base,Default,simple,"20405","Roofing Nails",631351,"GC114",,"GRIPRITE GC114 1-1/4 PLASTIC CAP NAIL 2000/BX","Plastic Cap Nail","GRIPRITE GC114 1-1/4 PLASTIC CAP NAIL 2000/BX","",/\G\C\grip-rite-gc114-griprite-gc114-1-14-plastic-cap-nail-2000bx.jpg,/\G\C\grip-rite-gc114-griprite-gc114-1-14-plastic-cap-nail-2000bx.jpg,http://www.48ws.com/images/product/G/C/grip-rite-gc114-griprite-gc114-1-14-plastic-cap-nail-2000bx.jpg,grip-rite-GC114-griprite-gc114-1-14-plastic-cap-nail-2000bx,grip-rite-GC114-griprite-gc114-1-14-plastic-cap-nail-2000bx,,No layout updates.,Block after Info Column,,"GRIPRITE GC114 1-1/4 PLASTIC CAP NAIL 2000/BX","GRIPRITE GC114 1-1/4 PLASTIC CAP NAIL 2000/BX",Use config,"https://www.grip-rite.com/",0,,,0,"Grip-Rite",1292,,Enabled,"Catalog, Search",Taxable Goods,Yes,No,"For anchoring housewrap, sheathing, and felt. Wide head and ringed shank for greater holding power.","","<ul>
<li>Size: 1-1/4 in.</li>
<li>Gauge: 12 </li>
<li>Head Size: 1 in.</li>
<li>Shank Style: Ring</li>
</ul>","76466650083","","GRIPRITE GC114 1-1/4 PLASTIC CAP NAIL 2000/BX",,,,,,,,1,0,1,0,0,1,1,1,0,1,1,,,1,0,1,0,1,0,1,0,,0,simple,,
admin,base,Default,simple,"24970","Diamond Saw Blades",631352,"GP1414S20",,"GRIPRITE GP1414S20 14X125X20MM DRY DIAMOND BLADE ECONOMY","Diamond Blade","GRIPRITE GP1414S20 14X125X20MM DRY DIAMOND BLADE ECONOMY","",/\G\P\grip-rite-gp1414s20-griprite-gp1414s20-14x125x20mm-dry-diamond-blade-economy.jpg,/\G\P\grip-rite-gp1414s20-griprite-gp1414s20-14x125x20mm-dry-diamond-blade-economy.jpg,http://www.48ws.com/images/product/G/P/grip-rite-gp1414s20-griprite-gp1414s20-14x125x20mm-dry-diamond-blade-economy.jpg,grip-rite-GP1414S20-griprite-gp1414s20-14x125x20mm-dry-diamond-blade-economy,grip-rite-GP1414S20-griprite-gp1414s20-14x125x20mm-dry-diamond-blade-economy,,No layout updates.,Block after Info Column,,"GRIPRITE GP1414S20 14X125X20MM DRY DIAMOND BLADE ECONOMY","GRIPRITE GP1414S20 14X125X20MM DRY DIAMOND BLADE ECONOMY",Use config,"https://www.grip-rite.com/",0,,,0,"Grip-Rite",1292,,Enabled,"Catalog, Search",Taxable Goods,Yes,No,"GRIPRITE GP1414S20 14X125X20MM DRY DIAMOND BLADE","","<ul>
<li>Best suited for a variety of projects and applications</li>
<li>Soft bond allows fast cutting into hard material</li>
<li>Designed for wet or dry cutting</li>
<li>Individually packaged for convenient retail sale</li>
<li>Size: 14.0 in.</li>
<li>Rim Height: 10 mm.</li>
<li>Rim Thickness: .125 in.</li>
<li>Arbor: 1 in. - 20 mm.</li>
<li>Max RPM: 5,460</li>
<li>Blades/Shipping Carton: 10</li>
</ul>","","","GRIPRITE GP1414S20 14X125X20MM DRY DIAMOND BLADE ECONOMY",,,,,,,,1,0,1,0,0,1,1,1,0,1,1,,,1,0,1,0,1,0,1,0,,0,simple,,
admin,base,Default,simple,"20448","Staples",631353,"GRA1138",,"GRIPRITE GRA1138 3/8 STAPLES FOR T50 STAPLER 5000/BX","Staples","GRIPRITE GRA1138 3/8 STAPLES FOR T50 STAPLER 5000/BX","",/\G\R\grip-rite-gra1138-griprite-gra1138-38-staples-for-t50-stapler-5000bx.jpg,/\G\R\grip-rite-gra1138-griprite-gra1138-38-staples-for-t50-stapler-5000bx.jpg,http://www.48ws.com/images/product/G/R/grip-rite-gra1138-griprite-gra1138-38-staples-for-t50-stapler-5000bx.jpg,grip-rite-GRA1138-griprite-gra1138-38-staples-for-t50-stapler-5000bx,grip-rite-GRA1138-griprite-gra1138-38-staples-for-t50-stapler-5000bx,,No layout updates.,Block after Info Column,,"GRIPRITE GRA1138 3/8 STAPLES FOR T50 STAPLER 5000/BX","GRIPRITE GRA1138 3/8 STAPLES FOR T50 STAPLER 5000/BX",Use config,"https://www.grip-rite.com/",0,,,0,"Grip-Rite",1292,,Enabled,"Catalog, Search",Taxable Goods,Yes,No,"GRIPRITE GRA1138 3/8 STAPLES","","<ul>
<li>Leg: 3/8 in.</li>
<li>Crown: 1/2 in.</li>
</ul>","76466699438","","GRIPRITE GRA1138 3/8 STAPLES FOR T50 STAPLER 5000/BX",,,,,,,,1,0,1,0,0,1,1,1,0,1,1,,,1,0,1,0,1,0,1,0,,0,simple,,
admin,base,Default,simple,"19791","Trash Bags",631354,"GRAPCBAG20",,"GRIPRITE GRAPCBAG20 42GL 3MIL 33X48 CONTRACTOR BAG 20/BX ***DO NOT SEN","Contractor Bag","GRIPRITE GRAPCBAG20 42GL 3MIL 33X48 CONTRACTOR BAG 20/BX ***DO NOT SEN","",/\G\R\grip-rite-grapcbag20-griprite-grapcbag20-42gl-3mil-33x48-contractor-bag-20bx-do-not-sen.jpg,/\G\R\grip-rite-grapcbag20-griprite-grapcbag20-42gl-3mil-33x48-contractor-bag-20bx-do-not-sen.jpg,http://www.48ws.com/images/product/G/R/grip-rite-grapcbag20-griprite-grapcbag20-42gl-3mil-33x48-contractor-bag-20bx-do-not-sen.jpg,grip-rite-GRAPCBAG20-griprite-grapcbag20-42gl-3mil-33x48-contractor-bag-20bx-do-not-sen,grip-rite-GRAPCBAG20-griprite-grapcbag20-42gl-3mil-33x48-contractor-bag-20bx-do-not-sen,,No layout updates.,Block after Info Column,,"GRIPRITE GRAPCBAG20 42GL 3MIL 33X48 CONTRACTOR BAG 20/BX ***DO NOT SEN","GRIPRITE GRAPCBAG20 42GL 3MIL 33X48 CONTRACTOR BAG 20/BX ***DO NOT SEN",Use config,"https://www.grip-rite.com/",0,,,0,"Grip-Rite",1292,,Enabled,"Catalog, Search",Taxable Goods,Yes,No,"GRIPRITE GRAPCBAG20 42GL 3MIL 33X48 CONTRACTOR BAG","","<ul>
<li>Made from recycled product</li>
<li>Heavy trash clean-up</li>
<li>Lawn clean-up</li>
<li>All purpose clean-up</li>
<li>3 Mil – 42 gallon</li>
<li>Ties included</li>
</ul>","onst88","","GRIPRITE GRAPCBAG20 42GL 3MIL 33X48 CONTRACTOR BAG 20/BX ***DO NOT SEN",,,,,,,,1,0,1,0,0,1,1,1,0,1,1,,,1,0,1,0,1,0,1,0,,0,simple,,
admin,base,Default,simple,"24970","Diamond Saw Blades",631355,"GRTDB45I",,"GRIPRITE GRTDB45I 4-1/2 BLADE DIAMOND TURBO TRIM","Diamond Blade","GRIPRITE GRTDB45I 4-1/2 BLADE DIAMOND TURBO TRIM","",/\G\R\grip-rite-grtdb45i-griprite-grtdb45i-4-12-blade-diamond-turbo-trim.jpg,/\G\R\grip-rite-grtdb45i-griprite-grtdb45i-4-12-blade-diamond-turbo-trim.jpg,http://www.48ws.com/images/product/G/R/grip-rite-grtdb45i-griprite-grtdb45i-4-12-blade-diamond-turbo-trim.jpg,grip-rite-GRTDB45I-griprite-grtdb45i-4-12-blade-diamond-turbo-trim,grip-rite-GRTDB45I-griprite-grtdb45i-4-12-blade-diamond-turbo-trim,,No layout updates.,Block after Info Column,,"GRIPRITE GRTDB45I 4-1/2 BLADE DIAMOND TURBO TRIM","GRIPRITE GRTDB45I 4-1/2 BLADE DIAMOND TURBO TRIM",Use config,"https://www.grip-rite.com/",0,,,0,"Grip-Rite",1292,,Enabled,"Catalog, Search",Taxable Goods,Yes,No,"GRIPRITE GRTDB45I 4-1/2 TUCK POINT BLADE DIAMOND TURBO TRIM","","<ul>
<li>Size: 4.5 in.</li>
<li>Rim Height: 10 mm.</li>
<li>Rim Thickness: .250 in.</li>
<li>Arbor: 7/8 in. - 5/8 in.</li>
<li>Max RPM: 13,300</li>
<li>Blades/Shipping Carton: 10</li>
</ul>","76466657106","","GRIPRITE GRTDB45I 4-1/2 BLADE DIAMOND TURBO TRIM",,,,,,,,1,0,1,0,0,1,1,1,0,1,1,,,1,0,1,0,1,0,1,0,,0,simple,,
admin,base,Default,simple,"27772","Fiberglass Tapes",631356,"MTW2300",,"GRIPRITE MTW2300 2^X300 FIBERGLASS MESH TAPE","Tape","GRIPRITE MTW2300 2^X300 FIBERGLASS MESH TAPE","",/\M\T\grip-rite-mtw2300-griprite-mtw2300-2x300-fiberglass-mesh-tape.jpg,/\M\T\grip-rite-mtw2300-griprite-mtw2300-2x300-fiberglass-mesh-tape.jpg,http://www.48ws.com/images/product/M/T/grip-rite-mtw2300-griprite-mtw2300-2x300-fiberglass-mesh-tape.jpg,grip-rite-MTW2300-griprite-mtw2300-2x300-fiberglass-mesh-tape,grip-rite-MTW2300-griprite-mtw2300-2x300-fiberglass-mesh-tape,,No layout updates.,Block after Info Column,,"GRIPRITE MTW2300 2^X300 FIBERGLASS MESH TAPE","GRIPRITE MTW2300 2^X300 FIBERGLASS MESH TAPE",Use config,"https://www.grip-rite.com/",0,,,0,"Grip-Rite",1292,,Enabled,"Catalog, Search",Taxable Goods,Yes,No,"GRIP-RITE® Fiberglass Mesh Drywall Joint Tape is a self adhesive, high strength tape designed for use on drywall and cement boards. Special adhesive coating allows Grip-Rite drywall tape to outperform other joint sealing methods, particularly in areas of high humidity. Perfect for joints, cracks, and holes on a variety of surfaces including smooth, popcorn, and unevenly coated surfaces.","","<ul>
<li>Strong fiberglass mesh strengthens joints</li>
<li>Mesh design eliminates bubbles and blisters</li>
<li>For use with setting-type joint compounds and plaster</li>
<li>Full assortment of roll sizes, styles, and colors</li>
<li>Available in English and Spanish – bilingual</li>
<li>Alkali resistant</li>
<li>Standard mesh- white</li>
</ul>","76466659240","","GRIPRITE MTW2300 2^X300 FIBERGLASS MESH TAPE",,,,,,,,1,0,1,0,0,1,1,1,0,1,1,,,1,0,1,0,1,0,1,0,,0,simple,,
admin,base,Default,simple,"20514","Deck Screws",631357,"P158SBK",,"GRIPRITE P158SBK 1-5/8 DECK SCREW COMBO HEAD 25LB BUCKET","Deck Screw","GRIPRITE P158SBK 1-5/8 DECK SCREW COMBO HEAD 25LB BUCKET","",/\P\1\grip-rite-p158sbk-griprite-p158sbk-1-58-deck-screw-combo-head-25lb-bucket.jpg,/\P\1\grip-rite-p158sbk-griprite-p158sbk-1-58-deck-screw-combo-head-25lb-bucket.jpg,http://www.48ws.com/images/product/P/1/grip-rite-p158sbk-griprite-p158sbk-1-58-deck-screw-combo-head-25lb-bucket.jpg,grip-rite-P158SBK-griprite-p158sbk-1-58-deck-screw-combo-head-25lb-bucket,grip-rite-P158SBK-griprite-p158sbk-1-58-deck-screw-combo-head-25lb-bucket,,No layout updates.,Block after Info Column,,"GRIPRITE P158SBK 1-5/8 DECK SCREW COMBO HEAD 25LB BUCKET","GRIPRITE P158SBK 1-5/8 DECK SCREW COMBO HEAD 25LB BUCKET",Use config,"https://www.grip-rite.com/",0,,,0,"Grip-Rite",1292,,Enabled,"Catalog, Search",Taxable Goods,Yes,No,"Grip Rite Premium-Coated Combo Drive Exterior Screw Dec-Smart galvanized base with coated finish. Countersinking bugle head. Combination drive coarse thread screws with high corrosion-resistant, long life coating. Packaged in a 25 lb. plastic pail. The screw color is similar to the color of treated wood. Compliant for treated lumber. Type 17 drill tip drives into wood without pre-drilling. Thread pattern reduces wood splitting and friction.","Grip Rite Premium-Coated Combo Drive Exterior Screw Dec-Smart galvanized base with coated finish. Countersinking bugle head. Combination drive coarse thread screws with high corrosion-resistant, long life coating. Packaged in a 25 lb. plastic pail. The sc","<ul>
<li>Drive Type: Combination</li>
<li>Finish: Galvanized</li>
<li>Head Type: Bugle</li>
<li>Material: Steel</li>
</ul>","","<ul>
<li>Length:1-5/8 In.</li>
<li>Size: #8 x 1-5/8 In.</li>
<li>Thread Diameter: #8</li>
</ul>","GRIPRITE P158SBK 1-5/8 DECK SCREW COMBO HEAD 25LB BUCKET",,,,,,,,1,0,1,0,0,1,1,1,0,1,1,,,1,0,1,0,1,0,1,0,,0,simple,,
admin,base,Default,simple,"20514","Deck Screws",631358,"P212SBK",,"GRIPRITE P212SBK 2-1/2 DECK SCREW COMBO HEAD 25LB BUCKET","Deck Screw","GRIPRITE P212SBK 2-1/2 DECK SCREW COMBO HEAD 25LB BUCKET","",/\P\2\grip-rite-p212sbk-griprite-p212sbk-2-12-deck-screw-combo-head-25lb-bucket.jpg,/\P\2\grip-rite-p212sbk-griprite-p212sbk-2-12-deck-screw-combo-head-25lb-bucket.jpg,http://www.48ws.com/images/product/P/2/grip-rite-p212sbk-griprite-p212sbk-2-12-deck-screw-combo-head-25lb-bucket.jpg,grip-rite-P212SBK-griprite-p212sbk-2-12-deck-screw-combo-head-25lb-bucket,grip-rite-P212SBK-griprite-p212sbk-2-12-deck-screw-combo-head-25lb-bucket,,No layout updates.,Block after Info Column,,"GRIPRITE P212SBK 2-1/2 DECK SCREW COMBO HEAD 25LB BUCKET","GRIPRITE P212SBK 2-1/2 DECK SCREW COMBO HEAD 25LB BUCKET",Use config,"https://www.grip-rite.com/",0,,,0,"Grip-Rite",1292,,Enabled,"Catalog, Search",Taxable Goods,Yes,No,"Grip Rite Premium-Coated Combo Drive Exterior Screw Dec-Smart galvanized base with coated finish. Countersinking bugle head. Combination drive coarse thread screws with high corrosion-resistant, long life coating. Packaged in a 25 lb. plastic pail. The screw color is similar to the color of treated wood. Compliant for treated lumber. Type 17 drill tip drives into wood without pre-drilling. Thread pattern reduces wood splitting and friction.","Grip Rite Premium-Coated Combo Drive Exterior Screw Dec-Smart galvanized base with coated finish. Countersinking bugle head. Combination drive coarse thread screws with high corrosion-resistant, long life coating. Packaged in a 25 lb. plastic pail. The sc","<ul>
<li>Drive Type: Combination</li>
<li>Finish: Galvanized</li>
<li>Head Type: Bugle</li>
<li>Material: Steel</li>
</ul>","","<ul>
<li>Length:2-1/2 In.</li>
<li>Size: #9 x 2-1/2 In.</li>
<li>Thread Diameter: #9</li>
</ul>","GRIPRITE P212SBK 2-1/2 DECK SCREW COMBO HEAD 25LB BUCKET",,,,,,,,1,0,1,0,0,1,1,1,0,1,1,,,1,0,1,0,1,0,1,0,,0,simple,,
admin,base,Default,simple,"20514","Deck Screws",631359,"P212ST5",,"GRIPRITE P212ST5 2-1/2X9 PGP EXTERIOR STAR DRIVE SCREW GREEN 5LB/BX","Exterior Deck Screw","GRIPRITE P212ST5 2-1/2X9 PGP EXTERIOR STAR DRIVE SCREW GREEN 5LB/BX","",/\P\2\grip-rite-p212st5-griprite-p212st5-2-12x9-pgp-exterior-star-drive-screw-green-5lbbx.jpg,/\P\2\grip-rite-p212st5-griprite-p212st5-2-12x9-pgp-exterior-star-drive-screw-green-5lbbx.jpg,http://www.48ws.com/images/product/P/2/grip-rite-p212st5-griprite-p212st5-2-12x9-pgp-exterior-star-drive-screw-green-5lbbx.jpg,grip-rite-P212ST5-griprite-p212st5-2-12x9-pgp-exterior-star-drive-screw-green-5lbbx,grip-rite-P212ST5-griprite-p212st5-2-12x9-pgp-exterior-star-drive-screw-green-5lbbx,,No layout updates.,Block after Info Column,,"GRIPRITE P212ST5 2-1/2X9 PGP EXTERIOR STAR DRIVE SCREW GREEN 5LB/BX","GRIPRITE P212ST5 2-1/2X9 PGP EXTERIOR STAR DRIVE SCREW GREEN 5LB/BX",Use config,"https://www.grip-rite.com/",0,,,0,"Grip-Rite",1292,,Enabled,"Catalog, Search",Taxable Goods,Yes,No,"GRIPRITE P212ST5 2-1/2X9 PGP EXTERIOR STAR DRIVE SCREW","GRIPRITE PGP EXTERIOR STAR DRIVE SCREW","<ul>
<li>Exterior Screws</li>
<li>For patio and deck construction</li>
<li>Green color for all treated and composite lumbers</li>
<li>Rust-oleum certified lifetime guarantee against rust, including when used with treated lumber</li>
<li>Type 17 point reduces need to pre-drill boards</li>
<li>T-25 Star drive (driver bit included)</li>
</ul>","76466652988","<ul>
<li>9 x 2-1/2 inch exterior screw</li>
</ul>","GRIPRITE P212ST5 2-1/2X9 PGP EXTERIOR STAR DRIVE SCREW GREEN 5LB/BX",,,,,,,,1,0,1,0,0,1,1,1,0,1,1,,,1,0,1,0,1,0,1,0,,0,simple,,
admin,base,Default,simple,"20514","Deck Screws",631360,"P2SBK",,"GRIPRITE P2SBK 2&quot; DECK SCREW COMBO HEAD 25LB BUCKET","Deck Screw","GRIPRITE P2SBK 2&quot; DECK SCREW COMBO HEAD 25LB BUCKET","",/\P\2\grip-rite-p2sbk-griprite-p2sbk-2-deck-screw-combo-head-25lb-bucket.jpg,/\P\2\grip-rite-p2sbk-griprite-p2sbk-2-deck-screw-combo-head-25lb-bucket.jpg,http://www.48ws.com/images/product/P/2/grip-rite-p2sbk-griprite-p2sbk-2-deck-screw-combo-head-25lb-bucket.jpg,grip-rite-P2SBK-griprite-p2sbk-2-deck-screw-combo-head-25lb-bucket,grip-rite-P2SBK-griprite-p2sbk-2-deck-screw-combo-head-25lb-bucket,,No layout updates.,Block after Info Column,,"GRIPRITE P2SBK 2&quot; DECK SCREW COMBO HEAD 25LB BUCKET","GRIPRITE P2SBK 2&quot; DECK SCREW COMBO HEAD 25LB BUCKET",Use config,"https://www.grip-rite.com/",0,,,0,"Grip-Rite",1292,,Enabled,"Catalog, Search",Taxable Goods,Yes,No,"Grip Rite Premium-Coated Combo Drive Exterior Screw Dec-Smart galvanized base with coated finish. Countersinking bugle head. Combination drive coarse thread screws with high corrosion-resistant, long life coating. Packaged in a 25 lb. plastic pail. The screw color is similar to the color of treated wood. Compliant for treated lumber. Type 17 drill tip drives into wood without pre-drilling. Thread pattern reduces wood splitting and friction.","Grip Rite Premium-Coated Combo Drive Exterior Screw Dec-Smart galvanized base with coated finish. Countersinking bugle head. Combination drive coarse thread screws with high corrosion-resistant, long life coating. Packaged in a 25 lb. plastic pail. The sc","<ul>
<li>Drive Type: Combination</li>
<li>Finish: Galvanized</li>
<li>Head Type: Bugle</li>
<li>Material: Steel</li>
</ul>","","<ul>
<li>Length:2 In.</li>
<li>Size: #8 x 2 In.</li>
<li>Thread Diameter: #8</li>
</ul>","GRIPRITE P2SBK 2&quot; DECK SCREW COMBO HEAD 25LB BUCKET",,,,,,,,1,0,1,0,0,1,1,1,0,1,1,,,1,0,1,0,1,0,1,0,,0,simple,,
admin,base,Default,simple,"20514","Deck Screws",631361,"P3SBK",,"GRIPRITE P3SBK 3&quot; DECK SCREW WITH COMBO HEAD 25LB BUCKET","Deck Screw","GRIPRITE P3SBK 3&quot; DECK SCREW WITH COMBO HEAD 25LB BUCKET","",/\P\3\grip-rite-p3sbk-griprite-p3sbk-3-deck-screw-with-combo-head-25lb-bucket.jpg,/\P\3\grip-rite-p3sbk-griprite-p3sbk-3-deck-screw-with-combo-head-25lb-bucket.jpg,http://www.48ws.com/images/product/P/3/grip-rite-p3sbk-griprite-p3sbk-3-deck-screw-with-combo-head-25lb-bucket.jpg,grip-rite-P3SBK-griprite-p3sbk-3-deck-screw-with-combo-head-25lb-bucket,grip-rite-P3SBK-griprite-p3sbk-3-deck-screw-with-combo-head-25lb-bucket,,No layout updates.,Block after Info Column,,"GRIPRITE P3SBK 3&quot; DECK SCREW WITH COMBO HEAD 25LB BUCKET","GRIPRITE P3SBK 3&quot; DECK SCREW WITH COMBO HEAD 25LB BUCKET",Use config,"https://www.grip-rite.com/",0,,,0,"Grip-Rite",1292,,Enabled,"Catalog, Search",Taxable Goods,Yes,No,"Grip Rite Premium-Coated Combo Drive Exterior Screw Dec-Smart galvanized base with coated finish. Countersinking bugle head. Combination drive coarse thread screws with high corrosion-resistant, long life coating. Packaged in a 25 lb. plastic pail. The screw color is similar to the color of treated wood. Compliant for treated lumber. Type 17 drill tip drives into wood without pre-drilling. Thread pattern reduces wood splitting and friction.","Grip Rite Premium-Coated Combo Drive Exterior Screw Dec-Smart galvanized base with coated finish. Countersinking bugle head. Combination drive coarse thread screws with high corrosion-resistant, long life coating. Packaged in a 25 lb. plastic pail. The sc","<ul>
<li>Drive Type: Combination</li>
<li>Finish: Galvanized</li>
<li>Head Type: Bugle</li>
<li>Material: Steel</li>
</ul>","76466652148","<ul>
<li>Length:3 In.</li>
<li>Size: #8 x 3 In.</li>
<li>Thread Diameter: #8</li>
</ul>","GRIPRITE P3SBK 3&quot; DECK SCREW WITH COMBO HEAD 25LB BUCKET",,,,,,,,1,0,1,0,0,1,1,1,0,1,1,,,1,0,1,0,1,0,1,0,,0,simple,,
admin,base,Default,simple,"20514","Deck Screws",631362,"P3ST5",,"GRIPRITE P3ST5 3X9 PGP EXTERIOR STAR DRIVE SCREW GREEN 5LB/BX","Exterior Deck Screw","GRIPRITE P3ST5 3X9 PGP EXTERIOR STAR DRIVE SCREW GREEN 5LB/BX","",/\P\3\grip-rite-p3st5-griprite-p3st5-3x9-pgp-exterior-star-drive-screw-green-5lbbx.jpg,/\P\3\grip-rite-p3st5-griprite-p3st5-3x9-pgp-exterior-star-drive-screw-green-5lbbx.jpg,http://www.48ws.com/images/product/P/3/grip-rite-p3st5-griprite-p3st5-3x9-pgp-exterior-star-drive-screw-green-5lbbx.jpg,grip-rite-P3ST5-griprite-p3st5-3x9-pgp-exterior-star-drive-screw-green-5lbbx,grip-rite-P3ST5-griprite-p3st5-3x9-pgp-exterior-star-drive-screw-green-5lbbx,,No layout updates.,Block after Info Column,,"GRIPRITE P3ST5 3X9 PGP EXTERIOR STAR DRIVE SCREW GREEN 5LB/BX","GRIPRITE P3ST5 3X9 PGP EXTERIOR STAR DRIVE SCREW GREEN 5LB/BX",Use config,"https://www.grip-rite.com/",0,,,0,"Grip-Rite",1292,,Enabled,"Catalog, Search",Taxable Goods,Yes,No,"GRIPRITE P3ST5 3X9 PGP EXTERIOR STAR DRIVE SCREW","GRIPRITE PGP EXTERIOR STAR DRIVE SCREW","<ul>
<li>Exterior Screws</li>
<li>For patio and deck construction</li>
<li>Green color for all treated and composite lumbers</li>
<li>Rust-oleum certified lifetime guarantee against rust, including when used with treated lumber</li>
<li>Type 17 point reduces need to pre-drill boards</li>
<li>T-25 Star drive (driver bit included)</li>
</ul>","76466652993","<ul>
<li>9 x 3 inch exterior screw</li>
</ul>","GRIPRITE P3ST5 3X9 PGP EXTERIOR STAR DRIVE SCREW GREEN 5LB/BX",,,,,,,,1,0,1,0,0,1,1,1,0,1,1,,,1,0,1,0,1,0,1,0,,0,simple,,
admin,base,Default,simple,"24017","Silt Fence",631363,"SF1272411E",,"GRIPRITE SF1272411E 24^X100 SILT FENCE 50/SKID","Silt Fence","GRIPRITE SF1272411E 24^X100 SILT FENCE 50/SKID","",/\S\F\grip-rite-sf1272411e-griprite-sf1272411e-24x100-silt-fence-50skid.jpg,/\S\F\grip-rite-sf1272411e-griprite-sf1272411e-24x100-silt-fence-50skid.jpg,http://www.48ws.com/images/product/S/F/grip-rite-sf1272411e-griprite-sf1272411e-24x100-silt-fence-50skid.jpg,grip-rite-SF1272411E-griprite-sf1272411e-24x100-silt-fence-50skid,grip-rite-SF1272411E-griprite-sf1272411e-24x100-silt-fence-50skid,,No layout updates.,Block after Info Column,,"GRIPRITE SF1272411E 24^X100 SILT FENCE 50/SKID","GRIPRITE SF1272411E 24^X100 SILT FENCE 50/SKID",Use config,"https://www.grip-rite.com/",0,,,0,"Grip-Rite",1292,,Enabled,"Catalog, Search",Taxable Goods,Yes,No,"Grip-Rite silt fence is available in a variety of sizes, post, and reinforcement configurations to suite your state and local specification needs.
Grip-Rite SF and SP series silt fences feature the 1? Grip-Cap plastic fastener – five fastenings per post. Grip-Caps increase holding power while reducing fastener abrasion resulting in a long lasting installation.","","<ul>
<li>24 in. x 100 ft. </li>
<li>1-1/8 in. x 1-1/8 in. x 36 in. nominal</li>
</ul>","","","GRIPRITE SF1272411E 24^X100 SILT FENCE 50/SKID",,,,,,,,1,0,1,0,0,1,1,1,0,1,1,,,1,0,1,0,1,0,1,0,,0,simple,,
admin,base,Default,simple,"26755","Concrete Metal Stakes",631364,"STKR3424",,"GRIPRITE STKR3424 3/4X24 NAIL STAKE","Stake","GRIPRITE STKR3424 3/4X24 NAIL STAKE","",/\S\T\grip-rite-stkr3424-griprite-stkr3424-34x24-nail-stake.jpg,/\S\T\grip-rite-stkr3424-griprite-stkr3424-34x24-nail-stake.jpg,http://www.48ws.com/images/product/S/T/grip-rite-stkr3424-griprite-stkr3424-34x24-nail-stake.jpg,grip-rite-STKR3424-griprite-stkr3424-34x24-nail-stake,grip-rite-STKR3424-griprite-stkr3424-34x24-nail-stake,,No layout updates.,Block after Info Column,,"GRIPRITE STKR3424 3/4X24 NAIL STAKE","GRIPRITE STKR3424 3/4X24 NAIL STAKE",Use config,"https://www.grip-rite.com/",0,,,0,"Grip-Rite",1292,,Enabled,"Catalog, Search",Taxable Goods,Yes,No,"GRIPRITE STKR3424 3/4X24 NAIL STAKE","","<ul>
<li>Nail Stake - Pencil Point</li>
<li>With holes </li>
<li>Diameter: 3/4 in. Full </li>
<li>Length: 24 in.</li>
</ul>","76466650832","","GRIPRITE STKR3424 3/4X24 NAIL STAKE",,,,,,,,1,0,1,0,0,1,1,1,0,1,1,,,1,0,1,0,1,0,1,0,,0,simple,,
admin,base,Default,simple,"26755","Concrete Metal Stakes",631365,"STKR3430",,"GRIPRITE STKR3430 3/4X30^ ROUND STAKE WITH HOLES 10BDL","Stake","GRIPRITE STKR3430 3/4X30^ ROUND STAKE WITH HOLES 10BDL","",/\S\T\grip-rite-stkr3430-griprite-stkr3430-34x30-round-stake-with-holes-10bdl.jpg,/\S\T\grip-rite-stkr3430-griprite-stkr3430-34x30-round-stake-with-holes-10bdl.jpg,http://www.48ws.com/images/product/S/T/grip-rite-stkr3430-griprite-stkr3430-34x30-round-stake-with-holes-10bdl.jpg,grip-rite-STKR3430-griprite-stkr3430-34x30-round-stake-with-holes-10bdl,grip-rite-STKR3430-griprite-stkr3430-34x30-round-stake-with-holes-10bdl,,No layout updates.,Block after Info Column,,"GRIPRITE STKR3430 3/4X30^ ROUND STAKE WITH HOLES 10BDL","GRIPRITE STKR3430 3/4X30^ ROUND STAKE WITH HOLES 10BDL",Use config,"https://www.grip-rite.com/",0,,,0,"Grip-Rite",1292,,Enabled,"Catalog, Search",Taxable Goods,Yes,No,"GRIPRITE STKR3430 3/4X30^ ROUND STAKE","","<ul>
<li>Round Stake - Pencil Point</li>
<li>With holes </li>
<li>Diameter: 3/4 in. Full </li>
<li>Length: 30 in.</li>
</ul>","76466650880","","GRIPRITE STKR3430 3/4X30^ ROUND STAKE WITH HOLES 10BDL",,,,,,,,1,0,1,0,0,1,1,1,0,1,1,,,1,0,1,0,1,0,1,0,,0,simple,,
admin,base,Default,simple,"26778","Concrete Curing Blankets",631366,"XR2625GR",,"GRIPRITE XR2625GR EXTREME CONCRETE BLANKETS 2 LAYER FOAM 6X25 58^ X 2","Concrete Blanket","GRIPRITE XR2625GR EXTREME CONCRETE BLANKETS 2 LAYER FOAM 6X25 58^ X 2","",/\X\R\grip-rite-xr2625gr-griprite-xr2625gr-extreme-concrete-blankets-2-layer-foam-6x25-58-x-2.jpg,/\X\R\grip-rite-xr2625gr-griprite-xr2625gr-extreme-concrete-blankets-2-layer-foam-6x25-58-x-2.jpg,http://www.48ws.com/images/product/X/R/grip-rite-xr2625gr-griprite-xr2625gr-extreme-concrete-blankets-2-layer-foam-6x25-58-x-2.jpg,grip-rite-XR2625GR-griprite-xr2625gr-extreme-concrete-blankets-2-layer-foam-6x25-58-x-2,grip-rite-XR2625GR-griprite-xr2625gr-extreme-concrete-blankets-2-layer-foam-6x25-58-x-2,,No layout updates.,Block after Info Column,,"GRIPRITE XR2625GR EXTREME CONCRETE BLANKETS 2 LAYER FOAM 6X25 58^ X 2","GRIPRITE XR2625GR EXTREME CONCRETE BLANKETS 2 LAYER FOAM 6X25 58^ X 2",Use config,"https://www.grip-rite.com/",0,,,0,"Grip-Rite",1292,,Enabled,"Catalog, Search",Taxable Goods,Yes,No,"GRIPRITE XR2625GR EXTREME CONCRETE BLANKETS
Grip-Rite Extreme Concrete Curing Blankets are a woven poly tarpaulin envelope with internal insulation secured all around. Extreme blankets are designed for use in cold weather concreting applications as an insulated cover to maintain the heat of hydration during the early stages of concrete curing. Grip-Rite Extreme Curing Blankets feature a patent pending buttonless design that eliminates the need for plastic buttons to hold the insulation in place. This means reduced catching and tearing, reduced moisture penetration, and less disturbance of the wet concrete surface.","","<ul>
<li>Thickness: 3/8&quot;</li>
<li>Dimensions: 6' x 25'</li>
<li>Finish Dim: 5'8&quot; x 24'5&quot;</li>
<li>R-Value w/ 3&quot; space: 2.55</li>
<li>R-Value w/ 0&quot; space: 1.38</li>
<li>Used for cold weather concreting to maintain the heat of hydration</li>
<li>Can also be used as an insulated tarp when installed on scaffolding</li>
<li>Edge to edge design with zero insulation voids at the hems</li>
</ul>","","","GRIPRITE XR2625GR EXTREME CONCRETE BLANKETS 2 LAYER FOAM 6X25 58^ X 2",,,,,,,,1,0,1,0,0,1,1,1,0,1,1,,,1,0,1,0,1,0,1,0,,0,simple,,
admin,base,Default,simple,"26778","Concrete Curing Blankets",631367,"XR3625GR",,"GRIPRITE XR3625GR EXTREME CONCRETE BLANKETS 3 LAYER FOAM 6X25 58^ X","Concrete Blanket","GRIPRITE XR3625GR EXTREME CONCRETE BLANKETS 3 LAYER FOAM 6X25 58^ X","",/\X\R\grip-rite-xr3625gr-griprite-xr3625gr-extreme-concrete-blankets-3-layer-foam-6x25-58-x.jpg,/\X\R\grip-rite-xr3625gr-griprite-xr3625gr-extreme-concrete-blankets-3-layer-foam-6x25-58-x.jpg,http://www.48ws.com/images/product/X/R/grip-rite-xr3625gr-griprite-xr3625gr-extreme-concrete-blankets-3-layer-foam-6x25-58-x.jpg,grip-rite-XR3625GR-griprite-xr3625gr-extreme-concrete-blankets-3-layer-foam-6x25-58-x,grip-rite-XR3625GR-griprite-xr3625gr-extreme-concrete-blankets-3-layer-foam-6x25-58-x,,No layout updates.,Block after Info Column,,"GRIPRITE XR3625GR EXTREME CONCRETE BLANKETS 3 LAYER FOAM 6X25 58^ X","GRIPRITE XR3625GR EXTREME CONCRETE BLANKETS 3 LAYER FOAM 6X25 58^ X",Use config,"https://www.grip-rite.com/",0,,,0,"Grip-Rite",1292,,Enabled,"Catalog, Search",Taxable Goods,Yes,No,"GRIPRITE XR3625GR EXTREME CONCRETE BLANKETS
Introducing the Grip-Rite Extreme Series of patent pending curing blankets. Grip-Rite Extreme Concrete Curing Blankets® are a woven poly tarpaulin envelope with internal insulation secured all around by a patent pending reinforced webbing design. Extreme blankets are designed for use in cold weather concreting applications as an insulated cover to maintain the heat of hydration during the early stages of concrete curing. Grip-Rite Extreme Curing Blankets feature a patent pending buttonless design that eliminates the need for plastic buttons to hold the insulation in place. This means reduced catching and tearing, reduced moisture penetration, and less disturbance of the wet concrete surface. A Grip-Rite exclusive.","","<ul>
<li>High density woven PE envelope coated on both sides for extreme vapor retarding properties. Grip-Rite blankets have a low perm rating of 0.89</li>
<li>Woven PE webbing is sewn all around securing insulation layers to envelope preventing insulation movement</li>
<li>Insulation is full edge to edge design with zero insulation voids at the hems</li>
<li>PE webbing is perforated with eyelets spaced at 10.0 cm intervals allowing the blankets to be fastened together, or to scaffolding or forms</li>
<li>Extreme blankets can be used as an insulated tarp when installed on scaffolding (Note – Grip-Rite extreme blankets are not flame retardant. Check local fire codes before installing)</li>
</ul>","","","GRIPRITE XR3625GR EXTREME CONCRETE BLANKETS 3 LAYER FOAM 6X25 58^ X",,,,,,,,1,0,1,0,0,1,1,1,0,1,1,,,1,0,1,0,1,0,1,0,,0,simple,,
