﻿store,websites,attribute_set,Type,category_ids,category_names,48WS_product_id,sku,has_options,name,Group_Name,meta_title,meta_description,Image,small_image,thumbnail,url_key,url_path,custom_design,page_layout,options_container,image_label,small_image_label,thumbnail_label,gift_message_available,manufacturer_url,price,special_price,cost,weight,manufacturer,manufacturer_id,color,status,visibility,tax_class_id,enable_googlecheckout,is_recurring,description,short_description,summary,upc,size_info,meta_keyword,custom_layout_update,news_from_date,news_to_date,special_from_date,special_to_date,custom_design_from,custom_design_to,qty,min_qty,use_config_min_qty,is_qty_decimal,backorders,use_config_backorders,min_sale_qty,use_config_min_sale_qty,max_sale_qty,use_config_max_sale_qty,is_in_stock,low_stock_date,notify_stock_qty,use_config_notify_stock_qty,manage_stock,use_config_manage_stock,stock_status_changed_automatically,use_config_qty_increments,qty_increments,use_config_enable_qty_increments,enable_qty_increments,product_name,store_id,product_type_id,product_status_changed,product_changed_websites
admin,base,Default,simple,"971|26010","Gasoline Cans|Fuel and Gas Cans",88698,"9300",,"10 Gal Oily Waste Can w/ Foot Operated Cover","","10 Gal Oily Waste Can w/ Foot Operated Cover","Dispose of oil-soaked rags and protect your facility from fires that can start due to:<br>
<li>Spontaneous combustion</li>
<li>Sparks</li>
<li>Careless use of smoking material</li>",/\9\3\9300-Justrite-10-Gal-Oily-Waste-Can-w-Foot-Operated.jpg,/\9\3\9300-Justrite-10-Gal-Oily-Waste-Can-w-Foot-Operated.jpg,http://www.48ws.com/images/product/9/3/9300-Justrite-10-Gal-Oily-Waste-Can-w-Foot-Operated.jpg,9300-Justrite-10-Gal-Oily-Waste-Can-w-Foot-Operated-Cover,9300-Justrite-10-Gal-Oily-Waste-Can-w-Foot-Operated-Cover,,No layout updates.,Block after Info Column,,"10 Gal Oily Waste Can w/ Foot Operated Cover","10 Gal Oily Waste Can w/ Foot Operated Cover",Use config,"http://www.justritemfg.com/",0,,,0,"Justrite",542,,Enabled,"Catalog, Search",Taxable Goods,Yes,No,"Dispose of oil-soaked rags and protect your facility from fires that can start due to:<br>
<li>Spontaneous combustion</li>
<li>Sparks</li>
<li>Careless use of smoking material</li>","OSHA Compliant Oily Waste Cans are essential whenever solvent soaked cloths and wiping rags are used. Rags and cloths soaked with solvents, thinners, linseed oil, combustible adhesives and other flammable liquids present a serious fire risk when improperly discarded. The specially designedlid opens no more than 60 degrees and stays closed when not in use, isolating contents from fire sources and limiting oxygen so spontaneous combustion risk is virtually eliminated. Round construction and elevated bottom encourage circulation of air around can to disperse heat and reduce moisture buildup and rusting.","","","9300 Justrite 10 Gal Oily Waste Can w/ Foot Operated Cover","10 Gal Oily Waste Can w/ Foot Operated Cover",,,,,,,,1,0,1,0,0,1,1,1,0,1,1,,,1,0,1,0,1,0,1,0,,0,simple,,
admin,base,Default,simple,"1040|19755","Fire Extinguisher|Ash Trays | Cigarette Receptacles | Ash Tray Sand",88699,"26800",,"Polyethylene Cigarette Butt Receptacle w/ Liner Pail","","Polyethylene Cigarette Butt Receptacle w/ Liner Pail","",/\2\6\26800-Jusrite-Polyethylene-Cigarette-Butt-Receptacle-w.jpg,/\2\6\26800-Jusrite-Polyethylene-Cigarette-Butt-Receptacle-w.jpg,http://www.48ws.com/images/product/2/6/26800-Jusrite-Polyethylene-Cigarette-Butt-Receptacle-w.jpg,26800-Jusrite-Polyethylene-Cigarette-Butt-Receptacle-w-Liner-Pail,26800-Jusrite-Polyethylene-Cigarette-Butt-Receptacle-w-Liner-Pail,,No layout updates.,Block after Info Column,,"Polyethylene Cigarette Butt Receptacle w/ Liner Pail","Polyethylene Cigarette Butt Receptacle w/ Liner Pail",Use config,"http://www.justritemfg.com/",0,,,0,"Justrite",542,,Enabled,"Catalog, Search",Taxable Goods,Yes,No,"","Utilizing Justrite's proven Cease-Fire technology, the Smokers Cease Fire innovative self-extinguishing design safely collects unsightly cigarette butts and reduces the risk of fire. Made of flame-retardant, sturdy polyethylene, this low maintenance smoker's friend won't rust, dent, or crack. Unique rain bonnet opening keeps rain out and discourages other trash. Simply lift off lid to empty big galvanized steel pail inside. Tie-down notches offer security and greater stability under severe weather conditions. In high humidity environments, unique &quot;drip-lip&quot; internal construction prevents tar condensation from escaping. Factory Mutual fire tested and approved!","","","26800 Jusrite Polyethylene Cigarette Butt Receptacle w/ Liner Pail","Polyethylene Cigarette Butt Receptacle w/ Liner Pail",,,,,,,,1,0,1,0,0,1,1,1,0,1,1,,,1,0,1,0,1,0,1,0,,0,simple,,
admin,base,Default,simple,"971|26010","Gasoline Cans|Fuel and Gas Cans",88700,"10527",,"2 Gal Type II Red Accuflow Safety Can for Flammables","Red Accuflow Safety Cans for Flammables","2 Gal Type II Red Accuflow Safety Can for Flammables","Engineered for the highest performance in safety, compliance, and convenience.",/\1\0\2-Gal-Type-II-Red-Accuflow-Safety-Can-for.jpg,/\1\0\2-Gal-Type-II-Red-Accuflow-Safety-Can-for.jpg,http://www.48ws.com/images/product/1/0/2-Gal-Type-II-Red-Accuflow-Safety-Can-for.jpg,10527-Justrite-Type-II-Red-Accuflow-Safety-Cans-for-Flammables,10527-Justrite-Type-II-Red-Accuflow-Safety-Cans-for-Flammables,,No layout updates.,Block after Info Column,,"2 Gal Type II Red Accuflow Safety Can for Flammables","2 Gal Type II Red Accuflow Safety Can for Flammables",Use config,"http://www.justritemfg.com/",0,,,0,"Justrite",542,,Enabled,"Catalog, Search",Taxable Goods,Yes,No,"Engineered for the highest performance in safety, compliance, and convenience.","Going beyond protection and compliance, AccuFlow&trade; Type II Safety Cans provide fast, precision pouring when handling flammable liquids. Patented, innovative manifold automatically vents for smooth, glug-free liquid flow, while the comfortable Safe-Squeeze&reg; trigger offers maximum control when pouring. A 9&quot; (229mm) flexible metal hose ensures offers targeted pouring into small openings. Fill port with ergonomically designed handle makes filling easier than ever.<br></br>
Protection features include a long lasting, stainless steel flame arrester that dissipates heat to prevent flashback ignition and a gasketed, self-closing leak tight lid that automatically vents to guard against rupture or explosion. Warning label with extra large ID zone permits user to identify contents, department location, or individual user name. All can sizes have extra capacity for mixing in additives for two cycle engines.
<br></br>
<li>Fastest, smoothest, most controlled pouring</li>
<li>Quick-open fill port with ergonomic lift lever for easy filling</li>
<li>Auto venting protects against pressure build-up</li>
<li>Precision arrester screen stops flashback ignition to reduce fire risks</li>
<li>Superior chemical resistance</li>
<li>Excellent corrosion protection</li>
<li>Long length for safe insertion of gas nozzle</li>
<li>Faster liquid flow</li>
<li>Identify contents to reduce misuse or incompatible mixtures</li>
<li>Designate department location, work shift, crew or individual user</li>","","","2 Gal Type II Red Accuflow Safety Can for Flammables","2 Gal Type II Red Accuflow Safety Can for Flammables",,,,,,,,1,0,1,0,0,1,1,1,0,1,1,,,1,0,1,0,1,0,1,0,,0,simple,,
admin,base,Default,simple,"971|26010","Gasoline Cans|Fuel and Gas Cans",88701,"7220120",,"1 Gal UNO Red Accuflow Safety Can for Flammables","Red Accuflow Safety Cans for Flammables","1 Gal UNO Red Accuflow Safety Can for Flammables","Engineered for the highest performance in safety, compliance, and convenience.",/\1\0\2-Gal-Type-II-Red-Accuflow-Safety-Can-for.jpg,/\1\0\2-Gal-Type-II-Red-Accuflow-Safety-Can-for.jpg,http://www.48ws.com/images/product/1/0/2-Gal-Type-II-Red-Accuflow-Safety-Can-for.jpg,1-Gal-UNO-Red-Accuflow-Safety-Can-for-Flammables,1-Gal-UNO-Red-Accuflow-Safety-Can-for-Flammables,,No layout updates.,Block after Info Column,,"1 Gal UNO Red Accuflow Safety Can for Flammables","1 Gal UNO Red Accuflow Safety Can for Flammables",Use config,"http://www.justritemfg.com/",0,,,0,"Justrite",542,,Enabled,"Catalog, Search",Taxable Goods,Yes,No,"1 Gal UNO Red Accuflow Safety Can for Flammables","Going beyond protection and compliance, AccuFlow&trade; Type II Safety Cans provide fast, precision pouring when handling flammable liquids. Patented, innovative manifold automatically vents for smooth, glug-free liquid flow, while the comfortable Safe-Squeeze&reg; trigger offers maximum control when pouring. A 9&quot; (229mm) flexible metal hose ensures offers targeted pouring into small openings. Fill port with ergonomically designed handle makes filling easier than ever.<br></br>
Protection features include a long lasting, stainless steel flame arrester that dissipates heat to prevent flashback ignition and a gasketed, self-closing leak tight lid that automatically vents to guard against rupture or explosion. Warning label with extra large ID zone permits user to identify contents, department location, or individual user name. All can sizes have extra capacity for mixing in additives for two cycle engines.
<br></br>
<li>Fastest, smoothest, most controlled pouring</li>
<li>Quick-open fill port with ergonomic lift lever for easy filling</li>
<li>Auto venting protects against pressure build-up</li>
<li>Precision arrester screen stops flashback ignition to reduce fire risks</li>
<li>Superior chemical resistance</li>
<li>Excellent corrosion protection</li>
<li>Long length for safe insertion of gas nozzle</li>
<li>Faster liquid flow</li>
<li>Identify contents to reduce misuse or incompatible mixtures</li>
<li>Designate department location, work shift, crew or individual user</li>","","","1 Gal UNO Red Accuflow Safety Can for Flammables","1 Gal UNO Red Accuflow Safety Can for Flammables",,,,,,,,1,0,1,0,0,1,1,1,0,1,1,,,1,0,1,0,1,0,1,0,,0,simple,,
admin,base,Default,simple,"971|26010","Gasoline Cans|Fuel and Gas Cans",88702,"7250130",,"5 Gal Gal UNO Red Accuflow Safety Can for Flammables","Red Accuflow Safety Cans for Flammables","5 Gal Gal UNO Red Accuflow Safety Can for Flammables","Engineered for the highest performance in safety, compliance, and convenience.",/\1\0\2-Gal-Type-II-Red-Accuflow-Safety-Can-for.jpg,/\1\0\2-Gal-Type-II-Red-Accuflow-Safety-Can-for.jpg,http://www.48ws.com/images/product/1/0/2-Gal-Type-II-Red-Accuflow-Safety-Can-for.jpg,5-Gal-Gal-UNO-Red-Accuflow-Safety-Can-for-Flammables,5-Gal-Gal-UNO-Red-Accuflow-Safety-Can-for-Flammables,,No layout updates.,Block after Info Column,,"5 Gal Gal UNO Red Accuflow Safety Can for Flammables","5 Gal Gal UNO Red Accuflow Safety Can for Flammables",Use config,"http://www.justritemfg.com/",0,,,0,"Justrite",542,,Enabled,"Catalog, Search",Taxable Goods,Yes,No,"5 Gal Gal UNO Red Accuflow Safety Can for Flammables","Going beyond protection and compliance, AccuFlow&trade; Type II Safety Cans provide fast, precision pouring when handling flammable liquids. Patented, innovative manifold automatically vents for smooth, glug-free liquid flow, while the comfortable Safe-Squeeze&reg; trigger offers maximum control when pouring. A 9&quot; (229mm) flexible metal hose ensures offers targeted pouring into small openings. Fill port with ergonomically designed handle makes filling easier than ever.<br></br>
Protection features include a long lasting, stainless steel flame arrester that dissipates heat to prevent flashback ignition and a gasketed, self-closing leak tight lid that automatically vents to guard against rupture or explosion. Warning label with extra large ID zone permits user to identify contents, department location, or individual user name. All can sizes have extra capacity for mixing in additives for two cycle engines.
<br></br>
<li>Fastest, smoothest, most controlled pouring</li>
<li>Quick-open fill port with ergonomic lift lever for easy filling</li>
<li>Auto venting protects against pressure build-up</li>
<li>Precision arrester screen stops flashback ignition to reduce fire risks</li>
<li>Superior chemical resistance</li>
<li>Excellent corrosion protection</li>
<li>Long length for safe insertion of gas nozzle</li>
<li>Faster liquid flow</li>
<li>Identify contents to reduce misuse or incompatible mixtures</li>
<li>Designate department location, work shift, crew or individual user</li>","","","5 Gal Gal UNO Red Accuflow Safety Can for Flammables","5 Gal Gal UNO Red Accuflow Safety Can for Flammables",,,,,,,,1,0,1,0,0,1,1,1,0,1,1,,,1,0,1,0,1,0,1,0,,0,simple,,
admin,base,Default,simple,"971|26010","Gasoline Cans|Fuel and Gas Cans",88703,"7110100 ",,"1 Gal Safety Can","Safety Can","1 Gal Safety Can","Compliant and economical Justrite Type I safety cans reduce fire risks and make everyday use of flammables easier and safer. Protection features include a 3.5&quot; (88mm) long chemical resistant stainless steel flame arrester that stops flashback ignition, pr",/\7\1\1-Gal-Safety.jpg,/\7\1\1-Gal-Safety.jpg,http://www.48ws.com/images/product/7/1/1-Gal-Safety.jpg,1-Gal-Safety-Can,1-Gal-Safety-Can,,No layout updates.,Block after Info Column,,"1 Gal Safety Can","1 Gal Safety Can",Use config,"http://www.justritemfg.com/",0,,,0,"Justrite",542,,Enabled,"Catalog, Search",Taxable Goods,Yes,No,"Compliant and economical Justrite Type I safety cans reduce fire risks and make everyday use of flammables easier and safer. Protection features include a 3.5&quot; (88mm) long chemical resistant stainless steel flame arrester that stops flashback ignition, provides faster liquid flow, and offers exceptional durability. The self-venting, self-closing leakproof lid prevents ruptures from pressure build-up and controls vapors and spills. Warning label includes an extra large ID zone for user labeling of contents to avoid misuse, reduce the potential for incompatible mixtures, or may be used to designate department or individual owner. Made of galvanized steel with a tough powder paint finish, can capacities 1 gallon (4L) and above have ample headspace to accommodate oil additives.","<li>Precision arrester screen stops flashback ignition to reduce fire risks</li>
<li>Superior chemical resistance</li>
<li>Excellent corrosion protection</li>
<li>Long length for safe insertion of gas nozzle</li>
<li>Faster liquid flow</li>
<li>Identify contents to reduce misuse or incompatible mixtures</li>
<li>Designate department location, work shift, crew or individual user</li>","","","1 Gal Safety Can","1 Gal Safety Can",,,,,,,,1,0,1,0,0,1,1,1,0,1,1,,,1,0,1,0,1,0,1,0,,0,simple,,
admin,base,Default,simple,"971|26010","Gasoline Cans|Fuel and Gas Cans",88704,"7120100",,"2 Gal Safety Can","Safety Can","2 Gal Safety Can","Compliant and economical Justrite Type I safety cans reduce fire risks and make everyday use of flammables easier and safer. Protection features include a 3.5&quot; (88mm) long chemical resistant stainless steel flame arrester that stops flashback ignition, pr",/\7\1\1-Gal-Safety.jpg,/\7\1\1-Gal-Safety.jpg,http://www.48ws.com/images/product/7/1/1-Gal-Safety.jpg,2-Gal-Safety-Can,2-Gal-Safety-Can,,No layout updates.,Block after Info Column,,"2 Gal Safety Can","2 Gal Safety Can",Use config,"http://www.justritemfg.com/",0,,,0,"Justrite",542,,Enabled,"Catalog, Search",Taxable Goods,Yes,No,"2 Gal Safety Can","<li>Precision arrester screen stops flashback ignition to reduce fire risks</li>
<li>Superior chemical resistance</li>
<li>Excellent corrosion protection</li>
<li>Long length for safe insertion of gas nozzle</li>
<li>Faster liquid flow</li>
<li>Identify contents to reduce misuse or incompatible mixtures</li>
<li>Designate department location, work shift, crew or individual user</li>","","","2 Gal Safety Can","2 Gal Safety Can",,,,,,,,1,0,1,0,0,1,1,1,0,1,1,,,1,0,1,0,1,0,1,0,,0,simple,,
admin,base,Default,simple,"971|26010","Gasoline Cans|Fuel and Gas Cans",88705,"1750100",,"5 Gal Safety Can","Safety Can","5 Gal Safety Can","Compliant and economical Justrite Type I safety cans reduce fire risks and make everyday use of flammables easier and safer. Protection features include a 3.5&quot; (88mm) long chemical resistant stainless steel flame arrester that stops flashback ignition, pr",/\7\1\1-Gal-Safety.jpg,/\7\1\1-Gal-Safety.jpg,http://www.48ws.com/images/product/7/1/1-Gal-Safety.jpg,5-Gal-Safety-Can,5-Gal-Safety-Can,,No layout updates.,Block after Info Column,,"5 Gal Safety Can","5 Gal Safety Can",Use config,"http://www.justritemfg.com/",0,,,0,"Justrite",542,,Enabled,"Catalog, Search",Taxable Goods,Yes,No,"5 Gal Safety Can","<li>Precision arrester screen stops flashback ignition to reduce fire risks</li>
<li>Superior chemical resistance</li>
<li>Excellent corrosion protection</li>
<li>Long length for safe insertion of gas nozzle</li>
<li>Faster liquid flow</li>
<li>Identify contents to reduce misuse or incompatible mixtures</li>
<li>Designate department location, work shift, crew or individual user</li>","","","5 Gal Safety Can","5 Gal Safety Can",,,,,,,,1,0,1,0,0,1,1,1,0,1,1,,,1,0,1,0,1,0,1,0,,0,simple,,
