﻿store,websites,attribute_set,Type,category_ids,category_names,48WS_product_id,sku,has_options,name,Group_Name,meta_title,meta_description,Image,small_image,thumbnail,url_key,url_path,custom_design,page_layout,options_container,image_label,small_image_label,thumbnail_label,gift_message_available,manufacturer_url,price,special_price,cost,weight,manufacturer,manufacturer_id,color,status,visibility,tax_class_id,enable_googlecheckout,is_recurring,description,short_description,summary,upc,size_info,meta_keyword,custom_layout_update,news_from_date,news_to_date,special_from_date,special_to_date,custom_design_from,custom_design_to,qty,min_qty,use_config_min_qty,is_qty_decimal,backorders,use_config_backorders,min_sale_qty,use_config_min_sale_qty,max_sale_qty,use_config_max_sale_qty,is_in_stock,low_stock_date,notify_stock_qty,use_config_notify_stock_qty,manage_stock,use_config_manage_stock,stock_status_changed_automatically,use_config_qty_increments,qty_increments,use_config_enable_qty_increments,enable_qty_increments,product_name,store_id,product_type_id,product_status_changed,product_changed_websites
admin,base,Default,simple,"41|26782","Grout Pumps|Grout Pumps",97167,"GP-1HD",,"Grout Pump","","Grout Pump","Kenrich pumps are designed to pump most types of cementitious grouts (not recommended for chemical epoxy-type grouts). These pumps are ideal for grouting hollow metal door frames in place as well as placing grout anywhere that high pressure is not require",/\G\P\kenrich-GP-1HD-Grout- 1.jpg,/\G\P\kenrich-GP-1HD-Grout- 1.jpg,http://www.48ws.com/images/product/G/P/kenrich-GP-1HD-Grout- 1.jpg,kenrich-GP-1HD-Grout-Pump,kenrich-GP-1HD-Grout-Pump,,No layout updates.,Block after Info Column,,"Grout Pump","Grout Pump",Use config,"http://www.kenrichproducts.com/products.htm",0,,,0,"Kenrich Products",664,,Enabled,"Catalog, Search",Taxable Goods,Yes,No,"Kenrich pumps are designed to pump most types of cementitious grouts (not recommended for chemical epoxy-type grouts). These pumps are ideal for grouting hollow metal door frames in place as well as placing grout anywhere that high pressure is not required. Other applications include masonry restoration, fireproofing, soil stabilization, filling concrete block, installing NMB Splice Sleeves, waterproofing, tunnels, prison & jail construction, facility maintenance, parking structures, bridge repair, pumping cement slurries and general filling of voids.","<br>
<li>Choice of hand-operated or air-powered models</li><br>
<li>Easy to operate, minimal maintenance required</li><br>
<li>Pumps most types of cementitious grouts</li><br>
<li>Lightweight and portable; take pump to where you need the pump</li><br>
<li>Makes an ideal tool for placing grout anywhere that high pressure is not required</li><br>","","","kenrich GP-1HD Grout Pump","Grout Pump",,,,,,,,1,0,1,0,0,1,1,1,0,1,1,,,1,0,1,0,1,0,1,0,,0,simple,,
admin,base,Default,simple,"41|26782","Grout Pumps|Grout Pumps",97173,"GP-2HD",,"Grout Pump","","Grout Pump","Kenrich pumps are designed to pump most types of cementitious grouts (not recommended for chemical epoxy-type grouts). These pumps are ideal for grouting hollow metal door frames in place as well as placing grout anywhere that high pressure is not require",/\G\P\kenrich-GP-2HD-Grout- 1.jpg,/\G\P\kenrich-GP-2HD-Grout- 1.jpg,http://www.48ws.com/images/product/G/P/kenrich-GP-2HD-Grout- 1.jpg,kenrich-GP-2HD-Grout-Pump,kenrich-GP-2HD-Grout-Pump,,No layout updates.,Block after Info Column,,"Grout Pump","Grout Pump",Use config,"http://www.kenrichproducts.com/products.htm",0,,,0,"Kenrich Products",664,,Enabled,"Catalog, Search",Taxable Goods,Yes,No,"Kenrich pumps are designed to pump most types of cementitious grouts (not recommended for chemical epoxy-type grouts). These pumps are ideal for grouting hollow metal door frames in place as well as placing grout anywhere that high pressure is not required. Other applications include masonry restoration, fireproofing, soil stabilization, filling concrete block, installing NMB Splice Sleeves, waterproofing, tunnels, prison & jail construction, facility maintenance, parking structures, bridge repair, pumping cement slurries and general filling of voids.","<br>
<li>Choice of hand-operated or air-powered models</li><br>
<li>Easy to operate, minimal maintenance required</li><br>
<li>Pumps most types of cementitious grouts</li><br>
<li>Lightweight and portable; take pump to where you need the pump</li><br>
<li>Makes an ideal tool for placing grout anywhere that high pressure is not required</li><br>","","","kenrich GP-2HD Grout Pump","Grout Pump",,,,,,,,1,0,1,0,0,1,1,1,0,1,1,,,1,0,1,0,1,0,1,0,,0,simple,,
admin,base,Default,simple,"41|26782","Grout Pumps|Grout Pumps",97178,"GP-3A",,"Grout Pump","","Grout Pump","Kenrich pumps are designed to pump most types of cementitious grouts (not recommended for chemical epoxy-type grouts). These pumps are ideal for grouting hollow metal door frames in place as well as placing grout anywhere that high pressure is not require",/\G\P\kenrich-GP-3A-Grout- 1.jpg,/\G\P\kenrich-GP-3A-Grout- 1.jpg,http://www.48ws.com/images/product/G/P/kenrich-GP-3A-Grout- 1.jpg,kenrich-GP-3A-Grout-Pump,kenrich-GP-3A-Grout-Pump,,No layout updates.,Block after Info Column,,"Grout Pump","Grout Pump",Use config,"http://www.kenrichproducts.com/products.htm",0,,,0,"Kenrich Products",664,,Enabled,"Catalog, Search",Taxable Goods,Yes,No,"Kenrich pumps are designed to pump most types of cementitious grouts (not recommended for chemical epoxy-type grouts). These pumps are ideal for grouting hollow metal door frames in place as well as placing grout anywhere that high pressure is not required. Other applications include masonry restoration, fireproofing, soil stabilization, filling concrete block, installing NMB Splice Sleeves, waterproofing, tunnels, prison & jail construction, facility maintenance, parking structures, bridge repair, pumping cement slurries and general filling of voids.
","<br>
<li>Choice of hand-operated or air-powered models</li><br>
<li>Easy to operate, minimal maintenance required</li><br>
<li>Pumps most types of cementitious grouts</li><br>
<li>Lightweight and portable; take pump to where you need the pump</li><br>
<li>Makes an ideal tool for placing grout anywhere that high pressure is not required</li><br>","","","kenrich GP-3A Grout Pump","Grout Pump",,,,,,,,1,0,1,0,0,1,1,1,0,1,1,,,1,0,1,0,1,0,1,0,,0,simple,,
admin,base,Default,simple,"41|26782","Grout Pumps|Grout Pumps",97183,"GP-6",,"Grout Pump","","Grout Pump","Kenrich pumps are designed to pump most types of cementitious grouts (not recommended for chemical epoxy-type grouts). These pumps are ideal for grouting hollow metal door frames in place as well as placing grout anywhere that high pressure is not require",/\G\P\kenrich-GP-6-Grout- 1.jpg,/\G\P\kenrich-GP-6-Grout- 1.jpg,http://www.48ws.com/images/product/G/P/kenrich-GP-6-Grout- 1.jpg,kenrich-GP-6-Grout-Pump,kenrich-GP-6-Grout-Pump,,No layout updates.,Block after Info Column,,"Grout Pump","Grout Pump",Use config,"http://www.kenrichproducts.com/products.htm",0,,,0,"Kenrich Products",664,,Enabled,"Catalog, Search",Taxable Goods,Yes,No,"Kenrich pumps are designed to pump most types of cementitious grouts (not recommended for chemical epoxy-type grouts). These pumps are ideal for grouting hollow metal door frames in place as well as placing grout anywhere that high pressure is not required. Other applications include masonry restoration, fireproofing, soil stabilization, filling concrete block, installing NMB Splice Sleeves, waterproofing, tunnels, prison & jail construction, facility maintenance, parking structures, bridge repair, pumping cement slurries and general filling of voids.","<br>
<li>Choice of hand-operated or air-powered models</li><br>
<li>Easy to operate, minimal maintenance required</li><br>
<li>Pumps most types of cementitious grouts</li><br>
<li>Lightweight and portable; take pump to where you need the pump</li><br>
<li>Makes an ideal tool for placing grout anywhere that high pressure is not required</li><br>","","","kenrich GP-6 Grout Pump","Grout Pump",,,,,,,,1,0,1,0,0,1,1,1,0,1,1,,,1,0,1,0,1,0,1,0,,0,simple,,
admin,base,Default,simple,"41|26782","Grout Pumps|Grout Pumps",97186,"GP-7",,"Grout Pump","","Grout Pump","Kenrich pumps are designed to pump most types of cementitious grouts (not recommended for chemical epoxy-type grouts). These pumps are ideal for grouting hollow metal door frames in place as well as placing grout anywhere that high pressure is not require",/\G\P\kenrich-GP-7-Grout- 1.jpg,/\G\P\kenrich-GP-7-Grout- 1.jpg,http://www.48ws.com/images/product/G/P/kenrich-GP-7-Grout- 1.jpg,kenrich-GP-7-Grout-Pump,kenrich-GP-7-Grout-Pump,,No layout updates.,Block after Info Column,,"Grout Pump","Grout Pump",Use config,"http://www.kenrichproducts.com/products.htm",0,,,0,"Kenrich Products",664,,Enabled,"Catalog, Search",Taxable Goods,Yes,No,"Kenrich pumps are designed to pump most types of cementitious grouts (not recommended for chemical epoxy-type grouts). These pumps are ideal for grouting hollow metal door frames in place as well as placing grout anywhere that high pressure is not required. Other applications include masonry restoration, fireproofing, soil stabilization, filling concrete block, installing NMB Splice Sleeves, waterproofing, tunnels, prison & jail construction, facility maintenance, parking structures, bridge repair, pumping cement slurries and general filling of voids.","<br>
<li>Choice of hand-operated or air-powered models</li><br>
<li>Easy to operate, minimal maintenance required</li><br>
<li>Pumps most types of cementitious grouts</li><br>
<li>Lightweight and portable; take pump to where you need the pump</li><br>
<li>Makes an ideal tool for placing grout anywhere that high pressure is not required</li><br>
","","","kenrich GP-7 Grout Pump","Grout Pump",,,,,,,,1,0,1,0,0,1,1,1,0,1,1,,,1,0,1,0,1,0,1,0,,0,simple,,
admin,base,Default,simple,"41|26782","Grout Pumps|Grout Pumps",97190,"GP-8A",,"Grout Pump","","Grout Pump","Kenrich pumps are designed to pump most types of cementitious grouts (not recommended for chemical epoxy-type grouts). These pumps are ideal for grouting hollow metal door frames in place as well as placing grout anywhere that high pressure is not require",/\G\P\kenrich-GP-8A-Grout- 1.jpg,/\G\P\kenrich-GP-8A-Grout- 1.jpg,http://www.48ws.com/images/product/G/P/kenrich-GP-8A-Grout- 1.jpg,kenrich-GP-8A-Grout-Pump,kenrich-GP-8A-Grout-Pump,,No layout updates.,Block after Info Column,,"Grout Pump","Grout Pump",Use config,"http://www.kenrichproducts.com/products.htm",0,,,0,"Kenrich Products",664,,Enabled,"Catalog, Search",Taxable Goods,Yes,No,"Kenrich pumps are designed to pump most types of cementitious grouts (not recommended for chemical epoxy-type grouts). These pumps are ideal for grouting hollow metal door frames in place as well as placing grout anywhere that high pressure is not required. Other applications include masonry restoration, fireproofing, soil stabilization, filling concrete block, installing NMB Splice Sleeves, waterproofing, tunnels, prison & jail construction, facility maintenance, parking structures, bridge repair, pumping cement slurries and general filling of voids.","<br>
<li>Choice of hand-operated or air-powered models</li><br>
<li>Easy to operate, minimal maintenance required</li><br>
<li>Pumps most types of cementitious grouts</li><br>
<li>Lightweight and portable; take pump to where you need the pump</li><br>
<li>Makes an ideal tool for placing grout anywhere that high pressure is not required</li><br>","","","kenrich GP-8A Grout Pump","Grout Pump",,,,,,,,1,0,1,0,0,1,1,1,0,1,1,,,1,0,1,0,1,0,1,0,,0,simple,,
admin,base,Default,simple,"26782","Grout Pumps",422195,"GP1",,"Grout Pump","Grout Pump","Grout Pump","",/\G\P\kenrich-products-gp1-grout-pump.jpg,/\G\P\kenrich-products-gp1-grout-pump.jpg,http://www.48ws.com/images/product/G/P/kenrich-products-gp1-grout-pump.jpg,kenrich-products-GP1-,kenrich-products-GP1-,,No layout updates.,Block after Info Column,,"Grout Pump","Grout Pump",Use config,"http://www.kenrichproducts.com/pdfs/GP1-GP2.pdf",0,,,0,"Kenrich Products",664,,Enabled,"Catalog, Search",Taxable Goods,Yes,No,"Hand Powered Grout Pump","<li>Choice of hand-operated or air-powered models</li><br><li>Easy to operate, minimal maintenance required</li><br><li>Pumps most types of cementitious grouts</li><br><li>Lightweight and portable; take pump to where you need the pump</li><br><li>Makes an","Kenrich pumps are designed to pump most types of cementitious grouts (not recommended for chemical epoxy-type grouts). These pumps are ideal for grouting hollow metal door frames in place as well as placing grout anywhere that high pressure is not required. Other applications include masonry restoration, fireproofing, soil stabilization, filling concrete block, installing NMB Splice Sleeves, waterproofing, tunnels, prison & jail construction, facility maintenance, parking structures, bridge repair, pumping cement slurries and general filling of voids.","","Pump Type: Single Diaphragm, Self-Priming; Power Source: Hand Operated; Output Capacity: 6 Gal/Min; Output Pressure: 0 To 15 Psi; Hopper Capactiy: 0.25 Cubic Ft.; Placement Hose Size: 1-1/2&quot; By 60&quot;; Discharge Head: 10 Foot Vertical Lift; Dimensions: 22-1/","Grout Pump",,,,,,,,1,0,1,0,0,1,1,1,0,1,1,,,1,0,1,0,1,0,1,0,,0,simple,,
admin,base,Default,simple,"26782","Grout Pumps",422196,"GP2",,"Grout Pump","Grout Pump","Grout Pump","",/\G\P\kenrich-products-gp2-grout-pump.jpg,/\G\P\kenrich-products-gp2-grout-pump.jpg,http://www.48ws.com/images/product/G/P/kenrich-products-gp2-grout-pump.jpg,kenrich-products-GP2-,kenrich-products-GP2-,,No layout updates.,Block after Info Column,,"Grout Pump","Grout Pump",Use config,"http://www.kenrichproducts.com/pdfs/GP1-GP2.pdf",0,,,0,"Kenrich Products",664,,Enabled,"Catalog, Search",Taxable Goods,Yes,No,"Hand Powered Grout Pump","<li>Choice of hand-operated or air-powered models</li><br><li>Easy to operate, minimal maintenance required</li><br><li>Pumps most types of cementitious grouts</li><br><li>Lightweight and portable; take pump to where you need the pump</li><br><li>Makes an","Kenrich pumps are designed to pump most types of cementitious grouts (not recommended for chemical epoxy-type grouts). These pumps are ideal for grouting hollow metal door frames in place as well as placing grout anywhere that high pressure is not required. Other applications include masonry restoration, fireproofing, soil stabilization, filling concrete block, installing NMB Splice Sleeves, waterproofing, tunnels, prison & jail construction, facility maintenance, parking structures, bridge repair, pumping cement slurries and general filling of voids.","","Pump Type: Single Diaphragm, Self-Priming; Power Source: Hand Operated; Output Capacity: 6 Gal/Min; Output Pressure: 0 To 15 Psi; Hopper Capactiy: 0.62 Cubic Ft.; Placement Hose Size: 1-1/2&quot; By 60&quot;; Discharge Head: 10 Foot Vertical Lift; Dimensions: 23-1/","Grout Pump",,,,,,,,1,0,1,0,0,1,1,1,0,1,1,,,1,0,1,0,1,0,1,0,,0,simple,,
