﻿store,websites,attribute_set,Type,category_ids,category_names,48WS_product_id,sku,has_options,name,Group_Name,meta_title,meta_description,Image,small_image,thumbnail,url_key,url_path,custom_design,page_layout,options_container,image_label,small_image_label,thumbnail_label,gift_message_available,manufacturer_url,price,special_price,cost,weight,manufacturer,manufacturer_id,color,status,visibility,tax_class_id,enable_googlecheckout,is_recurring,description,short_description,summary,upc,size_info,meta_keyword,custom_layout_update,news_from_date,news_to_date,special_from_date,special_to_date,custom_design_from,custom_design_to,qty,min_qty,use_config_min_qty,is_qty_decimal,backorders,use_config_backorders,min_sale_qty,use_config_min_sale_qty,max_sale_qty,use_config_max_sale_qty,is_in_stock,low_stock_date,notify_stock_qty,use_config_notify_stock_qty,manage_stock,use_config_manage_stock,stock_status_changed_automatically,use_config_qty_increments,qty_increments,use_config_enable_qty_increments,enable_qty_increments,product_name,store_id,product_type_id,product_status_changed,product_changed_websites
admin,base,Default,simple,"2415|25522","Shoe Covers|Shoe and Boot Covers",13463,"36811KC2",,"A10 Light Duty Blue Shoe Covers","","A10 Light Duty Blue Shoe Covers","A10 Light Duty Blue Shoe Covers",/\3\6\A10-Light-Duty-Blue-Shoe.jpg,/\3\6\A10-Light-Duty-Blue-Shoe.jpg,http://www.48ws.com/images/product/3/6/A10-Light-Duty-Blue-Shoe.jpg,A10-Light-Duty-Blue-Shoe-Covers,A10-Light-Duty-Blue-Shoe-Covers,,No layout updates.,Block after Info Column,,"A10 Light Duty Blue Shoe Covers","A10 Light Duty Blue Shoe Covers",Use config,"",0,,,0,"Logistics Supply",318,,Enabled,"Catalog, Search",Taxable Goods,Yes,No,"","<b><u>Features / Specifications</u></b><br><br>
<li>300 per case</li>
<li>Lightweight spunbond polypropylene material provides great comfort.</li>
<li>Fully elasticized</li>
<li>Helps keep workers cool and comfortable in a wide range of work situations, from food processing to manufacturing facilities to hospitals to construction sites</li><br>","","","Logistics Supply A10 Light Duty Blue Shoe Covers","A10 Light Duty Blue Shoe Covers",,,,,,,,1,0,1,0,0,1,1,1,0,1,1,,,1,0,1,0,1,0,1,0,,0,simple,,
admin,base,Default,simple,"159|25842","Hard Hats|Hard Hats",37289,"697410",,"Sunshield for V-Guard","","Sunshield for V-Guard","When their office is outdoors, MSA's Sun Shield Assembly's got it covered ... neck, ears and forehead. Perfect for anyone who works outside in the hot sun, the Sun Shield reduces the risk of skin cancer, thanks to the extended brim, keeping wearers cooler",/\6\9\697410-logistics-Supply-Sunshield-for-V.jpg,/\6\9\697410-logistics-Supply-Sunshield-for-V.jpg,http://www.48ws.com/images/product/6/9/697410-logistics-Supply-Sunshield-for-V.jpg,697410-logistics-Supply-Sunshield-for-V-Guard,697410-logistics-Supply-Sunshield-for-V-Guard,,No layout updates.,Block after Info Column,,"Sunshield for V-Guard","Sunshield for V-Guard",Use config,"http://www.logisticssupply.com/697410MSA",0,,,0,"Logistics Supply",318,,Enabled,"Catalog, Search",Taxable Goods,Yes,No,"","<b>Properties</b>
<br></br>
<li>For V-Gard&reg; Hats Only</li>
<li>Extends the brim all the way around to help protect wearer's ears and neck from sun's rays</li>
<li>Made of polyurethane (front portion is Lexan, smoke tint)</li>","When their office is outdoors, MSA's Sun Shield Assembly's got it covered ... neck, ears and forehead. Perfect for anyone who works outside in the hot sun, the Sun Shield reduces the risk of skin cancer, thanks to the extended brim, keeping wearers cooler and more comfortable throughout the day. And it's tough, too, thanks to its polyurethane/Lexan&reg; material.","","697410 logistics Supply Sunshield for V-Guard","Sunshield for V-Guard",,,,,,,,1,0,1,0,0,1,1,1,0,1,1,,,1,0,1,0,1,0,1,0,,0,simple,,
admin,base,Default,simple,"159|25842","Hard Hats|Hard Hats",37290,"10034018",,"MSA White Cap Fas-Trac Vented","","MSA White Cap Fas-Trac Vented","A hot pick for hot jobs, the V-Gard 500® Cap offers increased airflow and a Glaregard™ anti-reflective brim, making it ideal for warm weather. These caps are designed with lateral contours over the ears as well so it's easy to integrate hearing safeguards",/\1\0\10034018-Logistics-Supply-MSA-White-Cap-Fas-Trac.jpg,/\1\0\10034018-Logistics-Supply-MSA-White-Cap-Fas-Trac.jpg,http://www.48ws.com/images/product/1/0/10034018-Logistics-Supply-MSA-White-Cap-Fas-Trac.jpg,10034018-Logistics-Supply-MSA-White-Cap-Fas-Trac-Vented,10034018-Logistics-Supply-MSA-White-Cap-Fas-Trac-Vented,,No layout updates.,Block after Info Column,,"MSA White Cap Fas-Trac Vented","MSA White Cap Fas-Trac Vented",Use config,"http://www.logisticssupply.com/10034018MSA#productinfo",0,,,0,"Logistics Supply",318,,Enabled,"Catalog, Search",Taxable Goods,Yes,No,"","<b>Properties</b>
<br></br>
<li>Vented w/4 and 6 Point Fas-Trac&reg; Ratchet Suspension</li>
<li>Consists of a polyethylene shell</li>
<li>Provides cooling vents for improved air circulation and comfort</li>
<li>Lightweight design for added comfort</li>
<li>Lateral contours above the ear for easy integration of hearing protection</li>
<li>Glaregard&trade; underbrim to reduce reflective glare</li>
<li>Meets or exceeds the applicable requirements for a Type 1 helmet (top impact) as outlined in ANSI Z89.1-2003, Class C</li>","A hot pick for hot jobs, the V-Gard 500&reg; Cap offers increased airflow and a Glaregard&trade; anti-reflective brim, making it ideal for warm weather. These caps are designed with lateral contours over the ears as well so it's easy to integrate hearing safeguards. White.","","10034018 Logistics Supply MSA White Cap Fas-Trac Vented","MSA White Cap Fas-Trac Vented",,,,,,,,1,0,1,0,0,1,1,1,0,1,1,,,1,0,1,0,1,0,1,0,,0,simple,,
admin,base,Default,simple,"159|25842","Hard Hats|Hard Hats",37291,"10087220",,"V-Guard Suspension","","V-Guard Suspension","<b>Properties</b>
<br></br>
<li>4 Point Fas-Trac® Replacement Suspensions</li>
<li>For use on Standard (Size: 6 1/2-8), V-Gard® Caps/Hats, and SmoothDome™ Slotted Caps</li>",/\1\0\10087220-Logistics-Supply-V-Guard.jpg,/\1\0\10087220-Logistics-Supply-V-Guard.jpg,http://www.48ws.com/images/product/1/0/10087220-Logistics-Supply-V-Guard.jpg,10087220-Logistics-Supply-V-Guard-Suspension,10087220-Logistics-Supply-V-Guard-Suspension,,No layout updates.,Block after Info Column,,"V-Guard Suspension","V-Guard Suspension",Use config,"http://www.logisticssupply.com/10087220MSA",0,,,0,"Logistics Supply",318,,Enabled,"Catalog, Search",Taxable Goods,Yes,No,"","<b>Properties</b>
<br></br>
<li>4 Point Fas-Trac&reg; Replacement Suspensions</li>
<li>For use on Standard (Size: 6 1/2-8), V-Gard&reg; Caps/Hats, and SmoothDome&trade; Slotted Caps</li>","","","10087220 Logistics Supply V-Guard Suspension","V-Guard Suspension",,,,,,,,1,0,1,0,0,1,1,1,0,1,1,,,1,0,1,0,1,0,1,0,,0,simple,,
admin,base,Default,simple,"1326|19703","Cleaning Supplies|Cleaning Supplies Holders",37292,"107795SPC",,"5 Gal Spill Kit","","5 Gal Spill Kit","Universal Allwik Portable Spill Kits, from SPC, are there for an emergency. The Economy Spill Kit™ is stored in a bright-yellow bag so it's highly visible at all times and can absorb five gallons of liquid per kit. The Attack Pac™ is a single-use kit pack",/\1\0\107795SPC-Logistics-Supply-5-Gal-Spill.jpg,/\1\0\107795SPC-Logistics-Supply-5-Gal-Spill.jpg,http://www.48ws.com/images/product/1/0/107795SPC-Logistics-Supply-5-Gal-Spill.jpg,107795SPC-Logistics-Supply-5-Gal-Spill-Kit,107795SPC-Logistics-Supply-5-Gal-Spill-Kit,,No layout updates.,Block after Info Column,,"5 Gal Spill Kit","5 Gal Spill Kit",Use config,"http://www.logisticssupply.com/107795SPC",0,,,0,"Logistics Supply",318,,Enabled,"Catalog, Search",Taxable Goods,Yes,No,"Universal Allwik Portable Spill Kits, from SPC, are there for an emergency. The Economy Spill Kit&trade; is stored in a bright-yellow bag so it's highly visible at all times and can absorb five gallons of liquid per kit. The Attack Pac&trade; is a single-use kit packed in a silver-color foil bag that's puncture and UV resistant. It absorbs up to seven gallons per each kit.","<b>Contents</b>
<br></br>
<li>10 Pads (15&quot; x 19&quot;)</li>
<li>2 SOCs (3&quot; x 4')</li>
<liNitrile Gloves></li>
<li>1 Disposable Bag</li>
<li>Instruction Sheet</li>","<b>Properties</b>
<br></br>
<li>Highly visible yellow PVC bag is &quot;just right&quot; for small spills</li>
<li>The right price, the right size, and the right value</li>
<li>Absorbs up to 5 gallons per kit</li>
<li>Accidents happen...Be Prepared with SPC's Emergency Spill Kits</li>","","107795SPC Logistics Supply 5 Gal Spill Kit","5 Gal Spill Kit",,,,,,,,1,0,1,0,0,1,1,1,0,1,1,,,1,0,1,0,1,0,1,0,,0,simple,,
admin,base,Default,simple,"159|25842","Hard Hats|Hard Hats",37305,"12440EG",,"Sweat Band","","Sweat Band","Hard hats get hot inside, no doubt about it. Chill-Its® Terry Sweatbands from Ergodyne® help alleviate some of the problem by soaking up sweat and keeping it out of the eyes. Chill-Its are made from 100% cotton for superb comfort, it fits most hard hat su",/\1\2\12440EG-Logistics-Supply-Sweat.jpg,/\1\2\12440EG-Logistics-Supply-Sweat.jpg,http://www.48ws.com/images/product/1/2/12440EG-Logistics-Supply-Sweat.jpg,12440EG-Logistics-Supply-Sweat-Band,12440EG-Logistics-Supply-Sweat-Band,,No layout updates.,Block after Info Column,,"Sweat Band","Sweat Band",Use config,"http://www.logisticssupply.com/12440EG",0,,,0,"Logistics Supply",318,,Enabled,"Catalog, Search",Taxable Goods,Yes,No,"Hard hats get hot inside, no doubt about it. Chill-Its&reg; Terry Sweatbands from Ergodyne&reg; help alleviate some of the problem by soaking up sweat and keeping it out of the eyes. Chill-Its are made from 100% cotton for superb comfort, it fits most hard hat suspension systems and are machine washable. One size.","<b>Properties:</b>
<br></br>
<li>Economical way for hard hat wearers to manage moisture</li>
<li>Keeps sweat out of eyes</li>
<li>Absorbent terry headband</li>
<li>Fits most hard hat suspension systems</li>
<li>Machine washable</li>
<li>100% cotton</li>
<li>Applications: Construction, Trades, Maintenance, Landscaping/Grounds, Assembly/Fabrication, Material Handling, Freight/Baggage, Warehousing/Distribution, Iron/Steel Fabrication</li>","<li>Model Number: 12440</li>
<li>UOM: EA</li>
<li>Color: Gray</li>
<li>Size: One Size</li><br></br>","","12440EG Logistics Supply Sweat Band","Sweat Band",,,,,,,,1,0,1,0,0,1,1,1,0,1,1,,,1,0,1,0,1,0,1,0,,0,simple,,
admin,base,Default,simple,"421|25522","Rubber Boots|Shoe and Boot Covers",37308,"12BNSCRC",,"Boot Covers","","Boot Covers","1.25 oz polypropylene with serged seams and non-skid design. 150 Pair/Case.",/\1\2\12BNSCRC-Logistics-Supply-Boot.jpg,/\1\2\12BNSCRC-Logistics-Supply-Boot.jpg,http://www.48ws.com/images/product/1/2/12BNSCRC-Logistics-Supply-Boot.jpg,12BNSCRC-Logistics-Supply-Boot-Covers,12BNSCRC-Logistics-Supply-Boot-Covers,,No layout updates.,Block after Info Column,,"Boot Covers","Boot Covers",Use config,"http://www.logisticssupply.com/12BNSCRC",0,,,0,"Logistics Supply",318,,Enabled,"Catalog, Search",Taxable Goods,Yes,No,"1.25 oz polypropylene with serged seams and non-skid design. 150 Pair/Case.","<b>Properties:</b>
<br></br>
<li>150 pair per case</li>
<li>Non-skid design</li>","Model Number: 12BNSCRC
<br></br>
UOM: CS
<br></br>
Size: Universal
<br></br>
Color: Blue","","12BNSCRC Logistics Supply Boot Covers","Boot Covers",,,,,,,,1,0,1,0,0,1,1,1,0,1,1,,,1,0,1,0,1,0,1,0,,0,simple,,
admin,base,Default,simple,"157|25724","First Aid Kits|First Aid Kits",37309,"225ANF",,"50 Person First Aid Kit","","50 Person First Aid Kit","ANSI First Aid Kits come in multiple combinations and sizes to address different environments. These kits comply with ANSI standards and meet or exceed federal OSHA regulations, too. They also come with a handy list of kit contents for easy ordering and f",/\2\2\225ANF-Logistics-Supply-50-Person-First-Aid.jpg,/\2\2\225ANF-Logistics-Supply-50-Person-First-Aid.jpg,http://www.48ws.com/images/product/2/2/225ANF-Logistics-Supply-50-Person-First-Aid.jpg,225ANF-Logistics-Supply-50-Person-First-Aid-Kit,225ANF-Logistics-Supply-50-Person-First-Aid-Kit,,No layout updates.,Block after Info Column,,"50 Person First Aid Kit","50 Person First Aid Kit",Use config,"http://www.logisticssupply.com/225ANF",0,,,0,"Logistics Supply",318,,Enabled,"Catalog, Search",Taxable Goods,Yes,No,"ANSI First Aid Kits come in multiple combinations and sizes to address different environments. These kits comply with ANSI standards and meet or exceed federal OSHA regulations, too. They also come with a handy list of kit contents for easy ordering and feature labels in both English and Spanish. Contents subject to change without notice.","<b>Kit Includes:</b><br></br>
<li>(100) 1&quot; X 3&quot; Adhesive plastic bandages</li>
<li>(3) 1.75&quot; X 3&quot; Large fingertip fabric bandages</li>
<li>(3) 1.5&quot; X 3&quot; Knuckle fabric bandages</li>
<li>(2) 2&quot; X 4&quot; Elbow & knee plastic bandages</li>
<li>(6) 3&quot; X 3&quot; Gauze dressing pads, (3) 2-packs</li>
<li>(2) 4&quot; X 4&quot; Gauze dressing pads, (1) 2-pack</li>
<li>(1) 5&quot; X 9&quot; Trauma pad</li>
<li>(2) 2&quot; Conforming gauze roll bandages</li>
<li>(1) 40&quot; Triangular sling/bandage, w/2 safety pins</li>
<li>(20) Aspirin tablets, (10) 2-packs</li>
<li>(12) Alcohol cleansing pads</li>
<li>(12) Antiseptic cleansing wipes (sting free)</li>
<li>(6) Triple antibiotic ointment packs</li>
<li>(6) First aid/burn cream, 0.9 gm. packs</li>
<li>(6) Insect sting relief pads</li>
<li>(1) 3&quot; X 5 yd. Latex free elastic bandage</li>
<li>(1) .5&quot; X 5 yd. First aid tape roll</li>
<li>(1) 4&quot; X 5&quot; Instant cold compress</li>
<li>(2) Sterile eye pads</li>
<li>(1) Eye wash, 4 oz</li>
<li>(4) Exam quality vinyl gloves, 2 pair</li>
<li>(1) 4.5&quot; Scissors, nickel plated</li>
<li>(1) 4&quot; Tweezers, plastic</li>
<li>(1) First aid guide</li>","Model Number: 225AN<br>
UOM: EA<br>
Dimensions: 10.75&quot; X 11.25&quot; X 3&quot;<br></br>
<b>Properties:</b>
<li>This 195-piece first aid kit is ideal for contractors, fleet vehicles, worksites or small companies with up to 50 employees</li>
<li>It meets federal OSHA recommendations and carries 20 critical products</li>
<li>The plastic case, with slanted, spill-proof dividers is wall mountable yet has a handle for easy carrying</li>","","225ANF Logistics Supply 50 Person First Aid Kit","50 Person First Aid Kit",,,,,,,,1,0,1,0,0,1,1,1,0,1,1,,,1,0,1,0,1,0,1,0,,0,simple,,
admin,base,Default,simple,"880|27823","Rubber Gloves|Nitrile Gloves",37312,"40226 Medium",,"Medium Purple Nitrile Gloves","KleenGuard G40 Purple Nitrile Gloves - Logistics Supply","Medium Purple Nitrile Gloves","KleenGuard® G40 Purple Nitrile* Foam Coated Gloves deliver a tactile sensitivity and dexterity that translates to excellent gripping power. Improved grip, in turn, translates to improved productivity. The light, seamless, knit nylon liner increases breath",/\K\l\KleenGuard-G40-Purple-Nitrile-Gloves-Logistics.jpg,/\K\l\KleenGuard-G40-Purple-Nitrile-Gloves-Logistics.jpg,http://www.48ws.com/images/product/K/l/KleenGuard-G40-Purple-Nitrile-Gloves-Logistics.jpg,KleenGuard-G40-Purple-Nitrile-Gloves-Logistics-Supply,KleenGuard-G40-Purple-Nitrile-Gloves-Logistics-Supply,,No layout updates.,Block after Info Column,,"Medium Purple Nitrile Gloves","Medium Purple Nitrile Gloves",Use config,"http://www.logisticssupply.com/4022KC2",0,,,0,"Logistics Supply",318,,Enabled,"Catalog, Search",Taxable Goods,Yes,No,"Sold by the case; 5 bags, 12 pairs/bag. Black/Purple.","<b>Properties:</b>
<br></br>
<li>60 per case</li>
<li>Deliver a tactile sensitivity and dexterity that translates to excellent gripping power</li>
<li>Improved grip, in turn, translates to improved productivity</li>
<li>Light,seamless knit nylon liner for comfort and breathability</li>
<li>Elasticized wrists improve safety and security</li>
<li>Abrasion resistance rating of 4 out of 4 (EN 388 Standards)</li>
<li>Excellent grip even through oil and dirt</li>
<li>Black and purple color hides oil and dirt</li>
<li>25% better productivity than leather</li>
<li>An excellent choice for any customers in small-parts assembly, materials handling, automotive industries, general maintenance and warehousing/shipping/delivery</li>","KleenGuard&reg; G40 Purple Nitrile* Foam Coated Gloves deliver a tactile sensitivity and dexterity that translates to excellent gripping power. Improved grip, in turn, translates to improved productivity. The light, seamless, knit nylon liner increases breathability for greater comfort and the elasticized wrists improve safety and security. Plus, the durability-boosting purple nitrile coating offers greater protection for hands - scoring four out of four to earn the highest abrasion resistance rating under EN 388. And, these gloves always look fresh on the job, thanks to the black and purple color that masks dirt and oil. Sold by the case; 5 bags, 12 pairs/bag. Black/Purple.","","Medium Purple Nitrile Gloves","Medium Purple Nitrile Gloves",,,,,,,,1,0,1,0,0,1,1,1,0,1,1,,,1,0,1,0,1,0,1,0,,0,simple,,
admin,base,Default,simple,"157|25724","First Aid Kits|First Aid Kits",37317,"930125PF",,"25 Person First Aid Kit","","25 Person First Aid Kit","This special collection of First Aid Kits are designed to meet the needs of several specific jobs and industries that often require a specialized mix of supplies. Each kit also features English and Spanish labels. Contents subject to change without notice",/\9\3\930125PF-Logistics-Supply-25-Person-First-Aid.jpg,/\9\3\930125PF-Logistics-Supply-25-Person-First-Aid.jpg,http://www.48ws.com/images/product/9/3/930125PF-Logistics-Supply-25-Person-First-Aid.jpg,930125PF-Logistics-Supply-25-Person-First-Aid-Kit,930125PF-Logistics-Supply-25-Person-First-Aid-Kit,,No layout updates.,Block after Info Column,,"25 Person First Aid Kit","25 Person First Aid Kit",Use config,"http://www.logisticssupply.com/930125PF",0,,,0,"Logistics Supply",318,,Enabled,"Catalog, Search",Taxable Goods,Yes,No,"This special collection of First Aid Kits are designed to meet the needs of several specific jobs and industries that often require a specialized mix of supplies. Each kit also features English and Spanish labels. Contents subject to change without notice.","<b>Kit Includes:</b><br></br>
<li>(100) 1&quot; X 3&quot; Adhesive plastic bandages</li>
<li>(3) Knuckle fabric bandages</li>
<li>(3) Fingertip fabric bandages, large</li>
<li>(1) 3&quot; Conforming gauze roll bandage</li>
<li>(1) 40&quot; Triangular sling/bandage, w/2 safety pins</li>
<li>(6) 3&quot; X 3&quot; Gauze dressing pads</li>
<li>(1) 5&quot; X 9&quot; Trauma pad</li>
<li>(42) Antiseptic cleansing wipes (sting free)</li>
<li>(1) First aid/burn cream pack, 0.9 gm, 10/bx</li>
<li>(1) 4&quot; X 5&quot; Instant cold compress</li>
<li>(1) 1/2&quot; X 10 yd. First aid tape roll</li>
<li>(1) 4.5&quot; Scissors, nickel plated</li>
<li>(1) 4&quot; Tweezers, plastic, one time use</li>
<li>(4) Exam quality gloves, 2 pairs</li>
<li>(1) First Aid Guide</li>","<b>Properties:</b><br>
<li>25 Person,176 Piece Bulk Contractors Kit</li>
<li>Plastic Case</li>
<br></br>
Model Number:930125P<br>
UOM: EA<br>
Size: 9.062&quot; X 6.313&quot; X 2.375&quot;","","930125PF Logistics Supply 25 Person First Aid Kit","25 Person First Aid Kit",,,,,,,,1,0,1,0,0,1,1,1,0,1,1,,,1,0,1,0,1,0,1,0,,0,simple,,
admin,base,Default,simple,"2596|26161","Protective Coveralls|Work Coveralls",37319,"CTL4121",,"Medium Coveralls","Logistics Supply Coveralls","Medium Coveralls","MicroMAX® and MicroMAX® NS protective clothing can be used in any non-hazardous environment to protect workers from dirt, grime, splashes and more. It’s lightweight and fits easily over clothing allowing for effortless movement. It’s also breathable, and ",/\C\o\Coveralls-Logistics.jpg,/\C\o\Coveralls-Logistics.jpg,http://www.48ws.com/images/product/C/o/Coveralls-Logistics.jpg,Coveralls-Logistics-Supply,Coveralls-Logistics-Supply,,No layout updates.,Block after Info Column,,"Medium Coveralls","Medium Coveralls",Use config,"http://www.logisticssupply.com/CTL412LLK",0,,,0,"Logistics Supply",318,,Enabled,"Catalog, Search",Taxable Goods,Yes,No,"MicroMAX&reg; and MicroMAX&reg; NS protective clothing can be used in any non-hazardous environment to protect workers from dirt, grime, splashes and more. It's lightweight and fits easily over clothing allowing for effortless movement. It's also breathable, and if it gets wet, it doesn't lose its strength. White. 25/Case.","<b>Properties:</b><br>
<li>25 per case</li>
<li>MicroMax&reg; is the popular alternative to Tyvek!</li>
<li>Provides a true aerosol and liquid proof barrier and screens 99% of dry particulates as small as 0.35 microns</li>
<li>This economical, protective clothing can be used in any non-hazardous environment to protect workers from dirt, grime, splashes and more</li>
<li>Lightweight and fits easily over clothing allowing for effortless movement</li>
<li>Breathable to keep workers comfortable all day</li>
<li>If it gets wet it doesn't lose its strength</li>
<li>Choose from several styles</li>","Model Number:  CTL412, CTL428, CTL414, CTL417<br>
UOM: CS<br>
Color: White","","Medium Coveralls","Medium Coveralls",,,,,,,,1,0,1,0,0,1,1,1,0,1,1,,,1,0,1,0,1,0,1,0,,0,simple,,
admin,base,Default,simple,"164|25635","Safety Glasses|Safety Glasses",37321,"KD110",,"Safety Spectacles","","Safety Spectacles","The Klondike® Series, from MCR Safety, are stylishly safe glasses at an affordable price. The strong, lightweight polycarbonate lenses filter 99.9% of UV radiation and are coated with scratch-resistant Duramass®. The Klondike® model features a proprietary",/\K\D\KD110-Logistics-Supply-Safety.jpg,/\K\D\KD110-Logistics-Supply-Safety.jpg,http://www.48ws.com/images/product/K/D/KD110-Logistics-Supply-Safety.jpg,KD110-Logistics-Supply-Safety-Spectacles,KD110-Logistics-Supply-Safety-Spectacles,,No layout updates.,Block after Info Column,,"Safety Spectacles","Safety Spectacles",Use config,"http://www.logisticssupply.com/KD110C",0,,,0,"Logistics Supply",318,,Enabled,"Catalog, Search",Taxable Goods,Yes,No,"The Klondike&reg; Series, from MCR Safety, are stylishly safe glasses at an affordable price. The strong, lightweight polycarbonate lenses filter 99.9% of UV radiation and are coated with scratch-resistant Duramass&reg;. The Klondike&reg; model features a proprietary gel nosepiece and adjustable temples for all-day comfort, too. Meets or exceeds ANSI Z87.1 safety standards.","<b>Properties:</b><br>
<li>Stylishly safe glasses at an affordable price</li>
<li>Strong, lightweight polycarbonate lens with scratch-resistant Duramass coating filters out 99.9% of U.V. radiation</li>
<li>Gel nose piece and adjustable temples for long-wearing comfort</li>","Model Number: KD114, KD11B, KD110, KD119, KD110AF, KD112, KD112AF, KD119AF, KD113, KD117<br>
UOM: EA<br>
Frame Color: Black","","KD110 Logistics Supply Safety Spectacles","Safety Spectacles",,,,,,,,1,0,1,0,0,1,1,1,0,1,1,,,1,0,1,0,1,0,1,0,,0,simple,,
admin,base,Default,simple,"168|25541","Eyewash Stations | Accessories|Emergency Eye Wash and Shower Accessories",37322,"LCS1C",,"Lens Cleaning Station","","Lens Cleaning Station","The Lens Cleaning Station includes two boxes of lens cleaning tissues and one 8 oz bottle of anti-fog, anti-static cleaning spray.",/\L\C\LCS1C-Logistics-Supply-Lens-Cleaning.gif,/\L\C\LCS1C-Logistics-Supply-Lens-Cleaning.gif,http://www.48ws.com/images/product/L/C/LCS1C-Logistics-Supply-Lens-Cleaning.gif,LCS1C-Logistics-Supply-Lens-Cleaning-Station,LCS1C-Logistics-Supply-Lens-Cleaning-Station,,No layout updates.,Block after Info Column,,"Lens Cleaning Station","Lens Cleaning Station",Use config,"http://www.logisticssupply.com/LCS1C",0,,,0,"Logistics Supply",318,,Enabled,"Catalog, Search",Taxable Goods,Yes,No,"The Lens Cleaning Station includes two boxes of lens cleaning tissues and one 8 oz bottle of anti-fog, anti-static cleaning spray.","<b>Contains:</b><br>
<li>2 Boxes containing 300 lens cleaning tissues per box</li>
<li>(1) 8 oz bottle of anti-fog, anti-static cleaning spray</li>
<li>Cleans a variety of eyewear and is easy to store</li>
<li>Reduces fogging and static cling</li>
<li>Use for cleaning plastic, polycarbonate, or glass lenses and goggles</li>","Model Number: LCS1<br>
UOM: EA","","LCS1C Logistics Supply Lens Cleaning Station","Lens Cleaning Station",,,,,,,,1,0,1,0,0,1,1,1,0,1,1,,,1,0,1,0,1,0,1,0,,0,simple,,
admin,base,Default,simple,"2596|26161","Protective Coveralls|Work Coveralls",88738,"CTL4122",,"Large Coveralls","Logistics Supply Coveralls","Large Coveralls","MicroMAX® and MicroMAX® NS protective clothing can be used in any non-hazardous environment to protect workers from dirt, grime, splashes and more. It’s lightweight and fits easily over clothing allowing for effortless movement. It’s also breathable, and ",/\C\o\Coveralls-Logistics.jpg,/\C\o\Coveralls-Logistics.jpg,http://www.48ws.com/images/product/C/o/Coveralls-Logistics.jpg,Large-Coveralls,Large-Coveralls,,No layout updates.,Block after Info Column,,"Large Coveralls","Large Coveralls",Use config,"http://www.logisticssupply.com/CTL412LLK",0,,,0,"Logistics Supply",318,,Enabled,"Catalog, Search",Taxable Goods,Yes,No,"Large Coveralls","<b>Properties:</b><br>
<li>25 per case</li>
<li>MicroMax&reg; is the popular alternative to Tyvek!</li>
<li>Provides a true aerosol and liquid proof barrier and screens 99% of dry particulates as small as 0.35 microns</li>
<li>This economical, protective clothing can be used in any non-hazardous environment to protect workers from dirt, grime, splashes and more</li>
<li>Lightweight and fits easily over clothing allowing for effortless movement</li>
<li>Breathable to keep workers comfortable all day</li>
<li>If it gets wet it doesn't lose its strength</li>
<li>Choose from several styles</li>","Model Number:  CTL412, CTL428, CTL414, CTL417<br>
UOM: CS<br>
Color: White","","Large Coveralls","Large Coveralls",,,,,,,,1,0,1,0,0,1,1,1,0,1,1,,,1,0,1,0,1,0,1,0,,0,simple,,
admin,base,Default,simple,"2596|26161","Protective Coveralls|Work Coveralls",88739,"CTL4123",,"X-Large Coveralls","Logistics Supply Coveralls","X-Large Coveralls","MicroMAX® and MicroMAX® NS protective clothing can be used in any non-hazardous environment to protect workers from dirt, grime, splashes and more. It’s lightweight and fits easily over clothing allowing for effortless movement. It’s also breathable, and ",/\C\o\Coveralls-Logistics.jpg,/\C\o\Coveralls-Logistics.jpg,http://www.48ws.com/images/product/C/o/Coveralls-Logistics.jpg,X-Large-Coveralls,X-Large-Coveralls,,No layout updates.,Block after Info Column,,"X-Large Coveralls","X-Large Coveralls",Use config,"http://www.logisticssupply.com/CTL412LLK",0,,,0,"Logistics Supply",318,,Enabled,"Catalog, Search",Taxable Goods,Yes,No,"X-Large Coveralls","<b>Properties:</b><br>
<li>25 per case</li>
<li>MicroMax&reg; is the popular alternative to Tyvek!</li>
<li>Provides a true aerosol and liquid proof barrier and screens 99% of dry particulates as small as 0.35 microns</li>
<li>This economical, protective clothing can be used in any non-hazardous environment to protect workers from dirt, grime, splashes and more</li>
<li>Lightweight and fits easily over clothing allowing for effortless movement</li>
<li>Breathable to keep workers comfortable all day</li>
<li>If it gets wet it doesn't lose its strength</li>
<li>Choose from several styles</li>","Model Number:  CTL412, CTL428, CTL414, CTL417<br>
UOM: CS<br>
Color: White","","X-Large Coveralls","X-Large Coveralls",,,,,,,,1,0,1,0,0,1,1,1,0,1,1,,,1,0,1,0,1,0,1,0,,0,simple,,
admin,base,Default,simple,"2596|26161","Protective Coveralls|Work Coveralls",88740,"CTL4124",,"2X-Large Coveralls","Logistics Supply Coveralls","2X-Large Coveralls","MicroMAX® and MicroMAX® NS protective clothing can be used in any non-hazardous environment to protect workers from dirt, grime, splashes and more. It’s lightweight and fits easily over clothing allowing for effortless movement. It’s also breathable, and ",/\C\o\Coveralls-Logistics.jpg,/\C\o\Coveralls-Logistics.jpg,http://www.48ws.com/images/product/C/o/Coveralls-Logistics.jpg,2X-Large-Coveralls,2X-Large-Coveralls,,No layout updates.,Block after Info Column,,"2X-Large Coveralls","2X-Large Coveralls",Use config,"http://www.logisticssupply.com/CTL412LLK",0,,,0,"Logistics Supply",318,,Enabled,"Catalog, Search",Taxable Goods,Yes,No,"2X-Large Coveralls","<b>Properties:</b><br>
<li>25 per case</li>
<li>MicroMax&reg; is the popular alternative to Tyvek!</li>
<li>Provides a true aerosol and liquid proof barrier and screens 99% of dry particulates as small as 0.35 microns</li>
<li>This economical, protective clothing can be used in any non-hazardous environment to protect workers from dirt, grime, splashes and more</li>
<li>Lightweight and fits easily over clothing allowing for effortless movement</li>
<li>Breathable to keep workers comfortable all day</li>
<li>If it gets wet it doesn't lose its strength</li>
<li>Choose from several styles</li>","Model Number:  CTL412, CTL428, CTL414, CTL417<br>
UOM: CS<br>
Color: White","","2X-Large Coveralls","2X-Large Coveralls",,,,,,,,1,0,1,0,0,1,1,1,0,1,1,,,1,0,1,0,1,0,1,0,,0,simple,,
admin,base,Default,simple,"880|27823","Rubber Gloves|Nitrile Gloves",89136,"40227 Large",,"Large Purple Nitrile Gloves","KleenGuard G40 Purple Nitrile Gloves - Logistics Supply","Large Purple Nitrile Gloves","KleenGuard® G40 Purple Nitrile* Foam Coated Gloves deliver a tactile sensitivity and dexterity that translates to excellent gripping power. Improved grip, in turn, translates to improved productivity. The light, seamless, knit nylon liner increases breath",/\K\l\KleenGuard-G40-Purple-Nitrile-Gloves-Logistics.jpg,/\K\l\KleenGuard-G40-Purple-Nitrile-Gloves-Logistics.jpg,http://www.48ws.com/images/product/K/l/KleenGuard-G40-Purple-Nitrile-Gloves-Logistics.jpg,Large-Purple-Nitrile-Gloves,Large-Purple-Nitrile-Gloves,,No layout updates.,Block after Info Column,,"Large Purple Nitrile Gloves","Large Purple Nitrile Gloves",Use config,"http://www.logisticssupply.com/4022KC2",0,,,0,"Logistics Supply",318,,Enabled,"Catalog, Search",Taxable Goods,Yes,No,"Large Purple Nitrile Gloves","<b>Properties:</b>
<br></br>
<li>60 per case</li>
<li>Deliver a tactile sensitivity and dexterity that translates to excellent gripping power</li>
<li>Improved grip, in turn, translates to improved productivity</li>
<li>Light,seamless knit nylon liner for comfort and breathability</li>
<li>Elasticized wrists improve safety and security</li>
<li>Abrasion resistance rating of 4 out of 4 (EN 388 Standards)</li>
<li>Excellent grip even through oil and dirt</li>
<li>Black and purple color hides oil and dirt</li>
<li>25% better productivity than leather</li>
<li>An excellent choice for any customers in small-parts assembly, materials handling, automotive industries, general maintenance and warehousing/shipping/delivery</li>","KleenGuard&reg; G40 Purple Nitrile* Foam Coated Gloves deliver a tactile sensitivity and dexterity that translates to excellent gripping power. Improved grip, in turn, translates to improved productivity. The light, seamless, knit nylon liner increases breathability for greater comfort and the elasticized wrists improve safety and security. Plus, the durability-boosting purple nitrile coating offers greater protection for hands - scoring four out of four to earn the highest abrasion resistance rating under EN 388. And, these gloves always look fresh on the job, thanks to the black and purple color that masks dirt and oil. Sold by the case; 5 bags, 12 pairs/bag. Black/Purple.","","Large Purple Nitrile Gloves","Large Purple Nitrile Gloves",,,,,,,,1,0,1,0,0,1,1,1,0,1,1,,,1,0,1,0,1,0,1,0,,0,simple,,
admin,base,Default,simple,"236|25808","Latex | Coated Gloves|Coated Gloves",89693,"97271",,"Kleenguard G40 Latex","Logistics Supply Kleenguard G40 Latex Coated Gloves","Kleenguard G40 Latex","",/\9\7\Logistics-Supply-97271-Kleenguard-G40.jpg,/\9\7\Logistics-Supply-97271-Kleenguard-G40.jpg,http://www.48ws.com/images/product/9/7/Logistics-Supply-97271-Kleenguard-G40.jpg,Logistics-Supply-97271-Kleenguard-G40-Latex,Logistics-Supply-97271-Kleenguard-G40-Latex,,No layout updates.,Block after Info Column,,"Kleenguard G40 Latex","Kleenguard G40 Latex",Use config,"",0,,,0,"Logistics Supply",318,,Enabled,"Catalog, Search",Taxable Goods,Yes,No,"Logistics Supply 97271 Kleenguard G40 Latex","<li>Manufactured to minimize latex proteins.</li>
<li>Highest tear rating of 4 out of 4 (EN388).</li>
<li>Enhanced dexterity.</li>
<li>Breathable cotton back.</li>
<li>Crinkled latex for excellent grip.</li>
<li>Applications: Masonry,Materials handling, General maintenance, Warehousing/Shipping/Delivery.</li>","Designed for excellent durability in the work environment, these general purpose poly-cotton latex coated gloves are processed to yield lower latex proteins. An excellent value, they offer good grip as well as great comfort and dexterity. Great for masonry applications.","","Medium","Kleenguard G40 Latex",,,,,,,,1,0,1,0,0,1,1,1,0,1,1,,,1,0,1,0,1,0,1,0,,0,simple,,
admin,base,Default,simple,"168|25541","Eyewash Stations | Accessories|Emergency Eye Wash and Shower Accessories",164817,"24300PK",,"Eye Flush Station, Twin (32 oz)","","Eye Flush Station, Twin (32 oz)","",/\2\4\Eye-Flush-Station-Twin-32.jpg,/\2\4\Eye-Flush-Station-Twin-32.jpg,http://www.48ws.com/images/product/2/4/Eye-Flush-Station-Twin-32.jpg,24300PK-Logistics-Supply-Eye-Flush-Station-Twin-32-oz,24300PK-Logistics-Supply-Eye-Flush-Station-Twin-32-oz,,No layout updates.,Block after Info Column,,"Eye Flush Station, Twin (32 oz)","Eye Flush Station, Twin (32 oz)",Use config,"http://www.logisticssupply.com/24300PK",0,,,0,"Logistics Supply",318,,Enabled,"Catalog, Search",Taxable Goods,Yes,No,"","These secondary Eyewash Stations provide easy access for a quick response to eye accidents. The smaller size of these stations makes them ideal for placement closer to hazardous areas for immediate response. The removable bottles are also perfect for portable use when transporting an injured worker to a facility for further medical care.","","","Eye Flush Station, Twin (32 oz)","Eye Flush Station, Twin (32 oz)",,,,,,,,1,0,1,0,0,1,1,1,0,1,1,,,1,0,1,0,1,0,1,0,,0,simple,,
admin,base,Default,simple,"25842","Hard Hats",421104,"475395",,"Hard Hat Skullgard","Hard Hat Skullgard","Hard Hat Skullgard","",/\4\7\logistics-supply-475395-hard-hat-skullgard.jpg,/\4\7\logistics-supply-475395-hard-hat-skullgard.jpg,http://www.48ws.com/images/product/4/7/logistics-supply-475395-hard-hat-skullgard.jpg,logistics-supply-475395-hard-hat-skullgard,logistics-supply-475395-hard-hat-skullgard,,No layout updates.,Block after Info Column,,"Hard Hat Skullgard","Hard Hat Skullgard",Use config,"http://www.logisticssupply.com/products/SKULLGARD%20CAP%20AND%20HAT/",0,,,0,"Logistics Supply",318,,Enabled,"Catalog, Search",Taxable Goods,Yes,No,"Skullgard Protective Cap","","Heavy-duty construction makes these the clear choice for working in high-temperature environments, up to but not exceeding 350°F. They're perfect for workers in steel mills and other heavy industries.","","Standard","Hard Hat Skullgard",,,,,,,,1,0,1,0,0,1,1,1,0,1,1,,,1,0,1,0,1,0,1,0,,0,simple,,
admin,base,Default,simple,"25842","Hard Hats",421105,"475407",,"Hard Hat Skullgard","Hard Hat Skullgard","Hard Hat Skullgard","",/\4\7\logistics-supply-475407-hard-hat-skullgard.jpg,/\4\7\logistics-supply-475407-hard-hat-skullgard.jpg,http://www.48ws.com/images/product/4/7/logistics-supply-475407-hard-hat-skullgard.jpg,logistics-supply-475407-hard-hat-skullgard,logistics-supply-475407-hard-hat-skullgard,,No layout updates.,Block after Info Column,,"Hard Hat Skullgard","Hard Hat Skullgard",Use config,"http://www.logisticssupply.com/products/SKULLGARD%20CAP%20AND%20HAT/",0,,,0,"Logistics Supply",318,,Enabled,"Catalog, Search",Taxable Goods,Yes,No,"Skullgard Protective Cap","","Heavy-duty construction makes these the clear choice for working in high-temperature environments, up to but not exceeding 350°F. They're perfect for workers in steel mills and other heavy industries.","","Full","Hard Hat Skullgard",,,,,,,,1,0,1,0,0,1,1,1,0,1,1,,,1,0,1,0,1,0,1,0,,0,simple,,
admin,base,Default,simple,"25841","Hard Hat Suspensions",421106,"478334",,"Hard Hat Susp Skullg","Hard Hat Susp Skullg","Hard Hat Susp Skullg","",/\4\7\logistics-supply-478334-hard-hat-susp-skullg.jpg,/\4\7\logistics-supply-478334-hard-hat-susp-skullg.jpg,http://www.48ws.com/images/product/4/7/logistics-supply-478334-hard-hat-susp-skullg.jpg,logistics-supply-478334-hard-hat-susp-skullg,logistics-supply-478334-hard-hat-susp-skullg,,No layout updates.,Block after Info Column,,"Hard Hat Susp Skullg","Hard Hat Susp Skullg",Use config,"http://www.logisticssupply.com/products/478454MSA/",0,,,0,"Logistics Supply",318,,Enabled,"Catalog, Search",Taxable Goods,Yes,No,"Replacement Fas-Trac Suspensions","","","","Standard","Hard Hat Susp Skullg",,,,,,,,1,0,1,0,0,1,1,1,0,1,1,,,1,0,1,0,1,0,1,0,,0,simple,,
admin,base,Default,simple,"25841","Hard Hat Suspensions",421107,"478454",,"Hard Hat Susp Skullg","Hard Hat Susp Skullg","Hard Hat Susp Skullg","",/\4\7\logistics-supply-478454-hard-hat-susp-skullg.jpg,/\4\7\logistics-supply-478454-hard-hat-susp-skullg.jpg,http://www.48ws.com/images/product/4/7/logistics-supply-478454-hard-hat-susp-skullg.jpg,logistics-supply-478454-hard-hat-susp-skullg,logistics-supply-478454-hard-hat-susp-skullg,,No layout updates.,Block after Info Column,,"Hard Hat Susp Skullg","Hard Hat Susp Skullg",Use config,"http://www.logisticssupply.com/products/478454MSA/",0,,,0,"Logistics Supply",318,,Enabled,"Catalog, Search",Taxable Goods,Yes,No,"Replacement Fas-Trac Suspensions","","","","Large","Hard Hat Susp Skullg",,,,,,,,1,0,1,0,0,1,1,1,0,1,1,,,1,0,1,0,1,0,1,0,,0,simple,,
admin,base,Default,simple,"19729","Personal Care Hand Cleaner",421498,"10155WD",,"Lava Liquid W/Pump","Lava Liquid W/Pump","Lava Liquid W/Pump","",/\1\0\logistics-supply-10155wd-lava-liquid-wpump.jpg,/\1\0\logistics-supply-10155wd-lava-liquid-wpump.jpg,http://www.48ws.com/images/product/1/0/logistics-supply-10155wd-lava-liquid-wpump.jpg,logistics-supply-10155WD-lava-liquid-wpump,logistics-supply-10155WD-lava-liquid-wpump,,No layout updates.,Block after Info Column,,"Lava Liquid W/Pump","Lava Liquid W/Pump",Use config,"http://www.logisticssupply.com/products/10187WD/",0,,,0,"Logistics Supply",318,,Enabled,"Catalog, Search",Taxable Goods,Yes,No,"Lava Liquid Hand Cleaner","","Lava is the original Heavy-Duty Hand Cleaner. Setting the standard for hand cleaning since 1893, Lava’s pumice-powered liquid soap gets super-dirty hands really clean. It removes dirt, grease, oil, ink, tar, paint, caulk, and adhesives.","","1 Gal","Lava Liquid W/Pump",,,,,,,,1,0,1,0,0,1,1,1,0,1,1,,,1,0,1,0,1,0,1,0,,0,simple,,
admin,base,Default,simple,"25629|25635","Polarized Safety Glasses|Safety Glasses",421573,"25676KC2",,"Glasses Nemesis","Glasses Nemesis","Glasses Nemesis","",/\2\5\logistics-supply-25676kc2-glasses-nemesis.jpg,/\2\5\logistics-supply-25676kc2-glasses-nemesis.jpg,http://www.48ws.com/images/product/2/5/logistics-supply-25676kc2-glasses-nemesis.jpg,logistics-supply-25676KC2-glasses-nemesis,logistics-supply-25676KC2-glasses-nemesis,,No layout updates.,Block after Info Column,,"Glasses Nemesis","Glasses Nemesis",Use config,"http://www.logisticssupply.com/products/NEMESIS%20EYEWEAR/",0,,,0,"Logistics Supply",318,,Enabled,"Catalog, Search",Taxable Goods,Yes,No,"Nemesis Eyewear","","Eyewear offers a sporty look, on or off the job, in a lightweight design with flex temples. They also provide wraparound protection and come with a neck cord to keep them handy. Meets ANSI impact standards and blocks 99.99% of harmful UV rays","","Clear","Glasses Nemesis",,,,,,,,1,0,1,0,0,1,1,1,0,1,1,,,1,0,1,0,1,0,1,0,,0,simple,,
admin,base,Default,simple,"25629|25635","Polarized Safety Glasses|Safety Glasses",421585,"3000356JS",,"Glasses Nemesis","Glasses Nemesis","Glasses Nemesis","",/\3\0\logistics-supply-3000356js-glasses-nemesis.jpg,/\3\0\logistics-supply-3000356js-glasses-nemesis.jpg,http://www.48ws.com/images/product/3/0/logistics-supply-3000356js-glasses-nemesis.jpg,logistics-supply-3000356JS-glasses-nemesis,logistics-supply-3000356JS-glasses-nemesis,,No layout updates.,Block after Info Column,,"Glasses Nemesis","Glasses Nemesis",Use config,"http://www.logisticssupply.com/products/NEMESIS%20EYEWEAR/",0,,,0,"Logistics Supply",318,,Enabled,"Catalog, Search",Taxable Goods,Yes,No,"Nemesis Eyewear","","Eyewear offers a sporty look, on or off the job, in a lightweight design with flex temples. They also provide wraparound protection and come with a neck cord to keep them handy. Meets ANSI impact standards and blocks 99.99% of harmful UV rays","","Black/Smoke","Glasses Nemesis",,,,,,,,1,0,1,0,0,1,1,1,0,1,1,,,1,0,1,0,1,0,1,0,,0,simple,,
admin,base,Default,simple,"25629|25635","Polarized Safety Glasses|Safety Glasses",421586,"3000357JS",,"Glasses Nemesis","Glasses Nemesis","Glasses Nemesis","",/\3\0\logistics-supply-3000357js-glasses-nemesis.jpg,/\3\0\logistics-supply-3000357js-glasses-nemesis.jpg,http://www.48ws.com/images/product/3/0/logistics-supply-3000357js-glasses-nemesis.jpg,logistics-supply-3000357JS-glasses-nemesis,logistics-supply-3000357JS-glasses-nemesis,,No layout updates.,Block after Info Column,,"Glasses Nemesis","Glasses Nemesis",Use config,"http://www.logisticssupply.com/products/NEMESIS%20EYEWEAR/",0,,,0,"Logistics Supply",318,,Enabled,"Catalog, Search",Taxable Goods,Yes,No,"Nemesis Eyewear","","Eyewear offers a sporty look, on or off the job, in a lightweight design with flex temples. They also provide wraparound protection and come with a neck cord to keep them handy. Meets ANSI impact standards and blocks 99.99% of harmful UV rays","","Black; In/Outdoor Wear","Glasses Nemesis",,,,,,,,1,0,1,0,0,1,1,1,0,1,1,,,1,0,1,0,1,0,1,0,,0,simple,,
admin,base,Default,simple,"25629|25635","Polarized Safety Glasses|Safety Glasses",421588,"3011373JS",,"Glasses Nemesis","Glasses Nemesis","Glasses Nemesis","",/\3\0\logistics-supply-3011373js-glasses-nemesis.jpg,/\3\0\logistics-supply-3011373js-glasses-nemesis.jpg,http://www.48ws.com/images/product/3/0/logistics-supply-3011373js-glasses-nemesis.jpg,logistics-supply-3011373JS-glasses-nemesis,logistics-supply-3011373JS-glasses-nemesis,,No layout updates.,Block after Info Column,,"Glasses Nemesis","Glasses Nemesis",Use config,"http://www.logisticssupply.com/products/NEMESIS%20EYEWEAR/",0,,,0,"Logistics Supply",318,,Enabled,"Catalog, Search",Taxable Goods,Yes,No,"Nemesis Eyewear","","Eyewear offers a sporty look, on or off the job, in a lightweight design with flex temples. They also provide wraparound protection and come with a neck cord to keep them handy. Meets ANSI impact standards and blocks 99.99% of harmful UV rays","","Blue/Light Blue","Glasses Nemesis",,,,,,,,1,0,1,0,0,1,1,1,0,1,1,,,1,0,1,0,1,0,1,0,,0,simple,,
admin,base,Default,simple,"25690","Fire Extinguishers",485610,"76222BY",,"6 X 3 FIRE EXTINGUISHER INSPECTION TAG","","6 X 3 FIRE EXTINGUISHER INSPECTION TAG","",/\7\6\logistics-supply-76222by-6-x-3-fire-extinguisher-inspection-tag.jpg,/\7\6\logistics-supply-76222by-6-x-3-fire-extinguisher-inspection-tag.jpg,http://www.48ws.com/images/product/7/6/logistics-supply-76222by-6-x-3-fire-extinguisher-inspection-tag.jpg,logistics-supply-76222BY-6-x-3-fire-extinguisher-inspection-tag,logistics-supply-76222BY-6-x-3-fire-extinguisher-inspection-tag,,No layout updates.,Block after Info Column,,"6 X 3 FIRE EXTINGUISHER INSPECTION TAG","6 X 3 FIRE EXTINGUISHER INSPECTION TAG",Use config,"",0,,,0,"Logistics Supply",318,,Enabled,"Catalog, Search",Taxable Goods,Yes,No,"Printed on economy polyester with grommets. Includes fasteners. 5 3/4&quot; x 3&quot;. 25/Pkg.","","","","","6 X 3 FIRE EXTINGUISHER INSPECTION TAG",,,,,,,,1,0,1,0,0,1,1,1,0,1,1,,,1,0,1,0,1,0,1,0,,0,simple,,
admin,base,Default,simple,"25936","Sports Drinks and Thirst Quenchers",485611,"060100SQ",,"ORANGE SQWINCHER QWIK STICKS 50 PACKS/BG","Sqwincher Qwik Stiks","ORANGE SQWINCHER QWIK STICKS 50 PACKS/BG","",/\0\6\logistics-supply-060100sq-orange-sqwincher-qwik-sticks-50-packsbg.jpg,/\0\6\logistics-supply-060100sq-orange-sqwincher-qwik-sticks-50-packsbg.jpg,http://www.48ws.com/images/product/0/6/logistics-supply-060100sq-orange-sqwincher-qwik-sticks-50-packsbg.jpg,logistics-supply-060100SQ-orange-sqwincher-qwik-sticks-50-packsbg,logistics-supply-060100SQ-orange-sqwincher-qwik-sticks-50-packsbg,,No layout updates.,Block after Info Column,,"ORANGE SQWINCHER QWIK STICKS 50 PACKS/BG","ORANGE SQWINCHER QWIK STICKS 50 PACKS/BG",Use config,"",0,,,0,"Logistics Supply",318,,Enabled,"Catalog, Search",Taxable Goods,Yes,No,"Sqwincher Qwik Stiks are sugar free and convenient because they can quickly be added to 20 oz. of bottled water, or to a 20 oz. cup. These Stiks make staying hydrated while you work or play sports easy and simple. The Lite Qwik Stiks are designed with the health concious and diabetic in mind with no sugars and no carbs. This economical product comes in a orange flavor and it is sold by the case which contains 500 packs.","","Disolves in Water
Restores Electrolytes and Fluid Balance","","","ORANGE SQWINCHER QWIK STICKS 50 PACKS/BG",,,,,,,,1,0,1,0,0,1,1,1,0,1,1,,,1,0,1,0,1,0,1,0,,0,simple,,
admin,base,Default,simple,"25936","Sports Drinks and Thirst Quenchers",485612,"060102SQ",,"FRUIT PUNCH SQWINCHER QWIK STICKS 50 PACKS/BG","Sqwincher Qwik Stiks","FRUIT PUNCH SQWINCHER QWIK STICKS 50 PACKS/BG","",/\0\6\logistics-supply-060102sq-fruit-punch-sqwincher-qwik-sticks-50-packsbg.jpg,/\0\6\logistics-supply-060102sq-fruit-punch-sqwincher-qwik-sticks-50-packsbg.jpg,http://www.48ws.com/images/product/0/6/logistics-supply-060102sq-fruit-punch-sqwincher-qwik-sticks-50-packsbg.jpg,logistics-supply-060102SQ-fruit-punch-sqwincher-qwik-sticks-50-packsbg,logistics-supply-060102SQ-fruit-punch-sqwincher-qwik-sticks-50-packsbg,,No layout updates.,Block after Info Column,,"FRUIT PUNCH SQWINCHER QWIK STICKS 50 PACKS/BG","FRUIT PUNCH SQWINCHER QWIK STICKS 50 PACKS/BG",Use config,"",0,,,0,"Logistics Supply",318,,Enabled,"Catalog, Search",Taxable Goods,Yes,No,"Sqwincher Qwik Stiks are sugar free and convenient because they can quickly be added to 20 oz. of bottled water, or to a 20 oz. cup. These Stiks make staying hydrated while you work or play sports easy and simple. The Lite Qwik Stiks are designed with the health concious and diabetic in mind with no sugars and no carbs. This economical product comes in a orange flavor and it is sold by the case which contains 500 packs.","","Disolves in Water
Restores Electrolytes and Fluid Balance","","","FRUIT PUNCH SQWINCHER QWIK STICKS 50 PACKS/BG",,,,,,,,1,0,1,0,0,1,1,1,0,1,1,,,1,0,1,0,1,0,1,0,,0,simple,,
admin,base,Default,simple,"25936","Sports Drinks and Thirst Quenchers",485613,"060106SQ",,"LEMON LIME SQWINCHER QWIK STICKS 50 PACKS/BG","Sqwincher Qwik Stiks","LEMON LIME SQWINCHER QWIK STICKS 50 PACKS/BG","",/,/,/,logistics-supply-060106SQ-lemon-lime-sqwincher-qwik-sticks-50-packsbg,logistics-supply-060106SQ-lemon-lime-sqwincher-qwik-sticks-50-packsbg,,No layout updates.,Block after Info Column,,"LEMON LIME SQWINCHER QWIK STICKS 50 PACKS/BG","LEMON LIME SQWINCHER QWIK STICKS 50 PACKS/BG",Use config,"",0,,,0,"Logistics Supply",318,,Enabled,"Catalog, Search",Taxable Goods,Yes,No,"Sqwincher Qwik Stiks are sugar free and convenient because they can quickly be added to 20 oz. of bottled water, or to a 20 oz. cup. These Stiks make staying hydrated while you work or play sports easy and simple. The Lite Qwik Stiks are designed with the health concious and diabetic in mind with no sugars and no carbs. This economical product comes in a orange flavor and it is sold by the case which contains 500 packs.","","Disolves in Water
Restores Electrolytes and Fluid Balance","","","LEMON LIME SQWINCHER QWIK STICKS 50 PACKS/BG",,,,,,,,1,0,1,0,0,1,1,1,0,1,1,,,1,0,1,0,1,0,1,0,,0,simple,,
admin,base,Default,simple,"26101","Traffic Delineator Posts and Channelizers",485614,"DP42TF",,"45&quot; DELINEATOR W/ 13 LB BASE & REFLECTIVE BAND","","45&quot; DELINEATOR W/ 13 LB BASE & REFLECTIVE BAND","",/\D\P\logistics-supply-dp42tf-45-delineator-w-13-lb-base-reflective-band.jpg,/\D\P\logistics-supply-dp42tf-45-delineator-w-13-lb-base-reflective-band.jpg,http://www.48ws.com/images/product/D/P/logistics-supply-dp42tf-45-delineator-w-13-lb-base-reflective-band.jpg,logistics-supply-DP42TF-45-delineator-w-13-lb-base-reflective-band,logistics-supply-DP42TF-45-delineator-w-13-lb-base-reflective-band,,No layout updates.,Block after Info Column,,"45&quot; DELINEATOR W/ 13 LB BASE & REFLECTIVE BAND","45&quot; DELINEATOR W/ 13 LB BASE & REFLECTIVE BAND",Use config,"",0,,,0,"Logistics Supply",318,,Enabled,"Catalog, Search",Taxable Goods,Yes,No,"Featuring a two-piece design and a heavy base to help it withstand passing traffic, this delineator also has a reflective band and T-top to hold a standard barricade light or barricade tape. 13 lb. 45&quot;. Fluorescent Orange.","","","","","45&quot; DELINEATOR W/ 13 LB BASE & REFLECTIVE BAND",,,,,,,,1,0,1,0,0,1,1,1,0,1,1,,,1,0,1,0,1,0,1,0,,0,simple,,
admin,base,Default,simple,"25841","Hard Hat Suspensions",485615,"10148708",,">SUSPENSION ONLY< FOR V-GARD HAT/CAP 10087220","",">SUSPENSION ONLY< FOR V-GARD HAT/CAP 10087220","",/\1\0\logistics-supply-10148708-suspension-only-for-v-gard-hatcap-10087220.jpg,/\1\0\logistics-supply-10148708-suspension-only-for-v-gard-hatcap-10087220.jpg,http://www.48ws.com/images/product/1/0/logistics-supply-10148708-suspension-only-for-v-gard-hatcap-10087220.jpg,logistics-supply-10148708-suspension-only-for-v-gard-hatcap-10087220,logistics-supply-10148708-suspension-only-for-v-gard-hatcap-10087220,,No layout updates.,Block after Info Column,,">SUSPENSION ONLY< FOR V-GARD HAT/CAP 10087220",">SUSPENSION ONLY< FOR V-GARD HAT/CAP 10087220",Use config,"",0,,,0,"Logistics Supply",318,,Enabled,"Catalog, Search",Taxable Goods,Yes,No,"Suspensions feature flush rear lug attachments to eliminate pressure points. They also come with three levels of nape strap adjustment for a customized fit.

Suspensions feature flush rear lug attachments to eliminate pressure points. They also come with three levels of nape strap adjustment for a customized fit.","","","","",">SUSPENSION ONLY< FOR V-GARD HAT/CAP 10087220",,,,,,,,1,0,1,0,0,1,1,1,0,1,1,,,1,0,1,0,1,0,1,0,,0,simple,,
admin,base,Default,simple,"25841","Hard Hat Suspensions",485616,"697290",,"SUNSHIELD FOR CAP STYLE MSA HARD CAP","","SUNSHIELD FOR CAP STYLE MSA HARD CAP","",/\6\9\logistics-supply-697290-sunshield-for-cap-style-msa-hard-cap.png,/\6\9\logistics-supply-697290-sunshield-for-cap-style-msa-hard-cap.png,http://www.48ws.com/images/product/6/9/logistics-supply-697290-sunshield-for-cap-style-msa-hard-cap.png,logistics-supply-697290-sunshield-for-cap-style-msa-hard-cap,logistics-supply-697290-sunshield-for-cap-style-msa-hard-cap,,No layout updates.,Block after Info Column,,"SUNSHIELD FOR CAP STYLE MSA HARD CAP","SUNSHIELD FOR CAP STYLE MSA HARD CAP",Use config,"",0,,,0,"Logistics Supply",318,,Enabled,"Catalog, Search",Taxable Goods,Yes,No,"Sunshields protect the neck and ears, reducing the risk of skin cancer, thanks to the extended brim that also keep wearers cooler and more comfortable. And they're made of tough polyurethane and Lexan™ for extra durability.","","","","","SUNSHIELD FOR CAP STYLE MSA HARD CAP",,,,,,,,1,0,1,0,0,1,1,1,0,1,1,,,1,0,1,0,1,0,1,0,,0,simple,,
