﻿store,websites,attribute_set,Type,category_ids,category_names,48WS_product_id,sku,has_options,name,Group_Name,meta_title,meta_description,Image,small_image,thumbnail,url_key,url_path,custom_design,page_layout,options_container,image_label,small_image_label,thumbnail_label,gift_message_available,manufacturer_url,price,special_price,cost,weight,manufacturer,manufacturer_id,color,status,visibility,tax_class_id,enable_googlecheckout,is_recurring,description,short_description,summary,upc,size_info,meta_keyword,custom_layout_update,news_from_date,news_to_date,special_from_date,special_to_date,custom_design_from,custom_design_to,qty,min_qty,use_config_min_qty,is_qty_decimal,backorders,use_config_backorders,min_sale_qty,use_config_min_sale_qty,max_sale_qty,use_config_max_sale_qty,is_in_stock,low_stock_date,notify_stock_qty,use_config_notify_stock_qty,manage_stock,use_config_manage_stock,stock_status_changed_automatically,use_config_qty_increments,qty_increments,use_config_enable_qty_increments,enable_qty_increments,product_name,store_id,product_type_id,product_status_changed,product_changed_websites
admin,base,Default,simple,"2717|21838","Rulers & Straight Edges|Rules and Straight Edges",38496,"1066D",,"6&quot; Engineers Folding Wood Ruler","","6&quot; Engineers Folding Wood Ruler","Red foot figures; regular outside markings in feet and inches. Decimal points on engineer's scale prevent reading errors. Graduated in feet, 1/10ths and 1/100ths of feet.",/\0\6\066D-Lufkin-6-Engineers-Folding-Wood.jpg,/\0\6\066D-Lufkin-6-Engineers-Folding-Wood.jpg,http://www.48ws.com/images/product/0/6/066D-Lufkin-6-Engineers-Folding-Wood.jpg,066D-Lufkin-6-Engineers-Folding-Wood-Ruler,066D-Lufkin-6-Engineers-Folding-Wood-Ruler,,No layout updates.,Block after Info Column,,"6&quot; Engineers Folding Wood Ruler","6&quot; Engineers Folding Wood Ruler",Use config,"",0,,,0,"Lufkin",448,,Enabled,"Catalog, Search",Taxable Goods,Yes,No,"Red foot figures; regular outside markings in feet and inches. Decimal points on engineer's scale prevent reading errors. Graduated in feet, 1/10ths and 1/100ths of feet.","<li>WOOD -W/SCALE</li>
<li>Wdth In x Lgth Ft=5/8 x 6</li>","","","066D Lufkin 6&quot; Engineers Folding Wood Ruler","6&quot; Engineers Folding Wood Ruler",,,,,,,,1,0,1,0,0,1,1,1,0,1,1,,,1,0,1,0,1,0,1,0,,0,simple,,
admin,base,Default,simple,"2716|27969","Tape Measure|Tape Measures",87552,"HW100",,"100' Tape Rule","","100' Tape Rule","",/\H\W\HW100-Lufkin-100-Tape.jpg,/\H\W\HW100-Lufkin-100-Tape.jpg,http://www.48ws.com/images/product/H/W/HW100-Lufkin-100-Tape.jpg,HW100-Lufkin-100-Tape-Rule,HW100-Lufkin-100-Tape-Rule,,No layout updates.,Block after Info Column,,"100' Tape Rule","100' Tape Rule",Use config,"",0,,,0,"Lufkin",448,,Enabled,"Catalog, Search",Taxable Goods,Yes,No,"","Vinyl covered steel case with yellow clad blade .005&quot; thick blade. Large easy action winding drum with friction washers. Fitted with a folding hook ring. Graduated feet and inches to 1/8ths with instantaneous readings; 16&quot; centers indicated by a diamond.","<li>Steel Case</li>
<li>Size - 3/8&quot; x 100'</li>
<li>Blade Style - B1</li>","","HW100 Lufkin 100' Tape Rule","100' Tape Rule",,,,,,,,1,0,1,0,0,1,1,1,0,1,1,,,1,0,1,0,1,0,1,0,,0,simple,,
admin,base,Default,simple,"2716|27969","Tape Measure|Tape Measures",87587,"PS3435",,"35' x 1&quot; Pro Tape Rule","","35' x 1&quot; Pro Tape Rule","Rubber cushion shell protects tape from impact and improves grip while Ny-Clad blade coating extends blade life. Removable belt clip. End hook lasts longer than ordinary end hooks and non-slip toggle lock allows complete control of power tape blade.",/\P\S\PS3435-Lufkin-35-x-1-Pro-Tape.jpg,/\P\S\PS3435-Lufkin-35-x-1-Pro-Tape.jpg,http://www.48ws.com/images/product/P/S/PS3435-Lufkin-35-x-1-Pro-Tape.jpg,PS3435-Lufkin-35-x-1-Pro-Tape-Rule,PS3435-Lufkin-35-x-1-Pro-Tape-Rule,,No layout updates.,Block after Info Column,,"35' x 1&quot; Pro Tape Rule","35' x 1&quot; Pro Tape Rule",Use config,"",0,,,0,"Lufkin",448,,Enabled,"Catalog, Search",Taxable Goods,Yes,No,"Rubber cushion shell protects tape from impact and improves grip while Ny-Clad blade coating extends blade life. Removable belt clip. End hook lasts longer than ordinary end hooks and non-slip toggle lock allows complete control of power tape blade.","<li>Rubber Case</li>
<li>Pro Series 3000</li>
<li>Power Return</li>
<li>Blade Size: 1&quot; x 35'</li>
<li>Blade Style: A5</li>","","","PS3435 Lufkin 35' x 1&quot; Pro Tape Rule","35' x 1&quot; Pro Tape Rule",,,,,,,,1,0,1,0,0,1,1,1,0,1,1,,,1,0,1,0,1,0,1,0,,0,simple,,
admin,base,Default,simple,"2716|27969","Tape Measure|Tape Measures",99663,"HW50",,"3/8&quot; x 50' Yellow Tape","","3/8&quot; x 50' Yellow Tape","",/\H\W\Lufkin-HW50-38-x-50-Yellow.jpg,/\H\W\Lufkin-HW50-38-x-50-Yellow.jpg,http://www.48ws.com/images/product/H/W/Lufkin-HW50-38-x-50-Yellow.jpg,Lufkin-HW50-38-x-50-Yellow-Tape,Lufkin-HW50-38-x-50-Yellow-Tape,,No layout updates.,Block after Info Column,,"3/8&quot; x 50' Yellow Tape","3/8&quot; x 50' Yellow Tape",Use config,"",0,,,0,"Lufkin",448,,Enabled,"Catalog, Search",Taxable Goods,Yes,No,"","<li>Professional tradesman's quality</li><li>
Rugged, vinyl-covered steel case</li><li>
Yellow clad tape; 3/8&quot;/10mm wide and .008&quot;/0.2mm thick</li><li>
Large easy action winding drum and friction washers</li><li>
Nylon rollers guide the tape smoothly in and out of case</li>","","","Lufkin HW50 3/8&quot; x 50' Yellow Tape","3/8&quot; x 50' Yellow Tape",,,,,,,,1,0,1,0,0,1,1,1,0,1,1,,,1,0,1,0,1,0,1,0,,0,simple,,
admin,base,Default,simple,"27969","Tape Measures",630777,"100L",,"LUFKIN 100L 3/8X100 TAPE MEASURE LONG UNIVERSAL","Universal Tape Measure","LUFKIN 100L 3/8X100 TAPE MEASURE LONG UNIVERSAL","",/\1\0\lufkin-100l-lufkin-100l-38x100-tape-measure-long-universal.jpg,/\1\0\lufkin-100l-lufkin-100l-38x100-tape-measure-long-universal.jpg,http://www.48ws.com/images/product/1/0/lufkin-100l-lufkin-100l-38x100-tape-measure-long-universal.jpg,lufkin-100L-lufkin-100l-38x100-tape-measure-long-universal,lufkin-100L-lufkin-100l-38x100-tape-measure-long-universal,,No layout updates.,Block after Info Column,,"LUFKIN 100L 3/8X100 TAPE MEASURE LONG UNIVERSAL","LUFKIN 100L 3/8X100 TAPE MEASURE LONG UNIVERSAL",Use config,"https://www.crescenttool.com/brands?brand_id=76762&brand_name=Crescent%20Lufkin",0,,,0,"Lufkin",448,,Enabled,"Catalog, Search",Taxable Goods,Yes,No,"This LUFKIN long tape measure has a high-impact Hi-Viz® orange case that’s easy to locate on the jobsite. The 2-sided end hook allows use with either scale, plus it stores in the contoured mouth of the case for ready access. Model includes a removable belt clip.","The Lufkin Universal tape is great for general purpose long distance measuring. The yellow clad steel blade and the signature Hi-Viz orange case can be easily found on nearly any job site.","<ul>
<li>High-impact polystyrene case for increased durability</li>
<li>Easy-wind nylon drum for quick retraction</li>
</ul>","3710345100","<ul>
<li>3/8”W x 100’L, .005” thick Hi-Viz® orange case, yellow clad blade</li>
<li>Easy-to-read black and red markings</li>
<li>Hook ring is retained neatly in the contoured mouth of the case</li>
<li>Removable belt clip</li>
<li>B1 blade: 8ths</li>
</ul","LUFKIN 100L 3/8X100 TAPE MEASURE LONG UNIVERSAL",,,,,,,,1,0,1,0,0,1,1,1,0,1,1,,,1,0,1,0,1,0,1,0,,0,simple,,
admin,base,Default,simple,"21838","Rules and Straight Edges",630778,"1066DN",,"LUFKIN 1066DN 6 ENGINEERS FOLDING WOOD RULE 5/8X6 RED END","Wood Rule","LUFKIN 1066DN 6 ENGINEERS FOLDING WOOD RULE 5/8X6 RED END","",/\1\0\lufkin-1066dn-lufkin-1066dn-6-engineers-folding-wood-rule-58x6-red-end.jpg,/\1\0\lufkin-1066dn-lufkin-1066dn-6-engineers-folding-wood-rule-58x6-red-end.jpg,http://www.48ws.com/images/product/1/0/lufkin-1066dn-lufkin-1066dn-6-engineers-folding-wood-rule-58x6-red-end.jpg,lufkin-1066DN-lufkin-1066dn-6-engineers-folding-wood-rule-58x6-red-end,lufkin-1066DN-lufkin-1066dn-6-engineers-folding-wood-rule-58x6-red-end,,No layout updates.,Block after Info Column,,"LUFKIN 1066DN 6 ENGINEERS FOLDING WOOD RULE 5/8X6 RED END","LUFKIN 1066DN 6 ENGINEERS FOLDING WOOD RULE 5/8X6 RED END",Use config,"https://www.crescenttool.com/brands?brand_id=76762&brand_name=Crescent%20Lufkin",0,,,0,"Lufkin",448,,Enabled,"Catalog, Search",Taxable Goods,Yes,No,"Since 1869, Crescent Lufkin® has stood at the forefront of measuring tools and equipment, with industy-leading quality and innovation. We enable the consumer or professional user with reliable, precise, durable lines of products, including our wooden measuring rules. Since patenting the Lufkin Folding Rule in 1919, we've been manufacturing top-quality tools, like this rule which features brass joints, clear graduation markings, and highly visible red root figures.","","<ul>
<li>5/8&quot; X 6' Red End® Engineer's Scale Wood Rule</li>
<li>Graduated in Feet, 1/10Ths and 1/100Ths of Feet</li>
<li>Red Foot Figures</li>
<li>Regular Outside Markings in Feet, Inches and 1/16Ths</li>
<li>Decimal Points on Engineers Scale Prevent Reading Errors</li>
<li>Prop 65 compliant</li>
</ul>","3710326551","","LUFKIN 1066DN 6 ENGINEERS FOLDING WOOD RULE 5/8X6 RED END",,,,,,,,1,0,1,0,0,1,1,1,0,1,1,,,1,0,1,0,1,0,1,0,,0,simple,,
admin,base,Default,simple,"","",630779,"2024CME",,"LUFKIN 2024CME TAPE 1/2x12 (13MMX4M) SERIES 2000","","LUFKIN 2024CME TAPE 1/2x12 (13MMX4M) SERIES 2000","",/,/,/,,,,No layout updates.,Block after Info Column,,"LUFKIN 2024CME TAPE 1/2x12 (13MMX4M) SERIES 2000","LUFKIN 2024CME TAPE 1/2x12 (13MMX4M) SERIES 2000",Use config,"https://www.crescenttool.com/brands?brand_id=76762&brand_name=Crescent%20Lufkin",0,,,0,"Lufkin",448,,Enabled,"Catalog, Search",Taxable Goods,Yes,No,"Lufkin® Tape Measure, Series: 2000, Measuring System: Imperial/Metric, 13 ft Blade Length, 1/2 in Blade Width, Steel Blade, Graduations: 1/16ths, 1 mm, Black/Red Markings, Automatic Rewind, Toggle Locking, Quad Hook® with 4 Rivets Hook, Closed Case, Chrome Case","","<ul>
<li>Case Designed to Fit Perfectly in the Hand</li>
<li>Lightweight, High Strength Chrome Finished Case</li>
<li>Fits Easily Into Most Tape Holsters</li>
<li>Bright Yellow Blade Has Clear Easy-To-Read Numerals</li>
<li>Toggle Lock Positioned for Convenient Operation, Holds Blade Securely</li>
<li>Cushioned Blade Return</li>
<li>Removable Belt Clip</li>
<li>All Shelf Pack Power Tapes Are Carded</li>
<li>Blade Style: A13</li>
</ul>","3710310399","","LUFKIN 2024CME TAPE 1/2x12 (13MMX4M) SERIES 2000",,,,,,,,1,0,1,0,0,1,1,1,0,1,1,,,1,0,1,0,1,0,1,0,,0,simple,,
admin,base,Default,simple,"27969","Tape Measures",630780,"50",,"LUFKIN 50 3/8X50 TAPE MEASURE LONG UNIVERSAL","Universal Tape Measure","LUFKIN 50 3/8X50 TAPE MEASURE LONG UNIVERSAL","",/\5\0\lufkin-50-lufkin-50-38x50-tape-measure-long-universal.jpg,/\5\0\lufkin-50-lufkin-50-38x50-tape-measure-long-universal.jpg,http://www.48ws.com/images/product/5/0/lufkin-50-lufkin-50-38x50-tape-measure-long-universal.jpg,lufkin-50-lufkin-50-38x50-tape-measure-long-universal,lufkin-50-lufkin-50-38x50-tape-measure-long-universal,,No layout updates.,Block after Info Column,,"LUFKIN 50 3/8X50 TAPE MEASURE LONG UNIVERSAL","LUFKIN 50 3/8X50 TAPE MEASURE LONG UNIVERSAL",Use config,"https://www.crescenttool.com/brands?brand_id=76762&brand_name=Crescent%20Lufkin",0,,,0,"Lufkin",448,,Enabled,"Catalog, Search",Taxable Goods,Yes,No,"The Lufkin Universal Lightweight tape is great for general purpose long distance measuring. The yellow clad steel blade has easy-to-read black and red measurement markings. The signature Hi-Viz orange case can be easily found on nearly any job site.","The Lufkin Universal tape is great for general purpose long distance measuring. The yellow clad steel blade and the signature Hi-Viz orange case can be easily found on nearly any job site.","<ul>
<li>High-impact polystyrene case for increased durability</li>
<li>Easy-wind nylon drum for quick retraction</li>
</ul>","3710345068","<ul>
<li>3/8&quot; x 50' Hi-Viz® Orange Universal Lightweight Yellow Clad Tape Measure</li>
<li>Contoured case stores hook ring for protection during storage</li>
<li>Clear coat blade protection prolongs blade life</li>
<li>Tuck away handle for protection duri","LUFKIN 50 3/8X50 TAPE MEASURE LONG UNIVERSAL",,,,,,,,1,0,1,0,0,1,1,1,0,1,1,,,1,0,1,0,1,0,1,0,,0,simple,,
admin,base,Default,simple,"21838","Rules and Straight Edges",630781,"636",,"LUFKIN 636 WOOD RULE BRICK MASON 5/8X6","Wood Rule","LUFKIN 636 WOOD RULE BRICK MASON 5/8X6","",/\6\3\lufkin-636-lufkin-636-wood-rule-brick-mason-58x6.jpg,/\6\3\lufkin-636-lufkin-636-wood-rule-brick-mason-58x6.jpg,http://www.48ws.com/images/product/6/3/lufkin-636-lufkin-636-wood-rule-brick-mason-58x6.jpg,lufkin-636-lufkin-636-wood-rule-brick-mason-58x6,lufkin-636-lufkin-636-wood-rule-brick-mason-58x6,,No layout updates.,Block after Info Column,,"LUFKIN 636 WOOD RULE BRICK MASON 5/8X6","LUFKIN 636 WOOD RULE BRICK MASON 5/8X6",Use config,"https://www.crescenttool.com/brands?brand_id=76762&brand_name=Crescent%20Lufkin",0,,,0,"Lufkin",448,,Enabled,"Catalog, Search",Taxable Goods,Yes,No,"Ten different brick spacing scales on one side;-Inches, 8ths and 16ths on the other side. Course counter quickly tells you how many courses you have marked off or laid up.","","<ul>
<li>Lufkin, 6' Red End Rugged Brick Masons Wood Rule For Spacing Brick Courses.</li>
<li>Graduated vertical inches to 1/16ths, both edges</li>
<li>Brick Mason's scale on inside, red course counters numbered consecutively</li>
<li>Regular outside markings in black</li>
<li>Using the LufkinÂ® &quot; Red End&quot; 636 Brick Mason's Rule is easy and fast</li>
<li>Length 6 ft  </li>
<li>Width 5/8 in  </li>
<li>Increment @ Scale 1/16 in @ 1 in  </li>
<li>No. of Scales 2  </li>
<li>Specialty Scales Standard Brick  </li>
<li>Material Wood  </li>
<li>Finish Lacquer  </li>
<li>Measuring System Inch  </li>
<li>Type Folding Rule</li>
</ul>","3710345344","","LUFKIN 636 WOOD RULE BRICK MASON 5/8X6",,,,,,,,1,0,1,0,0,1,1,1,0,1,1,,,1,0,1,0,1,0,1,0,,0,simple,,
admin,base,Default,simple,"21838","Rules and Straight Edges",630782,"646L",,"LUFKIN 646L FOLDING RULE 6 MODULAR SPACING MASONRY","Wood Rule","LUFKIN 646L FOLDING RULE 6 MODULAR SPACING MASONRY","",/\6\4\lufkin-646l-lufkin-646l-folding-rule-6-modular-spacing-masonry.jpg,/\6\4\lufkin-646l-lufkin-646l-folding-rule-6-modular-spacing-masonry.jpg,http://www.48ws.com/images/product/6/4/lufkin-646l-lufkin-646l-folding-rule-6-modular-spacing-masonry.jpg,lufkin-646L-lufkin-646l-folding-rule-6-modular-spacing-masonry,lufkin-646L-lufkin-646l-folding-rule-6-modular-spacing-masonry,,No layout updates.,Block after Info Column,,"LUFKIN 646L FOLDING RULE 6 MODULAR SPACING MASONRY","LUFKIN 646L FOLDING RULE 6 MODULAR SPACING MASONRY",Use config,"https://www.crescenttool.com/brands?brand_id=76762&brand_name=Crescent%20Lufkin",0,,,0,"Lufkin",448,,Enabled,"Catalog, Search",Taxable Goods,Yes,No,"Six different scales on one side;-Inches, 8ths and 16ths on the other. Every joint opens on even numbers. Fine for 6 or 12-Inch glass blocks.","","<ul>
<li>All sections have square ends</li>
<li>Every joint opens on even number</li>
<li>Inside marked with 6 scales in a 16&quot; module</li>
<li>Outside is graduated on both edges to 1/16ths</li>
<li>The first end section is a short section</li>
<li>Permits butting the rule on the first 16&quot; module</li>
</ul>","3710345345","","LUFKIN 646L FOLDING RULE 6 MODULAR SPACING MASONRY",,,,,,,,1,0,1,0,0,1,1,1,0,1,1,,,1,0,1,0,1,0,1,0,,0,simple,,
admin,base,Default,simple,"21838","Rules and Straight Edges",630783,"966N",,"LUFKIN 966N 6 FOLDING WOOD RULE TWO-WAY","Wood Rule","LUFKIN 966N 6 FOLDING WOOD RULE TWO-WAY","",/\9\6\lufkin-966n-lufkin-966n-6-folding-wood-rule-two-way.jpg,/\9\6\lufkin-966n-lufkin-966n-6-folding-wood-rule-two-way.jpg,http://www.48ws.com/images/product/9/6/lufkin-966n-lufkin-966n-6-folding-wood-rule-two-way.jpg,lufkin-966N-lufkin-966n-6-folding-wood-rule-two-way,lufkin-966N-lufkin-966n-6-folding-wood-rule-two-way,,No layout updates.,Block after Info Column,,"LUFKIN 966N 6 FOLDING WOOD RULE TWO-WAY","LUFKIN 966N 6 FOLDING WOOD RULE TWO-WAY",Use config,"https://www.crescenttool.com/brands?brand_id=76762&brand_name=Crescent%20Lufkin",0,,,0,"Lufkin",448,,Enabled,"Catalog, Search",Taxable Goods,Yes,No,"Since 1869, Crescent Lufkin® has stood at the forefront of measuring tools and equipment, with industry-leading quality and innovation. We enable the consumer or professional user with reliable, precise, durable lines of products, including our wooden measuring rules. Since patenting the Lufkin Folding Rule in 1919, we've been manufacturing top-quality tools, like this rule which features brass joints, clear graduation markings that measure in both directions, and flat inside markings.","","<ul>
<li>5/8&quot; x 6' Red End® Two Way® Wood Rule</li>
<li>For Measuring Left to Right and Right to Left</li>
<li>Marked on both sides for versatile use</li>
<li>Graduations in feet, inches and 1/16ths on both edges of both sides</li>
<li>Flat inside markings lie close to the work</li>
<li>Durable construction with strong, brass plated joints and brass end caps to prevent ends from splintering</li>
</ul>","3710326556","","LUFKIN 966N 6 FOLDING WOOD RULE TWO-WAY",,,,,,,,1,0,1,0,0,1,1,1,0,1,1,,,1,0,1,0,1,0,1,0,,0,simple,,
admin,base,Default,simple,"27969","Tape Measures",630784,"FE100",,"LUFKIN FE100 1/2X100 FIBERGLASS OPEN REEL TAPE","Long Tapes","LUFKIN FE100 1/2X100 FIBERGLASS OPEN REEL TAPE","",/\F\E\lufkin-fe100-lufkin-fe100-12x100-fiberglass-open-reel-tape.jpg,/\F\E\lufkin-fe100-lufkin-fe100-12x100-fiberglass-open-reel-tape.jpg,http://www.48ws.com/images/product/F/E/lufkin-fe100-lufkin-fe100-12x100-fiberglass-open-reel-tape.jpg,lufkin-FE100-lufkin-fe100-12x100-fiberglass-open-reel-tape,lufkin-FE100-lufkin-fe100-12x100-fiberglass-open-reel-tape,,No layout updates.,Block after Info Column,,"LUFKIN FE100 1/2X100 FIBERGLASS OPEN REEL TAPE","LUFKIN FE100 1/2X100 FIBERGLASS OPEN REEL TAPE",Use config,"https://www.crescenttool.com/brands?brand_id=76762&brand_name=Crescent%20Lufkin",0,,,0,"Lufkin",448,,Enabled,"Catalog, Search",Taxable Goods,Yes,No,"The Crescent Lufkin® Fiberglass Long Tapes are ideal for measuring long distances around your home or on the job. Available in multiple lengths and blade print styles, the long tapes are designed to be durable and long lasting, regardless of the application they're used for.","","<ul>
<li>Open four arm frame design protects blade without trapping dirt in the case</li>
<li>Lightweight case for easy handling and transport</li>
<li>Dual material grip elevated above the reel prevents contact between the reel and your knuckles</li>
<li>Versatile folding end hook for use in multiple applications</li>
<li>Rewind Reel tucks away for protection during storage</li>
</ul>","3710322405","<ul>
<li>1/2&quot; x 100' Hi-Viz® Orange Fiberglass Tape Measure</li>
<li>Feet and inches graduated to 1/8ths</li>
<li>Blade style: C1</li>
</ul>","LUFKIN FE100 1/2X100 FIBERGLASS OPEN REEL TAPE",,,,,,,,1,0,1,0,0,1,1,1,0,1,1,,,1,0,1,0,1,0,1,0,,0,simple,,
admin,base,Default,simple,"27969","Tape Measures",630785,"FE100D",,"LUFKIN FE100D 1/2X100 FIBERGLASS TAPE OPEN REEL SURVEYING ENGINEERS","Long Tapes","LUFKIN FE100D 1/2X100 FIBERGLASS TAPE OPEN REEL SURVEYING ENGINEERS","",/\F\E\lufkin-fe100d-lufkin-fe100d-12x100-fiberglass-tape-open-reel-surveying-engineers.jpg,/\F\E\lufkin-fe100d-lufkin-fe100d-12x100-fiberglass-tape-open-reel-surveying-engineers.jpg,http://www.48ws.com/images/product/F/E/lufkin-fe100d-lufkin-fe100d-12x100-fiberglass-tape-open-reel-surveying-engineers.jpg,lufkin-FE100D-lufkin-fe100d-12x100-fiberglass-tape-open-reel-surveying-engineers,lufkin-FE100D-lufkin-fe100d-12x100-fiberglass-tape-open-reel-surveying-engineers,,No layout updates.,Block after Info Column,,"LUFKIN FE100D 1/2X100 FIBERGLASS TAPE OPEN REEL SURVEYING ENGINEERS","LUFKIN FE100D 1/2X100 FIBERGLASS TAPE OPEN REEL SURVEYING ENGINEERS",Use config,"https://www.crescenttool.com/brands?brand_id=76762&brand_name=Crescent%20Lufkin",0,,,0,"Lufkin",448,,Enabled,"Catalog, Search",Taxable Goods,Yes,No,"The Crescent Lufkin® Fiberglass Long Tapes are ideal for measuring long distances around your home or on the job. Available in multiple lengths and blade print styles, the long tapes are designed to be durable and long lasting, regardless of the application they're used for.","","<ul>
<li>Open four arm frame design protects blade without trapping dirt in the case</li>
<li>Lightweight case for easy handling and transport</li>
<li>Dual material grip elevated above the reel prevents contact between the reel and your knuckles</li>
<li>Versatile folding end hook for use in multiple applications</li>
<li>Rewind Reel tucks away for protection during storage</li>
</ul>","3710322402","<ul>
<li>1/2&quot; x 100' Hi-Viz® Orange Engineer's Fiberglass Tape Measure</li>
<li>Engineer's blade has feet, 10th, and 100th of feet graduations</li>
<li>Blade style: C2</li>
</ul>","LUFKIN FE100D 1/2X100 FIBERGLASS TAPE OPEN REEL SURVEYING ENGINEERS",,,,,,,,1,0,1,0,0,1,1,1,0,1,1,,,1,0,1,0,1,0,1,0,,0,simple,,
admin,base,Default,simple,"27969","Tape Measures",630786,"FE200",,"LUFKIN FE200 1/2X200 OPEN REEL FIBERGLASS TAPE","Long Tapes","LUFKIN FE200 1/2X200 OPEN REEL FIBERGLASS TAPE","",/\F\E\lufkin-fe200-lufkin-fe200-12x200-open-reel-fiberglass-tape.jpg,/\F\E\lufkin-fe200-lufkin-fe200-12x200-open-reel-fiberglass-tape.jpg,http://www.48ws.com/images/product/F/E/lufkin-fe200-lufkin-fe200-12x200-open-reel-fiberglass-tape.jpg,lufkin-FE200-lufkin-fe200-12x200-open-reel-fiberglass-tape,lufkin-FE200-lufkin-fe200-12x200-open-reel-fiberglass-tape,,No layout updates.,Block after Info Column,,"LUFKIN FE200 1/2X200 OPEN REEL FIBERGLASS TAPE","LUFKIN FE200 1/2X200 OPEN REEL FIBERGLASS TAPE",Use config,"https://www.crescenttool.com/brands?brand_id=76762&brand_name=Crescent%20Lufkin",0,,,0,"Lufkin",448,,Enabled,"Catalog, Search",Taxable Goods,Yes,No,"The Crescent Lufkin® Fiberglass Long Tapes are ideal for measuring long distances around your home or on the job. Available in multiple lengths and blade print styles, the long tapes are designed to be durable and long lasting, regardless of the application they're used for.","","<ul>
<li>Open four arm frame design protects blade without trapping dirt in the case</li>
<li>Lightweight case for easy handling and transport</li>
<li>Dual material grip elevated above the reel prevents contact between the reel and your knuckles</li>
<li>Versatile folding end hook for use in multiple applications</li>
<li>Rewind Reel tucks away for protection during storage</li>
</ul>","3710322409","<ul>
<li>1/2&quot; x 200' Hi-Viz® Orange Fiberglass Tape Measure</li>
<li>Feet and inches graduated to 1/8ths</li>
<li>Blade style: C1</li>
</ul>","LUFKIN FE200 1/2X200 OPEN REEL FIBERGLASS TAPE",,,,,,,,1,0,1,0,0,1,1,1,0,1,1,,,1,0,1,0,1,0,1,0,,0,simple,,
admin,base,Default,simple,"27969","Tape Measures",630787,"FE300",,"LUFKIN FE300 1/2X300 FIBERGLASS OPEN REEL TAPE","Long Tapes","LUFKIN FE300 1/2X300 FIBERGLASS OPEN REEL TAPE","",/\F\E\lufkin-fe300-lufkin-fe300-12x300-fiberglass-open-reel-tape.jpg,/\F\E\lufkin-fe300-lufkin-fe300-12x300-fiberglass-open-reel-tape.jpg,http://www.48ws.com/images/product/F/E/lufkin-fe300-lufkin-fe300-12x300-fiberglass-open-reel-tape.jpg,lufkin-FE300-lufkin-fe300-12x300-fiberglass-open-reel-tape,lufkin-FE300-lufkin-fe300-12x300-fiberglass-open-reel-tape,,No layout updates.,Block after Info Column,,"LUFKIN FE300 1/2X300 FIBERGLASS OPEN REEL TAPE","LUFKIN FE300 1/2X300 FIBERGLASS OPEN REEL TAPE",Use config,"https://www.crescenttool.com/brands?brand_id=76762&brand_name=Crescent%20Lufkin",0,,,0,"Lufkin",448,,Enabled,"Catalog, Search",Taxable Goods,Yes,No,"The Crescent Lufkin® Fiberglass Long Tapes are ideal for measuring long distances around your home or on the job. Available in multiple lengths and blade print styles, the long tapes are designed to be durable and long lasting, regardless of the application they're used for.","","<ul>
<li>Open four arm frame design protects blade without trapping dirt in the case</li>
<li>Lightweight case for easy handling and transport</li>
<li>Dual material grip elevated above the reel prevents contact between the reel and your knuckles</li>
<li>Versatile folding end hook for use in multiple applications</li>
<li>Rewind Reel tucks away for protection during storage</li>
</ul>","3710322411","<ul>
<li>1/2&quot; x 300' Hi-Viz® Orange Fiberglass Tape Measure</li>
<li>Feet and inches graduated to 1/8ths</li>
<li>Blade style: C1</li>
</ul>","LUFKIN FE300 1/2X300 FIBERGLASS OPEN REEL TAPE",,,,,,,,1,0,1,0,0,1,1,1,0,1,1,,,1,0,1,0,1,0,1,0,,0,simple,,
admin,base,Default,simple,"27969","Tape Measures",630788,"HV1048CM",,"LUFKIN HV1048CM TAPE 25MMX8M SERIES 1000 HI-VIZ ORANGE","Tape Measure","LUFKIN HV1048CM TAPE 25MMX8M SERIES 1000 HI-VIZ ORANGE","",/\H\V\lufkin-hv1048cm-lufkin-hv1048cm-tape-25mmx8m-series-1000-hi-viz-orange.jpg,/\H\V\lufkin-hv1048cm-lufkin-hv1048cm-tape-25mmx8m-series-1000-hi-viz-orange.jpg,http://www.48ws.com/images/product/H/V/lufkin-hv1048cm-lufkin-hv1048cm-tape-25mmx8m-series-1000-hi-viz-orange.jpg,lufkin-HV1048CM-lufkin-hv1048cm-tape-25mmx8m-series-1000-hi-viz-orange,lufkin-HV1048CM-lufkin-hv1048cm-tape-25mmx8m-series-1000-hi-viz-orange,,No layout updates.,Block after Info Column,,"LUFKIN HV1048CM TAPE 25MMX8M SERIES 1000 HI-VIZ ORANGE","LUFKIN HV1048CM TAPE 25MMX8M SERIES 1000 HI-VIZ ORANGE",Use config,"https://www.crescenttool.com/brands?brand_id=76762&brand_name=Crescent%20Lufkin",0,,,0,"Lufkin",448,,Enabled,"Catalog, Search",Taxable Goods,Yes,No,"&quot;HI-VIZ&quot; SERIES 1000 POWER TAPE Blade Length: 8 m Blade Width: 25 mm Blade Style: A9 Measuring System: Metric Increment @ Scale: 1 mm @ 1 dm No. of Scales: 1 Blade Material: Steel Blade Finish: Yellow Clad End Type: Hook w/Burr Color: Orange Mounting: Belt Clip Hi-Viz case - easy to find on the job Case designed to fit perfectly in the hand Lightweight, high strength case Fits easily into most tape holsters Bright yellow blade has clear easy-to-read numerals Toggle lock is positioned for convenient operation and holds the blade securely in any position Virtually unbreakable Quad Hook Cushioned blade return Removable belt clip","","<ul>
<li>Blade Length: 8 m ,Blade Width: 25 mm ,Blade Style: A9</li>
<li>Measuring System: Metric ,Increment @ Scale: 1 mm @ 1 dm</li>
<li>No. of Scales: 1 ,Blade Material: Steel</li>
<li>Blade Finish: Yellow Clad ,End Type: Hook w/Burr</li>
<li>Color: Orange ,Mounting: Belt Clip</li>
</ul>","3710310554","","LUFKIN HV1048CM TAPE 25MMX8M SERIES 1000 HI-VIZ ORANGE",,,,,,,,1,0,1,0,0,1,1,1,0,1,1,,,1,0,1,0,1,0,1,0,,0,simple,,
admin,base,Default,simple,"27969","Tape Measures",630789,"HV1425D",,"LUFKIN HV1425D 1X25 ENGINEERS TAPE HI-VIZ","Tape Measure","LUFKIN HV1425D 1X25 ENGINEERS TAPE HI-VIZ","",/\H\V\lufkin-hv1425d-lufkin-hv1425d-1x25-engineers-tape-hi-viz.jpg,/\H\V\lufkin-hv1425d-lufkin-hv1425d-1x25-engineers-tape-hi-viz.jpg,http://www.48ws.com/images/product/H/V/lufkin-hv1425d-lufkin-hv1425d-1x25-engineers-tape-hi-viz.jpg,lufkin-HV1425D-lufkin-hv1425d-1x25-engineers-tape-hi-viz,lufkin-HV1425D-lufkin-hv1425d-1x25-engineers-tape-hi-viz,,No layout updates.,Block after Info Column,,"LUFKIN HV1425D 1X25 ENGINEERS TAPE HI-VIZ","LUFKIN HV1425D 1X25 ENGINEERS TAPE HI-VIZ",Use config,"https://www.crescenttool.com/brands?brand_id=76762&brand_name=Crescent%20Lufkin",0,,,0,"Lufkin",448,,Enabled,"Catalog, Search",Taxable Goods,Yes,No,"Since 1869 Lufkin has been manufacturing and supplying top-quality measuring tools with very high accuracy.
True to their reputation, the Hi-Viz series power return tape measure is precise in its measurements and durable in its materials and design.
Designed to fit perfectly into your hand, the closed case is made from super-strong, lightweight, ABS plastic that has an eye-catching color so it's easy to find. The 1&quot; wide yellow blade is made of steel with a clear coat for excellent visibility. The numerals are in a clear, easy-to-read font.
This engineer's tape has the A4 style blade. It is 33' (10.06m) long with 2 sets of graduations. On the top edge the measurements are given in ft/10ths/100ths, while the bottom edge is graduated by ft/in/16ths.
This tape measure is a self-rewind with its power return. There is a special cushion for the blade return so as to prevent injury. It also has a toggle lock feature so that you don't have the blade return while reading.
As added benefits, there is a virtually unbreakable quad hook at the end of the blade, and a convenient, removable belt hook.","","<ul>
<li>Easy to find</li>
<li>Small enough to fit in your hand</li>
<li>Lightweight</li>
<li>Easy-to-read blade</li>
<li>Toggle lock</li>
<li>Extra durable</li>
<li>Cushioned for blade power return</li>
<li>Removable belt clip</li>
<li>Measures inches/10ths/100ths</li>
</ul>","3710306335","","LUFKIN HV1425D 1X25 ENGINEERS TAPE HI-VIZ",,,,,,,,1,0,1,0,0,1,1,1,0,1,1,,,1,0,1,0,1,0,1,0,,0,simple,,
admin,base,Default,simple,"27969","Tape Measures",630790,"HW223",,"LUFKIN HW223 3/8X50 BANNER TAPE MEASURE LONG BLADE","Tape Measure","LUFKIN HW223 3/8X50 BANNER TAPE MEASURE LONG BLADE","",/\H\W\lufkin-hw223-lufkin-hw223-38x50-banner-tape-measure-long-blade.jpg,/\H\W\lufkin-hw223-lufkin-hw223-38x50-banner-tape-measure-long-blade.jpg,http://www.48ws.com/images/product/H/W/lufkin-hw223-lufkin-hw223-38x50-banner-tape-measure-long-blade.jpg,lufkin-HW223-lufkin-hw223-38x50-banner-tape-measure-long-blade,lufkin-HW223-lufkin-hw223-38x50-banner-tape-measure-long-blade,,No layout updates.,Block after Info Column,,"LUFKIN HW223 3/8X50 BANNER TAPE MEASURE LONG BLADE","LUFKIN HW223 3/8X50 BANNER TAPE MEASURE LONG BLADE",Use config,"https://www.crescenttool.com/brands?brand_id=76762&brand_name=Crescent%20Lufkin",0,,,0,"Lufkin",448,,Enabled,"Catalog, Search",Taxable Goods,Yes,No,"3/8&quot; x 50' Banner® Yellow Clad Tape Measure","","<ul>
<li>Professional Tradesman’s Quality</li>
<li>Rugged, Vinyl-Covered Steel Case</li>
<li>Yellow Clad Tape; 3/8&quot;/10mm Wide and .008&quot;/0.2mm Thick</li>
<li>Large Easy Action Winding Drum and Friction Washers</li>
<li>Nylon Rollers Guide the Tape Smoothly in and Out of Case</li>
<li>Bold Graduations with Black and Red Numbers for Accurate Measuring</li>
<li>H Prefix Denotes Product Blade is Fitted with A Folding Hook Ring</li>
<li>Blade Style: B1</li>
</ul>","3710345886","","LUFKIN HW223 3/8X50 BANNER TAPE MEASURE LONG BLADE",,,,,,,,1,0,1,0,0,1,1,1,0,1,1,,,1,0,1,0,1,0,1,0,,0,simple,,
admin,base,Default,simple,"27969","Tape Measures",630791,"L1035MAG",,"LUFKIN L1035MAG 1-3/16X35 COMMAND SERIES MAGNETIC TAPE MEASURE DUAL S","Tape Measure","LUFKIN L1035MAG 1-3/16X35 COMMAND SERIES MAGNETIC TAPE MEASURE DUAL S","",/\L\1\lufkin-l1035mag-lufkin-l1035mag-1-316x35-command-series-magnetic-tape-measure-dual-s.jpg,/\L\1\lufkin-l1035mag-lufkin-l1035mag-1-316x35-command-series-magnetic-tape-measure-dual-s.jpg,http://www.48ws.com/images/product/L/1/lufkin-l1035mag-lufkin-l1035mag-1-316x35-command-series-magnetic-tape-measure-dual-s.jpg,lufkin-L1035MAG-lufkin-l1035mag-1-316x35-command-series-magnetic-tape-measure-dual-s,lufkin-L1035MAG-lufkin-l1035mag-1-316x35-command-series-magnetic-tape-measure-dual-s,,No layout updates.,Block after Info Column,,"LUFKIN L1035MAG 1-3/16X35 COMMAND SERIES MAGNETIC TAPE MEASURE DUAL S","LUFKIN L1035MAG 1-3/16X35 COMMAND SERIES MAGNETIC TAPE MEASURE DUAL S",Use config,"https://www.crescenttool.com/brands?brand_id=76762&brand_name=Crescent%20Lufkin",0,,,0,"Lufkin",448,,Enabled,"Catalog, Search",Taxable Goods,Yes,No,"The Crescent Lufkin® L1000 Command Series tapes are a line of tough tape measures for the professional user. Their design is compact, comfortable, and are our most durable tape family. The nylon-coated yellow-clad blade has large, easy-to-read markings on both sides of the tape, allowing you to see measurements from all angles, and boasts a 10-foot standout. The 4-rivet magnetic dual end hook grips on all sides and makes marking and measuring significantly easier. The tape has a rugged rubber over-mold for increased impact resistance.","","<ul>
<li>1-3/16&quot; x 35' L1000 Command Series Magnetic Yellow Clad Dual Sided Tape Measure</li>
<li>Compact case designed for improved ergonomics</li>
<li>1-3/16&quot; dual sided blade with a vertical read on the back side</li>
<li>Consecutive graduation of inches to 16ths on both sides, with a vertical and a horizontal read out</li>
<li>10-foot standout for longer reach and efficient measuring</li>
<li>360° magnetic end hook grips on all sides to make marking and measuring easier</li>
<li>Nylon-coated, anti-glare blade protection prolongs the life of the blade</li>
<li>Rugged rubber over-mold housing has a 5-screw construction for increased impact resistance</li>
<li>Strong magnet on end hook for convenience</li>
<li>Tether point for safely working at height</li>
</ul>","3710331354","","LUFKIN L1035MAG 1-3/16X35 COMMAND SERIES MAGNETIC TAPE MEASURE DUAL S",,,,,,,,1,0,1,0,0,1,1,1,0,1,1,,,1,0,1,0,1,0,1,0,,0,simple,,
admin,base,Default,simple,"27969","Tape Measures",630792,"L1125",,"LUFKIN L1125 1-3/16X25 SHOCKFORCE TAPE METAL GUARDRAILS FOR LOCK BUTTO","Shockforce Dual Sided Tape Measure","LUFKIN L1125 1-3/16X25 SHOCKFORCE TAPE METAL GUARDRAILS FOR LOCK BUTTO","",/\L\1\lufkin-l1125-lufkin-l1125-1-316x25-shockforce-tape-metal-guardrails-for-lock-butto.jpg,/\L\1\lufkin-l1125-lufkin-l1125-1-316x25-shockforce-tape-metal-guardrails-for-lock-butto.jpg,http://www.48ws.com/images/product/L/1/lufkin-l1125-lufkin-l1125-1-316x25-shockforce-tape-metal-guardrails-for-lock-butto.jpg,lufkin-L1125-lufkin-l1125-1-316x25-shockforce-tape-metal-guardrails-for-lock-butto,lufkin-L1125-lufkin-l1125-1-316x25-shockforce-tape-metal-guardrails-for-lock-butto,,No layout updates.,Block after Info Column,,"LUFKIN L1125 1-3/16X25 SHOCKFORCE TAPE METAL GUARDRAILS FOR LOCK BUTTO","LUFKIN L1125 1-3/16X25 SHOCKFORCE TAPE METAL GUARDRAILS FOR LOCK BUTTO",Use config,"https://www.crescenttool.com/brands?brand_id=76762&brand_name=Crescent%20Lufkin",0,,,0,"Lufkin",448,,Enabled,"Catalog, Search",Taxable Goods,Yes,No,"Introducing the toughest tapes to ever hit a jobsite. Shockforce brings new meaning to the term high performance with a full 14 Ft. of standout and the ability to survive a 100 Ft. drop onto solid concrete. Add in a diamond coated 360-degree end hook that delivers 50% more gripping power, a two-sided blade with vertical markings on the back, and class-leading ergonomics and you have a tape that’s destined to be the new standard for trade professionals.","Introducing the toughest tapes to ever hit a jobsite. Shockforce brings new meaning to the term high performance with a full 14 Ft. of standout and the ability to survive a 100 Ft. drop onto solid concrete. Add in a diamond coated 360-degree end hook that","<ul>
<li>Diamond-coated end hook grabs material from every direction and prevents slippage</li>
<li>Narrow blade technology offers reduced weight when carrying a tape all day on the job site</li>
<li>Matte nylon blade provides extended product life and glare reduction</li>
<li>Optimized drum and spring design provides a compact case design that fits comfortably in the palm of your hand</li>
<li>Survives a 100' drop for real life, on the job durability</li>
<li>Dual-sided blade print with vertical quick read scale on underside for overhead and hard to reach measurements</li>
<li>14 feet of unassisted standout</li>
<li>Steel tether point offers increased safety capability when working at height</li>
<li>Steel tether point can also be used for scribing and drawing arcs during layout</li>
</ul>","37103328304","<ul>
<li>1-3/16&quot; x 25' Shockforce Dual Sided Tape Measure</li>
</ul>","LUFKIN L1125 1-3/16X25 SHOCKFORCE TAPE METAL GUARDRAILS FOR LOCK BUTTO",,,,,,,,1,0,1,0,0,1,1,1,0,1,1,,,1,0,1,0,1,0,1,0,,0,simple,,
admin,base,Default,simple,"27969","Tape Measures",630793,"L1125B",,"LUFKIN L1125B 25X1-3/16 NITE EYE TAPE MEASURE BLACK BLADE","Shockforce Night Eye Dual Sided Tape Measure","LUFKIN L1125B 25X1-3/16 NITE EYE TAPE MEASURE BLACK BLADE","",/\L\1\lufkin-l1125b-lufkin-l1125b-25x1-316-nite-eye-tape-measure-black-blade.jpg,/\L\1\lufkin-l1125b-lufkin-l1125b-25x1-316-nite-eye-tape-measure-black-blade.jpg,http://www.48ws.com/images/product/L/1/lufkin-l1125b-lufkin-l1125b-25x1-316-nite-eye-tape-measure-black-blade.jpg,lufkin-L1125B-lufkin-l1125b-25x1-316-nite-eye-tape-measure-black-blade,lufkin-L1125B-lufkin-l1125b-25x1-316-nite-eye-tape-measure-black-blade,,No layout updates.,Block after Info Column,,"LUFKIN L1125B 25X1-3/16 NITE EYE TAPE MEASURE BLACK BLADE","LUFKIN L1125B 25X1-3/16 NITE EYE TAPE MEASURE BLACK BLADE",Use config,"https://www.crescenttool.com/brands?brand_id=76762&brand_name=Crescent%20Lufkin",0,,,0,"Lufkin",448,,Enabled,"Catalog, Search",Taxable Goods,Yes,No,"Introducing the toughest tapes to ever hit a jobsite. Shockforce brings new meaning to the term high performance with a full 14 Ft. of standout and the ability to survive a 100 Ft. drop onto solid concrete. Add in a diamond coated 360-degree end hook that delivers 50% more gripping power, a two-sided blade with vertical markings on the back, and class-leading ergonomics and you have a tape that’s destined to be the new standard for trade professionals.","Introducing the toughest tapes to ever hit a jobsite. Shockforce brings new meaning to the term high performance with a full 14 Ft. of standout and the ability to survive a 100 Ft. drop onto solid concrete. Add in a diamond coated 360-degree end hook that","<ul>
<li>Diamond-coated end hook grabs material from every direction and prevents slippage</li>
<li>Narrow blade technology offers reduced weight when carrying a tape all day on the job site</li>
<li>Matte black nylon blade provides extended product life and improved legibility in varied light conditions</li>
<li>Optimized drum and spring design provides a compact case design that fits comfortably in the palm of your hand</li>
<li>Survives a 100' drop for real life, on the job durability</li>
<li>Dual-sided blade print with vertical quick read scale on underside for overhead and hard to reach measurements</li>
<li>14 feet of unassisted standout</li>
<li>Steel tether point offers increased safety capability when working at height</li>
<li>Steel tether point can also be used for scribing and drawing arcs during layout</li>
</ul>","3710332833","<ul>
<li>1-3/16&quot; x 25' Shockforce Night Eye Dual Sided Tape Measure</li>
</ul>","LUFKIN L1125B 25X1-3/16 NITE EYE TAPE MEASURE BLACK BLADE",,,,,,,,1,0,1,0,0,1,1,1,0,1,1,,,1,0,1,0,1,0,1,0,,0,simple,,
admin,base,Default,simple,"27969","Tape Measures",630794,"L1135",,"LUFKIN L1135 1-3/16X35 SHOCKFORCE TAPE MEASURE","Shockforce Dual Sided Tape Measure","LUFKIN L1135 1-3/16X35 SHOCKFORCE TAPE MEASURE","",/\L\1\lufkin-l1135-lufkin-l1135-1-316x35-shockforce-tape-measure.jpg,/\L\1\lufkin-l1135-lufkin-l1135-1-316x35-shockforce-tape-measure.jpg,http://www.48ws.com/images/product/L/1/lufkin-l1135-lufkin-l1135-1-316x35-shockforce-tape-measure.jpg,lufkin-L1135-lufkin-l1135-1-316x35-shockforce-tape-measure,lufkin-L1135-lufkin-l1135-1-316x35-shockforce-tape-measure,,No layout updates.,Block after Info Column,,"LUFKIN L1135 1-3/16X35 SHOCKFORCE TAPE MEASURE","LUFKIN L1135 1-3/16X35 SHOCKFORCE TAPE MEASURE",Use config,"https://www.crescenttool.com/brands?brand_id=76762&brand_name=Crescent%20Lufkin",0,,,0,"Lufkin",448,,Enabled,"Catalog, Search",Taxable Goods,Yes,No,"Introducing the toughest tapes to ever hit a jobsite. Shockforce brings new meaning to the term high performance with a full 14 Ft. of standout and the ability to survive a 100 Ft. drop onto solid concrete. Add in a diamond coated 360-degree end hook that delivers 50% more gripping power, a two-sided blade with vertical markings on the back, and class-leading ergonomics and you have a tape that’s destined to be the new standard for trade professionals.","Introducing the toughest tapes to ever hit a jobsite. Shockforce brings new meaning to the term high performance with a full 14 Ft. of standout and the ability to survive a 100 Ft. drop onto solid concrete. Add in a diamond coated 360-degree end hook that","<ul>
<li>Diamond-coated end hook grabs material from every direction and prevents slippage</li>
<li>Narrow blade technology offers reduced weight when carrying a tape all day on the job site</li>
<li>Matte nylon blade provides extended product life and glare reduction</li>
<li>Optimized drum and spring design provides a compact case design that fits comfortably in the palm of your hand</li>
<li>Survives a 100' drop for real life, on the job durability</li>
<li>Dual-sided blade print with vertical quick read scale on underside for overhead and hard to reach measurements</li>
<li>14 feet of unassisted standout</li>
<li>Steel tether point offers increased safety capability when working at height</li>
<li>Steel tether point can also be used for scribing and drawing arcs during layout</li>
</ul>","3710332831","<ul>
<li>1-3/16&quot; x 35' Shockforce Dual Sided Tape Measure</li>
</ul>","LUFKIN L1135 1-3/16X35 SHOCKFORCE TAPE MEASURE",,,,,,,,1,0,1,0,0,1,1,1,0,1,1,,,1,0,1,0,1,0,1,0,,0,simple,,
admin,base,Default,simple,"27969","Tape Measures",630795,"L1135B",,"LUFKIN L1135B 35X1-3/16 NITE EYE TAPE MEASURE BLACK BLADE","Shockforce Night Eye Dual Sided Tape Measure","LUFKIN L1135B 35X1-3/16 NITE EYE TAPE MEASURE BLACK BLADE","",/\L\1\lufkin-l1135b-lufkin-l1135b-35x1-316-nite-eye-tape-measure-black-blade.jpg,/\L\1\lufkin-l1135b-lufkin-l1135b-35x1-316-nite-eye-tape-measure-black-blade.jpg,http://www.48ws.com/images/product/L/1/lufkin-l1135b-lufkin-l1135b-35x1-316-nite-eye-tape-measure-black-blade.jpg,lufkin-L1135B-lufkin-l1135b-35x1-316-nite-eye-tape-measure-black-blade,lufkin-L1135B-lufkin-l1135b-35x1-316-nite-eye-tape-measure-black-blade,,No layout updates.,Block after Info Column,,"LUFKIN L1135B 35X1-3/16 NITE EYE TAPE MEASURE BLACK BLADE","LUFKIN L1135B 35X1-3/16 NITE EYE TAPE MEASURE BLACK BLADE",Use config,"https://www.crescenttool.com/brands?brand_id=76762&brand_name=Crescent%20Lufkin",0,,,0,"Lufkin",448,,Enabled,"Catalog, Search",Taxable Goods,Yes,No,"Introducing the toughest tapes to ever hit a jobsite. Shockforce brings new meaning to the term high performance with a full 14 Ft. of standout and the ability to survive a 100 Ft. drop onto solid concrete. Add in a diamond coated 360-degree end hook that delivers 50% more gripping power, a two-sided blade with vertical markings on the back, and class-leading ergonomics and you have a tape that’s destined to be the new standard for trade professionals.","Introducing the toughest tapes to ever hit a jobsite. Shockforce brings new meaning to the term high performance with a full 14 Ft. of standout and the ability to survive a 100 Ft. drop onto solid concrete. Add in a diamond coated 360-degree end hook that","<ul>
<li>Diamond-coated end hook grabs material from every direction and prevents slippage</li>
<li>Narrow blade technology offers reduced weight when carrying a tape all day on the job site</li>
<li>Matte black nylon blade provides extended product life and improved legibility in varied light conditions</li>
<li>Optimized drum and spring design provides a compact case design that fits comfortably in the palm of your hand</li>
<li>Survives a 100' drop for real life, on the job durability</li>
<li>Dual-sided blade print with vertical quick read scale on underside for overhead and hard to reach measurements</li>
<li>14 feet of unassisted standout</li>
<li>Steel tether point offers increased safety capability when working at height</li>
<li>Steel tether point can also be used for scribing and drawing arcs during layout</li>
</ul>","3710332834","<ul>
<li>1-3/16&quot; x 35' Shockforce Night Eye Dual Sided Tape Measure</li>
</ul>","LUFKIN L1135B 35X1-3/16 NITE EYE TAPE MEASURE BLACK BLADE",,,,,,,,1,0,1,0,0,1,1,1,0,1,1,,,1,0,1,0,1,0,1,0,,0,simple,,
admin,base,Default,simple,"27969","Tape Measures",630796,"L625N",,"LUFKIN L625N 1X25 POWER TAPE MEASURE HI-VIZ ORANGE","Tape Measure","LUFKIN L625N 1X25 POWER TAPE MEASURE HI-VIZ ORANGE","",/\L\6\lufkin-l625n-lufkin-l625n-1x25-power-tape-measure-hi-viz-orange.jpg,/\L\6\lufkin-l625n-lufkin-l625n-1x25-power-tape-measure-hi-viz-orange.jpg,http://www.48ws.com/images/product/L/6/lufkin-l625n-lufkin-l625n-1x25-power-tape-measure-hi-viz-orange.jpg,lufkin-L625N-lufkin-l625n-1x25-power-tape-measure-hi-viz-orange,lufkin-L625N-lufkin-l625n-1x25-power-tape-measure-hi-viz-orange,,No layout updates.,Block after Info Column,,"LUFKIN L625N 1X25 POWER TAPE MEASURE HI-VIZ ORANGE","LUFKIN L625N 1X25 POWER TAPE MEASURE HI-VIZ ORANGE",Use config,"https://www.crescenttool.com/brands?brand_id=76762&brand_name=Crescent%20Lufkin",0,,,0,"Lufkin",448,,Enabled,"Catalog, Search",Taxable Goods,Yes,No,"The LUFKIN L600N series tape measures feature a bright orange textured case for easier grip and increased user comfort. The blade has a matte finish which reduces glare which increases blade legibility. The blade is also nylon coated for an extended product life. The dual riveted end hook tips allow the user to mark measurements without the need for a writing utensil.","","<ul>
<li>1&quot; x 25' Hi-Viz® Orange Yellow Clad Power Return Tape Measure</li>
<li>Textured Case For Easier Grip And Increased User Comfort</li>
<li>Nylon Coated Blade For Extended Product Life</li>
<li>Matte Blade Finish Reduces Glare And Increased Blade Legibility</li>
<li>Metal Mounting Post For Increased Durability And Drop Strength</li>
<li>Serrated End Hook Tips Allow Users To Mark Measurements Without A Writing Utensil</li>
<li>Blade Style: A5</li>
</ul>","3710324110","","LUFKIN L625N 1X25 POWER TAPE MEASURE HI-VIZ ORANGE",,,,,,,,1,0,1,0,0,1,1,1,0,1,1,,,1,0,1,0,1,0,1,0,,0,simple,,
admin,base,Default,simple,"27969","Tape Measures",630797,"L625SCTMP",,"LUFKIN L625SCTMP 1X25 POWER TAPE MEASURE HI-VIZ ORANGE SELF CENTERI","Tape Measure","LUFKIN L625SCTMP 1X25 POWER TAPE MEASURE HI-VIZ ORANGE SELF CENTERI","",/\L\6\lufkin-l625sctmp-lufkin-l625sctmp-1x25-power-tape-measure-hi-viz-orange-self-centeri.jpg,/\L\6\lufkin-l625sctmp-lufkin-l625sctmp-1x25-power-tape-measure-hi-viz-orange-self-centeri.jpg,http://www.48ws.com/images/product/L/6/lufkin-l625sctmp-lufkin-l625sctmp-1x25-power-tape-measure-hi-viz-orange-self-centeri.jpg,lufkin-L625SCTMP-lufkin-l625sctmp-1x25-power-tape-measure-hi-viz-orange-self-centeri,lufkin-L625SCTMP-lufkin-l625sctmp-1x25-power-tape-measure-hi-viz-orange-self-centeri,,No layout updates.,Block after Info Column,,"LUFKIN L625SCTMP 1X25 POWER TAPE MEASURE HI-VIZ ORANGE SELF CENTERI","LUFKIN L625SCTMP 1X25 POWER TAPE MEASURE HI-VIZ ORANGE SELF CENTERI",Use config,"https://www.crescenttool.com/brands?brand_id=76762&brand_name=Crescent%20Lufkin",0,,,0,"Lufkin",448,,Enabled,"Catalog, Search",Taxable Goods,Yes,No,"Lufkin® tapes have been recognized as the standard for accuracy and high quality. Lufkin® steel tapes are manufactured to government standards traceable to the U.S. Department of Commerce, National Institute of standards and technology. Periodically, these standards are recalibrated with renewed certification by the N.I.S.T.","","<ul>
<li>Lufkin® Hi-Viz® Tape Measure</li>
<li> Lightweight Self-Centering</li>
<li> Measuring System: Imperial</li>
<li> 25 ft Blade Length</li>
<li> 1 in Blade Width</li>
<li> Steel Blade</li>
<li> Black/Red on One Side Markings</li>
<li> Power Return Rewind</li>
<li> 2-Rivets Hook</li>
<li> Closed Case</li>
<li> Plastic Case</li>
<li> Hi-Viz Orange Case</li>
</ul>","3710324112","","LUFKIN L625SCTMP 1X25 POWER TAPE MEASURE HI-VIZ ORANGE SELF CENTERI",,,,,,,,1,0,1,0,0,1,1,1,0,1,1,,,1,0,1,0,1,0,1,0,,0,simple,,
admin,base,Default,simple,"27969","Tape Measures",630798,"L725MAG",,"LUFKIN L725MAG 1^X25 POWER TAPE MEASURE MAGNETIC END HOOK","Tape Measure","LUFKIN L725MAG 1^X25 POWER TAPE MEASURE MAGNETIC END HOOK","",/\L\7\lufkin-l725mag-lufkin-l725mag-1x25-power-tape-measure-magnetic-end-hook.jpg,/\L\7\lufkin-l725mag-lufkin-l725mag-1x25-power-tape-measure-magnetic-end-hook.jpg,http://www.48ws.com/images/product/L/7/lufkin-l725mag-lufkin-l725mag-1x25-power-tape-measure-magnetic-end-hook.jpg,lufkin-L725MAG-lufkin-l725mag-1x25-power-tape-measure-magnetic-end-hook,lufkin-L725MAG-lufkin-l725mag-1x25-power-tape-measure-magnetic-end-hook,,No layout updates.,Block after Info Column,,"LUFKIN L725MAG 1^X25 POWER TAPE MEASURE MAGNETIC END HOOK","LUFKIN L725MAG 1^X25 POWER TAPE MEASURE MAGNETIC END HOOK",Use config,"https://www.crescenttool.com/brands?brand_id=76762&brand_name=Crescent%20Lufkin",0,,,0,"Lufkin",448,,Enabled,"Catalog, Search",Taxable Goods,Yes,No,"Tape, 1&quot; x 25', 700 Series, Magnetic End Hook","","<ul>
<li>1&quot; x 25' 700 Seires Magnetic Yellow Clad Tape Measure</li>
<li>Magnetic End Hook is A Time-Saver for Framers, Hvac Installers, and More</li>
<li>Use for One-Man Measurements of Steel Framing and Drop Ceiling Grids</li>
<li>Powerful Dual Magnets Can Also Serve As A Pick-Up Tool</li>
<li>Non-Slip Co-Molded Rubber Grip</li>
<li>Durable ABS Case Stands Up to the Toughest Work Site</li>
<li>Non-Slip Rubber Blade Lock Button</li>
</ul>","3710321456","","LUFKIN L725MAG 1^X25 POWER TAPE MEASURE MAGNETIC END HOOK",,,,,,,,1,0,1,0,0,1,1,1,0,1,1,,,1,0,1,0,1,0,1,0,,0,simple,,
admin,base,Default,simple,"27969","Tape Measures",630799,"O120P",,"LUFKIN O120P TAPE REPL. BLADE ARTISAN 3/8X20","Replacement Blade","LUFKIN O120P TAPE REPL. BLADE ARTISAN 3/8X20","",/\O\1\lufkin-o120p-lufkin-o120p-tape-repl-blade-artisan-38x20.jpg,/\O\1\lufkin-o120p-lufkin-o120p-tape-repl-blade-artisan-38x20.jpg,http://www.48ws.com/images/product/O/1/lufkin-o120p-lufkin-o120p-tape-repl-blade-artisan-38x20.jpg,lufkin-O120P-lufkin-o120p-tape-repl-blade-artisan-38x20,lufkin-O120P-lufkin-o120p-tape-repl-blade-artisan-38x20,,No layout updates.,Block after Info Column,,"LUFKIN O120P TAPE REPL. BLADE ARTISAN 3/8X20","LUFKIN O120P TAPE REPL. BLADE ARTISAN 3/8X20",Use config,"https://www.crescenttool.com/brands?brand_id=76762&brand_name=Crescent%20Lufkin",0,,,0,"Lufkin",448,,Enabled,"Catalog, Search",Taxable Goods,Yes,No,"Blade for Artisan® 3/8&quot; x 240'","Replacement Blades","<ul>
<li>Replacement Blade for Artisan® 3/8&quot; x 240'</li>
<li>Replacement Blade for 120P</li>
<li>Blade Style: B12</li>
</ul>","3710345109","<ul>
<li>Replacement Blade for Artisan® 3/8&quot; x 240'</li>
<li>Replacement Blade for 120P</li>
<li>Blade Style: B12</li>
</ul>","LUFKIN O120P TAPE REPL. BLADE ARTISAN 3/8X20",,,,,,,,1,0,1,0,0,1,1,1,0,1,1,,,1,0,1,0,1,0,1,0,,0,simple,,
admin,base,Default,simple,"27969","Tape Measures",630800,"O703L",,"LUFKIN O703L REFILL 1/2X50 FIBERGLASS TAPE","Replacement Blade","LUFKIN O703L REFILL 1/2X50 FIBERGLASS TAPE","",/\O\7\lufkin-o703l-lufkin-o703l-refill-12x50-fiberglass-tape.jpg,/\O\7\lufkin-o703l-lufkin-o703l-refill-12x50-fiberglass-tape.jpg,http://www.48ws.com/images/product/O/7/lufkin-o703l-lufkin-o703l-refill-12x50-fiberglass-tape.jpg,lufkin-O703L-lufkin-o703l-refill-12x50-fiberglass-tape,lufkin-O703L-lufkin-o703l-refill-12x50-fiberglass-tape,,No layout updates.,Block after Info Column,,"LUFKIN O703L REFILL 1/2X50 FIBERGLASS TAPE","LUFKIN O703L REFILL 1/2X50 FIBERGLASS TAPE",Use config,"https://www.crescenttool.com/brands?brand_id=76762&brand_name=Crescent%20Lufkin",0,,,0,"Lufkin",448,,Enabled,"Catalog, Search",Taxable Goods,Yes,No,"Blade for Fiberglass 1/2&quot; x 50'","Replacement Blades","<ul>
<li>Replacement Blade for Fiberglass 1/2&quot; x 50'</li>
<li>Replacement Blade for 703</li>
<li>Blade Style: C1</li>
</ul>","3710345353","<ul>
<li>Replacement Blade for Fiberglass 1/2&quot; x 50'</li>
<li>Replacement Blade for 703</li>
<li>Blade Style: C1</li>
</ul>","LUFKIN O703L REFILL 1/2X50 FIBERGLASS TAPE",,,,,,,,1,0,1,0,0,1,1,1,0,1,1,,,1,0,1,0,1,0,1,0,,0,simple,,
admin,base,Default,simple,"27969","Tape Measures",630801,"OC1293SF590",,"LUFKIN OC1293SF590 TAPE REFILL ATLAS CHROME CLAD 1/2X50","Replacement Blade","LUFKIN OC1293SF590 TAPE REFILL ATLAS CHROME CLAD 1/2X50","",/\O\C\lufkin-oc1293sf590-lufkin-oc1293sf590-tape-refill-atlas-chrome-clad-12x50.jpg,/\O\C\lufkin-oc1293sf590-lufkin-oc1293sf590-tape-refill-atlas-chrome-clad-12x50.jpg,http://www.48ws.com/images/product/O/C/lufkin-oc1293sf590-lufkin-oc1293sf590-tape-refill-atlas-chrome-clad-12x50.jpg,lufkin-OC1293SF590-lufkin-oc1293sf590-tape-refill-atlas-chrome-clad-12x50,lufkin-OC1293SF590-lufkin-oc1293sf590-tape-refill-atlas-chrome-clad-12x50,,No layout updates.,Block after Info Column,,"LUFKIN OC1293SF590 TAPE REFILL ATLAS CHROME CLAD 1/2X50","LUFKIN OC1293SF590 TAPE REFILL ATLAS CHROME CLAD 1/2X50",Use config,"https://www.crescenttool.com/brands?brand_id=76762&brand_name=Crescent%20Lufkin",0,,,0,"Lufkin",448,,Enabled,"Catalog, Search",Taxable Goods,Yes,No,"Blade for Atlas® Chrome Clad® Oil Gauging 1/2&quot; x 50'","Replacement Blades","<ul>
<li>Replacement Blade for Atlas® Chrome Clad® Oil Gauging 1/2&quot; x 50'</li>
<li>Replacement Blade for C1293SF590</li>
<li>Blade Style: D4</li>
</ul>","3710345426","<ul>
<li>Replacement Blade for Atlas® Chrome Clad® Oil Gauging 1/2&quot; x 50'</li>
<li>Replacement Blade for C1293SF590</li>
<li>Blade Style: D4</li>
</ul>","LUFKIN OC1293SF590 TAPE REFILL ATLAS CHROME CLAD 1/2X50",,,,,,,,1,0,1,0,0,1,1,1,0,1,1,,,1,0,1,0,1,0,1,0,,0,simple,,
admin,base,Default,simple,"27969","Tape Measures",630802,"OCN1294SF/587",,"LUFKIN OCN1294SF/587 TAPE REFILL 1/2X66 DOUBLE DUTY","Replacement Blade","LUFKIN OCN1294SF/587 TAPE REFILL 1/2X66 DOUBLE DUTY","",/\O\C\lufkin-ocn1294sf587-lufkin-ocn1294sf587-tape-refill-12x66-double-duty.jpg,/\O\C\lufkin-ocn1294sf587-lufkin-ocn1294sf587-tape-refill-12x66-double-duty.jpg,http://www.48ws.com/images/product/O/C/lufkin-ocn1294sf587-lufkin-ocn1294sf587-tape-refill-12x66-double-duty.jpg,lufkin-OCN1294SF/587-lufkin-ocn1294sf587-tape-refill-12x66-double-duty,lufkin-OCN1294SF/587-lufkin-ocn1294sf587-tape-refill-12x66-double-duty,,No layout updates.,Block after Info Column,,"LUFKIN OCN1294SF/587 TAPE REFILL 1/2X66 DOUBLE DUTY","LUFKIN OCN1294SF/587 TAPE REFILL 1/2X66 DOUBLE DUTY",Use config,"https://www.crescenttool.com/brands?brand_id=76762&brand_name=Crescent%20Lufkin",0,,,0,"Lufkin",448,,Enabled,"Catalog, Search",Taxable Goods,Yes,No,"Crescent Lufkin® offers a wide range of gauging tapes designed for a variety of measuring applications. With their reliable design and ease of use, Crescent Lufkin gauging tapes have withstood the test of time and proven why they are the best in the industry.","Replacement Blades","<ul>
<li>Replacement Blade for Atlas® Chrome Clad®/Nubian® Double Duty Oil Gauging 1/2&quot; x 66'</li>
<li>Replacement Blade for CCN1294SF590</li>
<li>Blade Style: D1</li>
</ul>","3710345967","<ul>
<li>Replacement Blade for Atlas® Chrome Clad®/Nubian® Double Duty Oil Gauging 1/2&quot; x 66'</li>
<li>Replacement Blade for CCN1294SF590</li>
<li>Blade Style: D1</li>
</ul>","LUFKIN OCN1294SF/587 TAPE REFILL 1/2X66 DOUBLE DUTY",,,,,,,,1,0,1,0,0,1,1,1,0,1,1,,,1,0,1,0,1,0,1,0,,0,simple,,
admin,base,Default,simple,"27969","Tape Measures",630803,"P2125N",,"LUFKIN P2125N 1X25 CHROME TAPE MEASURE","P2000 Series Chrome Case Tape Measure","LUFKIN P2125N 1X25 CHROME TAPE MEASURE","",/\P\2\lufkin-p2125n-lufkin-p2125n-1x25-chrome-tape-measure.jpg,/\P\2\lufkin-p2125n-lufkin-p2125n-1x25-chrome-tape-measure.jpg,http://www.48ws.com/images/product/P/2/lufkin-p2125n-lufkin-p2125n-1x25-chrome-tape-measure.jpg,lufkin-P2125N-lufkin-p2125n-1x25-chrome-tape-measure,lufkin-P2125N-lufkin-p2125n-1x25-chrome-tape-measure,,No layout updates.,Block after Info Column,,"LUFKIN P2125N 1X25 CHROME TAPE MEASURE","LUFKIN P2125N 1X25 CHROME TAPE MEASURE",Use config,"https://www.crescenttool.com/brands?brand_id=76762&brand_name=Crescent%20Lufkin",0,,,0,"Lufkin",448,,Enabled,"Catalog, Search",Taxable Goods,Yes,No,"Crescent Lufkin® built its reputation on durability and these new tapes are no exception. The P2000 Series cases are made of durable, polished chrome, modified for increased strength and impact resistance. Each tape's blade is protected with a clear-coat that exceeds ASTM standards for abrasion and corrosion resistance.","Crescent Lufkin® built its reputation on durability and these new tapes are no exception. The P2000 Series cases are made of durable, polished chrome, modified for increased strength and impact resistance. Each tape's blade is protected with a clear-coat ","<ul>
<li>Compact chrome-finished case</li>
<li>Toggle lock positioned on top of the tape doesn't require sliding to lock</li>
<li>Dual rivet end hook for added durability</li>
<li>Ergonomic case design for better fit in-hand during measuring</li>
</ul>","3710330691","<ul>
<li>1&quot; x 25' P2000 Series Chrome Case Yellow Clad A5 Blade Power Return Tape Measure</li>
<li>Blade style: A5</li>
</ul>","LUFKIN P2125N 1X25 CHROME TAPE MEASURE",,,,,,,,1,0,1,0,0,1,1,1,0,1,1,,,1,0,1,0,1,0,1,0,,0,simple,,
admin,base,Default,simple,"27969","Tape Measures",630804,"P2133",,"LUFKIN P2133 1x33 CHROME TAPE MEASURE","P2000 Series Chrome Case Tape Measure","LUFKIN P2133 1x33 CHROME TAPE MEASURE","",/\P\2\lufkin-p2133-lufkin-p2133-1x33-chrome-tape-measure.jpg,/\P\2\lufkin-p2133-lufkin-p2133-1x33-chrome-tape-measure.jpg,http://www.48ws.com/images/product/P/2/lufkin-p2133-lufkin-p2133-1x33-chrome-tape-measure.jpg,lufkin-P2133-lufkin-p2133-1x33-chrome-tape-measure,lufkin-P2133-lufkin-p2133-1x33-chrome-tape-measure,,No layout updates.,Block after Info Column,,"LUFKIN P2133 1x33 CHROME TAPE MEASURE","LUFKIN P2133 1x33 CHROME TAPE MEASURE",Use config,"https://www.crescenttool.com/brands?brand_id=76762&brand_name=Crescent%20Lufkin",0,,,0,"Lufkin",448,,Enabled,"Catalog, Search",Taxable Goods,Yes,No,"Crescent Lufkin® built its reputation on durability and these new tapes are no exception. The P2000 Series cases are made of durable, polished chrome, modified for increased strength and impact resistance. Each tape's blade is protected with a clear-coat that exceeds ASTM standards for abrasion and corrosion resistance.","Crescent Lufkin® built its reputation on durability and these new tapes are no exception. The P2000 Series cases are made of durable, polished chrome, modified for increased strength and impact resistance. Each tape's blade is protected with a clear-coat ","<ul>
<li>Compact chrome-finished case</li>
<li>Toggle lock positioned on top of the tape doesn't require sliding to lock</li>
<li>Dual rivet end hook for added durability</li>
<li>Ergonomic case design for better fit in-hand during measuring</li>
</ul>","3710325206","<ul>
<li>1&quot; x 33' P2000 Series Chrome Case Yellow Clad A5 Blade Power Return Tape Measure</li>
<li>Blade style: A5</li>
</ul>","LUFKIN P2133 1x33 CHROME TAPE MEASURE",,,,,,,,1,0,1,0,0,1,1,1,0,1,1,,,1,0,1,0,1,0,1,0,,0,simple,,
admin,base,Default,simple,"27969","Tape Measures",630805,"P2312",,"LUFKIN P2312 3/4X12 CHROME TAPE MEASURE","P2000 Series Chrome Case Tape Measure","LUFKIN P2312 3/4X12 CHROME TAPE MEASURE","",/\P\2\lufkin-p2312-lufkin-p2312-34x12-chrome-tape-measure.jpg,/\P\2\lufkin-p2312-lufkin-p2312-34x12-chrome-tape-measure.jpg,http://www.48ws.com/images/product/P/2/lufkin-p2312-lufkin-p2312-34x12-chrome-tape-measure.jpg,lufkin-P2312-lufkin-p2312-34x12-chrome-tape-measure,lufkin-P2312-lufkin-p2312-34x12-chrome-tape-measure,,No layout updates.,Block after Info Column,,"LUFKIN P2312 3/4X12 CHROME TAPE MEASURE","LUFKIN P2312 3/4X12 CHROME TAPE MEASURE",Use config,"https://www.crescenttool.com/brands?brand_id=76762&brand_name=Crescent%20Lufkin",0,,,0,"Lufkin",448,,Enabled,"Catalog, Search",Taxable Goods,Yes,No,"Crescent Lufkin® built its reputation on durability and these new tapes are no exception. The P2000 Series cases are made of durable, polished chrome, modified for increased strength and impact resistance. Each tape's blade is protected with a clear-coat that exceeds ASTM standards for abrasion and corrosion resistance.","Crescent Lufkin® built its reputation on durability and these new tapes are no exception. The P2000 Series cases are made of durable, polished chrome, modified for increased strength and impact resistance. Each tape's blade is protected with a clear-coat ","<ul>
<li>Compact chrome-finished case</li>
<li>Toggle lock positioned on top of the tape doesn't require sliding to lock</li>
<li>Dual rivet end hook for added durability</li>
<li>Ergonomic case design for better fit in-hand during measuring</li>
</ul>","3710325181","<ul>
<li>3/4&quot; x 12' P2000 Series Chrome Case Yellow Clad A2 Blade Power Return Tape Measure</li>
<li>Blade style: A2</li>
</ul>","LUFKIN P2312 3/4X12 CHROME TAPE MEASURE",,,,,,,,1,0,1,0,0,1,1,1,0,1,1,,,1,0,1,0,1,0,1,0,,0,simple,,
admin,base,Default,simple,"27969","Tape Measures",630806,"PHV1012N",,"LUFKIN PHV1012N 1/2X12 TAPE MEASURE HI-VIZ ORANGE","P1000 Series Hi-Viz® Tape Measure","LUFKIN PHV1012N 1/2X12 TAPE MEASURE HI-VIZ ORANGE","",/\P\H\lufkin-phv1012n-lufkin-phv1012n-12x12-tape-measure-hi-viz-orange.jpg,/\P\H\lufkin-phv1012n-lufkin-phv1012n-12x12-tape-measure-hi-viz-orange.jpg,http://www.48ws.com/images/product/P/H/lufkin-phv1012n-lufkin-phv1012n-12x12-tape-measure-hi-viz-orange.jpg,lufkin-PHV1012N-lufkin-phv1012n-12x12-tape-measure-hi-viz-orange,lufkin-PHV1012N-lufkin-phv1012n-12x12-tape-measure-hi-viz-orange,,No layout updates.,Block after Info Column,,"LUFKIN PHV1012N 1/2X12 TAPE MEASURE HI-VIZ ORANGE","LUFKIN PHV1012N 1/2X12 TAPE MEASURE HI-VIZ ORANGE",Use config,"https://www.crescenttool.com/brands?brand_id=76762&brand_name=Crescent%20Lufkin",0,,,0,"Lufkin",448,,Enabled,"Catalog, Search",Taxable Goods,Yes,No,"Crescent Lufkin® built its reputation on durability and these new tapes are no exception. The P1000 Series cases are made of tough ABS plastic, modified for increased strength and impact resistance. Every blade is protected with a clear-coat that exceeds ASTM standards for abrasion and corrosion resistance.","Crescent Lufkin® built its reputation on durability and these new tapes are no exception. The P1000 Series cases are made of tough ABS plastic, modified for increased strength and impact resistance. Every blade is protected with a clear-coat that exceeds ","<ul>
<li>Over-mold case protects the tape from impacts and allows you to grip it more easily</li>
<li>Toggle lock positioned on top of the tape doesn't require sliding to lock</li>
<li>Quad rivet end hook for added durability</li>
<li>Ergonomic case design for better fit in-hand during measuring</li>
</ul>","3710330712","<ul>
<li>1/2&quot; x 12' P1000 Series Hi-Viz® Orange Yellow Clad A1 Blade Power Return Tape Measure</li>
<li>Blade style: A1</li>
</ul>","LUFKIN PHV1012N 1/2X12 TAPE MEASURE HI-VIZ ORANGE",,,,,,,,1,0,1,0,0,1,1,1,0,1,1,,,1,0,1,0,1,0,1,0,,0,simple,,
admin,base,Default,simple,"27969","Tape Measures",630807,"PHV1312N",,"LUFKIN PHV1312N 3/4X12 TAPE MEASURE HI-VIZ ORANGE","P1000 Series Hi-Viz® Tape Measure","LUFKIN PHV1312N 3/4X12 TAPE MEASURE HI-VIZ ORANGE","",/\P\H\lufkin-phv1312n-lufkin-phv1312n-34x12-tape-measure-hi-viz-orange.jpg,/\P\H\lufkin-phv1312n-lufkin-phv1312n-34x12-tape-measure-hi-viz-orange.jpg,http://www.48ws.com/images/product/P/H/lufkin-phv1312n-lufkin-phv1312n-34x12-tape-measure-hi-viz-orange.jpg,lufkin-PHV1312N-lufkin-phv1312n-34x12-tape-measure-hi-viz-orange,lufkin-PHV1312N-lufkin-phv1312n-34x12-tape-measure-hi-viz-orange,,No layout updates.,Block after Info Column,,"LUFKIN PHV1312N 3/4X12 TAPE MEASURE HI-VIZ ORANGE","LUFKIN PHV1312N 3/4X12 TAPE MEASURE HI-VIZ ORANGE",Use config,"https://www.crescenttool.com/brands?brand_id=76762&brand_name=Crescent%20Lufkin",0,,,0,"Lufkin",448,,Enabled,"Catalog, Search",Taxable Goods,Yes,No,"Crescent Lufkin® built its reputation on durability and these new tapes are no exception. The P1000 Series cases are made of tough ABS plastic, modified for increased strength and impact resistance. Every blade is protected with a clear-coat that exceeds ASTM standards for abrasion and corrosion resistance.","Crescent Lufkin® built its reputation on durability and these new tapes are no exception. The P1000 Series cases are made of tough ABS plastic, modified for increased strength and impact resistance. Every blade is protected with a clear-coat that exceeds ","<ul>
<li>Over-mold case protects the tape from impacts and allows you to grip it more easily</li>
<li>Toggle lock positioned on top of the tape doesn't require sliding to lock</li>
<li>Quad rivet end hook for added durability</li>
<li>Ergonomic case design for better fit in-hand during measuring</li>
</ul>","3710330724","<ul>
<li>3/4&quot; x 12' P1000 Series Hi-Viz® Orange Yellow Clad A2 Blade Power Return Tape Measure</li>
<li>Blade style: A2</li>
</ul>","LUFKIN PHV1312N 3/4X12 TAPE MEASURE HI-VIZ ORANGE",,,,,,,,1,0,1,0,0,1,1,1,0,1,1,,,1,0,1,0,1,0,1,0,,0,simple,,
admin,base,Default,simple,"27969","Tape Measures",630808,"PHV1316N",,"LUFKIN PHV1316N 3/4X16 TAPE MEASURE HI-VIZ ORANGE","P1000 Series Hi-Viz® Tape Measure","LUFKIN PHV1316N 3/4X16 TAPE MEASURE HI-VIZ ORANGE","",/\P\H\lufkin-phv1316n-lufkin-phv1316n-34x16-tape-measure-hi-viz-orange.jpg,/\P\H\lufkin-phv1316n-lufkin-phv1316n-34x16-tape-measure-hi-viz-orange.jpg,http://www.48ws.com/images/product/P/H/lufkin-phv1316n-lufkin-phv1316n-34x16-tape-measure-hi-viz-orange.jpg,lufkin-PHV1316N-lufkin-phv1316n-34x16-tape-measure-hi-viz-orange,lufkin-PHV1316N-lufkin-phv1316n-34x16-tape-measure-hi-viz-orange,,No layout updates.,Block after Info Column,,"LUFKIN PHV1316N 3/4X16 TAPE MEASURE HI-VIZ ORANGE","LUFKIN PHV1316N 3/4X16 TAPE MEASURE HI-VIZ ORANGE",Use config,"https://www.crescenttool.com/brands?brand_id=76762&brand_name=Crescent%20Lufkin",0,,,0,"Lufkin",448,,Enabled,"Catalog, Search",Taxable Goods,Yes,No,"Crescent Lufkin® built its reputation on durability and these new tapes are no exception. The P1000 Series cases are made of tough ABS plastic, modified for increased strength and impact resistance. Every blade is protected with a clear-coat that exceeds ASTM standards for abrasion and corrosion resistance.","Crescent Lufkin® built its reputation on durability and these new tapes are no exception. The P1000 Series cases are made of tough ABS plastic, modified for increased strength and impact resistance. Every blade is protected with a clear-coat that exceeds ","<ul>
<li>Over-mold case protects the tape from impacts and allows you to grip it more easily</li>
<li>Toggle lock positioned on top of the tape doesn't require sliding to lock</li>
<li>Quad rivet end hook for added durability</li>
<li>Ergonomic case design for better fit in-hand during measuring</li>
</ul>","3710330726","<ul>
<li>3/4&quot; x 16' P1000 Series Hi-Viz® Orange Yellow Clad A2 Blade Power Return Tape Measure</li>
<li>Blade style: A2</li>
</ul>","LUFKIN PHV1316N 3/4X16 TAPE MEASURE HI-VIZ ORANGE",,,,,,,,1,0,1,0,0,1,1,1,0,1,1,,,1,0,1,0,1,0,1,0,,0,simple,,
admin,base,Default,simple,"27969","Tape Measures",630809,"PHV1425N",,"LUFKIN PHV1425N 1X25 TAPE MEASURE HI-VIZ ORANGE","P1000 Series Hi-Viz® Tape Measure","LUFKIN PHV1425N 1X25 TAPE MEASURE HI-VIZ ORANGE","",/\P\H\lufkin-phv1425n-lufkin-phv1425n-1x25-tape-measure-hi-viz-orange.jpg,/\P\H\lufkin-phv1425n-lufkin-phv1425n-1x25-tape-measure-hi-viz-orange.jpg,http://www.48ws.com/images/product/P/H/lufkin-phv1425n-lufkin-phv1425n-1x25-tape-measure-hi-viz-orange.jpg,lufkin-PHV1425N-lufkin-phv1425n-1x25-tape-measure-hi-viz-orange,lufkin-PHV1425N-lufkin-phv1425n-1x25-tape-measure-hi-viz-orange,,No layout updates.,Block after Info Column,,"LUFKIN PHV1425N 1X25 TAPE MEASURE HI-VIZ ORANGE","LUFKIN PHV1425N 1X25 TAPE MEASURE HI-VIZ ORANGE",Use config,"https://www.crescenttool.com/brands?brand_id=76762&brand_name=Crescent%20Lufkin",0,,,0,"Lufkin",448,,Enabled,"Catalog, Search",Taxable Goods,Yes,No,"Crescent Lufkin® built its reputation on durability and these new tapes are no exception. The P1000 Series cases are made of tough ABS plastic, modified for increased strength and impact resistance. Every blade is protected with a clear-coat that exceeds ASTM standards for abrasion and corrosion resistance.","Crescent Lufkin® built its reputation on durability and these new tapes are no exception. The P1000 Series cases are made of tough ABS plastic, modified for increased strength and impact resistance. Every blade is protected with a clear-coat that exceeds ","<ul>
<li>Over-mold case protects the tape from impacts and allows you to grip it more easily</li>
<li>Toggle lock positioned on top of the tape doesn't require sliding to lock</li>
<li>Quad rivet end hook for added durability</li>
<li>Ergonomic case design for better fit in-hand during measuring</li>
</ul>","3710330728","<ul>
<li>1&quot; x 25&quot; P1000 Series Hi-Viz® Orange Yellow Clad A5 Blade Power Return Tape Measure</li>
<li>Blade style: A5</li>
</ul>","LUFKIN PHV1425N 1X25 TAPE MEASURE HI-VIZ ORANGE",,,,,,,,1,0,1,0,0,1,1,1,0,1,1,,,1,0,1,0,1,0,1,0,,0,simple,,
admin,base,Default,simple,"27969","Tape Measures",630810,"PHV1430N",,"LUFKIN PHV1430N 1X30 POWER TAPE MEASURE HI-VIZ ORANGE","P1000 Series Hi-Viz® Tape Measure","LUFKIN PHV1430N 1X30 POWER TAPE MEASURE HI-VIZ ORANGE","",/\P\H\lufkin-phv1430n-lufkin-phv1430n-1x30-power-tape-measure-hi-viz-orange.jpg,/\P\H\lufkin-phv1430n-lufkin-phv1430n-1x30-power-tape-measure-hi-viz-orange.jpg,http://www.48ws.com/images/product/P/H/lufkin-phv1430n-lufkin-phv1430n-1x30-power-tape-measure-hi-viz-orange.jpg,lufkin-PHV1430N-lufkin-phv1430n-1x30-power-tape-measure-hi-viz-orange,lufkin-PHV1430N-lufkin-phv1430n-1x30-power-tape-measure-hi-viz-orange,,No layout updates.,Block after Info Column,,"LUFKIN PHV1430N 1X30 POWER TAPE MEASURE HI-VIZ ORANGE","LUFKIN PHV1430N 1X30 POWER TAPE MEASURE HI-VIZ ORANGE",Use config,"https://www.crescenttool.com/brands?brand_id=76762&brand_name=Crescent%20Lufkin",0,,,0,"Lufkin",448,,Enabled,"Catalog, Search",Taxable Goods,Yes,No,"Crescent Lufkin® built its reputation on durability and these new tapes are no exception. The P1000 Series cases are made of tough ABS plastic, modified for increased strength and impact resistance. Every blade is protected with a clear-coat that exceeds ASTM standards for abrasion and corrosion resistance.","Crescent Lufkin® built its reputation on durability and these new tapes are no exception. The P1000 Series cases are made of tough ABS plastic, modified for increased strength and impact resistance. Every blade is protected with a clear-coat that exceeds ","<ul>
<li>Over-mold case protects the tape from impacts and allows you to grip it more easily</li>
<li>Toggle lock positioned on top of the tape doesn't require sliding to lock</li>
<li>Quad rivet end hook for added durability</li>
<li>Ergonomic case design for better fit in-hand during measuring</li>
</ul>","3710330731","<ul>
<li>1&quot; x 30' P1000 Series Hi-Viz® Orange Yellow Clad A5 Blade Power Return Tape Measure</li>
<li>Blade style: A5</li>
</ul>","LUFKIN PHV1430N 1X30 POWER TAPE MEASURE HI-VIZ ORANGE",,,,,,,,1,0,1,0,0,1,1,1,0,1,1,,,1,0,1,0,1,0,1,0,,0,simple,,
admin,base,Default,simple,"27969","Tape Measures",630811,"RW312",,"LUFKIN RW312 REPLACEMENT BLADE 3/4x12 TAPE","Replacement Blade","LUFKIN RW312 REPLACEMENT BLADE 3/4x12 TAPE","",/\R\W\lufkin-rw312-lufkin-rw312-replacement-blade-34x12-tape.jpg,/\R\W\lufkin-rw312-lufkin-rw312-replacement-blade-34x12-tape.jpg,http://www.48ws.com/images/product/R/W/lufkin-rw312-lufkin-rw312-replacement-blade-34x12-tape.jpg,lufkin-RW312-lufkin-rw312-replacement-blade-34x12-tape,lufkin-RW312-lufkin-rw312-replacement-blade-34x12-tape,,No layout updates.,Block after Info Column,,"LUFKIN RW312 REPLACEMENT BLADE 3/4x12 TAPE","LUFKIN RW312 REPLACEMENT BLADE 3/4x12 TAPE",Use config,"https://www.crescenttool.com/brands?brand_id=76762&brand_name=Crescent%20Lufkin",0,,,0,"Lufkin",448,,Enabled,"Catalog, Search",Taxable Goods,Yes,No,"This CRL Lufkin Mezurall refills are for the 3/4 inch (19 millimeter) tape measure. They are easy-to-read, 2-color figures on a yellow blade, protected by flowed-on epoxy coating with 16 inch (406 millimeter) centers designated.","","<ul>
<li>Compact chrome-finished case</li>
<li>Dual rivet end hook for added durability</li>
<li>Metal belt clip for easily attaching to belt or pants pocket</li>
<li>Square case design lets you include the case in the measurement for easy interior measures</li>
</ul>","3710345220","","LUFKIN RW312 REPLACEMENT BLADE 3/4x12 TAPE",,,,,,,,1,0,1,0,0,1,1,1,0,1,1,,,1,0,1,0,1,0,1,0,,0,simple,,
admin,base,Default,simple,"27969","Tape Measures",630812,"RY212",,"LUFKIN RY212 REFILL 1/2x12 TAPE","Tape Measure","LUFKIN RY212 REFILL 1/2x12 TAPE","",/\R\Y\lufkin-ry212-lufkin-ry212-refill-12x12-tape.jpg,/\R\Y\lufkin-ry212-lufkin-ry212-refill-12x12-tape.jpg,http://www.48ws.com/images/product/R/Y/lufkin-ry212-lufkin-ry212-refill-12x12-tape.jpg,lufkin-RY212-lufkin-ry212-refill-12x12-tape,lufkin-RY212-lufkin-ry212-refill-12x12-tape,,No layout updates.,Block after Info Column,,"LUFKIN RY212 REFILL 1/2x12 TAPE","LUFKIN RY212 REFILL 1/2x12 TAPE",Use config,"https://www.crescenttool.com/brands?brand_id=76762&brand_name=Crescent%20Lufkin",0,,,0,"Lufkin",448,,Enabled,"Catalog, Search",Taxable Goods,Yes,No,"Lufkin® Ry212 1000 Tape Measure","","<ul>
<li>Case Color: Orange</li>
<li>Rewind Type: Manual</li>
<li>Series: 1000</li>
<li>Measuring System: Imperial</li>
<li>Blade Length: 12 ft</li>
<li>Blade Width: 1/2 in</li>
</ul>","3710312707","","LUFKIN RY212 REFILL 1/2x12 TAPE",,,,,,,,1,0,1,0,0,1,1,1,0,1,1,,,1,0,1,0,1,0,1,0,,0,simple,,
admin,base,Default,simple,"27969","Tape Measures",630813,"RY34CME",,"LUFKIN RY34CME 4MX19MM TAPE REFILL","Replacement Refill","LUFKIN RY34CME 4MX19MM TAPE REFILL","",/\R\Y\lufkin-ry34cme-lufkin-ry34cme-4mx19mm-tape-refill.jpg,/\R\Y\lufkin-ry34cme-lufkin-ry34cme-4mx19mm-tape-refill.jpg,http://www.48ws.com/images/product/R/Y/lufkin-ry34cme-lufkin-ry34cme-4mx19mm-tape-refill.jpg,lufkin-RY34CME-lufkin-ry34cme-4mx19mm-tape-refill,lufkin-RY34CME-lufkin-ry34cme-4mx19mm-tape-refill,,No layout updates.,Block after Info Column,,"LUFKIN RY34CME 4MX19MM TAPE REFILL","LUFKIN RY34CME 4MX19MM TAPE REFILL",Use config,"https://www.crescenttool.com/brands?brand_id=76762&brand_name=Crescent%20Lufkin",0,,,0,"Lufkin",448,,Enabled,"Catalog, Search",Taxable Goods,Yes,No,"Replacement Tape Measure Refill","","<ul>
<li>RY34CME</li>
<li>Metric: 19mm x 4m </li>
<li>Imperial: 3/4&quot; x 13'  </li>
<li>Replacement Tape Measure Refill</li>
</ul>","","","LUFKIN RY34CME 4MX19MM TAPE REFILL",,,,,,,,1,0,1,0,0,1,1,1,0,1,1,,,1,0,1,0,1,0,1,0,,0,simple,,
admin,base,Default,simple,"21838","Rules and Straight Edges",630814,"TX46N",,"LUFKIN TX46N 5/8X6 FOLDING WOOD RULE RED END","Wood Rule","LUFKIN TX46N 5/8X6 FOLDING WOOD RULE RED END","",/\T\X\lufkin-tx46n-lufkin-tx46n-58x6-folding-wood-rule-red-end.jpg,/\T\X\lufkin-tx46n-lufkin-tx46n-58x6-folding-wood-rule-red-end.jpg,http://www.48ws.com/images/product/T/X/lufkin-tx46n-lufkin-tx46n-58x6-folding-wood-rule-red-end.jpg,lufkin-TX46N-lufkin-tx46n-58x6-folding-wood-rule-red-end,lufkin-TX46N-lufkin-tx46n-58x6-folding-wood-rule-red-end,,No layout updates.,Block after Info Column,,"LUFKIN TX46N 5/8X6 FOLDING WOOD RULE RED END","LUFKIN TX46N 5/8X6 FOLDING WOOD RULE RED END",Use config,"https://www.crescenttool.com/brands?brand_id=76762&brand_name=Crescent%20Lufkin",0,,,0,"Lufkin",448,,Enabled,"Catalog, Search",Taxable Goods,Yes,No,"Since 1869, Crescent Lufkin® has stood at the forefront of measuring tools and equipment, with industry-leading quality and innovation. We enable the consumer or professional user with reliable, precise, durable lines of products, including our wooden measuring rules. Since patenting the Lufkin Folding Rule in 1919, we've been manufacturing top-quality tools, like this rule which features brass joints, clear graduation markings on both sides and edges, and two extending slide rules.","","<ul>
<li>5/8&quot; x 6' Red End® Wood Rule with Two 6&quot; Slide Rule Extension</li>
<li>Graduated slide rule extends up to 6 feet</li>
<li>Stops at each end to prevent slide from falling out</li>
<li>Marked along both sides and both edges</li>
<li>Graduated to 1/16ths of an inch</li>
<li>Prop 65 compliant</li>
<li>Durable construction features brass plated joints and brass end caps to prevent ends from splintering</li>
</ul>","3710326555","","LUFKIN TX46N 5/8X6 FOLDING WOOD RULE RED END",,,,,,,,1,0,1,0,0,1,1,1,0,1,1,,,1,0,1,0,1,0,1,0,,0,simple,,
admin,base,Default,simple,"27969","Tape Measures",630815,"W606PD",,"LUFKIN W606PD 1/4X6 POCKET TAPE EXECUTIVE DIAMETER","Pocket Tape Measure","LUFKIN W606PD 1/4X6 POCKET TAPE EXECUTIVE DIAMETER","",/\W\6\lufkin-w606pd-lufkin-w606pd-14x6-pocket-tape-executive-diameter.jpg,/\W\6\lufkin-w606pd-lufkin-w606pd-14x6-pocket-tape-executive-diameter.jpg,http://www.48ws.com/images/product/W/6/lufkin-w606pd-lufkin-w606pd-14x6-pocket-tape-executive-diameter.jpg,lufkin-W606PD-lufkin-w606pd-14x6-pocket-tape-executive-diameter,lufkin-W606PD-lufkin-w606pd-14x6-pocket-tape-executive-diameter,,No layout updates.,Block after Info Column,,"LUFKIN W606PD 1/4X6 POCKET TAPE EXECUTIVE DIAMETER","LUFKIN W606PD 1/4X6 POCKET TAPE EXECUTIVE DIAMETER",Use config,"https://www.crescenttool.com/brands?brand_id=76762&brand_name=Crescent%20Lufkin",0,,,0,"Lufkin",448,,Enabled,"Catalog, Search",Taxable Goods,Yes,No,"The Crescent Lufkin® Executive Diameter Pocket Tape is a compact, ergonomic tape designed for on-the go-use and convenience.","","<ul>
<li>1/4&quot; x 6' Executive® Diameter Yellow Clad A19 Blade Pocket Tape Measure</li>
<li>Designed for Measuring Diameters of Pipe, Cable, Tire, and So On</li>
<li>Double-sided blade print - simply turn the blade over for a conversion from diameter to circumference</li>
<li>Durable metal case made from polished chrome</li>
<li>Easy to read bold graduations</li>
<li>Pocket sized for easy storage and transport</li>
<li>Blade style: A19</li>
</ul>","3710345851","","LUFKIN W606PD 1/4X6 POCKET TAPE EXECUTIVE DIAMETER",,,,,,,,1,0,1,0,0,1,1,1,0,1,1,,,1,0,1,0,1,0,1,0,,0,simple,,
admin,base,Default,simple,"27969","Tape Measures",630816,"W6110",,"LUFKIN W6110 1/4X10 PEEWEE POCKET TAPE","Pee Wee® Pocket Tape Measure","LUFKIN W6110 1/4X10 PEEWEE POCKET TAPE","",/\W\6\lufkin-w6110-lufkin-w6110-14x10-peewee-pocket-tape.jpg,/\W\6\lufkin-w6110-lufkin-w6110-14x10-peewee-pocket-tape.jpg,http://www.48ws.com/images/product/W/6/lufkin-w6110-lufkin-w6110-14x10-peewee-pocket-tape.jpg,lufkin-W6110-lufkin-w6110-14x10-peewee-pocket-tape,lufkin-W6110-lufkin-w6110-14x10-peewee-pocket-tape,,No layout updates.,Block after Info Column,,"LUFKIN W6110 1/4X10 PEEWEE POCKET TAPE","LUFKIN W6110 1/4X10 PEEWEE POCKET TAPE",Use config,"https://www.crescenttool.com/brands?brand_id=76762&brand_name=Crescent%20Lufkin",0,,,0,"Lufkin",448,,Enabled,"Catalog, Search",Taxable Goods,Yes,No,"Pee Wee® Pocket Tape Measure","","<ul>
<li>1/4&quot; x 10' Pee Wee® Yellow Clad Pocket Tape Measure</li>
<li>Pocket Size Ideal for Office or Home</li>
<li>High Strength Case</li>
<li>Yellow Clad Blade</li>
<li>1/4&quot;/6mm Wide Blade is Flexible; Bold Graduations on Yellow Background</li>
<li>Blade Style: A16</li>
</ul>","3710345854","<ul>
<li>1/4&quot; x 10' Pee Wee® Yellow Clad Pocket Tape Measure</li>
</ul>","LUFKIN W6110 1/4X10 PEEWEE POCKET TAPE",,,,,,,,1,0,1,0,0,1,1,1,0,1,1,,,1,0,1,0,1,0,1,0,,0,simple,,
admin,base,Default,simple,"27969","Tape Measures",630817,"W616",,"LUFKIN W616 1/4X6 PEEWEE POCKET TAPE","Pee Wee® Pocket Tape Measure","LUFKIN W616 1/4X6 PEEWEE POCKET TAPE","",/\W\6\lufkin-w616-lufkin-w616-14x6-peewee-pocket-tape.jpg,/\W\6\lufkin-w616-lufkin-w616-14x6-peewee-pocket-tape.jpg,http://www.48ws.com/images/product/W/6/lufkin-w616-lufkin-w616-14x6-peewee-pocket-tape.jpg,lufkin-W616-lufkin-w616-14x6-peewee-pocket-tape,lufkin-W616-lufkin-w616-14x6-peewee-pocket-tape,,No layout updates.,Block after Info Column,,"LUFKIN W616 1/4X6 PEEWEE POCKET TAPE","LUFKIN W616 1/4X6 PEEWEE POCKET TAPE",Use config,"https://www.crescenttool.com/brands?brand_id=76762&brand_name=Crescent%20Lufkin",0,,,0,"Lufkin",448,,Enabled,"Catalog, Search",Taxable Goods,Yes,No,"Pee Wee® Pocket Tape Measure","","<ul>
<li>1/4&quot; x 6' Pee Wee® Yellow Clad Pocket Tape Measure</li>
<li>Pocket Size Ideal for Office or Home</li>
<li>High Strength Case</li>
<li>Yellow Clad Blade</li>
<li>1/4&quot;/6mm Wide Blade is Flexible; Bold Graduations on Yellow Background</li>
<li>Blade Style: A16</li>
</ul>","3710345857","<ul>
<li>1/4&quot; x 6' Pee Wee® Yellow Clad Pocket Tape Measure</li>
</ul>","LUFKIN W616 1/4X6 PEEWEE POCKET TAPE",,,,,,,,1,0,1,0,0,1,1,1,0,1,1,,,1,0,1,0,1,0,1,0,,0,simple,,
admin,base,Default,simple,"27969","Tape Measures",630818,"W7210",,"LUFKIN W7210 1/2X10 LOKOMATIC TAPE","Vintage Tape Measure","LUFKIN W7210 1/2X10 LOKOMATIC TAPE","",/\W\7\lufkin-w7210-lufkin-w7210-12x10-lokomatic-tape.jpg,/\W\7\lufkin-w7210-lufkin-w7210-12x10-lokomatic-tape.jpg,http://www.48ws.com/images/product/W/7/lufkin-w7210-lufkin-w7210-12x10-lokomatic-tape.jpg,lufkin-W7210-lufkin-w7210-12x10-lokomatic-tape,lufkin-W7210-lufkin-w7210-12x10-lokomatic-tape,,No layout updates.,Block after Info Column,,"LUFKIN W7210 1/2X10 LOKOMATIC TAPE","LUFKIN W7210 1/2X10 LOKOMATIC TAPE",Use config,"https://www.crescenttool.com/brands?brand_id=76762&brand_name=Crescent%20Lufkin",0,,,0,"Lufkin",448,,Enabled,"Catalog, Search",Taxable Goods,Yes,No,"LUFKIN LOKMATIC POWER TAPE","","<ul>
<li>1/2&quot; WIDE </li>
<li>10' LONG </li>
<li>NO. W7210 LOKMATIC </li>
<li>PUSH BUTTON CONTROLLED RETURN </li>
<li>LIGHTWEIGHT </li>
<li>HIGH STRENGTH CASE NON-GLARE &quot;WRITE-ON&quot; AND WIPE OFF. </li>
<li>ULTRAMATTE BLADE, ABRASION RESISTANT FOR LONGER LIFE BELT CLIP</li>
</ul>","","","LUFKIN W7210 1/2X10 LOKOMATIC TAPE",,,,,,,,1,0,1,0,0,1,1,1,0,1,1,,,1,0,1,0,1,0,1,0,,0,simple,,
admin,base,Default,simple,"27969","Tape Measures",630819,"W9210",,"LUFKIN W9210 1/2X10 TAPE SHORT MEZURALL","Mezurall® Chrome Case Tape Measure","LUFKIN W9210 1/2X10 TAPE SHORT MEZURALL","",/\W\9\lufkin-w9210-lufkin-w9210-12x10-tape-short-mezurall.jpg,/\W\9\lufkin-w9210-lufkin-w9210-12x10-tape-short-mezurall.jpg,http://www.48ws.com/images/product/W/9/lufkin-w9210-lufkin-w9210-12x10-tape-short-mezurall.jpg,lufkin-W9210-lufkin-w9210-12x10-tape-short-mezurall,lufkin-W9210-lufkin-w9210-12x10-tape-short-mezurall,,No layout updates.,Block after Info Column,,"LUFKIN W9210 1/2X10 TAPE SHORT MEZURALL","LUFKIN W9210 1/2X10 TAPE SHORT MEZURALL",Use config,"https://www.crescenttool.com/brands?brand_id=76762&brand_name=Crescent%20Lufkin",0,,,0,"Lufkin",448,,Enabled,"Catalog, Search",Taxable Goods,Yes,No,"Crescent Lufkin® Mezurall series tape measures are built with durability and comfort in mind. Featuring a compact and sturdy chrome case, these tape measures fit easily into pockets or travel bags.","Crescent Lufkin® Mezurall series tape measures are built with durability and comfort in mind. Featuring a compact and sturdy chrome case, these tape measures fit easily into pockets or travel bags.","<ul>
<li>Compact chrome-finished case</li>
<li>Dual rivet end hook for added durability</li>
<li>Metal belt clip for easily attaching to belt or pants pocket</li>
<li>Square case design lets you include the case in the measurement for easy interior measures</li>
<li>Blade style: A1</li>
</ul>","3710345873","<ul>
<li>1/2&quot; x 10' Mezurall® Chrome Case Power Return Tape Measure</li>
</ul>","LUFKIN W9210 1/2X10 TAPE SHORT MEZURALL",,,,,,,,1,0,1,0,0,1,1,1,0,1,1,,,1,0,1,0,1,0,1,0,,0,simple,,
admin,base,Default,simple,"27969","Tape Measures",630820,"W9212",,"LUFKIN W9212 1/2X12 TAPE SHORT MEZURALL","Mezurall® Chrome Case Tape Measure","LUFKIN W9212 1/2X12 TAPE SHORT MEZURALL","",/\W\9\lufkin-w9212-lufkin-w9212-12x12-tape-short-mezurall.jpg,/\W\9\lufkin-w9212-lufkin-w9212-12x12-tape-short-mezurall.jpg,http://www.48ws.com/images/product/W/9/lufkin-w9212-lufkin-w9212-12x12-tape-short-mezurall.jpg,lufkin-W9212-lufkin-w9212-12x12-tape-short-mezurall,lufkin-W9212-lufkin-w9212-12x12-tape-short-mezurall,,No layout updates.,Block after Info Column,,"LUFKIN W9212 1/2X12 TAPE SHORT MEZURALL","LUFKIN W9212 1/2X12 TAPE SHORT MEZURALL",Use config,"https://www.crescenttool.com/brands?brand_id=76762&brand_name=Crescent%20Lufkin",0,,,0,"Lufkin",448,,Enabled,"Catalog, Search",Taxable Goods,Yes,No,"Crescent Lufkin® Mezurall series tape measures are built with durability and comfort in mind. Featuring a compact and sturdy chrome case, these tape measures fit easily into pockets or travel bags.","Crescent Lufkin® Mezurall series tape measures are built with durability and comfort in mind. Featuring a compact and sturdy chrome case, these tape measures fit easily into pockets or travel bags.","<ul>
<li>Compact chrome-finished case</li>
<li>Dual rivet end hook for added durability</li>
<li>Metal belt clip for easily attaching to belt or pants pocket</li>
<li>Square case design lets you include the case in the measurement for easy interior measures</li>
<li>Blade style: A1</li>
</ul>","3710345874","<ul>
<li>1/2&quot; x 12' Mezurall® Chrome Case Yellow Clad Power Return Tape Measure</li>
</ul>","LUFKIN W9212 1/2X12 TAPE SHORT MEZURALL",,,,,,,,1,0,1,0,0,1,1,1,0,1,1,,,1,0,1,0,1,0,1,0,,0,simple,,
