﻿store,websites,attribute_set,Type,category_ids,category_names,48WS_product_id,sku,has_options,name,Group_Name,meta_title,meta_description,Image,small_image,thumbnail,url_key,url_path,custom_design,page_layout,options_container,image_label,small_image_label,thumbnail_label,gift_message_available,manufacturer_url,price,special_price,cost,weight,manufacturer,manufacturer_id,color,status,visibility,tax_class_id,enable_googlecheckout,is_recurring,description,short_description,summary,upc,size_info,meta_keyword,custom_layout_update,news_from_date,news_to_date,special_from_date,special_to_date,custom_design_from,custom_design_to,qty,min_qty,use_config_min_qty,is_qty_decimal,backorders,use_config_backorders,min_sale_qty,use_config_min_sale_qty,max_sale_qty,use_config_max_sale_qty,is_in_stock,low_stock_date,notify_stock_qty,use_config_notify_stock_qty,manage_stock,use_config_manage_stock,stock_status_changed_automatically,use_config_qty_increments,qty_increments,use_config_enable_qty_increments,enable_qty_increments,product_name,store_id,product_type_id,product_status_changed,product_changed_websites
admin,base,Default,simple,"26931","Patch and Repair Products",466947,"PAVECRETE",,"PAVECRETE","","PAVECRETE","",/\P\A\PAVECRETE.gif,/\P\A\PAVECRETE.gif,http://www.48ws.com/images/product/P/A/PAVECRETE.gif,lyons-manufacturing-inc-PAVECRETE-pavecrete,lyons-manufacturing-inc-PAVECRETE-pavecrete,,No layout updates.,Block after Info Column,,"PAVECRETE","PAVECRETE",Use config,"http://www.lyonsmanufacturing.com/PDFs/LT_PC.pdf",0,,,0,"Lyons Manufacturing, Inc.",135,,Enabled,"Catalog, Search",Taxable Goods,Yes,No,"PAVECRETE is a unique single component product, specifically designed to rub, smooth and finish vertical concrete. It will feather edge without chipping or flaking and will retain its hardness and toughness. Provides a smooth consistent light gray finish to blend with exterior cured concrete. PAVECRETE comes in a light gray, it is also available in white and sand mix.","<p>
    <b>FOR RUBBING, SMOOTHING, RESTORATION, RESURFACINGREPAIRING</b>
</p>
<p>
    <b>*DUAL BONDING ACTION</b>
    <br>
Positive mechanical bond plus chemical bond ensures adhesion

    </p>
    <p>
        <b>*EASY TO USE</b>
        <br>
Extra rich for smooth, easy troweling
            <br>
Holds moisture while spreading or rubbing

            </p>
            <p>
                <b>PAVECRETE</b> is a Portland Cement based product with graded silica aggregates and special chemical additives for bonding, hardening and moisture retention. It is formulated for smoothing, rubbing and thin coat patching applications. 
                <b>PAVECRETE</b> has a smooth, rich texture making it simple and easy to apply. After curing, it is not water sensitive, it has the setting and curing properties of regular concrete. Use of 
                <b>PAVECRETE</b> can help your project earn LEED Credits. Contact factory for details.

            </p>
            <ul>
                <li>Featheredges to paper thin.</li>
                <li>Color controlled to blend with concrete.</li>
                <li>Add only water.</li>
                <li>Cures like regular concrete.</li>
                <li>Not a gypsum product.</li>
                <li>Low shrinkage.</li>
                <li>Water resistant.</li>
                <li>Extra rich for easy installation.</li>
                <li>Holds moisture while spreading or rubbing.</li>
                <li>LEED Credits Applicable</li>
            </ul>

","<p>
    <b>PRODUCT APPLICATIONS</b>
    <ul>
        <li>Brighten and restore old concrete structures.</li>
        <li>Rub concrete columns and structures.</li>
        <li>Repair voids, honeycombs, holes, chipped areas in poured or precast concrete.</li>
        <li>Fill cracks and holes in concrete, masonry, plaster, stucco, sheetrock and wood.</li>
        <li>Use 
            <b>PAVECRETE</b> to repair concrete, facings, walls, ceilings, beams and bridge abutments.
        </li>
        <li>Use Pure 
            <b>PAVECRETE</b> for smooth applications up to 1/8” thickness.
        </li>
        <li>Use Sand Mix 
            <b>PAVECRETE</b> for coarser texture finish and applications up to 1/4”.
        </li>
        <li>Use White 
            <b>PAVECRETE</b> for a white finish or with integral color or stain for brighter colors.
        </li>
    </ul>
</p>
<p>
    <b>COVERAGE</b>
    <br>
One (1) 40 lb. bag of 
        <b>PAVECRETE</b> will cover approximately
40 sq. ft. at 1/8” thickness.

    </p>
    <p>
        <b>PRODUCT SPECIFICATIONS</b>
        <br>
            <ul>
                <li>MATERIAL: Portland Cement based product with special chemical additives.</li>
                <li>CONSISTENCY: Mix to stiff trowelable consistency like soft putty.</li>
                <li>WORKING TIME: Approximately 15 minutes.</li>
                <li>COMPRESSIVE STRENGTH (ASTM C-109, Moist Cured)</li>
            </ul>
            <table>
                <tr>
                    <td>
                        <u>7 Days</u>
                    </td>
                    <td>
                        <u>28 Days</u>
                    </td>
                </tr>
                <tr>
                    <td>3285 PSI</td>
                    <td>3915 PSI</td>
                </tr>
            </table>
            <br>
Tests performed on Sand Mix 
                <b>PAVECRETE</b>. The strength of Pure 
                <b>PAVECRETE</b> is approximately 10% less.

            </p>
            <p>
                <b>PACKAGING</b>
                <br>
                    <b>PAVECRETE</b> is packaged in 40 lb. moisture resistant bags, 30 lb. cartons in moisture resistant plastic bags and 5 lb. boxes with 12 per carton. There are seventy (70) 40 lb. bags per pallet and sixty (60) 30 lb. cartons per pallet.

                </p>","","","PAVECRETE",,,,,,,,1,0,1,0,0,1,1,1,0,1,1,,,1,0,1,0,1,0,1,0,,0,simple,,
admin,base,Default,simple,"26931","Patch and Repair Products",466948,"PAVECRETE PLUS",,"PAVECRETE PLUS","","PAVECRETE PLUS","",/\P\A\PAVECRETE- 1.gif,/\P\A\PAVECRETE- 1.gif,http://www.48ws.com/images/product/P/A/PAVECRETE- 1.gif,lyons-manufacturing-inc-PAVECRETE-PLUS-pavecrete-plus,lyons-manufacturing-inc-PAVECRETE-PLUS-pavecrete-plus,,No layout updates.,Block after Info Column,,"PAVECRETE PLUS","PAVECRETE PLUS",Use config,"http://www.lyonsmanufacturing.com/PDFs/LT_pcp.pdf",0,,,0,"Lyons Manufacturing, Inc.",135,,Enabled,"Catalog, Search",Taxable Goods,Yes,No,"PAVECRETE PLUS is a versatile polymer-modified single component product. It can be used to rub, smooth and finish vertical and overhead concrete. PAVECRETE PLUS can also be as a skim underlayment or applied as a ¼” horizontal topping for foot to car traffic. It has extended working time and an exceptional bond strength. PAVECRETE PLUS comes in a light gray, it is also available in white.","<p>
    <b>SINGLE COMPONENT RUBBING, REPAIRING RESURFACING
    </p>
    <p>EXTENDED WORKING TIME
        <br>
USE FOR WALLS AND FLOORS
            <br>
USE INSIDE AND OUT
                <br>
LIGHT GRAY, BLENDS WITH CONCRETE
                </b>
            </p>
            <p>
                <b>PAVECRETE PLUS</b> is a polymer modified, one component portland cement based product. It has selected aggregates to provide a smooth finished surface and special additives for ease of finishing, bonding and moisture retention. 
                <b>PAVECRETE PLUS</b> has a smooth rich texture making it easy to apply and finish. It has the internal drying feature permitting quick application of sealer, paint or coatings. 
                <b>PAVECRETE PLUS</b> is light gray to blend with existing concrete. Use of 
                <b>PAVECRETE PLUS</b> can help your project earn LEED Credits. Contact factory for details.

            </p>
            <ul>
                <li>Featheredge to 1/4”.</li>
                <li>Extended Working Time.</li>
                <li>Color controlled to blend with concrete.</li>
                <li>Extra rich for easy application and rubbing.</li>
                <li>Quick turnaround for coatings or toppings.</li>
                <li>Can be colored or stained.</li>
                <li>Gives 20% more coverage.</li>
                <li>LEED Credits Applicable.</li>
            </ul>
","<p>
    <b>PRODUCT APPLICATIONS</b>
    <br>
Use 
        <b>PAVECRETE PLUS</b> to rub and finish tilt wall panels, repair voids, honeycombs and form marks in poured concrete walls or precast members. Repair and resurface concrete, vertical or horizontal applications. Use to repair sidewalks, curbs, gutters, floors and walls. 
        <b>PAVECRETE PLUS</b> may be featheredged and may be used at 1/8” thickness for light and moderate traffic. Use it as a fine finish, quick turnaround underlayment.

    </p>
    <p>
        <b>COVERAGE</b>
        <br>
One (1) 40 lb. bag of 
            <b>PAVECRETE PLUS</b> will cover approximately 48 sq. ft. at 1/8” thickness and contains approximately .50 cu. ft.

        </p>
        <p>
            <b>PRODUCT SPECIFICATIONS</b>
            <br>
                <ul>
                    <li>WORKING TIME: Approx. 40 minutes.</li>
                    <li>INITIAL SET: 1-1/2 hours.</li>
                    <li>FINAL SET: 2-1/2 hours.</li>
                    <li>COLOR: Light Gray. Also available in White</li>
                    <li>COMPRESSIVE STRENGTH (ASTM C-109, air cured)</li>
                    <table>
                        <tr>
                            <td>
                                <u>3 Days</u>
                            </td>
                            <td>
                                <u>7 Days</u>
                            </td>
                            <td>
                                <u>28 Days</u>
                            </td>
                        </tr>
                        <tr>
                            <td>2500 PSI</td>
                            <td>4100 PSI</td>
                            <td>5100 PSI</td>
                        </tr>
                    </table>
                    <li>FLEXURAL STENGTH:(ASTM C-348, air cured)</li>
                    <table>
                        <tr>
                            <td>7 Days: 340 PSI</td>
                            <td>28 Days: 1400 PSI</td>
                        </tr>
                    </table>
                    <li>BOND STENGTH:(ASTM C-1042, air cured)</li>
                    <table>
                        <tr>
                            <td>7 Days: 800 PSI</td>
                            <td>28 Days: 1300 PSI</td>
                        </tr>
                    </table>
                </ul>
            </p>
            <p>
                <b>PACKAGING</b>
                <br>
                    <b>PAVECRETE PLUS</b> is packaged in 40 lb. moisture resistant bags. There are seventy (70) - 40 lb. bags per pallet.

                </p>","","","PAVECRETE PLUS",,,,,,,,1,0,1,0,0,1,1,1,0,1,1,,,1,0,1,0,1,0,1,0,,0,simple,,
admin,base,Default,simple,"26931","Patch and Repair Products",466949,"PATCHCRETE",,"PATCHCRETE","","PATCHCRETE","",/\P\A\PATCHCRETE- 1.gif,/\P\A\PATCHCRETE- 1.gif,http://www.48ws.com/images/product/P/A/PATCHCRETE- 1.gif,lyons-manufacturing-inc-PATCHCRETE-patchcrete,lyons-manufacturing-inc-PATCHCRETE-patchcrete,,No layout updates.,Block after Info Column,,"PATCHCRETE","PATCHCRETE",Use config,"http://www.lyonsmanufacturing.com/PDFs/LT_PT.pdf",0,,,0,"Lyons Manufacturing, Inc.",135,,Enabled,"Catalog, Search",Taxable Goods,Yes,No,"PATCHCRETE is a very versatile product with an outstanding bonding characteristic. It is a two component product, a single unit includes a 45 lbs. bag of powder with a gallon of liquid polymer. It can be applied horizontally, vertically or even overhead. Horizontally, it may be applied from featheredge to 2 ½ inch thickness (over ½ inch with aggregate) in one application, may be applied as a topping or underlayment. It can also be mixed to a thicker consistency and used as a trowelable repair material for wall and overhead applications. PATCHCRETE comes in light gray or white and can accept integral color or stains.","<p>
    <b>TWO COMPONENT
        <br>
ACRYLIC POLYMER MODIFIED
            <br>
TOPPING AND UNDERLAYMENT
                <br>
OVERHEAD AND WALL REPAIRS
                </b>
            </p>
            <p>
                <b>*Bonds to Virtually Any Concrete Surface
                    <br>
*Light Gray to Blend with Existing Concrete
                        <br>
*Improved Bond and Compressive Strength
                        </b>
                    </p>
                    <p>
                        <b>PATCHCRETE</b> is a two component polymer modified concrete repair, topping, and underlayment material. The 
                        <b>PATCHCRETE</b> liquid is a high solids content Acrylic Polymer. The 
                        <b>PATCHCRETE</b> Powder #1005 is a portland cement based mix with graded silica and special chemical additives. Polymer modified concrete gives improved bonding, improved chemical resistance, improved water resistance and improved tensile, compressive and flexural strengths.
                    </p>
                    <p>This high strength portland cement/acrylic polymer combination provides a smooth durable semi-resilient surface which can be used as a finished floor in most applications. 
                        <b>PATCHCRETE</b> is easy to mix and apply, requiring no special tools. It is suitable for use as a screedable topping and underlayment, or as a floor, wall or overhead repair material when mixed to a stiffer trowelable consistency. 
                        <b>PATCHCRETE</b> has been approved by the USDA for use in most processing plants and may be used where there is exposure to potable water. Use of 
                        <b>PATCHCRETE</b> can help your project earn LEED Credits. Contact factory for details.
                    </p>
                    <ul>
                        <li>Outstanding Bonding</li>
                        <li>Improved Water Resistance</li>
                        <li>Interior or Exterior Use</li>
                        <li>From Featheredge to 2-1/2 inches</li>
                        <li>May Be Used as Screedable Underlayment</li>
                        <li>May Be Used as a Trowelable Repair Material</li>
                        <li>Improved Compressive Strength</li>
                        <li>No Moist Curing Required</li>
                        <li>High Solids Acrylic Polymer</li>
                        <li>May Be Stained or Used With Integral Color</li>
                        <li>May Be Used for Stenciled and Decorative Concrete</li>
                        <li>LEED Credits Applicable</li>
                    </ul>
","","","","PATCHCRETE",,,,,,,,1,0,1,0,0,1,1,1,0,1,1,,,1,0,1,0,1,0,1,0,,0,simple,,
admin,base,Default,simple,"26931","Patch and Repair Products",466950,"FLOWCRETE SLU",,"FLOWCRETE SLU","","FLOWCRETE SLU","",/\F\L\FLOWCRETE- 1.gif,/\F\L\FLOWCRETE- 1.gif,http://www.48ws.com/images/product/F/L/FLOWCRETE- 1.gif,lyons-manufacturing-inc-FLOWCRETE-SLU-flowcrete-slu,lyons-manufacturing-inc-FLOWCRETE-SLU-flowcrete-slu,,No layout updates.,Block after Info Column,,"FLOWCRETE SLU","FLOWCRETE SLU",Use config,"http://www.lyonsmanufacturing.com/PDFs/LT_FCSLU.pdf",0,,,0,"Lyons Manufacturing, Inc.",135,,Enabled,"Catalog, Search",Taxable Goods,Yes,No,"FLOWCRETE SLU is our economical easy to use self-leveling underlayment designed for interior applications. It can be applied over various substrates including concrete and ceramic tile. It may be applied from featheredge to 3 inches in one application. FLOWCRETE SLU allows rapid installation of flooring, in some cases as soon as 3 hours. FLOWCRETE SLU utilizes P-100 Primer as its surface bonder. FLOWCRETE SLU contains post-industrial recycled materials.","<p>
    <b>INTERIOR SELF-LEVELING UNDERLAYMENT
        <br>
PUMPABLE AND POURABLE
            <br>
VALUE ENGINEERED
                <br>
EASY TO USE
                
                </b>
            </p>
            <p>
                <b>*Can Be Applied Up To 3 Inches
                    <br>
*Can Be Applied Over Concrete & Ceramic Tile
                        <br>
*Allows Rapid Installation of Most Floor Coverings
                        </b>
                    </p>
                    <p>
                        <b>FLOWCRETE SLU</b> (Self-Leveling Underlayment) is an economical easy to use self-leveling underlayment designed for interior applications. It can be applied over various substrates including concrete and ceramic tile to create a smooth flat surface. 
                        <b>FLOWCRETE SLU</b> utilizes Low Alkali Cements allowing various finished floor goods to be applied quickly in some cases as soon as 3 hours. 
                        <b>FLOWCRETE SLU</b> contains Post-Industrial recycled materials.
            
            
                    </p>
                    <ul>
                        <li>Self-Leveling, no troweling required</li>
                        <li>Pumpable and pourable</li>
                        <li>Can be applied over various substrates</li>
                        <li>Can be applied featheredge to 3” in single pour</li>
                        <li>Allows rapid install of flooring, 3 - 72 hours.</li>
                        <li>Inorganic, will not contribute to mold mildew growth</li>
                        <li>Contains Recycled Content</li>
                        <li>LEEDs Credits Applicable</li>
                    </ul>

","","","","FLOWCRETE SLU",,,,,,,,1,0,1,0,0,1,1,1,0,1,1,,,1,0,1,0,1,0,1,0,,0,simple,,
admin,base,Default,simple,"26931","Patch and Repair Products",466951,"SUPER FLOWCRETE",,"SUPER FLOWCRETE","","SUPER FLOWCRETE","",/\S\U\SUPER.gif,/\S\U\SUPER.gif,http://www.48ws.com/images/product/S/U/SUPER.gif,lyons-manufacturing-inc-SUPER-FLOWCRETE-super-flowcrete,lyons-manufacturing-inc-SUPER-FLOWCRETE-super-flowcrete,,No layout updates.,Block after Info Column,,"SUPER FLOWCRETE","SUPER FLOWCRETE",Use config,"http://www.lyonsmanufacturing.com/PDFs/LT_SFC.pdf",0,,,0,"Lyons Manufacturing, Inc.",135,,Enabled,"Catalog, Search",Taxable Goods,Yes,No,"SUPER FLOWCRETE is an interior self-levelling product with a wide variety of applications. It can be used as an underlayment or a wearing surface. SUPER FLOWCRETE has a high abrasion resistance and can be used in warehouse or light manufacturing environments with hard rubber tire forklift traffic. As it accepts integral color or stain SUPER FLOWCRETE can also be used as a decorative topping. It has a compressive strength exceeding 6000 PSI. It may be applied from featheredge to 2 inches in one application. No curing or troweling is required for SUPER FLOWCRETE. It may be used over cutback and is pumpable. SUPER FLOWCRETE utilizes P-100 Primer as its surface bonder.","<p>
    <b>SELF-LEVELING TOPPING
        <br>
QUICK TURNAROUND
            <br>
USE AS WEARING SURFACE
                <br>
USE AS AN UNDERLAYMENT
                    <br>
USE AS DECORATIVE FLOORING SURFACE

                    </b>
                </p>
                <p>
                    <b>SUPER FLOWCRETE</b> is a technically advanced portland cement based material which is self-leveling, self-drying and will perform very well as an interior finished floor, wearing surface or underlayment. It is a component, polymer modified scientific blend of cements, select graded silica and special additives. 
                    <b>SUPER FLOWCRETE</b> is self-drying through an internal chemical reaction which uses the water not needed for hydration.
                </p>
                <p>
                    <b>SUPER FLOWCRETE</b> gives a smooth, flat finished floor which is suitable for quick application of floor coverings or use as a finished wearing surface.

                </p>
                <ul>
                    <li>Self-Leveling</li>
                    <li>Self-Drying</li>
                    <li>Light Gray Concrete Color, Also Available in White</li>
                    <li>Use for Warehouses/Forklift Traffic</li>
                    <li>Underlayment from Feather to 2 Inches</li>
                    <li>Wearing Surface from 1/4 Inch to 2 Inches</li>
                    <li>Easy to Mix and Apply</li>
                    <li>Not a Gypsum Product</li>
                    <li>Pumpable</li>
                </ul>

","","","","SUPER FLOWCRETE",,,,,,,,1,0,1,0,0,1,1,1,0,1,1,,,1,0,1,0,1,0,1,0,,0,simple,,
admin,base,Default,simple,"26931","Patch and Repair Products",466952,"FINISHCRETE",,"FINISHCRETE","","FINISHCRETE","",/\F\I\FINISHCRETE- 1.gif,/\F\I\FINISHCRETE- 1.gif,http://www.48ws.com/images/product/F/I/FINISHCRETE- 1.gif,lyons-manufacturing-inc-FINISHCRETE-finishcrete,lyons-manufacturing-inc-FINISHCRETE-finishcrete,,No layout updates.,Block after Info Column,,"FINISHCRETE","FINISHCRETE",Use config,"http://www.lyonsmanufacturing.com/PDFs/LT_FNC.pdf",0,,,0,"Lyons Manufacturing, Inc.",135,,Enabled,"Catalog, Search",Taxable Goods,Yes,No,"FINISHCRETE is a specially designed single component product to be used in thin toppings or coverings where there is a need to quickly apply non-breathable coatings or flooring products. It can be applied indoor or outdoor, horizontal or vertical. It utilizes a self-drying technology that permits non-breathable coatings to be applied after only 1 - 2 hours. It is ideal for applying to walls prior to painting. FINISHCRETE can also be used for parging walls prior to application of waterproof membranes. It is also ideal for skim coating or quick patching floors prior to installation of epoxy, polyurethane coatings or seamless flooring systems.","<p>
    <b>RUBBING & SKIM COAT
        <br>
SELF-DRYING
            <br>
INSTALL FLOORING IN 1-2 HOURS
                <br>
USE INSIDE OR OUTSIDE
                    <br>
USE AS A WEARING SURFACE FINISHCRETE
                        <br>
USE FOR VERTICAL & HORIZONTAL SURFACES
                            <br>
                            </b>
                        </p>
                        <p>
                            <b>FINISHCRETE</b> is a single component, polymer modified portland cement-based material designed to give a smooth finish to concrete, wood and other surfaces. It is a scientifically formulated blend of cements, dry polymers, very fine aggregates and special additives. 
                            <b>FINISHCRETE</b> is self-drying through an internal chemical reaction which uses the water not needed for cement hydration. 
                            <b>FINISHCRETE</b> gives a smooth, finished surface suitable for quick application of coatings or floor coverings or use as a finished wearing surface. Simply mix 
                            <b>FINISHCRETE</b> with water and you get a rich, creamy mixture ready to be applied with a trowel. It may be used as a quick turnaround underlayment or finished wearing surface, inside or outside and vertical or horizontal.

                        </p>
                        <ul>
                            <li>Light gray concrete color</li>
                            <li>Self-drying through an internal chemical reaction</li>
                            <li>Use for vertical or horizontal surfaces</li>
                            <li>Use inside or outside</li>
                            <li>Use as a fine finish underlayment</li>
                            <li>Use as a finished wearing surface for light foot traffic</li>
                            <li>Install coatings or floor coverings after 1 to 2 hours</li>
                            <li>Rich and buttery for easy application</li>
                            <li>No primer or latex ever needed</li>
                            <li>Contains no gypsum</li>
                        </ul>

","","","","FINISHCRETE",,,,,,,,1,0,1,0,0,1,1,1,0,1,1,,,1,0,1,0,1,0,1,0,,0,simple,,
admin,base,Default,simple,"26931","Patch and Repair Products",466953,"P-100",,"P-100","","P-100","",/\P\1\P.gif,/\P\1\P.gif,http://www.48ws.com/images/product/P/1/P.gif,lyons-manufacturing-inc-P-100-p-100,lyons-manufacturing-inc-P-100-p-100,,No layout updates.,Block after Info Column,,"P-100","P-100",Use config,"http://www.lyonsmanufacturing.com/PDFs/LT_P100.pdf",0,,,0,"Lyons Manufacturing, Inc.",135,,Enabled,"Catalog, Search",Taxable Goods,Yes,No,"P-100 is an excellent quick drying primer and surface bonder with extremely high solids count. It is a film forming, VOC compliant and will re-emulsify only one time, eliminating moisture sensitivity. P-100 is required to be used as a primer with FLOWCRETE, SUPER FLOWCRETE, CAST-PATCH and POWER-CRETE. It can also be used as a surface primer for other concrete toppings and as an integral polymer modifier for cement mortars.","<p>
    <b>PRIMER AND SURFACE BONDING
        <br>
BONDING ADMIXTURE
            <br>
VOC COMPLIANT
                <br>
BOND NEW CONCRETE TO OLD
                    <br>
REEMULSIFIABLE, ONE TIME ONLY
                        <br>
PRIMER FOR SUPER FLOWCRETE, PATCHCRETE
                            <br>
POWER-CRETE & CAST-PATCH

                            </b>
                        </p>
                        <p>
                            <b>P-100</b> is a ready to use, film forming, one-time
reemulsifiable liquid bonding agent and polymer modifier
for concrete. (VOC Compliant) This material, based
on a new technology, gives outstanding surface and
integral bonding without moisture sensitivity. It may be
used inside or outside. 
                            <b>P-100</b> was developed for use
as a primer for our 
                            <b>SUPER FLOWCRETE</b> self-leveling
material and is also used to prime surfaces before
applications of 
                            <b>PATCHCRETE</b>, 
                            <b>POWER-CRETE</b> and

                            <b>CAST-PATCH</b>. In addition to these Lyons products, it
may be used to bond other materials to various surfaces.

                            <b>P-100</b> is an aqueous resin emulsion. It is a film forming
copolymer emulsion.

                        </p>
                        <ul>
                            <li>VOC Compliant

                                <li>High Solids Copolymer Emulsion

                                    <li>Not Moisture Sensitive After Use

                                        <li>Inside or Outside Use

                                            <li>Reemulsifiable, One Time Only

                                                <li>Use as a Surface Bonder

                                                    <li>Use as Integral Polymer Modifier for Cement Mortars

                                                        <li>Use as Primer For 
                                                            <b>SUPER FLOWCRETE</b>, 
                                                            <b>PATCHCRETE</b>, 
                                                            <b>POWER-CRETE</b> and 
                                                            <b>CAST-PATCH</b>
                                                            <li>Improved Strength as a Polymer Modifier

                                                                <li>Not a PVA</li>
                                                            </ul>

","","","","P-100",,,,,,,,1,0,1,0,0,1,1,1,0,1,1,,,1,0,1,0,1,0,1,0,,0,simple,,
admin,base,Default,simple,"26931","Patch and Repair Products",466954,"FLOW-ROCK",,"FLOW-ROCK","","FLOW-ROCK","",/\F\L\FLOW.gif,/\F\L\FLOW.gif,http://www.48ws.com/images/product/F/L/FLOW.gif,lyons-manufacturing-inc-FLOW-ROCK-flow-rock,lyons-manufacturing-inc-FLOW-ROCK-flow-rock,,No layout updates.,Block after Info Column,,"FLOW-ROCK","FLOW-ROCK",Use config,"http://www.lyonsmanufacturing.com/PDFs/LT_FR.pdf",0,,,0,"Lyons Manufacturing, Inc.",135,,Enabled,"Catalog, Search",Taxable Goods,Yes,No,"FLOW-ROCK is an extra strong, expansive anchoring cement with compressive strength exceeding 11,000 PSI and pull out strength exceeding 35,000 PSI. It may be used for a wide variety of anchoring applications. Excellent for handrail and anchor bolt applications.","<p>
    <b>ANCHORING CEMENT
        <br>
NON SHRINK GROUT
            <br>
Over 5,000 PSI in 1 hour
                <br>
Over 10,000 PSI in a day
                    <br>
Over 35,000 PSI pullout strength

                    </b>
                </p>
                <p>
                    <b>FLOW-ROCK</b> is a scientifically formulated nonmetallic pourable anchoring cement and grout. It is rapid setting and expansive. 
                    <b>FLOW-ROCK</b> is
a non-shrink hydraulic cement with controlledexpansion. It will self-level when mixed with water to a pourable consistency. 
                    <b>FLOW-ROCK</b> is nonrusting
and contains no ferrous metals. Its controlled expansion grips the material to be anchored, locking it into place.

                </p>
                <ul>
                    <li>Fast Setting</li>
                    <li>Non-Shrink</li>
                    <li>Non-Metallic</li>
                    <li>Self-Leveling when Mixing to Pourable Consistency</li>
                    <li>Controlled Expansion</li>
                    <li>High Compressive Strength</li>
                    <li>High Pullout Strength</li>
                    <li>Anchors by Expansion</li>
                    <li>Meets ASTM 1107 Grade C</li>
                    <li>Meets CRD 621</li>
                </ul>

","","","","FLOW-ROCK",,,,,,,,1,0,1,0,0,1,1,1,0,1,1,,,1,0,1,0,1,0,1,0,,0,simple,,
admin,base,Default,simple,"26931","Patch and Repair Products",466955,"SUPER FLOW-ROCK",,"SUPER FLOW-ROCK","","SUPER FLOW-ROCK","",/\S\U\SUPER-FLOW.gif,/\S\U\SUPER-FLOW.gif,http://www.48ws.com/images/product/S/U/SUPER-FLOW.gif,lyons-manufacturing-inc-SUPER-FLOW-ROCK-super-flow-rock,lyons-manufacturing-inc-SUPER-FLOW-ROCK-super-flow-rock,,No layout updates.,Block after Info Column,,"SUPER FLOW-ROCK","SUPER FLOW-ROCK",Use config,"http://www.lyonsmanufacturing.com/PDFs/LT_SFR.pdf",0,,,0,"Lyons Manufacturing, Inc.",135,,Enabled,"Catalog, Search",Taxable Goods,Yes,No,"SUPER FLOW-ROCK is an extra strong, expansive anchoring cement designed for environments with heavy or even continuous exposure to water. SUPER FLOW-ROCK has a compressive strength exceeding 9,500 PSI and a pull out strength exceeding 40,000 lbs. It may be used for a wide variety of anchoring applications.","<p>
    <b>EXTERIOR ANCHORING CEMENT
        <br>
NON-SHRINK GROUT
            <br>
FAST SETTING
                <br>
HIGH COMPRESSIVE STRENGTH
                    <br>
OVER 40,000 LBS. PULLOUT STRENGTH

                    </b>
                </p>
                <p>
                    <b>SUPER FLOW-ROCK</b> is a rapid setting, non-metallic, hydraulic cement. It is a portland cement based hydraulic cement which includes select grade silica and additives to provide more strength, shrinkage compensation, improved flow and rapid setting. It anchors by controlled expansion locking the material to be anchored in place. 
                    <b>SUPER FLOW-ROCK</b> contains no ferrous metals and is non-rusting.

                </p>
                <ul>
                    <li>Exterior or Interior Use</li>
                    <li>Rapid Setting</li>
                    <li>Non-Shrink</li>
                    <li>High Compressive Strength</li>
                    <li>High Flexural Strength</li>
                    <li>Anchors by Expansion</li>
                    <li>High Pullout Strength</li>
                    <li>Non-Metallic</li>
                </ul>

","","","","SUPER FLOW-ROCK",,,,,,,,1,0,1,0,0,1,1,1,0,1,1,,,1,0,1,0,1,0,1,0,,0,simple,,
admin,base,Default,simple,"26931","Patch and Repair Products",466956,"PLUG-CRETE",,"PLUG-CRETE","","PLUG-CRETE","",/\P\L\PLUG.gif,/\P\L\PLUG.gif,http://www.48ws.com/images/product/P/L/PLUG.gif,lyons-manufacturing-inc-PLUG-CRETE-plug-crete,lyons-manufacturing-inc-PLUG-CRETE-plug-crete,,No layout updates.,Block after Info Column,,"PLUG-CRETE","PLUG-CRETE",Use config,"http://www.lyonsmanufacturing.com/PDFs/LT_PG.pdf",0,,,0,"Lyons Manufacturing, Inc.",135,,Enabled,"Catalog, Search",Taxable Goods,Yes,No,"PLUG-CRETE stops water leaks immediately. It is ready to plug in 60-90 seconds and hard in 2-3 minutes. PLUG-CRETE reaches a compressive strength of over 8000 PSI. PLUG-CRETE is also available in 5-7 minute and 12-15 minute hardness times.","<p>
    <b>FAST SETTING HYDRAULIC CEMENT
        <br>
TO STOP WATER LEAKS IN CONCRETE AND MASONRY
            <br>
READY TO PLUG 60-90 SECONDS
                <br>
STOP WATER LEAKS IMMEDIATELY
                    <br>
OVER 8000 PSI COMPRESSIVE STRENGTH

                    </b>
                </p>
                <p>
                    <b>PLUG-CRETE</b> is a rapid setting hydraulic cement product formulated to stop water leaks through concrete and masonry walls and ceilings. It contains hydraulic cement, selected silica sands, accelerators, adhesion additives and shrinkage compensation additives. 
                    <b>PLUG-CRETE</b> is mixed with water to form a stiff plug to stop water leaks and seepage through concrete and masonry. 
                    <b>PLUG-CRETE</b> is ready to use in 60-90 seconds and sets rapidly, sealing the leak and bonds to the concrete effecting a permanent repair.

                </p>
                <ul>
                    <li>High Strength - Over 8000 PSI</li>
                    <li>Ready To Use In 60-90 Seconds</li>
                    <li>Stops Leaks Instantly</li>
                    <li>Non-Metallic - Will Not Rust</li>
                    <li>Will Set Up Under Water</li>
                    <li>Non-Shrink</li>
                    <li>Easy to Use - No Special Tools Required</li>
                    <li>Hard In 2-3 Minutes</li>
                </ul>

","","","","PLUG-CRETE",,,,,,,,1,0,1,0,0,1,1,1,0,1,1,,,1,0,1,0,1,0,1,0,,0,simple,,
admin,base,Default,simple,"26931","Patch and Repair Products",466957,"CAST-PATCH",,"CAST-PATCH","","CAST-PATCH","",/\C\A\CAST.gif,/\C\A\CAST.gif,http://www.48ws.com/images/product/C/A/CAST.gif,lyons-manufacturing-inc-CAST-PATCH-cast-patch,lyons-manufacturing-inc-CAST-PATCH-cast-patch,,No layout updates.,Block after Info Column,,"CAST-PATCH","CAST-PATCH",Use config,"http://www.lyonsmanufacturing.com/PDFs/LT_CP.pdf",0,,,0,"Lyons Manufacturing, Inc.",135,,Enabled,"Catalog, Search",Taxable Goods,Yes,No,"CAST-PATCH is a one-component repair material specifically designed to repair pre-cast concrete. CAST-PATCH is fast setting trowel grade mortar that can be shaped by sanding and shaving. CAST-PATCH reaches a Compressive Strength of 6400 psi and is suitable for a wide range of other applications.","<p>
    <b>SINGLE COMPONENT
        <br>
INTERIOR OR EXTERIOR
            <br>
PRE-CAST REPAIR MORTAR
                <br>
HIGH STRENGTH
                    <br>
FAST SETTING TIME
                        <br>
HORIZONTAL, VERTICAL AND OVERHEAD REPAIR

                        </b>
                    </p>
                    <p>
                        <b>CAST-PATCH</b> is a one-component concrete repair material specifically designed to repair pre-cast concrete products. 
                        <b>CAST-PATCH</b> because of its unique design is suitable for a wide range of other applications. It is Portland Cement based with graded silica and proprietary modifiers to enhance strength and durability.

                    </p>
                    <ul>
                        <li>Single Component</li>
                        <li>May be shaved to shape</li>
                        <li>Color is light gray</li>
                        <li>Use down to 40o interior or exterior use, above or below grade</li>
                        <li>High early strength</li>
                        <li>Excellent bond characteristics</li>
                        <li>High compressive and flexural strengths</li>
                        <li>May be stained or used with Integral Color</li>
                    </ul>

","","","","CAST-PATCH",,,,,,,,1,0,1,0,0,1,1,1,0,1,1,,,1,0,1,0,1,0,1,0,,0,simple,,
admin,base,Default,simple,"26931","Patch and Repair Products",466958,"POWER-CRETE",,"POWER-CRETE","","POWER-CRETE","",/\P\O\POWER.gif,/\P\O\POWER.gif,http://www.48ws.com/images/product/P/O/POWER.gif,lyons-manufacturing-inc-POWER-CRETE-power-crete,lyons-manufacturing-inc-POWER-CRETE-power-crete,,No layout updates.,Block after Info Column,,"POWER-CRETE","POWER-CRETE",Use config,"http://www.lyonsmanufacturing.com/PDFs/LT_PWR.pdf",0,,,0,"Lyons Manufacturing, Inc.",135,,Enabled,"Catalog, Search",Taxable Goods,Yes,No,"POWER-CRETE is a one component structural repair material. It is rapid setting, with a high early strength and an outstanding bond. POWER-CRETE can be applied from ½ inch to 6 inch with no aggregate needed. It can be used in horizontal repairs interior or exterior, above or below grade. POWER-CRETE utilizes P-100 Primer as its surface bonder.","<p>
    <b>SINGLE COMPONENT
        <br>
STRUCTURAL REPAIR MATERIAL
            <br>
USE DOWN TO 32OF
                <br>
RAPID SETTING TOPPING
                    <br>
8900 PSI COMPRESSIVE STRENGTH
                        <br>
READY FOR SERVICE IN 8 HOURS

                        </b>
                    </p>
                    <p>
                        <b>POWER-CRETE</b> is one component structural concrete repair material suitable for a wide range of applications. It is portland cement based with select graded silica and proprietary modifiers to enhance strength and durability. This unique combination of materials gives a repair which is dimensionally stable, extremely strong, has an outstanding bond to a concrete surface and provides structural integrity. 
                        <b>P-100 Primer</b> is used with 
                        <b>POWER-CRETE</b> to insure a consistent and reliable bond For surfaces with a low porosity, 
                        <b>POWER-CRETE</b> can be installed with 
                        <b>EP-200 EPOXY PRIMER</b>. 
                        <b>POWER-CRETE</b> has an outstanding bond compressive strength, flexural strength, wear resistance and high early strength.

                    </p>
                    <ul>
                        <li>High Early Strength</li>
                        <li>Ready for Service in 8 Hours</li>
                        <li>Apply from 1/2” to 6”</li>
                        <li>Use Down to 32OF</li>
                        <li>High Compressive and Flexural Strength</li>
                        <li>Outstanding Bonding</li>
                        <li>Wearing Surface</li>
                        <li>Interior or Exterior Use, Above or Below Grade</li>
                        <li>Can be Mixed with Integral Color</li>
                    </ul>","","","","POWER-CRETE",,,,,,,,1,0,1,0,0,1,1,1,0,1,1,,,1,0,1,0,1,0,1,0,,0,simple,,
admin,base,Default,simple,"26931","Patch and Repair Products",466959,"PAVEQUICK HR",,"PAVEQUICK HR","","PAVEQUICK HR","",/\P\A\PAVEQUICK.gif,/\P\A\PAVEQUICK.gif,http://www.48ws.com/images/product/P/A/PAVEQUICK.gif,lyons-manufacturing-inc-PAVEQUICK-HR-pavequick-hr,lyons-manufacturing-inc-PAVEQUICK-HR-pavequick-hr,,No layout updates.,Block after Info Column,,"PAVEQUICK HR","PAVEQUICK HR",Use config,"http://www.lyonsmanufacturing.com/PDFs/LT_PQHR.pdf",0,,,0,"Lyons Manufacturing, Inc.",135,,Enabled,"Catalog, Search",Taxable Goods,Yes,No,"PAVEQUICK HR is a rapid setting road and highway repair. It has a high early strength, about 2600 PSI, allowing repairs to be ready for service in two hours. PAVEQUICK HR can be used from 2 inch to FULL DEPTH and expands slightly allowing a tight fit to help reduce water penetration. PAVEQUICK HR meets or exceeds most state DOT criteria. Please contact us for current state approvals.","<p>
    <b>ROAD AND HIGHWAY REPAIR
        <br>
OVER 2500 PSI IN TWO HOURS
            <br>
ECONOMICAL
                <br>
FAST SETTING; HIGH EARLY STRENGTH
                    <br>
OVER 7500 PSI IN 7 DAYS
                        <br>
FULL DEPTH ROAD REPAIRS
                            <br>
READY FOR SERVICE IN TWO HOURS
                                <br>
                                </b>
                            </p>
                            <p>
                                <b>PAVEQUICK HR</b> is a one component highway and roadway repair material. This product provides a very strong and durable patch. 
                                <b>PAVEQUICK HR</b> uses a unique blend of materials which provides a high early strength and fast setting durable repair with slight expansion to help reduce water seepage.

                            </p>
                            <ul>
                                <li>Meets ASTM C-928 Requirements</li>
                                <li>Over 2500 PSI in 2 Hours</li>
                                <li>Apply from 2” to Full Depth</li>
                                <li>Outstanding Wearing Surface</li>
                                <li>Expands Slightly Providing Tight Fit with Surrounding Concrete</li>
                                <li>Withstands Freeze-Thaw and Salt Applications</li>
                                <li>Works as Low as 32°F</li>
                            </ul>","","","","PAVEQUICK HR",,,,,,,,1,0,1,0,0,1,1,1,0,1,1,,,1,0,1,0,1,0,1,0,,0,simple,,
admin,base,Default,simple,"26931","Patch and Repair Products",466960,"ACRYLIC-BOND",,"ACRYLIC-BOND","","ACRYLIC-BOND","",/\A\C\ACRYLIC.gif,/\A\C\ACRYLIC.gif,http://www.48ws.com/images/product/A/C/ACRYLIC.gif,lyons-manufacturing-inc-ACRYLIC-BOND-acrylic-bond,lyons-manufacturing-inc-ACRYLIC-BOND-acrylic-bond,,No layout updates.,Block after Info Column,,"ACRYLIC-BOND","ACRYLIC-BOND",Use config,"http://www.lyonsmanufacturing.com/PDFs/LT_AB.pdf",0,,,0,"Lyons Manufacturing, Inc.",135,,Enabled,"Catalog, Search",Taxable Goods,Yes,No,"ACRYLIC-BOND is architectural quality acrylic latex emulsion for interior or exterior use as an admixture for concrete. It has a high solids content and can be used for a wide variety of concrete and masonry applications. ACRYLIC-BOND is non-reemulsifiable, it will not rewet with future exposure to water.","<p>
    <b>INTEGRAL BONDING AGENT EMULSION
        <br>
HIGH SOLIDS CONTENT
            <br>
EASY TO USE
                <br>
IMPROVED BOND STRENGTH
                    <br>
IMPROVED COMPRESSIVE, FLEXURAL
                        <br>
AND TENSILE STRENGTH
                            <br>
INTERIOR OR EXTERIOR USE                            

                            </b>
                        </p>
                        <p>
                            <b>ACRYLIC-BOND</b> is a non-reemulsifiable architectural quality acrylic latex emulsion for interior or exterior use as a bonding agent admixture for concrete repair, leveling, grouts, thin sets and mortar beds or rubbing applications. It is suitable for making repairs above and below grade.

                        </p>
                        <ul>
                            <li>Improves compressive, flexural and strength</li>
                            <li>Improved bonding strength</li>
                            <li>Permits thin, permanent repairs</li>
                            <li>Non-reemulsifiable</li>
                            <li>Easy to use</li>
                            <li>High solids content</li>
                            <li>Use above or below grade</li>
                            <li>Self curing for interior use</li>
                            <li>Not affected by many freeze-thaw cycles</li>
                            <li>Excellent ultraviolet light resistance</li>
                            <li>Resistent to most petroleum solvents</li>
                        </ul>","","","","ACRYLIC-BOND",,,,,,,,1,0,1,0,0,1,1,1,0,1,1,,,1,0,1,0,1,0,1,0,,0,simple,,
admin,base,Default,simple,"26931","Patch and Repair Products",466961,"BONDALL",,"BONDALL","","BONDALL","",/\B\O\BONDALL.gif,/\B\O\BONDALL.gif,http://www.48ws.com/images/product/B/O/BONDALL.gif,lyons-manufacturing-inc-BONDALL-bondall,lyons-manufacturing-inc-BONDALL-bondall,,No layout updates.,Block after Info Column,,"BONDALL","BONDALL",Use config,"http://www.lyonsmanufacturing.com/PDFs/LT_BA.pdf",0,,,0,"Lyons Manufacturing, Inc.",135,,Enabled,"Catalog, Search",Taxable Goods,Yes,No,"BONDALL is a one time reemulsifiable liquid bonding agent and polymer modifier for concrete and masonry. It can be used interior or exterior and as a surface bonder above or below grade. BONDALL has a high solids content and is VOC compliant.","<p>
    <b>FOR INTERIOR & EXTERIOR APPLICATIONS
        <br>
INTEGRAL BONDING AGENT EMULSION
            <br>
EXCELLENT SURFACE BONDER
                <br>
VOC COMPLIANT
                    <br>
HIGH SOLIDS
                        <br>
RE-EMULSIFIES ONE TIME ONLY
                            
                        </b>
                    </p>
                    <p>
                        <b>BONDALL</b> is a ready to use, film forming, one-time reemulsifiable liquid bonding agent and polymer modifier for concrete. It may be used inside or outside as a bonding agent admixture for concrete repair, leveling, grouts, thin sets and mortar beds or rubbing applications. 
                        <b>BONDALL</b> is an excellent surface bonder and may be used above or below grade.
                    </p>
                    <ul>
                        <li>Use as integral polymer modifier for cement mortars

                            <li>Use as a surface bonder</li>
                            <li>Not moisture sensitive after use</li>
                            <li>Re-emulsifiable ONE TIME ONLY</li>
                            <li>Not a PVA</li>
                            <li>Inside or outside applications</li>
                            <li>High solids copolymer emulsion</li>
                            <li>VOC Compliant</li>
                            <li>Not affected by many freeze-thaw cycles</li>
                            <li>Excellent ultra violet light resistance</li>
                            <li>Resistant to most petroleum solvents </li>
                        </ul>","","","","BONDALL",,,,,,,,1,0,1,0,0,1,1,1,0,1,1,,,1,0,1,0,1,0,1,0,,0,simple,,
admin,base,Default,simple,"26931","Patch and Repair Products",466962,"EP-200",,"EP-200 EPOXY PRIMER","","EP-200 EPOXY PRIMER","",/\E\P\EP-200-EPOXY.gif,/\E\P\EP-200-EPOXY.gif,http://www.48ws.com/images/product/E/P/EP-200-EPOXY.gif,lyons-manufacturing-inc-EP-200-ep-200-epoxy-primer,lyons-manufacturing-inc-EP-200-ep-200-epoxy-primer,,No layout updates.,Block after Info Column,,"EP-200 EPOXY PRIMER","EP-200 EPOXY PRIMER",Use config,"http://www.lyonsmanufacturing.com/PDFs/LT_EP200.pdf",0,,,0,"Lyons Manufacturing, Inc.",135,,Enabled,"Catalog, Search",Taxable Goods,Yes,No,"EP-200 EPOXY PRIMER is a low viscosity two component epoxy resin for use as a Bonding Agent for promoting adhesion of concrete toppings to old. EP-200 contains no VOCs and has a long pot life.","<p>
    <b>Long Pot Life
        <br>
Easy to Spread
            <br>
Tenacious Bond
                <br>
No VOCs
                    <br>
Versatile Applications
                        <br>
Minimum Surface Preparation 
                            <br>
                            </b>
                        </p>
                        <p>
                            <b>EP-200 EPOXY PRIMER</b> is a low viscosity two component epoxy resin for use as a Bonding Agent for promoting adhesion of concrete toppings to old substrates. 
                            <b>EP-200</b> has superior wetting characteristics to both plastic and cured concrete to attain maximum adhesion. 
                            <b>EP-200</b> is a low viscosity product, easily applied by roller or brush.
            
            
                    
                        </p>
                        <ul>
                            <li>Easy 1 to 1 Mix Ratio </li>
                            <li>45 Minute Pot Life </li>
                            <li>Contains no VOCs </li>
                            <li>High Compressive Strength </li>
                            <li>High Flexural and Tensile Strength </li>
                        </ul>","","","","EP-200 EPOXY PRIMER",,,,,,,,1,0,1,0,0,1,1,1,0,1,1,,,1,0,1,0,1,0,1,0,,0,simple,,
admin,base,Default,simple,"26931","Patch and Repair Products",466963,"LYONS PREMIUM NON-SHRINK GROUT",,"LYONS PREMIUM NON-SHRINK GROUT","","LYONS PREMIUM NON-SHRINK GROUT","",/\L\Y\LYONS-PREMIUM-NON-SHRINK.gif,/\L\Y\LYONS-PREMIUM-NON-SHRINK.gif,http://www.48ws.com/images/product/L/Y/LYONS-PREMIUM-NON-SHRINK.gif,lyons-manufacturing-inc-LYONS-PREMIUM-NON-SHRINK-GROUT-lyons-premium-non-shrink-grout,lyons-manufacturing-inc-LYONS-PREMIUM-NON-SHRINK-GROUT-lyons-premium-non-shrink-grout,,No layout updates.,Block after Info Column,,"LYONS PREMIUM NON-SHRINK GROUT","LYONS PREMIUM NON-SHRINK GROUT",Use config,"http://www.lyonsmanufacturing.com/PDFs/LT_GR.pdf",0,,,0,"Lyons Manufacturing, Inc.",135,,Enabled,"Catalog, Search",Taxable Goods,Yes,No,"LYONS PREMIUM NON-SHRINK GROUT is a ready-to-use, non-shrink, non-metallic, non-corrosive grout. It attains a high strength of 11,000 PSI. Typical uses for LYONS PREMIUM NON-SHRINK GROUT include grouting under machinery base plates, structural steel to concrete, column baseplates, and general purpose concrete grouting.","<p>
    <b>NON-SHRINK
        <br>
NON-METALLIC
            <br>
HIGH STRENGTH
                <br>
POURABLE/PUMPABLE
                    <br>
CAN BE MIXED FROM FLUID TO DRY PACK

                    </b>
                </p>
                <p>
                    <b>LYONS PREMIUM NON-SHRINK GROUT</b> is a ready-touse, non-shrink, non-metallic, non-corrosive grout. It attains a High Strength 11,000 psi, and utilizes expansive cement technology to create net positive expansion as it hydrates. 
                    <b>LYONS PREMIUM NON-SHRINK GROUT</b> does not contain added chlorides, ferrous materials, gypsum or gas forming agents. Therefore, it can be placed in exterior or wet environments without worry of significant degradation or
rusting.
                </p>
                <p>
                    <b>LYONS PREMIUM NON-SHRINK GROUT</b> can be mixed to plastic or flowable/self-leveling consistencies. It can also be used in a Dry Pack application.

                </p>
                <ul>
                    <li>Non-Shrink</li>
                    <li>High Early Strength</li>
                    <li>Can Be Mixed Flowable and Will Self-Level</li>
                    <li>Can Be Used As A Dry Pack Grout</li>
                    <li>No Metallics, Will Not Stain or Rust</li>
                    <li>No Chlorides or Corrosive Chemicals</li>
                </ul>","","","","LYONS PREMIUM NON-SHRINK GROUT",,,,,,,,1,0,1,0,0,1,1,1,0,1,1,,,1,0,1,0,1,0,1,0,,0,simple,,
