﻿store,websites,attribute_set,Type,category_ids,category_names,48WS_product_id,sku,has_options,name,Group_Name,meta_title,meta_description,Image,small_image,thumbnail,url_key,url_path,custom_design,page_layout,options_container,image_label,small_image_label,thumbnail_label,gift_message_available,manufacturer_url,price,special_price,cost,weight,manufacturer,manufacturer_id,color,status,visibility,tax_class_id,enable_googlecheckout,is_recurring,description,short_description,summary,upc,size_info,meta_keyword,custom_layout_update,news_from_date,news_to_date,special_from_date,special_to_date,custom_design_from,custom_design_to,qty,min_qty,use_config_min_qty,is_qty_decimal,backorders,use_config_backorders,min_sale_qty,use_config_min_sale_qty,max_sale_qty,use_config_max_sale_qty,is_in_stock,low_stock_date,notify_stock_qty,use_config_notify_stock_qty,manage_stock,use_config_manage_stock,stock_status_changed_automatically,use_config_qty_increments,qty_increments,use_config_enable_qty_increments,enable_qty_increments,product_name,store_id,product_type_id,product_status_changed,product_changed_websites
admin,base,Default,simple,"625|26778","Curing Blankets|Concrete Curing Blankets",90177,"Curelap 10",,"Curelap - Poly Coated Burlap","","Curelap - Poly Coated Burlap","",/\C\u\Midwest-Canvas-Curelap-Poly-Coated.jpg,/\C\u\Midwest-Canvas-Curelap-Poly-Coated.jpg,http://www.48ws.com/images/product/C/u/Midwest-Canvas-Curelap-Poly-Coated.jpg,Midwest-Canvas-Curelap-Poly-Coated-Burlap,Midwest-Canvas-Curelap-Poly-Coated-Burlap,,No layout updates.,Block after Info Column,,"Curelap - Poly Coated Burlap","Curelap - Poly Coated Burlap",Use config,"http://www.midwestcanvas.com/construction/cnst_fr.html",0,,,0,"Midwest Canvas",573,,Enabled,"Catalog, Search",Taxable Goods,Yes,No,"","","Space Age technology combines poly and burlap to give you a summer concrete curing blanket. Midco Burlap Blankets are a combination of 10 oz. burlap and 5 mil white opaque poly. The 5 mil polyethylene is extruded onto the 10-ounce burlap. The result is a lightweight summer curing blanket that can be used over and over again. The burlap layer distributes the water evenly over the covered surface, while the white opaque poly reflects the intense rays of the sun. In this way, the concrete is allowed to cure... perfectly.
<br><br>
Midco Burlap Blankets need no rewetting, no resealing and can be used over and over again. After each use, expose burlap side to the sun or air. In this way, the burlap will dry and be ready to use again quickly.
<br><br>
Blankets available in the following widths: 3 1/2', 5', 6 2/3', 8 1/3', 10', 13 1/2', 15', 16 2/3', 20'. Less seaming allowances of 2&quot; per seam. Meets state specifications and A.A.S.H.T.O - M182 Class II.","","Midwest Canvas Curelap - Poly Coated Burlap","Curelap - Poly Coated Burlap",,,,,,,,1,0,1,0,0,1,1,1,0,1,1,,,1,0,1,0,1,0,1,0,,0,simple,,
admin,base,Default,simple,"625|26778","Curing Blankets|Concrete Curing Blankets",178955,"SARBCC",,"Space Age Reflective Blankets - Closed Cell","","Space Age Reflective Blankets - Closed Cell","",/\S\A\Space-Age-Reflective-Blankets-Closed.png,/\S\A\Space-Age-Reflective-Blankets-Closed.png,http://www.48ws.com/images/product/S/A/Space-Age-Reflective-Blankets-Closed.png,SARBCC-Midwest-Canvas-Space-Age-Reflective-Blankets-Closed-Cell,SARBCC-Midwest-Canvas-Space-Age-Reflective-Blankets-Closed-Cell,,No layout updates.,Block after Info Column,,"Space Age Reflective Blankets - Closed Cell","Space Age Reflective Blankets - Closed Cell",Use config,"http://www.midwestcanvas.com/construction/cnst_fr.html",0,,,0,"Midwest Canvas",573,,Enabled,"Catalog, Search",Taxable Goods,Yes,No,"","Midwest now includes Closed Cell in our Space Age™ program. We have this year decided to use this Space Age™ cover on Closed Cell as well as Bubble. Midwest can now enhance R value of reflective blankets by adding a second layer of aluminum(tests were performed by an independent testing lab with 3&quot; air space).","","","Space Age Reflective Blankets - Closed Cell","Space Age Reflective Blankets - Closed Cell",,,,,,,,1,0,1,0,0,1,1,1,0,1,1,,,1,0,1,0,1,0,1,0,,0,simple,,
admin,base,Default,simple,"26778","Concrete Curing Blankets",420584,"38896",,"Curelap Curing","Curelap Curing","Curelap Curing","",/\3\8\midwest-canvas-38896-curelap-curing.jpg,/\3\8\midwest-canvas-38896-curelap-curing.jpg,http://www.48ws.com/images/product/3/8/midwest-canvas-38896-curelap-curing.jpg,midwest-canvas-38896-curelap-curing,midwest-canvas-38896-curelap-curing,,No layout updates.,Block after Info Column,,"Curelap Curing","Curelap Curing",Use config,"http://www.midwestcanvas.com/construction/cnst_fr.html",0,,,0,"Midwest Canvas",573,,Enabled,"Catalog, Search",Taxable Goods,Yes,No,"Curelap Curing Blanket","","Space Age technology combines poly and burlap to give you a summer concrete curing blanket. Midco Burlap Blankets are a combination of 10 oz. burlap and 5 mil white opaque poly. The 5 mil polyethylene is extruded onto the 10-ounce burlap. The result is a lightweight summer curing blanket that can be used over and over again. The burlap layer distributes the water evenly over the covered surface, while the white opaque poly reflects the intense rays of the sun. In this way, the concrete is allowed to cure... perfectly.","","10' X 100'","Curelap Curing",,,,,,,,1,0,1,0,0,1,1,1,0,1,1,,,1,0,1,0,1,0,1,0,,0,simple,,
