﻿store,websites,attribute_set,Type,category_ids,category_names,48WS_product_id,sku,has_options,name,Group_Name,meta_title,meta_description,Image,small_image,thumbnail,url_key,url_path,custom_design,page_layout,options_container,image_label,small_image_label,thumbnail_label,gift_message_available,manufacturer_url,price,special_price,cost,weight,manufacturer,manufacturer_id,color,status,visibility,tax_class_id,enable_googlecheckout,is_recurring,description,short_description,summary,upc,size_info,meta_keyword,custom_layout_update,news_from_date,news_to_date,special_from_date,special_to_date,custom_design_from,custom_design_to,qty,min_qty,use_config_min_qty,is_qty_decimal,backorders,use_config_backorders,min_sale_qty,use_config_min_sale_qty,max_sale_qty,use_config_max_sale_qty,is_in_stock,low_stock_date,notify_stock_qty,use_config_notify_stock_qty,manage_stock,use_config_manage_stock,stock_status_changed_automatically,use_config_qty_increments,qty_increments,use_config_enable_qty_increments,enable_qty_increments,product_name,store_id,product_type_id,product_status_changed,product_changed_websites
admin,base,Default,simple,"1342|26966","Anchoring Systems|Concrete-Anchors",297892,"3304000 ",,"Sup-R-Lag","Sup-R-Lag","Sup-R-Lag","",/\3\3\mkt-fastening-3304000-sup-r-lag.jpg,/\3\3\mkt-fastening-3304000-sup-r-lag.jpg,http://www.48ws.com/images/product/3/3/mkt-fastening-3304000-sup-r-lag.jpg,mkt-fastening-3304000-sup-r-lag,mkt-fastening-3304000-sup-r-lag,,No layout updates.,Block after Info Column,,"Sup-R-Lag","Sup-R-Lag",Use config,"http://www.mktfastening.com/",0,,,0,"MKT Fastening",1322,,Enabled,"Catalog, Search",Taxable Goods,Yes,No,"Sup-R-Lag","<br><li>Medium to heavy loads</li><br>
<li>Can be used in dead, variable, or vibratory conditions in all types of solid masonry</li>

<li>Cannot be over-expanded, excellent near edge of slabs</li><br>
<li>G.S.A. Spec FF-S-325C, Group II, Type 1, Class 1 (Long)</li><br>
<li>G.S.A. Spec FF-S-325C, Group II, Type 1, Class 2 (Short)</li>

<li>Zinc diecast alloy</li>
","","","Bolt Dia.: 1/4&quot;, Hole Dia.: 1/2&quot;, Shield Length: 1&quot;, Box Qty.: 100, Master Qty.: 1,200","Sup-R-Lag",,,,,,,,1,0,1,0,0,1,1,1,0,1,1,,,1,0,1,0,1,0,1,0,,0,simple,,
admin,base,Default,simple,"1342|26966","Anchoring Systems|Concrete-Anchors",297893,"3305000",,"Sup-R-Lag","Sup-R-Lag","Sup-R-Lag","",/\3\3\mkt-fastening-3305000-sup-r-lag.jpg,/\3\3\mkt-fastening-3305000-sup-r-lag.jpg,http://www.48ws.com/images/product/3/3/mkt-fastening-3305000-sup-r-lag.jpg,mkt-fastening-3305000-sup-r-lag,mkt-fastening-3305000-sup-r-lag,,No layout updates.,Block after Info Column,,"Sup-R-Lag","Sup-R-Lag",Use config,"http://www.mktfastening.com/",0,,,0,"MKT Fastening",1322,,Enabled,"Catalog, Search",Taxable Goods,Yes,No,"Sup-R-Lag","<br><li>Medium to heavy loads</li><br>
<li>Can be used in dead, variable, or vibratory conditions in all types of solid masonry</li>

<li>Cannot be over-expanded, excellent near edge of slabs</li><br>
<li>G.S.A. Spec FF-S-325C, Group II, Type 1, Class 1 (Long)</li><br>
<li>G.S.A. Spec FF-S-325C, Group II, Type 1, Class 2 (Short)</li>

<li>Zinc diecast alloy</li>
","","","Bolt Dia.: 5/16&quot;, Hole Dia.: 1/2&quot;, Shield Length: 1-1/4&quot;, Box Qty.: 100, Qty.: 800","Sup-R-Lag",,,,,,,,1,0,1,0,0,1,1,1,0,1,1,,,1,0,1,0,1,0,1,0,,0,simple,,
admin,base,Default,simple,"1342|26966","Anchoring Systems|Concrete-Anchors",297894,"3306000",,"Sup-R-Lag","Sup-R-Lag","Sup-R-Lag","",/\3\3\mkt-fastening-3306000-sup-r-lag.jpg,/\3\3\mkt-fastening-3306000-sup-r-lag.jpg,http://www.48ws.com/images/product/3/3/mkt-fastening-3306000-sup-r-lag.jpg,mkt-fastening-3306000-sup-r-lag,mkt-fastening-3306000-sup-r-lag,,No layout updates.,Block after Info Column,,"Sup-R-Lag","Sup-R-Lag",Use config,"http://www.mktfastening.com/",0,,,0,"MKT Fastening",1322,,Enabled,"Catalog, Search",Taxable Goods,Yes,No,"Sup-R-Lag","<br><li>Medium to heavy loads</li><br>
<li>Can be used in dead, variable, or vibratory conditions in all types of solid masonry</li>

<li>Cannot be over-expanded, excellent near edge of slabs</li><br>
<li>G.S.A. Spec FF-S-325C, Group II, Type 1, Class 1 (Long)</li><br>
<li>G.S.A. Spec FF-S-325C, Group II, Type 1, Class 2 (Short)</li>

<li>Zinc diecast alloy</li>
","","","Bolt Dia.: 3/8&quot;, Hole Dia.: 5/8&quot;, Shield Length: 1-3/4&quot;, Box Qty.: 50, Qty.: 400","Sup-R-Lag",,,,,,,,1,0,1,0,0,1,1,1,0,1,1,,,1,0,1,0,1,0,1,0,,0,simple,,
admin,base,Default,simple,"1342|26966","Anchoring Systems|Concrete-Anchors",297895,"3308000 ",,"Sup-R-Lag","Sup-R-Lag","Sup-R-Lag","",/\3\3\mkt-fastening-3308000-sup-r-lag.jpg,/\3\3\mkt-fastening-3308000-sup-r-lag.jpg,http://www.48ws.com/images/product/3/3/mkt-fastening-3308000-sup-r-lag.jpg,mkt-fastening-3308000-sup-r-lag,mkt-fastening-3308000-sup-r-lag,,No layout updates.,Block after Info Column,,"Sup-R-Lag","Sup-R-Lag",Use config,"http://www.mktfastening.com/",0,,,0,"MKT Fastening",1322,,Enabled,"Catalog, Search",Taxable Goods,Yes,No,"Sup-R-Lag","<br><li>Medium to heavy loads</li><br>
<li>Can be used in dead, variable, or vibratory conditions in all types of solid masonry</li>

<li>Cannot be over-expanded, excellent near edge of slabs</li><br>
<li>G.S.A. Spec FF-S-325C, Group II, Type 1, Class 1 (Long)</li><br>
<li>G.S.A. Spec FF-S-325C, Group II, Type 1, Class 2 (Short)</li>

<li>Zinc diecast alloy</li>
","","","Bolt Dia.: 1/2,&quot; Hole Dia.: 3/4&quot;, Shield Length: 2&quot;, Box Qty.: 50, Qty.: 250","Sup-R-Lag",,,,,,,,1,0,1,0,0,1,1,1,0,1,1,,,1,0,1,0,1,0,1,0,,0,simple,,
admin,base,Default,simple,"1342|26966","Anchoring Systems|Concrete-Anchors",297896,"3314000 ",,"Sup-R-Lag","Sup-R-Lag","Sup-R-Lag","",/\3\3\mkt-fastening-3314000-sup-r-lag.jpg,/\3\3\mkt-fastening-3314000-sup-r-lag.jpg,http://www.48ws.com/images/product/3/3/mkt-fastening-3314000-sup-r-lag.jpg,mkt-fastening-3314000-sup-r-lag,mkt-fastening-3314000-sup-r-lag,,No layout updates.,Block after Info Column,,"Sup-R-Lag","Sup-R-Lag",Use config,"http://www.mktfastening.com/",0,,,0,"MKT Fastening",1322,,Enabled,"Catalog, Search",Taxable Goods,Yes,No,"Sup-R-Lag","<br><li>Medium to heavy loads</li><br>
<li>Can be used in dead, variable, or vibratory conditions in all types of solid masonry</li>

<li>Cannot be over-expanded, excellent near edge of slabs</li><br>
<li>G.S.A. Spec FF-S-325C, Group II, Type 1, Class 1 (Long)</li><br>
<li>G.S.A. Spec FF-S-325C, Group II, Type 1, Class 2 (Short)</li>

<li>Zinc diecast alloy</li>
","","","Bolt Dia.: 1/4&quot;, Hole Dia.: 1/2&quot;, Shield Length: 1-1/2,&quot; Box Qty.: 100, Qty.: 800","Sup-R-Lag",,,,,,,,1,0,1,0,0,1,1,1,0,1,1,,,1,0,1,0,1,0,1,0,,0,simple,,
admin,base,Default,simple,"1342|26966","Anchoring Systems|Concrete-Anchors",297897,"3315000 ",,"Sup-R-Lag","Sup-R-Lag","Sup-R-Lag","",/\3\3\mkt-fastening-3315000-sup-r-lag.jpg,/\3\3\mkt-fastening-3315000-sup-r-lag.jpg,http://www.48ws.com/images/product/3/3/mkt-fastening-3315000-sup-r-lag.jpg,mkt-fastening-3315000-sup-r-lag,mkt-fastening-3315000-sup-r-lag,,No layout updates.,Block after Info Column,,"Sup-R-Lag","Sup-R-Lag",Use config,"http://www.mktfastening.com/",0,,,0,"MKT Fastening",1322,,Enabled,"Catalog, Search",Taxable Goods,Yes,No,"Sup-R-Lag","<br><li>Medium to heavy loads</li><br>
<li>Can be used in dead, variable, or vibratory conditions in all types of solid masonry</li>

<li>Cannot be over-expanded, excellent near edge of slabs</li><br>
<li>G.S.A. Spec FF-S-325C, Group II, Type 1, Class 1 (Long)</li><br>
<li>G.S.A. Spec FF-S-325C, Group II, Type 1, Class 2 (Short)</li>

<li>Zinc diecast alloy</li>
","","","Bolt Dia.: 5/16&quot;, Hole Dia.: 1/2&quot;, Shield Length: 1-3/4&quot;, Box Qty.: 100, Qty.: 500","Sup-R-Lag",,,,,,,,1,0,1,0,0,1,1,1,0,1,1,,,1,0,1,0,1,0,1,0,,0,simple,,
admin,base,Default,simple,"1342|26966","Anchoring Systems|Concrete-Anchors",297898,"3316000 ",,"Sup-R-Lag","Sup-R-Lag","Sup-R-Lag","",/\3\3\mkt-fastening-3316000-sup-r-lag.jpg,/\3\3\mkt-fastening-3316000-sup-r-lag.jpg,http://www.48ws.com/images/product/3/3/mkt-fastening-3316000-sup-r-lag.jpg,mkt-fastening-3316000-sup-r-lag,mkt-fastening-3316000-sup-r-lag,,No layout updates.,Block after Info Column,,"Sup-R-Lag","Sup-R-Lag",Use config,"http://www.mktfastening.com/",0,,,0,"MKT Fastening",1322,,Enabled,"Catalog, Search",Taxable Goods,Yes,No,"Sup-R-Lag","<br><li>Medium to heavy loads</li><br>
<li>Can be used in dead, variable, or vibratory conditions in all types of solid masonry</li>

<li>Cannot be over-expanded, excellent near edge of slabs</li><br>
<li>G.S.A. Spec FF-S-325C, Group II, Type 1, Class 1 (Long)</li><br>
<li>G.S.A. Spec FF-S-325C, Group II, Type 1, Class 2 (Short)</li>

<li>Zinc diecast alloy</li>
","","","Bolt Dia.: 3/8&quot;, Hole Dia.: 5/8&quot;, Shield Length: 2-1/2&quot;, Box Qty.: 50, Qty.: 250","Sup-R-Lag",,,,,,,,1,0,1,0,0,1,1,1,0,1,1,,,1,0,1,0,1,0,1,0,,0,simple,,
admin,base,Default,simple,"1342|26966","Anchoring Systems|Concrete-Anchors",297899,"3318000 ",,"Sup-R-Lag","Sup-R-Lag","Sup-R-Lag","",/\3\3\mkt-fastening-3318000-sup-r-lag.jpg,/\3\3\mkt-fastening-3318000-sup-r-lag.jpg,http://www.48ws.com/images/product/3/3/mkt-fastening-3318000-sup-r-lag.jpg,mkt-fastening-3318000-sup-r-lag,mkt-fastening-3318000-sup-r-lag,,No layout updates.,Block after Info Column,,"Sup-R-Lag","Sup-R-Lag",Use config,"http://www.mktfastening.com/",0,,,0,"MKT Fastening",1322,,Enabled,"Catalog, Search",Taxable Goods,Yes,No,"Sup-R-Lag","<br><li>Medium to heavy loads</li><br>
<li>Can be used in dead, variable, or vibratory conditions in all types of solid masonry</li>

<li>Cannot be over-expanded, excellent near edge of slabs</li><br>
<li>G.S.A. Spec FF-S-325C, Group II, Type 1, Class 1 (Long)</li><br>
<li>G.S.A. Spec FF-S-325C, Group II, Type 1, Class 2 (Short)</li>

<li>Zinc diecast alloy</li>
","","","Bolt Dia.: 1/2&quot;, Hole Dia.: 3/4&quot;, Shield Length: 3&quot;, Box Qty.: 50, Qty.: 150","Sup-R-Lag",,,,,,,,1,0,1,0,0,1,1,1,0,1,1,,,1,0,1,0,1,0,1,0,,0,simple,,
admin,base,Default,simple,"1342|26966","Anchoring Systems|Concrete-Anchors",297900,"3912000 ",,"Zap-It","Zap-It","Zap-It","",/\3\9\mkt-fastening-3912000-zap-it.jpg,/\3\9\mkt-fastening-3912000-zap-it.jpg,http://www.48ws.com/images/product/3/9/mkt-fastening-3912000-zap-it.jpg,mkt-fastening-3912000-zap-it,mkt-fastening-3912000-zap-it,,No layout updates.,Block after Info Column,,"Zap-It","Zap-It",Use config,"http://www.mktfastening.com/",0,,,0,"MKT Fastening",1322,,Enabled,"Catalog, Search",Taxable Goods,Yes,No,"Zap-It","<br><li>Required hole diameter equals anchor diameter</li><br>
<li>Fast, easy installation</li><br>
<li>Stainless steel nail and zinc anchor body allow for fastening in outdoor applications</li>

<li>Zinc Zap-It body with:</li><br>
<li>Carbon steel nail, zinc plated</li><br>
<li>Stainless steel nail</li><br>
<li>Available in Bulk pack</li>
<br><li>Dead loads only</li><br>
<li>Not recommended for eccentric loading</li>
","","","Stainless Steel: —, Anchor Diameter & Length:  3/16” x 7/8”, Hole Diameter: 3/16&quot;, Embedment: 5/8&quot;, Tension:  —, Shear:  —, Box Qty.: 100, Master Qty.: 3000","Zap-It",,,,,,,,1,0,1,0,0,1,1,1,0,1,1,,,1,0,1,0,1,0,1,0,,0,simple,,
admin,base,Default,simple,"1342|26966","Anchoring Systems|Concrete-Anchors",297901,"3916000 ",,"Zap-It","Zap-It","Zap-It","",/\3\9\mkt-fastening-3916000-zap-it.jpg,/\3\9\mkt-fastening-3916000-zap-it.jpg,http://www.48ws.com/images/product/3/9/mkt-fastening-3916000-zap-it.jpg,mkt-fastening-3916000-zap-it,mkt-fastening-3916000-zap-it,,No layout updates.,Block after Info Column,,"Zap-It","Zap-It",Use config,"http://www.mktfastening.com/",0,,,0,"MKT Fastening",1322,,Enabled,"Catalog, Search",Taxable Goods,Yes,No,"Zap-It","<br><li>Required hole diameter equals anchor diameter</li><br>
<li>Fast, easy installation</li><br>
<li>Stainless steel nail and zinc anchor body allow for fastening in outdoor applications</li>

<li>Zinc Zap-It body with:</li><br>
<li>Carbon steel nail, zinc plated</li><br>
<li>Stainless steel nail</li><br>
<li>Available in Bulk pack</li>
<br><li>Dead loads only</li><br>
<li>Not recommended for eccentric loading</li>
","","","Stainless Steel: 3916SSO, Anchor Diameter & Length: 1/4” x 1”, Hole Diameter: 1/4&quot;, Embedment: 3/4&quot;, Tension: 750, Shear: 1,516, Box Qty.: 100, Master Qty.: 800","Zap-It",,,,,,,,1,0,1,0,0,1,1,1,0,1,1,,,1,0,1,0,1,0,1,0,,0,simple,,
admin,base,Default,simple,"1342|26966","Anchoring Systems|Concrete-Anchors",297902,"3920000 ",,"Zap-It","Zap-It","Zap-It","",/\3\9\mkt-fastening-3920000-zap-it.jpg,/\3\9\mkt-fastening-3920000-zap-it.jpg,http://www.48ws.com/images/product/3/9/mkt-fastening-3920000-zap-it.jpg,mkt-fastening-3920000-zap-it,mkt-fastening-3920000-zap-it,,No layout updates.,Block after Info Column,,"Zap-It","Zap-It",Use config,"http://www.mktfastening.com/",0,,,0,"MKT Fastening",1322,,Enabled,"Catalog, Search",Taxable Goods,Yes,No,"Zap-It","<br><li>Required hole diameter equals anchor diameter</li><br>
<li>Fast, easy installation</li><br>
<li>Stainless steel nail and zinc anchor body allow for fastening in outdoor applications</li>

<li>Zinc Zap-It body with:</li><br>
<li>Carbon steel nail, zinc plated</li><br>
<li>Stainless steel nail</li><br>
<li>Available in Bulk pack</li>
<br><li>Dead loads only</li><br>
<li>Not recommended for eccentric loading</li>
","","","Stainless Steel: 3920SSO, Anchor Diameter & Length:  1/4” x 1-1/4”, Hole Diameter: 1/4&quot;, Embedment: 1&quot;, Tension: 1,000, Shear: 1,516, Box Qty.: 100, Master Qty.: 800","Zap-It",,,,,,,,1,0,1,0,0,1,1,1,0,1,1,,,1,0,1,0,1,0,1,0,,0,simple,,
admin,base,Default,simple,"1342|26966","Anchoring Systems|Concrete-Anchors",297903,"3924000 ",,"Zap-It","Zap-It","Zap-It","",/\3\9\mkt-fastening-3924000-zap-it.jpg,/\3\9\mkt-fastening-3924000-zap-it.jpg,http://www.48ws.com/images/product/3/9/mkt-fastening-3924000-zap-it.jpg,mkt-fastening-3924000-zap-it,mkt-fastening-3924000-zap-it,,No layout updates.,Block after Info Column,,"Zap-It","Zap-It",Use config,"http://www.mktfastening.com/",0,,,0,"MKT Fastening",1322,,Enabled,"Catalog, Search",Taxable Goods,Yes,No,"Zap-It","<br><li>Required hole diameter equals anchor diameter</li><br>
<li>Fast, easy installation</li><br>
<li>Stainless steel nail and zinc anchor body allow for fastening in outdoor applications</li>

<li>Zinc Zap-It body with:</li><br>
<li>Carbon steel nail, zinc plated</li><br>
<li>Stainless steel nail</li><br>
<li>Available in Bulk pack</li>
<br><li>Dead loads only</li><br>
<li>Not recommended for eccentric loading</li>
","","","Stainless Steel: —, Anchor Diameter & Length:  1/4” x 1-1/2”, Hole Diameter: 1/4&quot;, Embedment: 1-1/4&quot;, Tension: 1,100, Shear: 1,516, Box Qty.: 100, Master Qty.: 800","Zap-It",,,,,,,,1,0,1,0,0,1,1,1,0,1,1,,,1,0,1,0,1,0,1,0,,0,simple,,
admin,base,Default,simple,"1342|26966","Anchoring Systems|Concrete-Anchors",297904,"3928000 ",,"Zap-It","Zap-It","Zap-It","",/\3\9\mkt-fastening-3928000-zap-it.jpg,/\3\9\mkt-fastening-3928000-zap-it.jpg,http://www.48ws.com/images/product/3/9/mkt-fastening-3928000-zap-it.jpg,mkt-fastening-3928000-zap-it,mkt-fastening-3928000-zap-it,,No layout updates.,Block after Info Column,,"Zap-It","Zap-It",Use config,"http://www.mktfastening.com/",0,,,0,"MKT Fastening",1322,,Enabled,"Catalog, Search",Taxable Goods,Yes,No,"Zap-It","<br><li>Required hole diameter equals anchor diameter</li><br>
<li>Fast, easy installation</li><br>
<li>Stainless steel nail and zinc anchor body allow for fastening in outdoor applications</li>

<li>Zinc Zap-It body with:</li><br>
<li>Carbon steel nail, zinc plated</li><br>
<li>Stainless steel nail</li><br>
<li>Available in Bulk pack</li>
<br><li>Dead loads only</li><br>
<li>Not recommended for eccentric loading</li>
","","","Stainless Steel: —, Anchor Diameter & Length:  1/4” x 2”, Hole Diameter: 1/4&quot;, Embedment: 1-3/4&quot;, Tension: 1,400, Shear: 1,516, Box Qty.: 100, Master Qty.: 500","Zap-It",,,,,,,,1,0,1,0,0,1,1,1,0,1,1,,,1,0,1,0,1,0,1,0,,0,simple,,
admin,base,Default,simple,"1342|26966","Anchoring Systems|Concrete-Anchors",297905,"3930000 ",,"Zap-It","Zap-It","Zap-It","",/\3\9\mkt-fastening-3930000-zap-it.jpg,/\3\9\mkt-fastening-3930000-zap-it.jpg,http://www.48ws.com/images/product/3/9/mkt-fastening-3930000-zap-it.jpg,mkt-fastening-3930000-zap-it,mkt-fastening-3930000-zap-it,,No layout updates.,Block after Info Column,,"Zap-It","Zap-It",Use config,"http://www.mktfastening.com/",0,,,0,"MKT Fastening",1322,,Enabled,"Catalog, Search",Taxable Goods,Yes,No,"Zap-It","<br><li>Required hole diameter equals anchor diameter</li><br>
<li>Fast, easy installation</li><br>
<li>Stainless steel nail and zinc anchor body allow for fastening in outdoor applications</li>

<li>Zinc Zap-It body with:</li><br>
<li>Carbon steel nail, zinc plated</li><br>
<li>Stainless steel nail</li><br>
<li>Available in Bulk pack</li>
<br><li>Dead loads only</li><br>
<li>Not recommended for eccentric loading</li>
","","","Stainless Steel: —, Anchor Diameter & Length:  1/4” x 3”, Hole Diameter: 1/4&quot;, Embedment: 1-3/4&quot;, Tension: 1,400, Shear: 1,516, Box Qty.: 100, Master Qty.: 500","Zap-It",,,,,,,,1,0,1,0,0,1,1,1,0,1,1,,,1,0,1,0,1,0,1,0,,0,simple,,
admin,base,Default,simple,"1342|26966","Anchoring Systems|Concrete-Anchors",297906,"1314000",,"Sup-R-Drop","Sup-R-Drop","Sup-R-Drop","",/\1\3\mkt-fastening-1314000-sup-r-drop.jpg,/\1\3\mkt-fastening-1314000-sup-r-drop.jpg,http://www.48ws.com/images/product/1/3/mkt-fastening-1314000-sup-r-drop.jpg,mkt-fastening-1314000-sup-r-drop,mkt-fastening-1314000-sup-r-drop,,No layout updates.,Block after Info Column,,"Sup-R-Drop","Sup-R-Drop",Use config,"http://www.mktfastening.com/",0,,,0,"MKT Fastening",1322,,Enabled,"Catalog, Search",Taxable Goods,Yes,No,"Sup-R-Drop","<br><li>Ideal for flush-mounting applications</li><br>
<li>Preassembled for ease of installation</li><br>
<li>Female threads accept standard UNC bolts or threaded rods (1/4&quot; to 3/4&quot;)</li>

<li>Slotted body is precision-matched to tapered internal plug for uniform expansion</li>

<li>Knurled body increases friction connection between anchor and wall of hole</li>
","","","304 Stainless: 1314SS0, 316 Stainless: 1314SS6, UNC Bolt Size: 1/4&quot;, Minimun Embedment: 1&quot;, Max Torque (ft. lbs.): 5, Hole Dia.: 3/8&quot;, Tension (lbs.): 2,050, Tension (lbs.): 2,104 , Shear (lbs.): 1,321, C-Steel 304 S.S. Box Qty.: 100, C-Steel 304 S.S. Mas","Sup-R-Drop",,,,,,,,1,0,1,0,0,1,1,1,0,1,1,,,1,0,1,0,1,0,1,0,,0,simple,,
admin,base,Default,simple,"1342|26966","Anchoring Systems|Concrete-Anchors",297907,"1338000",,"Sup-R-Drop","Sup-R-Drop","Sup-R-Drop","",/\1\3\mkt-fastening-1338000-sup-r-drop.jpg,/\1\3\mkt-fastening-1338000-sup-r-drop.jpg,http://www.48ws.com/images/product/1/3/mkt-fastening-1338000-sup-r-drop.jpg,mkt-fastening-1338000-sup-r-drop,mkt-fastening-1338000-sup-r-drop,,No layout updates.,Block after Info Column,,"Sup-R-Drop","Sup-R-Drop",Use config,"http://www.mktfastening.com/",0,,,0,"MKT Fastening",1322,,Enabled,"Catalog, Search",Taxable Goods,Yes,No,"Sup-R-Drop","<br><li>Ideal for flush-mounting applications</li><br>
<li>Preassembled for ease of installation</li><br>
<li>Female threads accept standard UNC bolts or threaded rods (1/4&quot; to 3/4&quot;)</li>

<li>Slotted body is precision-matched to tapered internal plug for uniform expansion</li>

<li>Knurled body increases friction connection between anchor and wall of hole</li>
","","","304 Stainless: 1338SS0, 316 Stainless: 1338SS6, UNC Bolt Size: 3/8&quot;, Minimun Embedment: 1-9/16&quot;, Max Torque (ft. lbs.): 10, Hole Dia.: 1/2&quot;, Tension (lbs.): 3,957, Tension (lbs.): 4,824, Shear (lbs.): 3,714 , C-Steel 304 S.S. Box Qty.: 50, C-Steel 304 S.S","Sup-R-Drop",,,,,,,,1,0,1,0,0,1,1,1,0,1,1,,,1,0,1,0,1,0,1,0,,0,simple,,
admin,base,Default,simple,"1342|26966","Anchoring Systems|Concrete-Anchors",297908,"1312000",,"Sup-R-Drop","Sup-R-Drop","Sup-R-Drop","",/\1\3\mkt-fastening-1312000-sup-r-drop.jpg,/\1\3\mkt-fastening-1312000-sup-r-drop.jpg,http://www.48ws.com/images/product/1/3/mkt-fastening-1312000-sup-r-drop.jpg,mkt-fastening-1312000-sup-r-drop,mkt-fastening-1312000-sup-r-drop,,No layout updates.,Block after Info Column,,"Sup-R-Drop","Sup-R-Drop",Use config,"http://www.mktfastening.com/",0,,,0,"MKT Fastening",1322,,Enabled,"Catalog, Search",Taxable Goods,Yes,No,"Sup-R-Drop","<br><li>Ideal for flush-mounting applications</li><br>
<li>Preassembled for ease of installation</li><br>
<li>Female threads accept standard UNC bolts or threaded rods (1/4&quot; to 3/4&quot;)</li>

<li>Slotted body is precision-matched to tapered internal plug for uniform expansion</li>

<li>Knurled body increases friction connection between anchor and wall of hole</li>
","","","304 Stainless: 1312SS0, 316 Stainless: 1312SS6, UNC Bolt Size: 1/2&quot;, Minimun Embedment: 2&quot;, Max Torque (ft. lbs.): 20, Hole Dia.: 5/8&quot;, Tension (lbs.): 5,312, Tension (lbs.): 7,398, Shear (lbs.): 5,854 , C-Steel 304 S.S. Box Qty.: 50, C-Steel 304 S.S. Mas","Sup-R-Drop",,,,,,,,1,0,1,0,0,1,1,1,0,1,1,,,1,0,1,0,1,0,1,0,,0,simple,,
admin,base,Default,simple,"1342|26966","Anchoring Systems|Concrete-Anchors",297909,"1358000",,"Sup-R-Drop","Sup-R-Drop","Sup-R-Drop","",/\1\3\mkt-fastening-1358000-sup-r-drop.jpg,/\1\3\mkt-fastening-1358000-sup-r-drop.jpg,http://www.48ws.com/images/product/1/3/mkt-fastening-1358000-sup-r-drop.jpg,mkt-fastening-1358000-sup-r-drop,mkt-fastening-1358000-sup-r-drop,,No layout updates.,Block after Info Column,,"Sup-R-Drop","Sup-R-Drop",Use config,"http://www.mktfastening.com/",0,,,0,"MKT Fastening",1322,,Enabled,"Catalog, Search",Taxable Goods,Yes,No,"Sup-R-Drop","<br><li>Ideal for flush-mounting applications</li><br>
<li>Preassembled for ease of installation</li><br>
<li>Female threads accept standard UNC bolts or threaded rods (1/4&quot; to 3/4&quot;)</li>

<li>Slotted body is precision-matched to tapered internal plug for uniform expansion</li>

<li>Knurled body increases friction connection between anchor and wall of hole</li>
","","","304 Stainless: 1358SS0, 316 Stainless: 1358SS6, UNC Bolt Size: 5/8&quot;, Minimun Embedment: 2-1/2&quot;, Max Torque (ft. lbs.): 40, Hole Dia.: 7/8&quot;, Tension (lbs.): 7,398, Tension (lbs.): 7,966, Shear (lbs.): 8,754 , C-Steel 304 S.S. Box Qty.: 25, C-Steel 304 S.S.","Sup-R-Drop",,,,,,,,1,0,1,0,0,1,1,1,0,1,1,,,1,0,1,0,1,0,1,0,,0,simple,,
admin,base,Default,simple,"1342|26966","Anchoring Systems|Concrete-Anchors",297910,"1334000",,"Sup-R-Drop","Sup-R-Drop","Sup-R-Drop","",/\1\3\mkt-fastening-1334000-sup-r-drop.jpg,/\1\3\mkt-fastening-1334000-sup-r-drop.jpg,http://www.48ws.com/images/product/1/3/mkt-fastening-1334000-sup-r-drop.jpg,mkt-fastening-1334000-sup-r-drop,mkt-fastening-1334000-sup-r-drop,,No layout updates.,Block after Info Column,,"Sup-R-Drop","Sup-R-Drop",Use config,"http://www.mktfastening.com/",0,,,0,"MKT Fastening",1322,,Enabled,"Catalog, Search",Taxable Goods,Yes,No,"Sup-R-Drop","<br><li>Ideal for flush-mounting applications</li><br>
<li>Preassembled for ease of installation</li><br>
<li>Female threads accept standard UNC bolts or threaded rods (1/4&quot; to 3/4&quot;)</li>

<li>Slotted body is precision-matched to tapered internal plug for uniform expansion</li>

<li>Knurled body increases friction connection between anchor and wall of hole</li>
","","","304 Stainless: 1334SS0, 316 Stainless: 1334SS6, UNC Bolt Size: 3/4&quot;, Minimun Embedment: 3-3/16&quot;, Max Torque (ft. lbs.): 80, Hole Dia.: 1&quot;, Tension (lbs.): 12,300, Tension (lbs.): 16,019, Shear (lbs.): 11,627 , C-Steel 304 S.S. Box Qty.: 10, C-Steel 304 S.","Sup-R-Drop",,,,,,,,1,0,1,0,0,1,1,1,0,1,1,,,1,0,1,0,1,0,1,0,,0,simple,,
admin,base,Default,simple,"1342|26966","Anchoring Systems|Concrete-Anchors",297911,"3420000",,"Taper Bolt","Taper Bolt","Taper Bolt","",/\3\4\mkt-fastening-3420000-taper-bolt.jpg,/\3\4\mkt-fastening-3420000-taper-bolt.jpg,http://www.48ws.com/images/product/3/4/mkt-fastening-3420000-taper-bolt.jpg,mkt-fastening-3420000-taper-bolt,mkt-fastening-3420000-taper-bolt,,No layout updates.,Block after Info Column,,"Taper Bolt","Taper Bolt",Use config,"http://www.mktfastening.com/",0,,,0,"MKT Fastening",1322,,Enabled,"Catalog, Search",Taxable Goods,Yes,No,"Taper Bolt","<br><li>Required hole diameter equals anchor diameter</li><br>
<li>Variation in hole size can be accommodated by turning the expander nut</li><br>
<li>Equipment may be removed and replaced. The bolt is simply re-inserted and torqued to obtain original holding power (the nut stays in the hole)</li>


<li>Bolt can be removed and re-used with a new nut after cleaning and lubricating the threads</li>

<li>Strength – the highest shear strength of any expansion anchor</li><br>
<li>Withstands vibratory loads</li><br>
<li>Works in a bottomless hole</li>
","","","Anchor Dia. & Length: 3/8” x 2-1/4”, Hole Dia.: 3/8&quot;, Min. Embed.: 1-7/8&quot;, Required Torque to set (ft. lbs.): 40, Head Size: 9/16”, Required Head Clearance: 3/16&quot;, Tension (lbs.): 4,030, Shear (lbs.): 7,177, Tension (lbs.): 4,987, Shear (lbs.): 8,567, Box","Taper Bolt",,,,,,,,1,0,1,0,0,1,1,1,0,1,1,,,1,0,1,0,1,0,1,0,,0,simple,,
admin,base,Default,simple,"1342|26966","Anchoring Systems|Concrete-Anchors",297912,"3421000",,"Taper Bolt","Taper Bolt","Taper Bolt","",/\3\4\mkt-fastening-3421000-taper-bolt.jpg,/\3\4\mkt-fastening-3421000-taper-bolt.jpg,http://www.48ws.com/images/product/3/4/mkt-fastening-3421000-taper-bolt.jpg,mkt-fastening-3421000-taper-bolt,mkt-fastening-3421000-taper-bolt,,No layout updates.,Block after Info Column,,"Taper Bolt","Taper Bolt",Use config,"http://www.mktfastening.com/",0,,,0,"MKT Fastening",1322,,Enabled,"Catalog, Search",Taxable Goods,Yes,No,"Taper Bolt","<br><li>Required hole diameter equals anchor diameter</li><br>
<li>Variation in hole size can be accommodated by turning the expander nut</li><br>
<li>Equipment may be removed and replaced. The bolt is simply re-inserted and torqued to obtain original holding power (the nut stays in the hole)</li>


<li>Bolt can be removed and re-used with a new nut after cleaning and lubricating the threads</li>

<li>Strength – the highest shear strength of any expansion anchor</li><br>
<li>Withstands vibratory loads</li><br>
<li>Works in a bottomless hole</li>
","","","Anchor Dia. & Length: 3/8” x 2-5/8”, Hole Dia.: 3/8&quot;, Min. Embed.: 1-7/8&quot;, Required Torque to set (ft. lbs.): 40, Head Size: 9/16&quot;, Required Head Clearance: 3/16&quot;, Tension (lbs.): 4,030, Shear (lbs.): 7,177, Tension (lbs.): 4,987, Shear (lbs.): 8,567, Box","Taper Bolt",,,,,,,,1,0,1,0,0,1,1,1,0,1,1,,,1,0,1,0,1,0,1,0,,0,simple,,
admin,base,Default,simple,"1342|26966","Anchoring Systems|Concrete-Anchors",297913,"3422000",,"Taper Bolt","Taper Bolt","Taper Bolt","",/\3\4\mkt-fastening-3422000-taper-bolt.jpg,/\3\4\mkt-fastening-3422000-taper-bolt.jpg,http://www.48ws.com/images/product/3/4/mkt-fastening-3422000-taper-bolt.jpg,mkt-fastening-3422000-taper-bolt,mkt-fastening-3422000-taper-bolt,,No layout updates.,Block after Info Column,,"Taper Bolt","Taper Bolt",Use config,"http://www.mktfastening.com/",0,,,0,"MKT Fastening",1322,,Enabled,"Catalog, Search",Taxable Goods,Yes,No,"Taper Bolt","<br><li>Required hole diameter equals anchor diameter</li><br>
<li>Variation in hole size can be accommodated by turning the expander nut</li><br>
<li>Equipment may be removed and replaced. The bolt is simply re-inserted and torqued to obtain original holding power (the nut stays in the hole)</li>


<li>Bolt can be removed and re-used with a new nut after cleaning and lubricating the threads</li>

<li>Strength – the highest shear strength of any expansion anchor</li><br>
<li>Withstands vibratory loads</li><br>
<li>Works in a bottomless hole</li>
","","","Anchor Dia. & Length: 3/8” x 3”, Hole Dia.: 3/8&quot;, Min. Embed.: 1-7/8&quot;, Required Torque to set (ft. lbs.): 40, Head Size: 9/16&quot;, Required Head Clearance: 3/16&quot;, Tension (lbs.): 4,030, Shear (lbs.): 7,177, Tension (lbs.): 4,987, Shear (lbs.): 8,567, Box Qty","Taper Bolt",,,,,,,,1,0,1,0,0,1,1,1,0,1,1,,,1,0,1,0,1,0,1,0,,0,simple,,
admin,base,Default,simple,"1342|26966","Anchoring Systems|Concrete-Anchors",297914,"3423000",,"Taper Bolt","Taper Bolt","Taper Bolt","",/\3\4\mkt-fastening-3423000-taper-bolt.jpg,/\3\4\mkt-fastening-3423000-taper-bolt.jpg,http://www.48ws.com/images/product/3/4/mkt-fastening-3423000-taper-bolt.jpg,mkt-fastening-3423000-taper-bolt,mkt-fastening-3423000-taper-bolt,,No layout updates.,Block after Info Column,,"Taper Bolt","Taper Bolt",Use config,"http://www.mktfastening.com/",0,,,0,"MKT Fastening",1322,,Enabled,"Catalog, Search",Taxable Goods,Yes,No,"Taper Bolt","<br><li>Required hole diameter equals anchor diameter</li><br>
<li>Variation in hole size can be accommodated by turning the expander nut</li><br>
<li>Equipment may be removed and replaced. The bolt is simply re-inserted and torqued to obtain original holding power (the nut stays in the hole)</li>


<li>Bolt can be removed and re-used with a new nut after cleaning and lubricating the threads</li>

<li>Strength – the highest shear strength of any expansion anchor</li><br>
<li>Withstands vibratory loads</li><br>
<li>Works in a bottomless hole</li>
","","","Anchor Dia. & Length: 3/8” x 4”, Hole Dia.: 3/8&quot;, Min. Embed.: 1-7/8&quot;, Required Torque to set (ft. lbs.): 40, Head Size: 9/16&quot;, Required Head Clearance: 3/16&quot;, Tension (lbs.): 4,030, Shear (lbs.): 7,177, Tension (lbs.): 4,987, Shear (lbs.): 8,567, Box Qty","Taper Bolt",,,,,,,,1,0,1,0,0,1,1,1,0,1,1,,,1,0,1,0,1,0,1,0,,0,simple,,
admin,base,Default,simple,"1342|26966","Anchoring Systems|Concrete-Anchors",297915,"3430000",,"Taper Bolt","Taper Bolt","Taper Bolt","",/\3\4\mkt-fastening-3430000-taper-bolt.jpg,/\3\4\mkt-fastening-3430000-taper-bolt.jpg,http://www.48ws.com/images/product/3/4/mkt-fastening-3430000-taper-bolt.jpg,mkt-fastening-3430000-taper-bolt,mkt-fastening-3430000-taper-bolt,,No layout updates.,Block after Info Column,,"Taper Bolt","Taper Bolt",Use config,"http://www.mktfastening.com/",0,,,0,"MKT Fastening",1322,,Enabled,"Catalog, Search",Taxable Goods,Yes,No,"Taper Bolt","<br><li>Required hole diameter equals anchor diameter</li><br>
<li>Variation in hole size can be accommodated by turning the expander nut</li><br>
<li>Equipment may be removed and replaced. The bolt is simply re-inserted and torqued to obtain original holding power (the nut stays in the hole)</li>


<li>Bolt can be removed and re-used with a new nut after cleaning and lubricating the threads</li>

<li>Strength – the highest shear strength of any expansion anchor</li><br>
<li>Withstands vibratory loads</li><br>
<li>Works in a bottomless hole</li>
","","","Anchor Dia. & Length: 1/2” x 2-7/8”, Hole Dia.: 1/2&quot;, Min. Embed.: 2-3/8&quot;, Required Torque to set (ft. lbs.): 90, Head Size: 3/4&quot;, Required Head Clearance: 1/4&quot;, Tension (lbs.): 8,165, Shear (lbs.): 12,177, Tension (lbs.): 9,346, Shear (lbs.): 15,217, Box","Taper Bolt",,,,,,,,1,0,1,0,0,1,1,1,0,1,1,,,1,0,1,0,1,0,1,0,,0,simple,,
admin,base,Default,simple,"1342|26966","Anchoring Systems|Concrete-Anchors",297916,"3431000",,"Taper Bolt","Taper Bolt","Taper Bolt","",/\3\4\mkt-fastening-3431000-taper-bolt.jpg,/\3\4\mkt-fastening-3431000-taper-bolt.jpg,http://www.48ws.com/images/product/3/4/mkt-fastening-3431000-taper-bolt.jpg,mkt-fastening-3431000-taper-bolt,mkt-fastening-3431000-taper-bolt,,No layout updates.,Block after Info Column,,"Taper Bolt","Taper Bolt",Use config,"http://www.mktfastening.com/",0,,,0,"MKT Fastening",1322,,Enabled,"Catalog, Search",Taxable Goods,Yes,No,"Taper Bolt","<br><li>Required hole diameter equals anchor diameter</li><br>
<li>Variation in hole size can be accommodated by turning the expander nut</li><br>
<li>Equipment may be removed and replaced. The bolt is simply re-inserted and torqued to obtain original holding power (the nut stays in the hole)</li>


<li>Bolt can be removed and re-used with a new nut after cleaning and lubricating the threads</li>

<li>Strength – the highest shear strength of any expansion anchor</li><br>
<li>Withstands vibratory loads</li><br>
<li>Works in a bottomless hole</li>
","","","Anchor Dia. & Length: 1/2” x 4”, Hole Dia.: 1/2&quot;, Min. Embed.: 2-3/8&quot;, Required Torque to set (ft. lbs.): 90, Head Size: 3/4&quot;, Required Head Clearance: 1/4&quot;, Tension (lbs.): 8,165, Shear (lbs.): 12,177, Tension (lbs.): 9,346, Shear (lbs.): 15,217, Box Qty","Taper Bolt",,,,,,,,1,0,1,0,0,1,1,1,0,1,1,,,1,0,1,0,1,0,1,0,,0,simple,,
admin,base,Default,simple,"1342|26966","Anchoring Systems|Concrete-Anchors",297917,"3432000",,"Taper Bolt","Taper Bolt","Taper Bolt","",/\3\4\mkt-fastening-3432000-taper-bolt.jpg,/\3\4\mkt-fastening-3432000-taper-bolt.jpg,http://www.48ws.com/images/product/3/4/mkt-fastening-3432000-taper-bolt.jpg,mkt-fastening-3432000-taper-bolt,mkt-fastening-3432000-taper-bolt,,No layout updates.,Block after Info Column,,"Taper Bolt","Taper Bolt",Use config,"http://www.mktfastening.com/",0,,,0,"MKT Fastening",1322,,Enabled,"Catalog, Search",Taxable Goods,Yes,No,"Taper Bolt","<br><li>Required hole diameter equals anchor diameter</li><br>
<li>Variation in hole size can be accommodated by turning the expander nut</li><br>
<li>Equipment may be removed and replaced. The bolt is simply re-inserted and torqued to obtain original holding power (the nut stays in the hole)</li>


<li>Bolt can be removed and re-used with a new nut after cleaning and lubricating the threads</li>

<li>Strength – the highest shear strength of any expansion anchor</li><br>
<li>Withstands vibratory loads</li><br>
<li>Works in a bottomless hole</li>
","","","Anchor Dia. & Length: 1/2” x 5”, Hole Dia.: 1/2&quot;, Min. Embed.: 2-3/8&quot;, Required Torque to set (ft. lbs.): 90, Head Size: 3/4&quot;, Required Head Clearance: 1/4&quot;, Tension (lbs.): 8,165, Shear (lbs.): 12,177, Tension (lbs.): 9,346, Shear (lbs.): 15,217, Box Qty","Taper Bolt",,,,,,,,1,0,1,0,0,1,1,1,0,1,1,,,1,0,1,0,1,0,1,0,,0,simple,,
admin,base,Default,simple,"1342|26966","Anchoring Systems|Concrete-Anchors",297918,"3440000",,"Taper Bolt","Taper Bolt","Taper Bolt","",/\3\4\mkt-fastening-3440000-taper-bolt.jpg,/\3\4\mkt-fastening-3440000-taper-bolt.jpg,http://www.48ws.com/images/product/3/4/mkt-fastening-3440000-taper-bolt.jpg,mkt-fastening-3440000-taper-bolt,mkt-fastening-3440000-taper-bolt,,No layout updates.,Block after Info Column,,"Taper Bolt","Taper Bolt",Use config,"http://www.mktfastening.com/",0,,,0,"MKT Fastening",1322,,Enabled,"Catalog, Search",Taxable Goods,Yes,No,"Taper Bolt","<br><li>Required hole diameter equals anchor diameter</li><br>
<li>Variation in hole size can be accommodated by turning the expander nut</li><br>
<li>Equipment may be removed and replaced. The bolt is simply re-inserted and torqued to obtain original holding power (the nut stays in the hole)</li>


<li>Bolt can be removed and re-used with a new nut after cleaning and lubricating the threads</li>

<li>Strength – the highest shear strength of any expansion anchor</li><br>
<li>Withstands vibratory loads</li><br>
<li>Works in a bottomless hole</li>
","","","Anchor Dia. & Length: 5/8” x 3-1/2”, Hole Dia.: 5/8&quot;, Min. Embed.: 2-7/8&quot;, Required Torque to set (ft. lbs.): 125, Head Size: 15/16&quot;, Required Head Clearance: 5/16&quot;, Tension (lbs.): 9,990, Shear (lbs.): 17,030, Tension (lbs.): 10,470, Shear (lbs.): 17,257","Taper Bolt",,,,,,,,1,0,1,0,0,1,1,1,0,1,1,,,1,0,1,0,1,0,1,0,,0,simple,,
admin,base,Default,simple,"1342|26966","Anchoring Systems|Concrete-Anchors",297919,"3441000",,"Taper Bolt","Taper Bolt","Taper Bolt","",/\3\4\mkt-fastening-3441000-taper-bolt.jpg,/\3\4\mkt-fastening-3441000-taper-bolt.jpg,http://www.48ws.com/images/product/3/4/mkt-fastening-3441000-taper-bolt.jpg,mkt-fastening-3441000-taper-bolt,mkt-fastening-3441000-taper-bolt,,No layout updates.,Block after Info Column,,"Taper Bolt","Taper Bolt",Use config,"http://www.mktfastening.com/",0,,,0,"MKT Fastening",1322,,Enabled,"Catalog, Search",Taxable Goods,Yes,No,"Taper Bolt","<br><li>Required hole diameter equals anchor diameter</li><br>
<li>Variation in hole size can be accommodated by turning the expander nut</li><br>
<li>Equipment may be removed and replaced. The bolt is simply re-inserted and torqued to obtain original holding power (the nut stays in the hole)</li>


<li>Bolt can be removed and re-used with a new nut after cleaning and lubricating the threads</li>

<li>Strength – the highest shear strength of any expansion anchor</li><br>
<li>Withstands vibratory loads</li><br>
<li>Works in a bottomless hole</li>
","","","Anchor Dia. & Length: 5/8” x 4-1/2”, Hole Dia.: 5/8&quot;, Min. Embed.: 2-7/8&quot;, Required Torque to set (ft. lbs.): 125, Head Size: 15/16&quot;, Required Head Clearance: 5/16&quot;, Tension (lbs.): 9,990, Shear (lbs.): 17,030, Tension (lbs.): 10,470, Shear (lbs.): 17,257","Taper Bolt",,,,,,,,1,0,1,0,0,1,1,1,0,1,1,,,1,0,1,0,1,0,1,0,,0,simple,,
admin,base,Default,simple,"1342|26966","Anchoring Systems|Concrete-Anchors",297920,"3442000",,"Taper Bolt","Taper Bolt","Taper Bolt","",/\3\4\mkt-fastening-3442000-taper-bolt.jpg,/\3\4\mkt-fastening-3442000-taper-bolt.jpg,http://www.48ws.com/images/product/3/4/mkt-fastening-3442000-taper-bolt.jpg,mkt-fastening-3442000-taper-bolt,mkt-fastening-3442000-taper-bolt,,No layout updates.,Block after Info Column,,"Taper Bolt","Taper Bolt",Use config,"http://www.mktfastening.com/",0,,,0,"MKT Fastening",1322,,Enabled,"Catalog, Search",Taxable Goods,Yes,No,"Taper Bolt","<br><li>Required hole diameter equals anchor diameter</li><br>
<li>Variation in hole size can be accommodated by turning the expander nut</li><br>
<li>Equipment may be removed and replaced. The bolt is simply re-inserted and torqued to obtain original holding power (the nut stays in the hole)</li>


<li>Bolt can be removed and re-used with a new nut after cleaning and lubricating the threads</li>

<li>Strength – the highest shear strength of any expansion anchor</li><br>
<li>Withstands vibratory loads</li><br>
<li>Works in a bottomless hole</li>
","","","Anchor Dia. & Length: 5/8” x 6”, Hole Dia.: 5/8&quot;, Min. Embed.: 2-7/8&quot;, Required Torque to set (ft. lbs.): 125, Head Size: 15/16&quot;, Required Head Clearance: 5/16&quot;, Tension (lbs.): 9,990, Shear (lbs.): 17,030, Tension (lbs.): 10,470, Shear (lbs.): 17,257, Bo","Taper Bolt",,,,,,,,1,0,1,0,0,1,1,1,0,1,1,,,1,0,1,0,1,0,1,0,,0,simple,,
admin,base,Default,simple,"1342|26966","Anchoring Systems|Concrete-Anchors",297921,"3443000",,"Taper Bolt","Taper Bolt","Taper Bolt","",/\3\4\mkt-fastening-3443000-taper-bolt.jpg,/\3\4\mkt-fastening-3443000-taper-bolt.jpg,http://www.48ws.com/images/product/3/4/mkt-fastening-3443000-taper-bolt.jpg,mkt-fastening-3443000-taper-bolt,mkt-fastening-3443000-taper-bolt,,No layout updates.,Block after Info Column,,"Taper Bolt","Taper Bolt",Use config,"http://www.mktfastening.com/",0,,,0,"MKT Fastening",1322,,Enabled,"Catalog, Search",Taxable Goods,Yes,No,"Taper Bolt","<br><li>Required hole diameter equals anchor diameter</li><br>
<li>Variation in hole size can be accommodated by turning the expander nut</li><br>
<li>Equipment may be removed and replaced. The bolt is simply re-inserted and torqued to obtain original holding power (the nut stays in the hole)</li>


<li>Bolt can be removed and re-used with a new nut after cleaning and lubricating the threads</li>

<li>Strength – the highest shear strength of any expansion anchor</li><br>
<li>Withstands vibratory loads</li><br>
<li>Works in a bottomless hole</li>
","","","Anchor Dia. & Length: 5/8” x 7”, Hole Dia.: 5/8&quot;, Min. Embed.: 2-7/8&quot;, Required Torque to set (ft. lbs.): 125, Head Size: 15/16&quot;, Required Head Clearance: 5/16&quot;, Tension (lbs.): 9,990, Shear (lbs.): 17,030, Tension (lbs.): 10,470, Shear (lbs.): 17,257, Bo","Taper Bolt",,,,,,,,1,0,1,0,0,1,1,1,0,1,1,,,1,0,1,0,1,0,1,0,,0,simple,,
admin,base,Default,simple,"1342|26966","Anchoring Systems|Concrete-Anchors",297922,"3450000",,"Taper Bolt","Taper Bolt","Taper Bolt","",/\3\4\mkt-fastening-3450000-taper-bolt.jpg,/\3\4\mkt-fastening-3450000-taper-bolt.jpg,http://www.48ws.com/images/product/3/4/mkt-fastening-3450000-taper-bolt.jpg,mkt-fastening-3450000-taper-bolt,mkt-fastening-3450000-taper-bolt,,No layout updates.,Block after Info Column,,"Taper Bolt","Taper Bolt",Use config,"http://www.mktfastening.com/",0,,,0,"MKT Fastening",1322,,Enabled,"Catalog, Search",Taxable Goods,Yes,No,"Taper Bolt","<br><li>Required hole diameter equals anchor diameter</li><br>
<li>Variation in hole size can be accommodated by turning the expander nut</li><br>
<li>Equipment may be removed and replaced. The bolt is simply re-inserted and torqued to obtain original holding power (the nut stays in the hole)</li>


<li>Bolt can be removed and re-used with a new nut after cleaning and lubricating the threads</li>

<li>Strength – the highest shear strength of any expansion anchor</li><br>
<li>Withstands vibratory loads</li><br>
<li>Works in a bottomless hole</li>
","","","Anchor Dia. & Length: 3/4” x 4-1/8”, Hole Dia.: 3/4&quot;, Min. Embed.: 3-3/8&quot;, Required Torque to set (ft. lbs.): 250, Head Size: 1-1/8&quot;, Required Head Clearance: 7/16&quot;, Tension (lbs.): 11,906, Shear (lbs.): 27,916, Tension (lbs.): 17,073, Shear (lbs.): 28,11","Taper Bolt",,,,,,,,1,0,1,0,0,1,1,1,0,1,1,,,1,0,1,0,1,0,1,0,,0,simple,,
admin,base,Default,simple,"1342|26966","Anchoring Systems|Concrete-Anchors",297923,"3451000",,"Taper Bolt","Taper Bolt","Taper Bolt","",/\3\4\mkt-fastening-3451000-taper-bolt.jpg,/\3\4\mkt-fastening-3451000-taper-bolt.jpg,http://www.48ws.com/images/product/3/4/mkt-fastening-3451000-taper-bolt.jpg,mkt-fastening-3451000-taper-bolt,mkt-fastening-3451000-taper-bolt,,No layout updates.,Block after Info Column,,"Taper Bolt","Taper Bolt",Use config,"http://www.mktfastening.com/",0,,,0,"MKT Fastening",1322,,Enabled,"Catalog, Search",Taxable Goods,Yes,No,"Taper Bolt","<br><li>Required hole diameter equals anchor diameter</li><br>
<li>Variation in hole size can be accommodated by turning the expander nut</li><br>
<li>Equipment may be removed and replaced. The bolt is simply re-inserted and torqued to obtain original holding power (the nut stays in the hole)</li>


<li>Bolt can be removed and re-used with a new nut after cleaning and lubricating the threads</li>

<li>Strength – the highest shear strength of any expansion anchor</li><br>
<li>Withstands vibratory loads</li><br>
<li>Works in a bottomless hole</li>
","","","Anchor Dia. & Length: 3/4” x 5-1/2”, Hole Dia.: 3/4&quot;, Min. Embed.: 3-3/8&quot;, Required Torque to set (ft. lbs.): 250, Head Size: 1-1/8&quot;, Required Head Clearance: 7/16&quot;, Tension (lbs.): 11,906, Shear (lbs.): 27,916, Tension (lbs.): 17,073, Shear (lbs.): 28,11","Taper Bolt",,,,,,,,1,0,1,0,0,1,1,1,0,1,1,,,1,0,1,0,1,0,1,0,,0,simple,,
admin,base,Default,simple,"1342|26966","Anchoring Systems|Concrete-Anchors",297924,"3452000",,"Taper Bolt","Taper Bolt","Taper Bolt","",/\3\4\mkt-fastening-3452000-taper-bolt.jpg,/\3\4\mkt-fastening-3452000-taper-bolt.jpg,http://www.48ws.com/images/product/3/4/mkt-fastening-3452000-taper-bolt.jpg,mkt-fastening-3452000-taper-bolt,mkt-fastening-3452000-taper-bolt,,No layout updates.,Block after Info Column,,"Taper Bolt","Taper Bolt",Use config,"http://www.mktfastening.com/",0,,,0,"MKT Fastening",1322,,Enabled,"Catalog, Search",Taxable Goods,Yes,No,"Taper Bolt","<br><li>Required hole diameter equals anchor diameter</li><br>
<li>Variation in hole size can be accommodated by turning the expander nut</li><br>
<li>Equipment may be removed and replaced. The bolt is simply re-inserted and torqued to obtain original holding power (the nut stays in the hole)</li>


<li>Bolt can be removed and re-used with a new nut after cleaning and lubricating the threads</li>

<li>Strength – the highest shear strength of any expansion anchor</li><br>
<li>Withstands vibratory loads</li><br>
<li>Works in a bottomless hole</li>
","","","Anchor Dia. & Length: 3/4” x 7”, Hole Dia.: 3/4&quot;, Min. Embed.: 3-3/8&quot;, Required Torque to set (ft. lbs.): 250, Head Size: 1-1/8&quot;, Required Head Clearance: 7/16&quot;, Tension (lbs.): 11,906, Shear (lbs.): 27,916, Tension (lbs.): 17,073, Shear (lbs.): 28,110, B","Taper Bolt",,,,,,,,1,0,1,0,0,1,1,1,0,1,1,,,1,0,1,0,1,0,1,0,,0,simple,,
admin,base,Default,simple,"1342|26966","Anchoring Systems|Concrete-Anchors",297925,"3453000",,"Taper Bolt","Taper Bolt","Taper Bolt","",/\3\4\mkt-fastening-3453000-taper-bolt.jpg,/\3\4\mkt-fastening-3453000-taper-bolt.jpg,http://www.48ws.com/images/product/3/4/mkt-fastening-3453000-taper-bolt.jpg,mkt-fastening-3453000-taper-bolt,mkt-fastening-3453000-taper-bolt,,No layout updates.,Block after Info Column,,"Taper Bolt","Taper Bolt",Use config,"http://www.mktfastening.com/",0,,,0,"MKT Fastening",1322,,Enabled,"Catalog, Search",Taxable Goods,Yes,No,"Taper Bolt","<br><li>Required hole diameter equals anchor diameter</li><br>
<li>Variation in hole size can be accommodated by turning the expander nut</li><br>
<li>Equipment may be removed and replaced. The bolt is simply re-inserted and torqued to obtain original holding power (the nut stays in the hole)</li>


<li>Bolt can be removed and re-used with a new nut after cleaning and lubricating the threads</li>

<li>Strength – the highest shear strength of any expansion anchor</li><br>
<li>Withstands vibratory loads</li><br>
<li>Works in a bottomless hole</li>
","","","Anchor Dia. & Length: 3/4” x 8”, Hole Dia.: 3/4&quot;, Min. Embed.: 3-3/8&quot;, Required Torque to set (ft. lbs.): 250, Head Size: 1-1/8&quot;, Required Head Clearance: 7/16&quot;, Tension (lbs.): 11,906, Shear (lbs.): 27,916, Tension (lbs.): 17,073, Shear (lbs.): 28,110, B","Taper Bolt",,,,,,,,1,0,1,0,0,1,1,1,0,1,1,,,1,0,1,0,1,0,1,0,,0,simple,,
admin,base,Default,simple,"1342|26966","Anchoring Systems|Concrete-Anchors",297926,"3460000",,"Taper Bolt","Taper Bolt","Taper Bolt","",/\3\4\mkt-fastening-3460000-taper-bolt.jpg,/\3\4\mkt-fastening-3460000-taper-bolt.jpg,http://www.48ws.com/images/product/3/4/mkt-fastening-3460000-taper-bolt.jpg,mkt-fastening-3460000-taper-bolt,mkt-fastening-3460000-taper-bolt,,No layout updates.,Block after Info Column,,"Taper Bolt","Taper Bolt",Use config,"http://www.mktfastening.com/",0,,,0,"MKT Fastening",1322,,Enabled,"Catalog, Search",Taxable Goods,Yes,No,"Taper Bolt","<br><li>Required hole diameter equals anchor diameter</li><br>
<li>Variation in hole size can be accommodated by turning the expander nut</li><br>
<li>Equipment may be removed and replaced. The bolt is simply re-inserted and torqued to obtain original holding power (the nut stays in the hole)</li>


<li>Bolt can be removed and re-used with a new nut after cleaning and lubricating the threads</li>

<li>Strength – the highest shear strength of any expansion anchor</li><br>
<li>Withstands vibratory loads</li><br>
<li>Works in a bottomless hole</li>
","","","Anchor Dia. & Length: 1” x 5-5/8&quot;, Hole Dia.: 1&quot;, Min. Embed.: 4-5/8&quot;, Required Torque to set (ft. lbs.): 550, Head Size: 1-1/2&quot;, Required Head Clearance: 5/8&quot;, Tension (lbs.): 28,263, Shear (lbs.): 36,257, Tension (lbs.): 30,817, Shear (lbs.): 38,487, Bo","Taper Bolt",,,,,,,,1,0,1,0,0,1,1,1,0,1,1,,,1,0,1,0,1,0,1,0,,0,simple,,
admin,base,Default,simple,"1342|26966","Anchoring Systems|Concrete-Anchors",297927,"3461000",,"Taper Bolt","Taper Bolt","Taper Bolt","",/\3\4\mkt-fastening-3461000-taper-bolt.jpg,/\3\4\mkt-fastening-3461000-taper-bolt.jpg,http://www.48ws.com/images/product/3/4/mkt-fastening-3461000-taper-bolt.jpg,mkt-fastening-3461000-taper-bolt,mkt-fastening-3461000-taper-bolt,,No layout updates.,Block after Info Column,,"Taper Bolt","Taper Bolt",Use config,"http://www.mktfastening.com/",0,,,0,"MKT Fastening",1322,,Enabled,"Catalog, Search",Taxable Goods,Yes,No,"Taper Bolt","<br><li>Required hole diameter equals anchor diameter</li><br>
<li>Variation in hole size can be accommodated by turning the expander nut</li><br>
<li>Equipment may be removed and replaced. The bolt is simply re-inserted and torqued to obtain original holding power (the nut stays in the hole)</li>


<li>Bolt can be removed and re-used with a new nut after cleaning and lubricating the threads</li>

<li>Strength – the highest shear strength of any expansion anchor</li><br>
<li>Withstands vibratory loads</li><br>
<li>Works in a bottomless hole</li>
","","","Anchor Dia. & Length: 1” x 6-3/4”, Hole Dia.: 1”, Min. Embed.: 4-5/8”, Required Torque to set (ft. lbs.): 550, Head Size: 1-1/2”, Required Head Clearance: 5/8”, Tension (lbs.): 28,263, Shear (lbs.): 36,257, Tension (lbs.): 30,817, Shear (lbs.): 38,487, Bo","Taper Bolt",,,,,,,,1,0,1,0,0,1,1,1,0,1,1,,,1,0,1,0,1,0,1,0,,0,simple,,
admin,base,Default,simple,"1342|26966","Anchoring Systems|Concrete-Anchors",297928,"3462000",,"Taper Bolt","Taper Bolt","Taper Bolt","",/\3\4\mkt-fastening-3462000-taper-bolt.jpg,/\3\4\mkt-fastening-3462000-taper-bolt.jpg,http://www.48ws.com/images/product/3/4/mkt-fastening-3462000-taper-bolt.jpg,mkt-fastening-3462000-taper-bolt,mkt-fastening-3462000-taper-bolt,,No layout updates.,Block after Info Column,,"Taper Bolt","Taper Bolt",Use config,"http://www.mktfastening.com/",0,,,0,"MKT Fastening",1322,,Enabled,"Catalog, Search",Taxable Goods,Yes,No,"Taper Bolt","<br><li>Required hole diameter equals anchor diameter</li><br>
<li>Variation in hole size can be accommodated by turning the expander nut</li><br>
<li>Equipment may be removed and replaced. The bolt is simply re-inserted and torqued to obtain original holding power (the nut stays in the hole)</li>


<li>Bolt can be removed and re-used with a new nut after cleaning and lubricating the threads</li>

<li>Strength – the highest shear strength of any expansion anchor</li><br>
<li>Withstands vibratory loads</li><br>
<li>Works in a bottomless hole</li>
","","","Anchor Dia. & Length: 1” x 7-1/4”, Hole Dia.: 1&quot;, Min. Embed.: 4-5/8&quot;, Required Torque to set (ft. lbs.): 550, Head Size: 1-1/2&quot;, Required Head Clearance: 5/8&quot;, Tension (lbs.): 28,263, Shear (lbs.): 36,257, Tension (lbs.): 30,817, Shear (lbs.): 38,487, Bo","Taper Bolt",,,,,,,,1,0,1,0,0,1,1,1,0,1,1,,,1,0,1,0,1,0,1,0,,0,simple,,
admin,base,Default,simple,"1342|26966","Anchoring Systems|Concrete-Anchors",297929,"8307000",,"Sup-R-Toggle","Sup-R-Toggle","Sup-R-Toggle","",/\8\3\mkt-fastening-8307000-sup-r-toggle.jpg,/\8\3\mkt-fastening-8307000-sup-r-toggle.jpg,http://www.48ws.com/images/product/8/3/mkt-fastening-8307000-sup-r-toggle.jpg,mkt-fastening-8307000-sup-r-toggle,mkt-fastening-8307000-sup-r-toggle,,No layout updates.,Block after Info Column,,"Sup-R-Toggle","Sup-R-Toggle",Use config,"http://www.mktfastening.com/",0,,,0,"MKT Fastening",1322,,Enabled,"Catalog, Search",Taxable Goods,Yes,No,"Sup-R-Toggle","<br><li>Light to medium loads under dead or variable conditions in a variety of</li><br>
<li>hollow base materials</li><br>
<li>Wings lock quickly and positively after insertion through the wall</li><br>
<li>G.S.A Spec FF-B-588D,Type 1, Class A, Style 1, for screw version</li><br>
<li>G.S.A Spec FF-B-588D,Type 1, Class A, Style 3, for hanger version</li>
","","","Screw Size: 1/8”, Hole Dia.: 100, Box Qty.: 1200","Sup-R-Toggle",,,,,,,,1,0,1,0,0,1,1,1,0,1,1,,,1,0,1,0,1,0,1,0,,0,simple,,
admin,base,Default,simple,"1342|26966","Anchoring Systems|Concrete-Anchors",297930,"8317000",,"Sup-R-Toggle","Sup-R-Toggle","Sup-R-Toggle","",/\8\3\mkt-fastening-8317000-sup-r-toggle.jpg,/\8\3\mkt-fastening-8317000-sup-r-toggle.jpg,http://www.48ws.com/images/product/8/3/mkt-fastening-8317000-sup-r-toggle.jpg,mkt-fastening-8317000-sup-r-toggle,mkt-fastening-8317000-sup-r-toggle,,No layout updates.,Block after Info Column,,"Sup-R-Toggle","Sup-R-Toggle",Use config,"http://www.mktfastening.com/",0,,,0,"MKT Fastening",1322,,Enabled,"Catalog, Search",Taxable Goods,Yes,No,"Sup-R-Toggle","<br><li>Light to medium loads under dead or variable conditions in a variety of</li><br>
<li>hollow base materials</li><br>
<li>Wings lock quickly and positively after insertion through the wall</li><br>
<li>G.S.A Spec FF-B-588D,Type 1, Class A, Style 1, for screw version</li><br>
<li>G.S.A Spec FF-B-588D,Type 1, Class A, Style 3, for hanger version</li>
","","","Screw Size: 3/16”, Hole Dia.: 100, Box Qty.: 800","Sup-R-Toggle",,,,,,,,1,0,1,0,0,1,1,1,0,1,1,,,1,0,1,0,1,0,1,0,,0,simple,,
admin,base,Default,simple,"1342|26966","Anchoring Systems|Concrete-Anchors",297931,"8337000",,"Sup-R-Toggle","Sup-R-Toggle","Sup-R-Toggle","",/\8\3\mkt-fastening-8337000-sup-r-toggle.jpg,/\8\3\mkt-fastening-8337000-sup-r-toggle.jpg,http://www.48ws.com/images/product/8/3/mkt-fastening-8337000-sup-r-toggle.jpg,mkt-fastening-8337000-sup-r-toggle,mkt-fastening-8337000-sup-r-toggle,,No layout updates.,Block after Info Column,,"Sup-R-Toggle","Sup-R-Toggle",Use config,"http://www.mktfastening.com/",0,,,0,"MKT Fastening",1322,,Enabled,"Catalog, Search",Taxable Goods,Yes,No,"Sup-R-Toggle","<br><li>Light to medium loads under dead or variable conditions in a variety of</li><br>
<li>hollow base materials</li><br>
<li>Wings lock quickly and positively after insertion through the wall</li><br>
<li>G.S.A Spec FF-B-588D,Type 1, Class A, Style 1, for screw version</li><br>
<li>G.S.A Spec FF-B-588D,Type 1, Class A, Style 3, for hanger version</li>
","","","Screw Size: 1/4”, Hole Dia.: 100, Box Qty.: 500","Sup-R-Toggle",,,,,,,,1,0,1,0,0,1,1,1,0,1,1,,,1,0,1,0,1,0,1,0,,0,simple,,
admin,base,Default,simple,"1342|26966","Anchoring Systems|Concrete-Anchors",297932,"8357000",,"Sup-R-Toggle","Sup-R-Toggle","Sup-R-Toggle","",/\8\3\mkt-fastening-8357000-sup-r-toggle.jpg,/\8\3\mkt-fastening-8357000-sup-r-toggle.jpg,http://www.48ws.com/images/product/8/3/mkt-fastening-8357000-sup-r-toggle.jpg,mkt-fastening-8357000-sup-r-toggle,mkt-fastening-8357000-sup-r-toggle,,No layout updates.,Block after Info Column,,"Sup-R-Toggle","Sup-R-Toggle",Use config,"http://www.mktfastening.com/",0,,,0,"MKT Fastening",1322,,Enabled,"Catalog, Search",Taxable Goods,Yes,No,"Sup-R-Toggle","<br><li>Light to medium loads under dead or variable conditions in a variety of</li><br>
<li>hollow base materials</li><br>
<li>Wings lock quickly and positively after insertion through the wall</li><br>
<li>G.S.A Spec FF-B-588D,Type 1, Class A, Style 1, for screw version</li><br>
<li>G.S.A Spec FF-B-588D,Type 1, Class A, Style 3, for hanger version</li>
","","","Screw Size: 5/16”, Hole Dia.: 100, Box Qty.: 300","Sup-R-Toggle",,,,,,,,1,0,1,0,0,1,1,1,0,1,1,,,1,0,1,0,1,0,1,0,,0,simple,,
admin,base,Default,simple,"1342|26966","Anchoring Systems|Concrete-Anchors",297933,"8377000",,"Sup-R-Toggle","Sup-R-Toggle","Sup-R-Toggle","",/\8\3\mkt-fastening-8377000-sup-r-toggle.jpg,/\8\3\mkt-fastening-8377000-sup-r-toggle.jpg,http://www.48ws.com/images/product/8/3/mkt-fastening-8377000-sup-r-toggle.jpg,mkt-fastening-8377000-sup-r-toggle,mkt-fastening-8377000-sup-r-toggle,,No layout updates.,Block after Info Column,,"Sup-R-Toggle","Sup-R-Toggle",Use config,"http://www.mktfastening.com/",0,,,0,"MKT Fastening",1322,,Enabled,"Catalog, Search",Taxable Goods,Yes,No,"Sup-R-Toggle","<br><li>Light to medium loads under dead or variable conditions in a variety of</li><br>
<li>hollow base materials</li><br>
<li>Wings lock quickly and positively after insertion through the wall</li><br>
<li>G.S.A Spec FF-B-588D,Type 1, Class A, Style 1, for screw version</li><br>
<li>G.S.A Spec FF-B-588D,Type 1, Class A, Style 3, for hanger version</li>
","","","Screw Size: 3/8”, Hole Dia.: 100, Box Qty.: 200","Sup-R-Toggle",,,,,,,,1,0,1,0,0,1,1,1,0,1,1,,,1,0,1,0,1,0,1,0,,0,simple,,
admin,base,Default,simple,"1342|26966","Anchoring Systems|Concrete-Anchors",297934,"8387000",,"Sup-R-Toggle","Sup-R-Toggle","Sup-R-Toggle","",/\8\3\mkt-fastening-8387000-sup-r-toggle.jpg,/\8\3\mkt-fastening-8387000-sup-r-toggle.jpg,http://www.48ws.com/images/product/8/3/mkt-fastening-8387000-sup-r-toggle.jpg,mkt-fastening-8387000-sup-r-toggle,mkt-fastening-8387000-sup-r-toggle,,No layout updates.,Block after Info Column,,"Sup-R-Toggle","Sup-R-Toggle",Use config,"http://www.mktfastening.com/",0,,,0,"MKT Fastening",1322,,Enabled,"Catalog, Search",Taxable Goods,Yes,No,"Sup-R-Toggle","<br><li>Light to medium loads under dead or variable conditions in a variety of</li><br>
<li>hollow base materials</li><br>
<li>Wings lock quickly and positively after insertion through the wall</li><br>
<li>G.S.A Spec FF-B-588D,Type 1, Class A, Style 1, for screw version</li><br>
<li>G.S.A Spec FF-B-588D,Type 1, Class A, Style 3, for hanger version</li>
","","","Screw Size: 1/2”, Hole Dia.: 25, Box Qty.: 75","Sup-R-Toggle",,,,,,,,1,0,1,0,0,1,1,1,0,1,1,,,1,0,1,0,1,0,1,0,,0,simple,,
admin,base,Default,simple,"1342|26966","Anchoring Systems|Concrete-Anchors",297935,"8320500",,"Sup-R-Toggle","Sup-R-Toggle","Sup-R-Toggle","",/\8\3\mkt-fastening-8320500-sup-r-toggle.jpg,/\8\3\mkt-fastening-8320500-sup-r-toggle.jpg,http://www.48ws.com/images/product/8/3/mkt-fastening-8320500-sup-r-toggle.jpg,mkt-fastening-8320500-sup-r-toggle,mkt-fastening-8320500-sup-r-toggle,,No layout updates.,Block after Info Column,,"Sup-R-Toggle","Sup-R-Toggle",Use config,"http://www.mktfastening.com/",0,,,0,"MKT Fastening",1322,,Enabled,"Catalog, Search",Taxable Goods,Yes,No,"Sup-R-Toggle","<br><li>Light to medium loads under dead or variable conditions in a variety of</li><br>
<li>hollow base materials</li><br>
<li>Wings lock quickly and positively after insertion through the wall</li><br>
<li>G.S.A Spec FF-B-588D,Type 1, Class A, Style 1, for screw version</li><br>
<li>G.S.A Spec FF-B-588D,Type 1, Class A, Style 3, for hanger version</li>
","","","Screw Size: 3/16” x 4”, Hole Dia.: 1/2&quot;, Box Qty.: 50","Sup-R-Toggle",,,,,,,,1,0,1,0,0,1,1,1,0,1,1,,,1,0,1,0,1,0,1,0,,0,simple,,
admin,base,Default,simple,"1342|26966","Anchoring Systems|Concrete-Anchors",297936,"8325500",,"Sup-R-Toggle","Sup-R-Toggle","Sup-R-Toggle","",/\8\3\mkt-fastening-8325500-sup-r-toggle.jpg,/\8\3\mkt-fastening-8325500-sup-r-toggle.jpg,http://www.48ws.com/images/product/8/3/mkt-fastening-8325500-sup-r-toggle.jpg,mkt-fastening-8325500-sup-r-toggle,mkt-fastening-8325500-sup-r-toggle,,No layout updates.,Block after Info Column,,"Sup-R-Toggle","Sup-R-Toggle",Use config,"http://www.mktfastening.com/",0,,,0,"MKT Fastening",1322,,Enabled,"Catalog, Search",Taxable Goods,Yes,No,"Sup-R-Toggle","<br><li>Light to medium loads under dead or variable conditions in a variety of</li><br>
<li>hollow base materials</li><br>
<li>Wings lock quickly and positively after insertion through the wall</li><br>
<li>G.S.A Spec FF-B-588D,Type 1, Class A, Style 1, for screw version</li><br>
<li>G.S.A Spec FF-B-588D,Type 1, Class A, Style 3, for hanger version</li>
","","","Screw Size: 3/16” x 5”, Hole Dia.: 1/2&quot;, Box Qty.: 50","Sup-R-Toggle",,,,,,,,1,0,1,0,0,1,1,1,0,1,1,,,1,0,1,0,1,0,1,0,,0,simple,,
admin,base,Default,simple,"1342|26966","Anchoring Systems|Concrete-Anchors",297937,"8340500",,"Sup-R-Toggle","Sup-R-Toggle","Sup-R-Toggle","",/\8\3\mkt-fastening-8340500-sup-r-toggle.jpg,/\8\3\mkt-fastening-8340500-sup-r-toggle.jpg,http://www.48ws.com/images/product/8/3/mkt-fastening-8340500-sup-r-toggle.jpg,mkt-fastening-8340500-sup-r-toggle,mkt-fastening-8340500-sup-r-toggle,,No layout updates.,Block after Info Column,,"Sup-R-Toggle","Sup-R-Toggle",Use config,"http://www.mktfastening.com/",0,,,0,"MKT Fastening",1322,,Enabled,"Catalog, Search",Taxable Goods,Yes,No,"Sup-R-Toggle","<br><li>Light to medium loads under dead or variable conditions in a variety of</li><br>
<li>hollow base materials</li><br>
<li>Wings lock quickly and positively after insertion through the wall</li><br>
<li>G.S.A Spec FF-B-588D,Type 1, Class A, Style 1, for screw version</li><br>
<li>G.S.A Spec FF-B-588D,Type 1, Class A, Style 3, for hanger version</li>
","","","Screw Size: 1/4” x 4”, Hole Dia.: 1/4&quot;, Box Qty.: 50","Sup-R-Toggle",,,,,,,,1,0,1,0,0,1,1,1,0,1,1,,,1,0,1,0,1,0,1,0,,0,simple,,
admin,base,Default,simple,"1342|26966","Anchoring Systems|Concrete-Anchors",297938,"8345500",,"Sup-R-Toggle","Sup-R-Toggle","Sup-R-Toggle","",/\8\3\mkt-fastening-8345500-sup-r-toggle.jpg,/\8\3\mkt-fastening-8345500-sup-r-toggle.jpg,http://www.48ws.com/images/product/8/3/mkt-fastening-8345500-sup-r-toggle.jpg,mkt-fastening-8345500-sup-r-toggle,mkt-fastening-8345500-sup-r-toggle,,No layout updates.,Block after Info Column,,"Sup-R-Toggle","Sup-R-Toggle",Use config,"http://www.mktfastening.com/",0,,,0,"MKT Fastening",1322,,Enabled,"Catalog, Search",Taxable Goods,Yes,No,"Sup-R-Toggle","<br><li>Light to medium loads under dead or variable conditions in a variety of</li><br>
<li>hollow base materials</li><br>
<li>Wings lock quickly and positively after insertion through the wall</li><br>
<li>G.S.A Spec FF-B-588D,Type 1, Class A, Style 1, for screw version</li><br>
<li>G.S.A Spec FF-B-588D,Type 1, Class A, Style 3, for hanger version</li>
","","","Screw Size: 1/4” x 5”, Hole Dia.: 1/4&quot;, Box Qty.: 50","Sup-R-Toggle",,,,,,,,1,0,1,0,0,1,1,1,0,1,1,,,1,0,1,0,1,0,1,0,,0,simple,,
