﻿store,websites,attribute_set,Type,category_ids,category_names,48WS_product_id,sku,has_options,name,Group_Name,meta_title,meta_description,Image,small_image,thumbnail,url_key,url_path,custom_design,page_layout,options_container,image_label,small_image_label,thumbnail_label,gift_message_available,manufacturer_url,price,special_price,cost,weight,manufacturer,manufacturer_id,color,status,visibility,tax_class_id,enable_googlecheckout,is_recurring,description,short_description,summary,upc,size_info,meta_keyword,custom_layout_update,news_from_date,news_to_date,special_from_date,special_to_date,custom_design_from,custom_design_to,qty,min_qty,use_config_min_qty,is_qty_decimal,backorders,use_config_backorders,min_sale_qty,use_config_min_sale_qty,max_sale_qty,use_config_max_sale_qty,is_in_stock,low_stock_date,notify_stock_qty,use_config_notify_stock_qty,manage_stock,use_config_manage_stock,stock_status_changed_automatically,use_config_qty_increments,qty_increments,use_config_enable_qty_increments,enable_qty_increments,product_name,store_id,product_type_id,product_status_changed,product_changed_websites
admin,base,Default,simple,"19530","Caulk Guns",37569,"46435",,"SKELETON CAULK GUN","","SKELETON CAULK GUN","Caulking Gun",/\4\6\SKELETON-CAULK.jpg,/\4\6\SKELETON-CAULK.jpg,http://www.48ws.com/images/product/4/6/SKELETON-CAULK.jpg,newborn-brothers-co-46435-skeleton-caulk-gun,newborn-brothers-co-46435-skeleton-caulk-gun,,No layout updates.,Block after Info Column,,"SKELETON CAULK GUN","SKELETON CAULK GUN",Use config,"http://www.newborncaulkguns.com/",0,,,0,"Newborn Brothers Co.",344,,Enabled,"Catalog, Search",Taxable Goods,Yes,No,"Caulking Gun","<li>5:1 Ratio</li><li>10 oz.</li>","","","Newborn Brothers - SKELETON CAULK GUN","SKELETON CAULK GUN",,,,,,,,1,0,1,0,0,1,1,1,0,1,1,,,1,0,1,0,1,0,1,0,,0,simple,,
admin,base,Default,simple,"19530","Caulk Guns",37572,"46420",,"Quart Cradle Ratchet Rod","","Quart Cradle Ratchet Rod","Caulking Gun",/\4\6\Quart-Cradle-Ratchet.jpg,/\4\6\Quart-Cradle-Ratchet.jpg,http://www.48ws.com/images/product/4/6/Quart-Cradle-Ratchet.jpg,newborn-brothers-co-46420-quart-cradle-ratchet-rod,newborn-brothers-co-46420-quart-cradle-ratchet-rod,,No layout updates.,Block after Info Column,,"Quart Cradle Ratchet Rod","Quart Cradle Ratchet Rod",Use config,"http://www.newborncaulkguns.com/",0,,,0,"Newborn Brothers Co.",344,,Enabled,"Catalog, Search",Taxable Goods,Yes,No,"Caulking Gun","<li>3:1 Ratio</li>","","","Newborn Brothers - Quart Cradle Ratchet Rod","Quart Cradle Ratchet Rod",,,,,,,,1,0,1,0,0,1,1,1,0,1,1,,,1,0,1,0,1,0,1,0,,0,simple,,
admin,base,Default,simple,"19530","Caulk Guns",37575,"077",,"Cradle Ratchet Rod Caulking Gun","","Cradle Ratchet Rod Caulking Gun","10 oz. Caulking Gun",/\0\7\Cradle-Ratchet-Rod-Caulking.jpg,/\0\7\Cradle-Ratchet-Rod-Caulking.jpg,http://www.48ws.com/images/product/0/7/Cradle-Ratchet-Rod-Caulking.jpg,newborn-brothers-co-077-,newborn-brothers-co-077-,,No layout updates.,Block after Info Column,,"Cradle Ratchet Rod Caulking Gun","Cradle Ratchet Rod Caulking Gun",Use config,"http://www.newborncaulkguns.com/",0,,,0,"Newborn Brothers Co.",344,,Enabled,"Catalog, Search",Taxable Goods,Yes,No,"10 oz. Caulking Gun","<li>5:1 Ratio</li><li>Cradle Ratchet Rod</li>","","","Newborn Brothers - Cradle Ratchet Rod Caulking Gun","Cradle Ratchet Rod Caulking Gun",,,,,,,,1,0,1,0,0,1,1,1,0,1,1,,,1,0,1,0,1,0,1,0,,0,simple,,
admin,base,Default,simple,"19530","Caulk Guns",37576,"46438",,"Quart Skeleton Ratchet Rod","","Quart Skeleton Ratchet Rod","Quart Skeleton Ratchet Rod Caulking Gun",/\4\6\Quart-Skeleton-Ratchet.jpg,/\4\6\Quart-Skeleton-Ratchet.jpg,http://www.48ws.com/images/product/4/6/Quart-Skeleton-Ratchet.jpg,newborn-brothers-co-46438-quart-skeleton-ratchet-rod,newborn-brothers-co-46438-quart-skeleton-ratchet-rod,,No layout updates.,Block after Info Column,,"Quart Skeleton Ratchet Rod","Quart Skeleton Ratchet Rod",Use config,"http://www.newborncaulkguns.com/",0,,,0,"Newborn Brothers Co.",344,,Enabled,"Catalog, Search",Taxable Goods,Yes,No,"Quart Skeleton Ratchet Rod Caulking Gun","<li>10:1 Ratio</li>","","","Newborn Brothers - Quart Skeleton Ratchet Rod","Quart Skeleton Ratchet Rod",,,,,,,,1,0,1,0,0,1,1,1,0,1,1,,,1,0,1,0,1,0,1,0,,0,simple,,
admin,base,Default,simple,"19530","Caulk Guns",37578,"215",,"Quart Cradle Ratchet Rod","","Quart Cradle Ratchet Rod","Quart Cradle Ratchet Rod Caulking Gun",/\2\1\Quart-Cradle-Ratchet.jpg,/\2\1\Quart-Cradle-Ratchet.jpg,http://www.48ws.com/images/product/2/1/Quart-Cradle-Ratchet.jpg,newborn-brothers-co-215-quart-cradle-ratchet-rod,newborn-brothers-co-215-quart-cradle-ratchet-rod,,No layout updates.,Block after Info Column,,"Quart Cradle Ratchet Rod","Quart Cradle Ratchet Rod",Use config,"http://www.newborncaulkguns.com/",0,,,0,"Newborn Brothers Co.",344,,Enabled,"Catalog, Search",Taxable Goods,Yes,No,"Quart Cradle Ratchet Rod Caulking Gun","<li>6:1 Ratio</li>","","","Newborn Brothers - Quart Cradle Ratchet Rod","Quart Cradle Ratchet Rod",,,,,,,,1,0,1,0,0,1,1,1,0,1,1,,,1,0,1,0,1,0,1,0,,0,simple,,
admin,base,Default,simple,"19530","Caulk Guns",37580,"250",,"10 oz Revolving Skeleton Frame Smooth Rod Caulking Gun","","10 oz Revolving Skeleton Frame Smooth Rod Caulking Gun","10 Oz. Revolving Skeleton Frame Caulking Gun",/\2\5\10-oz-Revolving-Skeleton-Frame-Smooth-Rod-Caulking.jpg,/\2\5\10-oz-Revolving-Skeleton-Frame-Smooth-Rod-Caulking.jpg,http://www.48ws.com/images/product/2/5/10-oz-Revolving-Skeleton-Frame-Smooth-Rod-Caulking.jpg,newborn-brothers-co-250-10-oz-revolving-skeleton-frame-smooth-rod-caulking-gun,newborn-brothers-co-250-10-oz-revolving-skeleton-frame-smooth-rod-caulking-gun,,No layout updates.,Block after Info Column,,"10 oz Revolving Skeleton Frame Smooth Rod Caulking Gun","10 oz Revolving Skeleton Frame Smooth Rod Caulking Gun",Use config,"http://www.newborncaulkguns.com/",0,,,0,"Newborn Brothers Co.",344,,Enabled,"Catalog, Search",Taxable Goods,Yes,No,"10 Oz. Revolving Skeleton Frame Caulking Gun","<li>18:1 Ratio</li>","","","10 oz Revolving Skeleton Frame Smooth Rod Caulking Gun","10 oz Revolving Skeleton Frame Smooth Rod Caulking Gun",,,,,,,,1,0,1,0,0,1,1,1,0,1,1,,,1,0,1,0,1,0,1,0,,0,simple,,
admin,base,Default,simple,"817|26731","Epoxy|Concrete Epoxy Injection",37582,"535 XSP",,"2 Part Epoxy Gun","","2 Part Epoxy Gun","Epoxy Gun",/\5\3\2-Part-Epoxy.jpg,/\5\3\2-Part-Epoxy.jpg,http://www.48ws.com/images/product/5/3/2-Part-Epoxy.jpg,newborn-brothers-co-535-XSP-2-part-epoxy-gun,newborn-brothers-co-535-XSP-2-part-epoxy-gun,,No layout updates.,Block after Info Column,,"2 Part Epoxy Gun","2 Part Epoxy Gun",Use config,"http://www.newborncaulkguns.com/",0,,,0,"Newborn Brothers Co.",344,,Enabled,"Catalog, Search",Taxable Goods,Yes,No,"Epoxy Gun","<li>2 Part Epoxy Gun</li><li>Comfort grip handle</li>","","","Newborn Brothers - 2 Part Epoxy Gun","2 Part Epoxy Gun",,,,,,,,1,0,1,0,0,1,1,1,0,1,1,,,1,0,1,0,1,0,1,0,,0,simple,,
admin,base,Default,simple,"19530","Caulk Guns",37584,"624 GTS",,"Caulking Gun for Bulk/Sausage","","Caulking Gun for Bulk/Sausage","Caulking gun for 24 Oz. Sausage/Bulk Pack",/\6\2\Caulking-Gun-for- 1.jpg,/\6\2\Caulking-Gun-for- 1.jpg,http://www.48ws.com/images/product/6/2/Caulking-Gun-for- 1.jpg,newborn-brothers-co-624-GTS-caulking-gun-for-bulksausage,newborn-brothers-co-624-GTS-caulking-gun-for-bulksausage,,No layout updates.,Block after Info Column,,"Caulking Gun for Bulk/Sausage","Caulking Gun for Bulk/Sausage",Use config,"http://www.newborncaulkguns.com/",0,,,0,"Newborn Brothers Co.",344,,Enabled,"Catalog, Search",Taxable Goods,Yes,No,"Caulking gun for 24 Oz. Sausage/Bulk Pack","<li> 24 Oz. Capacity</li><li>Comfort Grip Handle</li>","","","Newborn Brothers - Caulking Gun for Bulk/Sausage","Caulking Gun for Bulk/Sausage",,,,,,,,1,0,1,0,0,1,1,1,0,1,1,,,1,0,1,0,1,0,1,0,,0,simple,,
admin,base,Default,simple,"19530","Caulk Guns",37586,"750 XSP",,"750 ML Dual Comp. Gun Manual","","750 ML Dual Comp. Gun Manual","Manual Dual Comp Gun",/\7\5\750-ML-Dual-Comp-Gun.jpg,/\7\5\750-ML-Dual-Comp-Gun.jpg,http://www.48ws.com/images/product/7/5/750-ML-Dual-Comp-Gun.jpg,newborn-brothers-co-750-XSP-750-ml-dual-comp-gun-manual,newborn-brothers-co-750-XSP-750-ml-dual-comp-gun-manual,,No layout updates.,Block after Info Column,,"750 ML Dual Comp. Gun Manual","750 ML Dual Comp. Gun Manual",Use config,"http://www.newborncaulkguns.com/",0,,,0,"Newborn Brothers Co.",344,,Enabled,"Catalog, Search",Taxable Goods,Yes,No,"Manual Dual Comp Gun","<li>Comfort Grip Handle</li>","","","Newborn Brothers - 750 ML Dual Comp. Gun Manual","750 ML Dual Comp. Gun Manual",,,,,,,,1,0,1,0,0,1,1,1,0,1,1,,,1,0,1,0,1,0,1,0,,0,simple,,
admin,base,Default,simple,"19533","Epoxy Applicator Accessories",37588,"FPT 02",,"Follow Plate for 2 Gallons","Follow Plates","Follow Plate for 2 Gallons","Follow Plate",/\F\P\Follow-Plate-for-2.jpg,/\F\P\Follow-Plate-for-2.jpg,http://www.48ws.com/images/product/F/P/Follow-Plate-for-2.jpg,newborn-brothers-co-FPT-02-follow-plate-for-2-gallons,newborn-brothers-co-FPT-02-follow-plate-for-2-gallons,,No layout updates.,Block after Info Column,,"Follow Plate for 2 Gallons","Follow Plate for 2 Gallons",Use config,"http://www.newborncaulkguns.com/",0,,,0,"Newborn Brothers Co.",344,,Enabled,"Catalog, Search",Taxable Goods,Yes,No,"Follow Plate","<li>Metal Follow Plate</li>","","","Follow Plate for 2 Gallons","Follow Plate for 2 Gallons",,,,,,,,1,0,1,0,0,1,1,1,0,1,1,,,1,0,1,0,1,0,1,0,,0,simple,,
admin,base,Default,simple,"19533","Epoxy Applicator Accessories",37590,"FPT 05",,"Follow Plate for 5 Gallons","Follow Plates","Follow Plate for 5 Gallons","Follow Plate",/\F\P\Follow-Plate-for-5.jpg,/\F\P\Follow-Plate-for-5.jpg,http://www.48ws.com/images/product/F/P/Follow-Plate-for-5.jpg,newborn-brothers-co-FPT-05-follow-plate-for-5-gallons,newborn-brothers-co-FPT-05-follow-plate-for-5-gallons,,No layout updates.,Block after Info Column,,"Follow Plate for 5 Gallons","Follow Plate for 5 Gallons",Use config,"http://www.newborncaulkguns.com/",0,,,0,"Newborn Brothers Co.",344,,Enabled,"Catalog, Search",Taxable Goods,Yes,No,"Follow Plate","<li>Metal Follow Plate</li><li>With Quick Connect and Disconnect</li>","","","Follow Plate for 5 Gallons","Follow Plate for 5 Gallons",,,,,,,,1,0,1,0,0,1,1,1,0,1,1,,,1,0,1,0,1,0,1,0,,0,simple,,
admin,base,Default,simple,"19533","Epoxy Applicator Accessories",37593,"LC2",,"2&quot; Leather Piston Packing Kit","","2&quot; Leather Piston Packing Kit","Leather Piston Packing Kit",/\L\C\2-Leather-Piston-Packing.jpg,/\L\C\2-Leather-Piston-Packing.jpg,http://www.48ws.com/images/product/L/C/2-Leather-Piston-Packing.jpg,newborn-brothers-co-LC2-2-leather-piston-packing-kit,newborn-brothers-co-LC2-2-leather-piston-packing-kit,,No layout updates.,Block after Info Column,,"2&quot; Leather Piston Packing Kit","2&quot; Leather Piston Packing Kit",Use config,"http://www.newborncaulkguns.com/",0,,,0,"Newborn Brothers Co.",344,,Enabled,"Catalog, Search",Taxable Goods,Yes,No,"Leather Piston Packing Kit","<li>Two Leather Cups with Washer</li>","","","2&quot; Leather Piston Packing Kit","2&quot; Leather Piston Packing Kit",,,,,,,,1,0,1,0,0,1,1,1,0,1,1,,,1,0,1,0,1,0,1,0,,0,simple,,
admin,base,Default,simple,"19533","Epoxy Applicator Accessories",37595,"LH36A",,"Bulk Gun Ladder Hook","","Bulk Gun Ladder Hook","Ladder Hook",/\L\H\Bulk-Gun-Ladder.jpg,/\L\H\Bulk-Gun-Ladder.jpg,http://www.48ws.com/images/product/L/H/Bulk-Gun-Ladder.jpg,newborn-brothers-co-LH36A-bulk-gun-ladder-hook,newborn-brothers-co-LH36A-bulk-gun-ladder-hook,,No layout updates.,Block after Info Column,,"Bulk Gun Ladder Hook","Bulk Gun Ladder Hook",Use config,"http://www.newborncaulkguns.com/",0,,,0,"Newborn Brothers Co.",344,,Enabled,"Catalog, Search",Taxable Goods,Yes,No,"Ladder Hook","<li>Black Bulk Gun Ladder Hook</li>","","","Bulk Gun Ladder Hook","Bulk Gun Ladder Hook",,,,,,,,1,0,1,0,0,1,1,1,0,1,1,,,1,0,1,0,1,0,1,0,,0,simple,,
admin,base,Default,simple,"24074","Mud and Paint Mixer Attachments",37597,"MX02",,"22&quot;Tall 4&quot;Wide Catalyst Mixer","","22&quot;Tall 4&quot;Wide Catalyst Mixer","Catalyst Mixer",/\M\X\22Tall-4Wide-Catalyst.jpg,/\M\X\22Tall-4Wide-Catalyst.jpg,http://www.48ws.com/images/product/M/X/22Tall-4Wide-Catalyst.jpg,newborn-brothers-co-MX02-22tall-4wide-catalyst-mixer,newborn-brothers-co-MX02-22tall-4wide-catalyst-mixer,,No layout updates.,Block after Info Column,,"22&quot;Tall 4&quot;Wide Catalyst Mixer","22&quot;Tall 4&quot;Wide Catalyst Mixer",Use config,"http://www.newborncaulkguns.com/",0,,,0,"Newborn Brothers Co.",344,,Enabled,"Catalog, Search",Taxable Goods,Yes,No,"Catalyst Mixer","<li>Metal Catalyst Mixer</li>","","","22&quot;Tall 4&quot;Wide Catalyst Mixer","22&quot;Tall 4&quot;Wide Catalyst Mixer",,,,,,,,1,0,1,0,0,1,1,1,0,1,1,,,1,0,1,0,1,0,1,0,,0,simple,,
admin,base,Default,simple,"19530","Caulk Guns",37598,"OV18",,"1/4&quot; Oval End Metal Nozzle","Oval End Metal Nozzles","1/4&quot; Oval End Metal Nozzle","Oval End Metal Caulking Nozzle",/\O\V\14-Oval-End-Metal.jpg,/\O\V\14-Oval-End-Metal.jpg,http://www.48ws.com/images/product/O/V/14-Oval-End-Metal.jpg,newborn-brothers-co-OV18-14-oval-end-metal-nozzle,newborn-brothers-co-OV18-14-oval-end-metal-nozzle,,No layout updates.,Block after Info Column,,"1/4&quot; Oval End Metal Nozzle","1/4&quot; Oval End Metal Nozzle",Use config,"http://www.newborncaulkguns.com/",0,,,0,"Newborn Brothers Co.",344,,Enabled,"Catalog, Search",Taxable Goods,Yes,No,"Oval End Metal Caulking Nozzle","<li>Metal Nozzle</li>","","","1/4&quot; Oval End Metal Nozzle","1/4&quot; Oval End Metal Nozzle",,,,,,,,1,0,1,0,0,1,1,1,0,1,1,,,1,0,1,0,1,0,1,0,,0,simple,,
admin,base,Default,simple,"19530","Caulk Guns",37599,"OV21",,"3/8&quot; Oval End Metal Nozzle","Oval End Metal Nozzles","3/8&quot; Oval End Metal Nozzle","Oval End Caulking Nozzle",/\O\V\38-Oval-End-Metal.jpg,/\O\V\38-Oval-End-Metal.jpg,http://www.48ws.com/images/product/O/V/38-Oval-End-Metal.jpg,newborn-brothers-co-OV21-38-oval-end-metal-nozzle,newborn-brothers-co-OV21-38-oval-end-metal-nozzle,,No layout updates.,Block after Info Column,,"3/8&quot; Oval End Metal Nozzle","3/8&quot; Oval End Metal Nozzle",Use config,"http://www.newborncaulkguns.com/",0,,,0,"Newborn Brothers Co.",344,,Enabled,"Catalog, Search",Taxable Goods,Yes,No,"Oval End Caulking Nozzle","<li>Oval Ended Metal Caulking Nozzle</li>","","","3/8&quot; Oval End Metal Nozzle","3/8&quot; Oval End Metal Nozzle",,,,,,,,1,0,1,0,0,1,1,1,0,1,1,,,1,0,1,0,1,0,1,0,,0,simple,,
admin,base,Default,simple,"19530","Caulk Guns",37600,"OV25",,"1/2&quot; Oval End Metal Nozzle","Oval End Metal Nozzles","1/2&quot; Oval End Metal Nozzle","Oval End Metal Nozzle",/\O\V\12-Oval-End-Metal.jpg,/\O\V\12-Oval-End-Metal.jpg,http://www.48ws.com/images/product/O/V/12-Oval-End-Metal.jpg,newborn-brothers-co-OV25-12-oval-end-metal-nozzle,newborn-brothers-co-OV25-12-oval-end-metal-nozzle,,No layout updates.,Block after Info Column,,"1/2&quot; Oval End Metal Nozzle","1/2&quot; Oval End Metal Nozzle",Use config,"http://www.newborncaulkguns.com/",0,,,0,"Newborn Brothers Co.",344,,Enabled,"Catalog, Search",Taxable Goods,Yes,No,"Oval End Metal Nozzle","<li>Oval End Metal Caulking Nozzle</li>","","","1/2&quot; Oval End Metal Nozzle","1/2&quot; Oval End Metal Nozzle",,,,,,,,1,0,1,0,0,1,1,1,0,1,1,,,1,0,1,0,1,0,1,0,,0,simple,,
admin,base,Default,simple,"19530","Caulk Guns",37602,"PC58",,"Green Plastic Cone","","Green Plastic Cone","Green Plastic Caulking Cone",/\P\C\Green-Plastic.jpg,/\P\C\Green-Plastic.jpg,http://www.48ws.com/images/product/P/C/Green-Plastic.jpg,newborn-brothers-co-PC58-green-plastic-cone,newborn-brothers-co-PC58-green-plastic-cone,,No layout updates.,Block after Info Column,,"Green Plastic Cone","Green Plastic Cone",Use config,"http://www.newborncaulkguns.com/",0,,,0,"Newborn Brothers Co.",344,,Enabled,"Catalog, Search",Taxable Goods,Yes,No,"Green Plastic Caulking Cone","<li>Green Plastic to be used with 2&quot; Barrel (with RCP-60 Ring Cap)</li>","","","Newborn Brothers - Green Plastic Cone","Green Plastic Cone",,,,,,,,1,0,1,0,0,1,1,1,0,1,1,,,1,0,1,0,1,0,1,0,,0,simple,,
admin,base,Default,simple,"19530","Caulk Guns",37604,"PC620",,"Yellow Plastic Cone","","Yellow Plastic Cone","Yellow Plastic Caulking Cone",/\P\C\Yellow-Plastic.jpg,/\P\C\Yellow-Plastic.jpg,http://www.48ws.com/images/product/P/C/Yellow-Plastic.jpg,newborn-brothers-co-PC620-yellow-plastic-cone,newborn-brothers-co-PC620-yellow-plastic-cone,,No layout updates.,Block after Info Column,,"Yellow Plastic Cone","Yellow Plastic Cone",Use config,"http://www.newborncaulkguns.com/",0,,,0,"Newborn Brothers Co.",344,,Enabled,"Catalog, Search",Taxable Goods,Yes,No,"Yellow Plastic Caulking Cone","<li>Yellow Plastic Cone to be used with Model 620-AL</li>","","","Newborn Brothers - Yellow Plastic Cone","Yellow Plastic Cone",,,,,,,,1,0,1,0,0,1,1,1,0,1,1,,,1,0,1,0,1,0,1,0,,0,simple,,
admin,base,Default,simple,"19530","Caulk Guns",37607,"R9",,"Round End Metal Nozzle","","Round End Metal Nozzle","1/2&quot; Round End Metal Nozzle",/\R\9\Round-End-Metal.jpg,/\R\9\Round-End-Metal.jpg,http://www.48ws.com/images/product/R/9/Round-End-Metal.jpg,newborn-brothers-co-R9-round-end-metal-nozzle,newborn-brothers-co-R9-round-end-metal-nozzle,,No layout updates.,Block after Info Column,,"Round End Metal Nozzle","Round End Metal Nozzle",Use config,"http://www.newborncaulkguns.com/",0,,,0,"Newborn Brothers Co.",344,,Enabled,"Catalog, Search",Taxable Goods,Yes,No,"1/2&quot; Round End Metal Nozzle","<li>Round End Caulking Nozzle</li>","","","Newborn Brothers - Round End Metal Nozzle","Round End Metal Nozzle",,,,,,,,1,0,1,0,0,1,1,1,0,1,1,,,1,0,1,0,1,0,1,0,,0,simple,,
admin,base,Default,simple,"19530","Caulk Guns",37610,"RB220",,"1/10 Gallon Smooth Rod Caulking Gun with Revolving Frame","","1/10 Gallon Smooth Rod Caulking Gun with Revolving Frame","10 Oz. Revolving Skeleton Caulking Gun",/\R\B\110-Gallon-Smooth-Rod-Caulking-Gun-with-Revolving.jpg,/\R\B\110-Gallon-Smooth-Rod-Caulking-Gun-with-Revolving.jpg,http://www.48ws.com/images/product/R/B/110-Gallon-Smooth-Rod-Caulking-Gun-with-Revolving.jpg,newborn-brothers-co-RB220-110-gallon-smooth-rod-caulking-gun-with-revolving-frame,newborn-brothers-co-RB220-110-gallon-smooth-rod-caulking-gun-with-revolving-frame,,No layout updates.,Block after Info Column,,"1/10 Gallon Smooth Rod Caulking Gun with Revolving Frame","1/10 Gallon Smooth Rod Caulking Gun with Revolving Frame",Use config,"http://www.newborncaulkguns.com/",0,,,0,"Newborn Brothers Co.",344,,Enabled,"Catalog, Search",Taxable Goods,Yes,No,"10 Oz. Revolving Skeleton Caulking Gun","<li>14:1 Thrust Ratio</li><li>Seal Puncture Tool</li><li>Spout Cutter</li><li>Ladder Hook</li><li>Optional Drip-Free Feature</li>","","","1/10 Gallon Smooth Rod Caulking Gun with Revolving Frame","1/10 Gallon Smooth Rod Caulking Gun with Revolving Frame",,,,,,,,1,0,1,0,0,1,1,1,0,1,1,,,1,0,1,0,1,0,1,0,,0,simple,,
admin,base,Default,simple,"19530","Caulk Guns",37613,"RCP-60",,"2&quot; Diagonal Ring Cap for PC-58","","2&quot; Diagonal Ring Cap for PC-58","Metal Diagonal Ring Cap",/\R\C\2-Diagonal-Ring-Cap-for-PC.jpg,/\R\C\2-Diagonal-Ring-Cap-for-PC.jpg,http://www.48ws.com/images/product/R/C/2-Diagonal-Ring-Cap-for-PC.jpg,newborn-brothers-co-RCP-60-2-diagonal-ring-cap-for-pc-58,newborn-brothers-co-RCP-60-2-diagonal-ring-cap-for-pc-58,,No layout updates.,Block after Info Column,,"2&quot; Diagonal Ring Cap for PC-58","2&quot; Diagonal Ring Cap for PC-58",Use config,"http://www.newborncaulkguns.com/",0,,,0,"Newborn Brothers Co.",344,,Enabled,"Catalog, Search",Taxable Goods,Yes,No,"Metal Diagonal Ring Cap","","","","2&quot; Diagonal Ring Cap for PC-58","2&quot; Diagonal Ring Cap for PC-58",,,,,,,,1,0,1,0,0,1,1,1,0,1,1,,,1,0,1,0,1,0,1,0,,0,simple,,
admin,base,Default,simple,"279|21688","Caulking Tools|Putty and Joint Knives | Spatulas | Scrapers",37616,"SPT3P",,"Spatulas","Spatulas","Spatulas","Caulking Spatula",/\S\P\3-Tapered.jpg,/\S\P\3-Tapered.jpg,http://www.48ws.com/images/product/S/P/3-Tapered.jpg,newborn-brothers-co-SPT3P-spatulas,newborn-brothers-co-SPT3P-spatulas,,No layout updates.,Block after Info Column,,"Spatulas","Spatulas",Use config,"http://www.newborncaulkguns.com/",0,,,0,"Newborn Brothers Co.",344,,Enabled,"Catalog, Search",Taxable Goods,Yes,No,"Caulking Spatula","<li>5/8&quot; - 3/8&quot; Width</li>","","","3&quot; Tapered, 5/8&quot;-3/8&quot; Width","Spatulas",,,,,,,,1,0,1,0,0,1,1,1,0,1,1,,,1,0,1,0,1,0,1,0,,0,simple,,
admin,base,Default,simple,"279|21688","Caulking Tools|Putty and Joint Knives | Spatulas | Scrapers",37617,"SPT4S",,"Spatulas","Spatulas","Spatulas","Straight Caulking Joint Sealing Spatula",/\S\P\4-Straight.jpg,/\S\P\4-Straight.jpg,http://www.48ws.com/images/product/S/P/4-Straight.jpg,newborn-brothers-co-SPT4S-spatulas,newborn-brothers-co-SPT4S-spatulas,,No layout updates.,Block after Info Column,,"Spatulas","Spatulas",Use config,"http://www.newborncaulkguns.com/",0,,,0,"Newborn Brothers Co.",344,,Enabled,"Catalog, Search",Taxable Goods,Yes,No,"Straight Caulking Joint Sealing Spatula","<li>3/4&quot; Width</li>","","","4&quot; Straight, 3/4&quot; Width","Spatulas",,,,,,,,1,0,1,0,0,1,1,1,0,1,1,,,1,0,1,0,1,0,1,0,,0,simple,,
admin,base,Default,simple,"279|21688","Caulking Tools|Putty and Joint Knives | Spatulas | Scrapers",37618,"SPT6S",,"Spatulas","Spatulas","Spatulas","Straight Caulking Joint Sealing Spatula",/\S\P\Spatulas.jpg,/\S\P\Spatulas.jpg,http://www.48ws.com/images/product/S/P/Spatulas.jpg,newborn-brothers-co-SPT6S-spatulas,newborn-brothers-co-SPT6S-spatulas,,No layout updates.,Block after Info Column,,"Spatulas","Spatulas",Use config,"http://www.newborncaulkguns.com/",0,,,0,"Newborn Brothers Co.",344,,Enabled,"Catalog, Search",Taxable Goods,Yes,No,"Straight Caulking Joint Sealing Spatula","<li>1&quot; Width</li>","","","6&quot; Straight, 1&quot; Width","Spatulas",,,,,,,,1,0,1,0,0,1,1,1,0,1,1,,,1,0,1,0,1,0,1,0,,0,simple,,
admin,base,Default,simple,"753|26731","Epoxy Injection|Concrete Epoxy Injection",37620,"830A15",,"Nominal Thrust 490 lbs. @ 100 psi/2.5&quot; Clyinder","Multi-Ratio Pneumatic Epoxy Applicators","Nominal Thrust 490 lbs. @ 100 psi/2.5&quot; Clyinder","Pneumatic Epoxy Applicator",/\8\3\Multi-Ratio-Pneumatic-Epoxy.jpg,/\8\3\Multi-Ratio-Pneumatic-Epoxy.jpg,http://www.48ws.com/images/product/8/3/Multi-Ratio-Pneumatic-Epoxy.jpg,newborn-brothers-co-830A15-nominal-thrust-490-lbs-100-psi25-clyinder,newborn-brothers-co-830A15-nominal-thrust-490-lbs-100-psi25-clyinder,,No layout updates.,Block after Info Column,,"Nominal Thrust 490 lbs. @ 100 psi/2.5&quot; Clyinder","Nominal Thrust 490 lbs. @ 100 psi/2.5&quot; Clyinder",Use config,"http://www.newborncaulkguns.com/",0,,,0,"Newborn Brothers Co.",344,,Enabled,"Catalog, Search",Taxable Goods,Yes,No,"Pneumatic Epoxy Applicator","<li>Easily Converts in Just Seconds with Snap-In/Snap-Out Push Disks</li><li>Patented Cartridge Stabilizing Plate Securely Holds All Cartridges</li>","<li>150ml x 150ml; 150ml x 75ml; 75ml x 75ml</li>","","Nominal Thrust 490 lbs. @ 100 psi/2.5&quot; Clyinder","Nominal Thrust 490 lbs. @ 100 psi/2.5&quot; Clyinder",,,,,,,,1,0,1,0,0,1,1,1,0,1,1,,,1,0,1,0,1,0,1,0,,0,simple,,
admin,base,Default,simple,"753|26731","Epoxy Injection|Concrete Epoxy Injection",37622,"850A30",,"Nominal Thrust 1100 lbs @ 100 psi / 4&quot; Cylinder","Multi-Ratio Pneumatic Epoxy Applicators","Nominal Thrust 1100 lbs @ 100 psi / 4&quot; Cylinder","Pneumatic Epoxy Applicator",/\8\5\Multi-Ratio-Pneumatic.jpg,/\8\5\Multi-Ratio-Pneumatic.jpg,http://www.48ws.com/images/product/8/5/Multi-Ratio-Pneumatic.jpg,newborn-brothers-co-850A30-nominal-thrust-1100-lbs-100-psi-4-cylinder,newborn-brothers-co-850A30-nominal-thrust-1100-lbs-100-psi-4-cylinder,,No layout updates.,Block after Info Column,,"Nominal Thrust 1100 lbs @ 100 psi / 4&quot; Cylinder","Nominal Thrust 1100 lbs @ 100 psi / 4&quot; Cylinder",Use config,"http://www.newborncaulkguns.com/",0,,,0,"Newborn Brothers Co.",344,,Enabled,"Catalog, Search",Taxable Goods,Yes,No,"Pneumatic Epoxy Applicator","<li>
Easily Converts in Just Seconds with Snap-In/Snap-Out Push Disks</li><li>
Patented Cartridge Stabilizing Plate Securely Holds All Cartridges</li>","<li>150ml x 150ml; 150ml x 75ml; 75ml x 75ml</li>","","Nominal Thrust 1100 lbs @ 100 psi / 4&quot; Cylinder","Nominal Thrust 1100 lbs @ 100 psi / 4&quot; Cylinder",,,,,,,,1,0,1,0,0,1,1,1,0,1,1,,,1,0,1,0,1,0,1,0,,0,simple,,
admin,base,Default,simple,"423|21685","Drywall Tools|Drywall Specialty Tools",105781,"SPT3P-OF",,"Offset Spatulas","Newborn Brothers Co. Offset Spatulas","Offset Spatulas","Newborn Brothers Co. SPT3P-OF Offset Spatulas",/\S\P\Newborn-Brothers-Co-SPT3P-OF-Offset.jpg,/\S\P\Newborn-Brothers-Co-SPT3P-OF-Offset.jpg,http://www.48ws.com/images/product/S/P/Newborn-Brothers-Co-SPT3P-OF-Offset.jpg,newborn-brothers-co-SPT3P-OF-offset-spatulas,newborn-brothers-co-SPT3P-OF-offset-spatulas,,No layout updates.,Block after Info Column,,"Offset Spatulas","Offset Spatulas",Use config,"http://www.newborncaulkguns.com/",0,,,0,"Newborn Brothers Co.",344,,Enabled,"Catalog, Search",Taxable Goods,Yes,No,"Newborn Brothers Co. SPT3P-OF Offset Spatulas","","","","3/8&quot; - 5/8&quot; Tapered","Offset Spatulas",,,,,,,,1,0,1,0,0,1,1,1,0,1,1,,,1,0,1,0,1,0,1,0,,0,simple,,
admin,base,Default,simple,"423|21685","Drywall Tools|Drywall Specialty Tools",105782,"SPT3S-OF",,"Offset Spatulas","Newborn Brothers Co. Offset Spatulas","Offset Spatulas","Newborn Brothers Co. SPT3P-OF Offset Spatulas",/\S\P\Newborn-Brothers-Co-SPT3P-OF-Offset.jpg,/\S\P\Newborn-Brothers-Co-SPT3P-OF-Offset.jpg,http://www.48ws.com/images/product/S/P/Newborn-Brothers-Co-SPT3P-OF-Offset.jpg,newborn-brothers-co-SPT3S-OF-offset-spatulas,newborn-brothers-co-SPT3S-OF-offset-spatulas,,No layout updates.,Block after Info Column,,"Offset Spatulas","Offset Spatulas",Use config,"http://www.newborncaulkguns.com/",0,,,0,"Newborn Brothers Co.",344,,Enabled,"Catalog, Search",Taxable Goods,Yes,No,"Newborn Brothers Co. Offset Spatulas","","","","5/8&quot; Straight","Offset Spatulas",,,,,,,,1,0,1,0,0,1,1,1,0,1,1,,,1,0,1,0,1,0,1,0,,0,simple,,
admin,base,Default,simple,"423|21685","Drywall Tools|Drywall Specialty Tools",105783,"SPT4S-OF",,"Offset Spatulas","Newborn Brothers Co. Offset Spatulas","Offset Spatulas","Newborn Brothers Co. SPT3P-OF Offset Spatulas",/\S\P\Newborn-Brothers-Co-SPT3P-OF-Offset.jpg,/\S\P\Newborn-Brothers-Co-SPT3P-OF-Offset.jpg,http://www.48ws.com/images/product/S/P/Newborn-Brothers-Co-SPT3P-OF-Offset.jpg,newborn-brothers-co-SPT4S-OF-offset-spatulas,newborn-brothers-co-SPT4S-OF-offset-spatulas,,No layout updates.,Block after Info Column,,"Offset Spatulas","Offset Spatulas",Use config,"http://www.newborncaulkguns.com/",0,,,0,"Newborn Brothers Co.",344,,Enabled,"Catalog, Search",Taxable Goods,Yes,No,"Newborn Brothers Co. Offset Spatulas","","","","3/4&quot; Straight","Offset Spatulas",,,,,,,,1,0,1,0,0,1,1,1,0,1,1,,,1,0,1,0,1,0,1,0,,0,simple,,
admin,base,Default,simple,"423|21685","Drywall Tools|Drywall Specialty Tools",105784,"SPT6S-OF",,"Offset Spatulas","Newborn Brothers Co. Offset Spatulas","Offset Spatulas","Newborn Brothers Co. SPT3P-OF Offset Spatulas",/\S\P\Newborn-Brothers-Co-SPT3P-OF-Offset.jpg,/\S\P\Newborn-Brothers-Co-SPT3P-OF-Offset.jpg,http://www.48ws.com/images/product/S/P/Newborn-Brothers-Co-SPT3P-OF-Offset.jpg,newborn-brothers-co-SPT6S-OF-offset-spatulas,newborn-brothers-co-SPT6S-OF-offset-spatulas,,No layout updates.,Block after Info Column,,"Offset Spatulas","Offset Spatulas",Use config,"http://www.newborncaulkguns.com/",0,,,0,"Newborn Brothers Co.",344,,Enabled,"Catalog, Search",Taxable Goods,Yes,No,"Newborn Brothers Co. Offset Spatulas","","","","1&quot; Straight","Offset Spatulas",,,,,,,,1,0,1,0,0,1,1,1,0,1,1,,,1,0,1,0,1,0,1,0,,0,simple,,
admin,base,Default,simple,"423|21687","Drywall Tools|Putty Knife and Scraper Sets",105785,"SCR02",,"2' Wide Bucket Scraper","","2' Wide Bucket Scraper","",/\S\C\Newborn-Brothers-Co-SCR02-2-Wide-Bucket.jpg,/\S\C\Newborn-Brothers-Co-SCR02-2-Wide-Bucket.jpg,http://www.48ws.com/images/product/S/C/Newborn-Brothers-Co-SCR02-2-Wide-Bucket.jpg,newborn-brothers-co-SCR02-2-wide-bucket-scraper,newborn-brothers-co-SCR02-2-wide-bucket-scraper,,No layout updates.,Block after Info Column,,"2' Wide Bucket Scraper","2' Wide Bucket Scraper",Use config,"http://www.newborncaulkguns.com/",0,,,0,"Newborn Brothers Co.",344,,Enabled,"Catalog, Search",Taxable Goods,Yes,No,"","2&quot; Wide Bucket Scraper","","","Newborn Brothers Co. SCR02 2' Wide Bucket Scraper ","2' Wide Bucket Scraper",,,,,,,,1,0,1,0,0,1,1,1,0,1,1,,,1,0,1,0,1,0,1,0,,0,simple,,
admin,base,Default,simple,"753|26731","Epoxy Injection|Concrete Epoxy Injection",105786,"750-XSP",,"Dual Epoxy Gun","","Dual Epoxy Gun","",/\7\5\Newborn-Brother-Co-750-XSP-Dual-Epoxy.jpg,/\7\5\Newborn-Brother-Co-750-XSP-Dual-Epoxy.jpg,http://www.48ws.com/images/product/7/5/Newborn-Brother-Co-750-XSP-Dual-Epoxy.jpg,newborn-brothers-co-750-XSP-dual-epoxy-gun,newborn-brothers-co-750-XSP-dual-epoxy-gun,,No layout updates.,Block after Info Column,,"Dual Epoxy Gun","Dual Epoxy Gun",Use config,"http://www.newborncaulkguns.com/",0,,,0,"Newborn Brothers Co.",344,,Enabled,"Catalog, Search",Taxable Goods,Yes,No,"","<li>26:1 Thrust Ratio</li>
<li>Extra Durable Heated Treated Piston Rod</li>","","","Newborn Brother Co. 750-XSP Dual Epoxy Gun","Dual Epoxy Gun",,,,,,,,1,0,1,0,0,1,1,1,0,1,1,,,1,0,1,0,1,0,1,0,,0,simple,,
admin,base,Default,simple,"19530","Caulk Guns",105787,"189D",,"1/10gal. Super Ratchet Rod","","1/10gal. Super Ratchet Rod","",/\1\8\Newborn-Brothers-Co-189D-110gal-Super-Ratchet.jpg,/\1\8\Newborn-Brothers-Co-189D-110gal-Super-Ratchet.jpg,http://www.48ws.com/images/product/1/8/Newborn-Brothers-Co-189D-110gal-Super-Ratchet.jpg,newborn-brothers-co-189D-110gal-super-ratchet-rod,newborn-brothers-co-189D-110gal-super-ratchet-rod,,No layout updates.,Block after Info Column,,"1/10gal. Super Ratchet Rod","1/10gal. Super Ratchet Rod",Use config,"http://www.newborncaulkguns.com/",0,,,0,"Newborn Brothers Co.",344,,Enabled,"Catalog, Search",Taxable Goods,Yes,No,"","<li>6:1 Thrust Ratio</li>
<li>Drip-Free Spring Clip</li>
<li>Seal Puncture Tool</li>
<li>Built-In Spout Cutter</li>
<li>Ladder Hook</li>
<li>No Pinch Finger Guard</li>","","","Newborn Brothers Co. 189D 1/10gal. Super Ratchet Rod","1/10gal. Super Ratchet Rod",,,,,,,,1,0,1,0,0,1,1,1,0,1,1,,,1,0,1,0,1,0,1,0,,0,simple,,
admin,base,Default,simple,"19530","Caulk Guns",105788,"375-XSP",,"1/10 Super Smooth Rod Revolving Frame - Caulking Gun","","1/10 Super Smooth Rod Revolving Frame - Caulking Gun","",/\3\7\Newborn-Brothers-Co-375-XSP-110-Super-Smooth-Rod-Revolving.jpg,/\3\7\Newborn-Brothers-Co-375-XSP-110-Super-Smooth-Rod-Revolving.jpg,http://www.48ws.com/images/product/3/7/Newborn-Brothers-Co-375-XSP-110-Super-Smooth-Rod-Revolving.jpg,newborn-brothers-co-375-XSP-110-super-smooth-rod-revolving-frame-caulking-gun,newborn-brothers-co-375-XSP-110-super-smooth-rod-revolving-frame-caulking-gun,,No layout updates.,Block after Info Column,,"1/10 Super Smooth Rod Revolving Frame - Caulking Gun","1/10 Super Smooth Rod Revolving Frame - Caulking Gun",Use config,"http://www.newborncaulkguns.com/",0,,,0,"Newborn Brothers Co.",344,,Enabled,"Catalog, Search",Taxable Goods,Yes,No,"","<li>26:1 Thrust Ratio</li>
<li>Extra Durable Heat-Treated Piston Rod</li>
<li>Hammer Finished Alloy Handle with Comfort Grip</li>
<li>Precision Sintered Friction Plate</li>
<li>Easy Release Star-Burst Reverse-Punched Gripping Plate</li>
<li>Ladder Hook</li>","","","Newborn Brothers Co. 375-XSP 1/10 Super Smooth Rod Revolving Frame - Caulking Gun","1/10 Super Smooth Rod Revolving Frame - Caulking Gun",,,,,,,,1,0,1,0,0,1,1,1,0,1,1,,,1,0,1,0,1,0,1,0,,0,simple,,
admin,base,Default,simple,"19530","Caulk Guns",105789,"114D",,"1/10 gal. Hex Rod Parallel Frame - Caulking Gun","","1/10 gal. Hex Rod Parallel Frame - Caulking Gun","",/\1\1\Newborn-Brother-Co-114D-110-gal-Hex-Rod-Parallel-Frame.jpg,/\1\1\Newborn-Brother-Co-114D-110-gal-Hex-Rod-Parallel-Frame.jpg,http://www.48ws.com/images/product/1/1/Newborn-Brother-Co-114D-110-gal-Hex-Rod-Parallel-Frame.jpg,newborn-brothers-co-114D-110-gal-hex-rod-parallel-frame-caulking-gun,newborn-brothers-co-114D-110-gal-hex-rod-parallel-frame-caulking-gun,,No layout updates.,Block after Info Column,,"1/10 gal. Hex Rod Parallel Frame - Caulking Gun","1/10 gal. Hex Rod Parallel Frame - Caulking Gun",Use config,"http://www.newborncaulkguns.com/",0,,,0,"Newborn Brothers Co.",344,,Enabled,"Catalog, Search",Taxable Goods,Yes,No,"","<li>Adjustable Thrust Ratio (10:1 or 7:1)</li>
<li>Dripless on Demand</li>
<li>E-Z Load Front Cap</li>
<li>Ladder Hook</li>","","","Newborn Brother Co. 114D 1/10 gal. Hex Rod Parallel Frame - Caulking Gun","1/10 gal. Hex Rod Parallel Frame - Caulking Gun",,,,,,,,1,0,1,0,0,1,1,1,0,1,1,,,1,0,1,0,1,0,1,0,,0,simple,,
admin,base,Default,simple,"19530","Caulk Guns",105790,"980-GTD",,"1/10 gal. Dripless on Demand Hex Rod Revolving Frame - Caulking Gun","","1/10 gal. Dripless on Demand Hex Rod Revolving Frame - Caulking Gun","",/\9\8\Newborn-Brothers-Co-980-GTD-110-gal-Dripless-on-Demand-Hex.jpg,/\9\8\Newborn-Brothers-Co-980-GTD-110-gal-Dripless-on-Demand-Hex.jpg,http://www.48ws.com/images/product/9/8/Newborn-Brothers-Co-980-GTD-110-gal-Dripless-on-Demand-Hex.jpg,newborn-brothers-co-980-GTD-110-gal-dripless-on-demand-hex-rod-revolving-frame-caulking-gun,newborn-brothers-co-980-GTD-110-gal-dripless-on-demand-hex-rod-revolving-frame-caulking-gun,,No layout updates.,Block after Info Column,,"1/10 gal. Dripless on Demand Hex Rod Revolving Frame - Caulking Gun","1/10 gal. Dripless on Demand Hex Rod Revolving Frame - Caulking Gun",Use config,"http://www.newborncaulkguns.com/",0,,,0,"Newborn Brothers Co.",344,,Enabled,"Catalog, Search",Taxable Goods,Yes,No,"","<li>Adjustable Thrust Ratio (12:1 or 6:1)</li>
<li>Patented Gator Trigger™ Comfort Grip</li>
<li>Zinc Chromate Plating</li>
<li>Revolving Frame with Rotation Lock</li>
<li>Built-In Spout Cutter</li>
<li>Ladder Hook</li>
<li>Replacement Parts Available</li>
","","","Newborn Brothers Co. 980-GTD 1/10 gal. Dripless on Demand Hex Rod Revolving Frame - Caulking Gun","1/10 gal. Dripless on Demand Hex Rod Revolving Frame - Caulking Gun",,,,,,,,1,0,1,0,0,1,1,1,0,1,1,,,1,0,1,0,1,0,1,0,,0,simple,,
admin,base,Default,simple,"19530","Caulk Guns",105791,"315",,"1/4 gal. Super Ratchet Rod","","1/4 gal. Super Ratchet Rod","",/\3\1\Newborn-Brothers-Co-315-14-gal-Super-Ratchet.jpg,/\3\1\Newborn-Brothers-Co-315-14-gal-Super-Ratchet.jpg,http://www.48ws.com/images/product/3/1/Newborn-Brothers-Co-315-14-gal-Super-Ratchet.jpg,newborn-brothers-co-315-14-gal-super-ratchet-rod,newborn-brothers-co-315-14-gal-super-ratchet-rod,,No layout updates.,Block after Info Column,,"1/4 gal. Super Ratchet Rod","1/4 gal. Super Ratchet Rod",Use config,"http://www.newborncaulkguns.com/",0,,,0,"Newborn Brothers Co.",344,,Enabled,"Catalog, Search",Taxable Goods,Yes,No,"","<li>6:1 Thrust Ratio</li>
<li>Seal Puncture Tool</li>
<li>Built-In Spout Cutter</li>
<li>Ladder Hook</li>
<li>No Pinch Finger Guard</li>","","","Newborn Brothers Co. 315 1/4 gal. Super Ratchet Rod","1/4 gal. Super Ratchet Rod",,,,,,,,1,0,1,0,0,1,1,1,0,1,1,,,1,0,1,0,1,0,1,0,,0,simple,,
admin,base,Default,simple,"423|21685","Drywall Tools|Drywall Specialty Tools",105795,"SLICK-1",,"Spatula Set","","Spatula Set","",/\S\L\Newborn-Brothers-Co-SLICK-1-Spatula.jpg,/\S\L\Newborn-Brothers-Co-SLICK-1-Spatula.jpg,http://www.48ws.com/images/product/S/L/Newborn-Brothers-Co-SLICK-1-Spatula.jpg,newborn-brothers-co-SLICK-1-spatula-set,newborn-brothers-co-SLICK-1-spatula-set,,No layout updates.,Block after Info Column,,"Spatula Set","Spatula Set",Use config,"http://www.newborncaulkguns.com/",0,,,0,"Newborn Brothers Co.",344,,Enabled,"Catalog, Search",Taxable Goods,Yes,No,"","<li>The set comes with a 3&quot; tapered and 3&quot;, 4&quot;, 5&quot;, 6&quot;, and 8&quot; straight spatulas. All equipped with a comfort rubber grip and a key ring that opens and closes for quick, easy access and storage.</li>","","","Newborn Brothers Co. SLICK-1 Spatula Set","Spatula Set",,,,,,,,1,0,1,0,0,1,1,1,0,1,1,,,1,0,1,0,1,0,1,0,,0,simple,,
admin,base,Default,simple,"19530","Caulk Guns",163771,"632-GTS",,"Bulk/Sausage Deluxe Hex Rod Models","Bulk Gun","Bulk/Sausage Deluxe Hex Rod Models","",/\6\3\BulkSausage-Deluxe-Hex-Rod.jpg,/\6\3\BulkSausage-Deluxe-Hex-Rod.jpg,http://www.48ws.com/images/product/6/3/BulkSausage-Deluxe-Hex-Rod.jpg,newborn-brothers-co-632-GTS-,newborn-brothers-co-632-GTS-,,No layout updates.,Block after Info Column,,"Bulk/Sausage Deluxe Hex Rod Models","Bulk/Sausage Deluxe Hex Rod Models",Use config,"https://www.newborncaulkguns.com/products/sausage/models-624-gts632-gts632c-gts-2/",0,,,0,"Newborn Brothers Co.",344,,Enabled,"Catalog, Search",Taxable Goods,Yes,No,"","32 oz. Bulk - 20oz. Sausage Hex Rod Gun w/Adjust-A-Stroke ™ & 3 cones & Gator Trigger","","","32oz","Bulk/Sausage Deluxe Hex Rod Models",,,,,,,,1,0,1,0,0,1,1,1,0,1,1,,,1,0,1,0,1,0,1,0,,0,simple,,
admin,base,Default,simple,"19530","Caulk Guns",163773,"624-GTS",,"Bulk/Sausage Deluxe Hex Rod Models","Bulk/Sausage Deluxe Hex Rod Models","Bulk/Sausage Deluxe Hex Rod Models","",/\6\3\BulkSausage-Deluxe-Hex-Rod.jpg,/\6\3\BulkSausage-Deluxe-Hex-Rod.jpg,http://www.48ws.com/images/product/6/3/BulkSausage-Deluxe-Hex-Rod.jpg,newborn-brothers-co-624-GTS-bulksausage-deluxe-hex-rod-models,newborn-brothers-co-624-GTS-bulksausage-deluxe-hex-rod-models,,No layout updates.,Block after Info Column,,"Bulk/Sausage Deluxe Hex Rod Models","Bulk/Sausage Deluxe Hex Rod Models",Use config,"http://www.newborncaulkguns.com/products/bulk/models-624-gts632-gts632c-gts",0,,,0,"Newborn Brothers Co.",344,,Enabled,"Catalog, Search",Taxable Goods,Yes,No,"Bulk/Sausage Deluxe Hex Rod Models","<li>Adjustable thrust Ratio (14:1 or 7:1)</li>
<li>Patented Gator Trigger™ Comfort Grip</li>
<li>Rotating Barrel With Lock</li>
<li>Ring Cap and 3 Cones Included</li>
<li>OV-25 Oval Nozzle Included (1/2&quot;)</li>
<li>Leather Cups Standard with Floating</li>
<li>Sausage Cup (Models 624-GTS & 632-GTS)</li>
<li>Dual Hytrel Cup Standard on Model 632C-GTS</li>
<li>Effective Trigger Grip (ETG) for Longer Rod Life</li>
<li>Optional Carrying Case Available </li>
<li>Replacement Parts Available</li>
","","","6/case, 22 lbs: 24 oz. Bulk, 10 oz. and 20 oz. Sausage Packs","Bulk/Sausage Deluxe Hex Rod Models",,,,,,,,1,0,1,0,0,1,1,1,0,1,1,,,1,0,1,0,1,0,1,0,,0,simple,,
admin,base,Default,simple,"19530","Caulk Guns",163775,"632C-GTS",,"Bulk/Sausage Deluxe Hex Rod Models","Bulk/Sausage Deluxe Hex Rod Models","Bulk/Sausage Deluxe Hex Rod Models","",/\6\3\BulkSausage-Deluxe-Hex-Rod.jpg,/\6\3\BulkSausage-Deluxe-Hex-Rod.jpg,http://www.48ws.com/images/product/6/3/BulkSausage-Deluxe-Hex-Rod.jpg,newborn-brothers-co-632C-GTS-bulksausage-deluxe-hex-rod-models,newborn-brothers-co-632C-GTS-bulksausage-deluxe-hex-rod-models,,No layout updates.,Block after Info Column,,"Bulk/Sausage Deluxe Hex Rod Models","Bulk/Sausage Deluxe Hex Rod Models",Use config,"http://www.newborncaulkguns.com/products/bulk/models-624-gts632-gts632c-gts",0,,,0,"Newborn Brothers Co.",344,,Enabled,"Catalog, Search",Taxable Goods,Yes,No,"Bulk/Sausage Deluxe Hex Rod Models","<li>Adjustable thrust Ratio (14:1 or 7:1)</li>
<li>Patented Gator Trigger™ Comfort Grip</li>
<li>Rotating Barrel With Lock</li>
<li>Ring Cap and 3 Cones Included</li>
<li>OV-25 Oval Nozzle Included (1/2&quot;)</li>
<li>Leather Cups Standard with Floating</li>
<li>Sausage Cup (Models 624-GTS & 632-GTS)</li>
<li>Dual Hytrel Cup Standard on Model 632C-GTS</li>
<li>Effective Trigger Grip (ETG) for Longer Rod Life</li>
<li>Optional Carrying Case Available </li>
<li>Replacement Parts Available</li>
","","","6/case, 30 lbs: 32 oz. Bulk, 1/4 gal. Cartridges","Bulk/Sausage Deluxe Hex Rod Models",,,,,,,,1,0,1,0,0,1,1,1,0,1,1,,,1,0,1,0,1,0,1,0,,0,simple,,
admin,base,Default,simple,"279|19530","Caulking Tools|Caulk Guns",163783,"950-GTS",,"Model 950-GTS: 1/10 gal. -6/case","","Model 950-GTS: 1/10 gal. -6/case","",/\9\5\Model-950-GTS-110-gal-6case-12-lbs-Hex-Rod.jpg,/\9\5\Model-950-GTS-110-gal-6case-12-lbs-Hex-Rod.jpg,http://www.48ws.com/images/product/9/5/Model-950-GTS-110-gal-6case-12-lbs-Hex-Rod.jpg,newborn-brothers-co-950-GTS-model-950-gts-110-gal-6case,newborn-brothers-co-950-GTS-model-950-gts-110-gal-6case,,No layout updates.,Block after Info Column,,"Model 950-GTS: 1/10 gal. -6/case","Model 950-GTS: 1/10 gal. -6/case",Use config,"http://www.newborncaulkguns.com/products/gator-trigger/model-950-gts",0,,,0,"Newborn Brothers Co.",344,,Enabled,"Catalog, Search",Taxable Goods,Yes,No,"","<li>12:1 Thrust Ratio</li>
<li>Patented Gator Trigger™ Comfort Grip</li>
<li>Zinc Chromate Plating</li>
<li>Seal Puncture Tool/Spout Cutter</li>
<li>Ladder Hook</li>
<li>Welded Backcap</li>
","","","Model 950-GTS: 1/10 gal. -6/case, 12 lbs. Hex Rod Cradle","Model 950-GTS: 1/10 gal. -6/case",,,,,,,,1,0,1,0,0,1,1,1,0,1,1,,,1,0,1,0,1,0,1,0,,0,simple,,
admin,base,Default,simple,"279|21688","Caulking Tools|Putty and Joint Knives | Spatulas | Scrapers",163785,"SPT10S",,"Spatulas","Spatulas","Spatulas","",/\S\P\Spatulas.jpg,/\S\P\Spatulas.jpg,http://www.48ws.com/images/product/S/P/Spatulas.jpg,newborn-brothers-co-SPT10S-spatulas,newborn-brothers-co-SPT10S-spatulas,,No layout updates.,Block after Info Column,,"Spatulas","Spatulas",Use config,"http://www.newborncaulkguns.com/spatulas/spatulas",0,,,0,"Newborn Brothers Co.",344,,Enabled,"Catalog, Search",Taxable Goods,Yes,No,"","","","","10&quot; Straight, 1-1/2&quot; Width","Spatulas",,,,,,,,1,0,1,0,0,1,1,1,0,1,1,,,1,0,1,0,1,0,1,0,,0,simple,,
admin,base,Default,simple,"279|21688","Caulking Tools|Putty and Joint Knives | Spatulas | Scrapers",163786,"SPT3S",,"Spatulas","Spatulas","Spatulas","",/\S\P\Spatulas.jpg,/\S\P\Spatulas.jpg,http://www.48ws.com/images/product/S/P/Spatulas.jpg,newborn-brothers-co-SPT3S-spatulas,newborn-brothers-co-SPT3S-spatulas,,No layout updates.,Block after Info Column,,"Spatulas","Spatulas",Use config,"http://www.newborncaulkguns.com/spatulas/spatulas",0,,,0,"Newborn Brothers Co.",344,,Enabled,"Catalog, Search",Taxable Goods,Yes,No,"Spatulas","","","","3&quot; Straight, 5/8&quot; Width","Spatulas",,,,,,,,1,0,1,0,0,1,1,1,0,1,1,,,1,0,1,0,1,0,1,0,,0,simple,,
admin,base,Default,simple,"279|21688","Caulking Tools|Putty and Joint Knives | Spatulas | Scrapers",163787,"SPT5S",,"Spatulas","Spatulas","Spatulas","",/\S\P\Spatulas.jpg,/\S\P\Spatulas.jpg,http://www.48ws.com/images/product/S/P/Spatulas.jpg,newborn-brothers-co-SPT5S-spatulas,newborn-brothers-co-SPT5S-spatulas,,No layout updates.,Block after Info Column,,"Spatulas","Spatulas",Use config,"http://www.newborncaulkguns.com/spatulas/spatulas",0,,,0,"Newborn Brothers Co.",344,,Enabled,"Catalog, Search",Taxable Goods,Yes,No,"Spatulas","","","","5&quot; Straight, 13/16&quot; Width","Spatulas",,,,,,,,1,0,1,0,0,1,1,1,0,1,1,,,1,0,1,0,1,0,1,0,,0,simple,,
admin,base,Default,simple,"279|21688","Caulking Tools|Putty and Joint Knives | Spatulas | Scrapers",163788,"SPT8S",,"Spatulas","Spatulas","Spatulas","",/\S\P\Spatulas.jpg,/\S\P\Spatulas.jpg,http://www.48ws.com/images/product/S/P/Spatulas.jpg,newborn-brothers-co-SPT8S-spatulas,newborn-brothers-co-SPT8S-spatulas,,No layout updates.,Block after Info Column,,"Spatulas","Spatulas",Use config,"http://www.newborncaulkguns.com/spatulas/spatulas",0,,,0,"Newborn Brothers Co.",344,,Enabled,"Catalog, Search",Taxable Goods,Yes,No,"Spatulas","","","","8&quot; Straight, 1-1/4&quot; Width","Spatulas",,,,,,,,1,0,1,0,0,1,1,1,0,1,1,,,1,0,1,0,1,0,1,0,,0,simple,,
admin,base,Default,simple,"19530","Caulk Guns",419905,"301",,"Caulking Gun","Caulking Gun","Caulking Gun","",/\3\0\newborn-brothers-co-301-caulking-gun.jpg,/\3\0\newborn-brothers-co-301-caulking-gun.jpg,http://www.48ws.com/images/product/3/0/newborn-brothers-co-301-caulking-gun.jpg,newborn-brothers-co-301-caulking-gun,newborn-brothers-co-301-caulking-gun,,No layout updates.,Block after Info Column,,"Caulking Gun","Caulking Gun",Use config,"http://www.newborncaulkguns.com/sites/default/files/Newborn%20Catalog%20sm_1.pdf",0,,,0,"Newborn Brothers Co.",344,,Enabled,"Catalog, Search",Taxable Goods,Yes,No,"Caulking Gun Model 301","<li>Seal puncture tool/spout cutter</li><br><li>Ladder hook</li><br><li>Welded backcap</li><br><li>Replacement parts available</li>","Hex Rod Cradle
 
    -12:1 Thrust Ratio
    -Seal Puncture Tool/Spout Cutter
    -Ladder Hook
    -Wrist Strap
    -Welded Backcap
    -Replacement Parts Available","","60&quot; X 4&quot; - 8&quot; Paperboard","Caulking Gun",,,,,,,,1,0,1,0,0,1,1,1,0,1,1,,,1,0,1,0,1,0,1,0,,0,simple,,
admin,base,Default,simple,"19530","Caulk Guns",419927,"784",,"Caulking Gun Qt Size","Caulking Gun Qt Size","Caulking Gun Qt Size","",/\7\8\newborn-brothers-co-784-caulking-gun-qt-size.jpg,/\7\8\newborn-brothers-co-784-caulking-gun-qt-size.jpg,http://www.48ws.com/images/product/7/8/newborn-brothers-co-784-caulking-gun-qt-size.jpg,newborn-brothers-co-784-caulking-gun-qt-size,newborn-brothers-co-784-caulking-gun-qt-size,,No layout updates.,Block after Info Column,,"Caulking Gun Qt Size","Caulking Gun Qt Size",Use config,"http://www.newborncaulkguns.com/sites/default/files/Newborn%20Catalog%20sm_1.pdf",0,,,0,"Newborn Brothers Co.",344,,Enabled,"Catalog, Search",Taxable Goods,Yes,No,"Standard &quot;X-Tender&quot; Smooth Rod","<li>For sub-floors, ceilings and roofs</li><br><li>Double reinforced steel support rods</li><br><li>Reversible 2 in 1 joist guide</li><br><li>Optional surface wheels for smooth surfaces</li><br><li>Optional concrete guide for expansion joints</li>","","","10 Oz Tube","Caulking Gun Qt Size",,,,,,,,1,0,1,0,0,1,1,1,0,1,1,,,1,0,1,0,1,0,1,0,,0,simple,,
admin,base,Default,simple,"19530","Caulk Guns",419928,"788",,"Caulking Gun Std","Caulking Gun Std","Caulking Gun Std","",/\7\8\newborn-brothers-co-788-caulking-gun-std.jpg,/\7\8\newborn-brothers-co-788-caulking-gun-std.jpg,http://www.48ws.com/images/product/7/8/newborn-brothers-co-788-caulking-gun-std.jpg,newborn-brothers-co-788-caulking-gun-std,newborn-brothers-co-788-caulking-gun-std,,No layout updates.,Block after Info Column,,"Caulking Gun Std","Caulking Gun Std",Use config,"http://www.newborncaulkguns.com/sites/default/files/Newborn%20Catalog%20sm_1.pdf",0,,,0,"Newborn Brothers Co.",344,,Enabled,"Catalog, Search",Taxable Goods,Yes,No,"Smooth Rod Cradle Caulking Gun","<li>Non Drip</li>","","","1/10 Gal; 24/Case; 30Lbs; 3:1 Thrust Ratio","Caulking Gun Std",,,,,,,,1,0,1,0,0,1,1,1,0,1,1,,,1,0,1,0,1,0,1,0,,0,simple,,
admin,base,Default,simple,"19530","Caulk Guns",420014,"3371",,"Caulking Gun Bulk Load","Caulking Gun Bulk Load","Caulking Gun Bulk Load","",/\3\3\newborn-brothers-co-3371-caulking-gun-bulk-load.jpg,/\3\3\newborn-brothers-co-3371-caulking-gun-bulk-load.jpg,http://www.48ws.com/images/product/3/3/newborn-brothers-co-3371-caulking-gun-bulk-load.jpg,newborn-brothers-co-3371-caulking-gun-bulk-load,newborn-brothers-co-3371-caulking-gun-bulk-load,,No layout updates.,Block after Info Column,,"Caulking Gun Bulk Load","Caulking Gun Bulk Load",Use config,"http://www.newborncaulkguns.com/sites/default/files/Newborn%20Catalog%20sm_1.pdf",0,,,0,"Newborn Brothers Co.",344,,Enabled,"Catalog, Search",Taxable Goods,Yes,No,"Super Ratchet Rod Model Caulk Gun","<li>Extra deep ratchet teeth</li><br><li>Lightweight, heavy duty aluminum barrel</li><br><li>Over 1/2 gallon capacity at 88 oz - Great for large jobs</li><br><li>Patented Gator Trigger Comfort Grip</li>","","","Size: 48&quot; X 500'","Caulking Gun Bulk Load",,,,,,,,1,0,1,0,0,1,1,1,0,1,1,,,1,0,1,0,1,0,1,0,,0,simple,,
admin,base,Default,simple,"19533","Epoxy Applicator Accessories",422496,"R-9",,"Nozzle R/E","Nozzle R/E","Nozzle R/E","",/\R\9\newborn-brothers-co-r-9-nozzle-re.jpg,/\R\9\newborn-brothers-co-r-9-nozzle-re.jpg,http://www.48ws.com/images/product/R/9/newborn-brothers-co-r-9-nozzle-re.jpg,newborn-brothers-co-R-9-nozzle-re,newborn-brothers-co-R-9-nozzle-re,,No layout updates.,Block after Info Column,,"Nozzle R/E","Nozzle R/E",Use config,"http://www.newborncaulkguns.com/sites/default/files/Newborn%20Catalog%20sm_1.pdf",0,,,0,"Newborn Brothers Co.",344,,Enabled,"Catalog, Search",Taxable Goods,Yes,No,"Round End Nozzle","","","","1/8&quot;Id X 3/8&quot;Od X 4&quot; Long","Nozzle R/E",,,,,,,,1,0,1,0,0,1,1,1,0,1,1,,,1,0,1,0,1,0,1,0,,0,simple,,
admin,base,Default,simple,"19530","Caulk Guns",463638,"125",,"29 oz. Superior E-Z Thrust Hex Rod Caulking Gun","","29 oz. Superior E-Z Thrust Hex Rod Caulking Gun","",/\1\2\newborn-brothers-co-125-29-oz-superior-e-z-thrust-hex-rod-caulking-gun.jpg,/\1\2\newborn-brothers-co-125-29-oz-superior-e-z-thrust-hex-rod-caulking-gun.jpg,http://www.48ws.com/images/product/1/2/newborn-brothers-co-125-29-oz-superior-e-z-thrust-hex-rod-caulking-gun.jpg,newborn-brothers-co-125-29-oz-superior-e-z-thrust-hex-rod-caulking-gun,newborn-brothers-co-125-29-oz-superior-e-z-thrust-hex-rod-caulking-gun,,No layout updates.,Block after Info Column,,"29 oz. Superior E-Z Thrust Hex Rod Caulking Gun","29 oz. Superior E-Z Thrust Hex Rod Caulking Gun",Use config,"http://www.newborncaulkguns.com/products/professional-models/model-125",0,,,0,"Newborn Brothers Co.",344,,Enabled,"Catalog, Search",Taxable Goods,Yes,No,"1/4 Gallon Superior E-Z Thrust Caulker, Hex Smooth Rod, Parallel Frame Caulking Gun, E-Z Thrust Mechanism, Seal Puncture Tool, Spout Cutter & Ladder Hook, Uniframe Construction, Ideal for Professionals & Do-It-Yourselfers.","","","","","29 oz. Superior E-Z Thrust Hex Rod Caulking Gun",,,,,,,,1,0,1,0,0,1,1,1,0,1,1,,,1,0,1,0,1,0,1,0,,0,simple,,
admin,base,Default,simple,"19530","Caulk Guns",463639,"535-XSP",,"22 oz. DUAL 300ml x 300ml Cartridge Gun","","22 oz. DUAL 300ml x 300ml Cartridge Gun","",/\5\3\newborn-brothers-co-535-xsp-22-oz-dual-300ml-x-300ml-cartridge-gun.jpg,/\5\3\newborn-brothers-co-535-xsp-22-oz-dual-300ml-x-300ml-cartridge-gun.jpg,http://www.48ws.com/images/product/5/3/newborn-brothers-co-535-xsp-22-oz-dual-300ml-x-300ml-cartridge-gun.jpg,newborn-brothers-co-535-XSP-22-oz-dual-300ml-x-300ml-cartridge-gun,newborn-brothers-co-535-XSP-22-oz-dual-300ml-x-300ml-cartridge-gun,,No layout updates.,Block after Info Column,,"22 oz. DUAL 300ml x 300ml Cartridge Gun","22 oz. DUAL 300ml x 300ml Cartridge Gun",Use config,"http://www.newborncaulkguns.com/products/dual-component-manual/model-535-xsp",0,,,0,"Newborn Brothers Co.",344,,Enabled,"Catalog, Search",Taxable Goods,Yes,No,"Model 535-XSP Multi Ratio Applicator 300ml x 300ml 300ml x 150ml; 150ml x 150ml; 150ml x 75ml 26:1 Thrust Ratio Easily Converts in Just Seconds with Snap In/Snap Out Push Disks Patented Cartridge Stabilizing Plate for Extra Cartridge Support","<li>Dual-component multi-ratio manual adhesive applicator for cartridges of various ratios up to 300 mL x 300 mL</li>","","","","22 oz. DUAL 300ml x 300ml Cartridge Gun",,,,,,,,1,0,1,0,0,1,1,1,0,1,1,,,1,0,1,0,1,0,1,0,,0,simple,,
admin,base,Default,simple,"19530","Caulk Guns",463640,"624GTS",,"24 oz. Bulk/Sausage Deluxe Smooth Hex Rod Caulking Gun with Comfort Grip","?Bulk/Sausage Deluxe Hex Rod Models","24 oz. Bulk/Sausage Deluxe Smooth Hex Rod Caulking Gun with Comfort Grip","",/\6\2\newborn-brothers-co-624gts-24-oz-bulksausage-deluxe-smooth-hex-rod-caulking-gun-with-comfort-grip.jpg,/\6\2\newborn-brothers-co-624gts-24-oz-bulksausage-deluxe-smooth-hex-rod-caulking-gun-with-comfort-grip.jpg,http://www.48ws.com/images/product/6/2/newborn-brothers-co-624gts-24-oz-bulksausage-deluxe-smooth-hex-rod-caulking-gun-with-comfort-grip.jpg,newborn-brothers-co-624GTS-24-oz-bulksausage-deluxe-smooth-hex-rod-caulking-gun-with-comfort-grip,newborn-brothers-co-624GTS-24-oz-bulksausage-deluxe-smooth-hex-rod-caulking-gun-with-comfort-grip,,No layout updates.,Block after Info Column,,"24 oz. Bulk/Sausage Deluxe Smooth Hex Rod Caulking Gun with Comfort Grip","24 oz. Bulk/Sausage Deluxe Smooth Hex Rod Caulking Gun with Comfort Grip",Use config,"http://www.newborncaulkguns.com/products/bulk/models-624-gts632-gts632c-gts",0,,,0,"Newborn Brothers Co.",344,,Enabled,"Catalog, Search",Taxable Goods,Yes,No,"","<li>Adjustable thrust Ratio (14:1 or 7:1)</li><li>Patented Gator Trigger™ Comfort Grip</li><li>Rotating Barrel With Lock</li><li>Ring Cap and 3 Cones Included</li><li>OV-25 Oval Nozzle Included (1/2&quot;)</li><li>Leather Cups Standard with Floating</li><li> Sausage Cup (Models 624-GTS & 632-GTS)</li><li>Dual Hytrel Cup Standard on Model 632C-GTS</li><li>Effective Trigger Grip (ETG) for Longer Rod Life</li><li>Optional Carrying Case Available</li><li>Replacement Parts Available</li>","","","Model 624-GTS: 6/case, 22 lbs: 24 oz. Bulk, 10 oz. and 20 oz. Sausage Packs","24 oz. Bulk/Sausage Deluxe Smooth Hex Rod Caulking Gun with Comfort Grip",,,,,,,,1,0,1,0,0,1,1,1,0,1,1,,,1,0,1,0,1,0,1,0,,0,simple,,
admin,base,Default,simple,"19530","Caulk Guns",463641,"632C",,"32 oz. Bulk/Sausage Deluxe Smooth Hex Rod Caulking Gun with Comfort Grip","?Bulk/Sausage Deluxe Hex Rod Models","32 oz. Bulk/Sausage Deluxe Smooth Hex Rod Caulking Gun with Comfort Grip","",/\6\3\newborn-brothers-co-632c-32-oz-bulksausage-deluxe-smooth-hex-rod-caulking-gun-with-comfort-grip.jpg,/\6\3\newborn-brothers-co-632c-32-oz-bulksausage-deluxe-smooth-hex-rod-caulking-gun-with-comfort-grip.jpg,http://www.48ws.com/images/product/6/3/newborn-brothers-co-632c-32-oz-bulksausage-deluxe-smooth-hex-rod-caulking-gun-with-comfort-grip.jpg,newborn-brothers-co-632C-32-oz-bulksausage-deluxe-smooth-hex-rod-caulking-gun-with-comfort-grip,newborn-brothers-co-632C-32-oz-bulksausage-deluxe-smooth-hex-rod-caulking-gun-with-comfort-grip,,No layout updates.,Block after Info Column,,"32 oz. Bulk/Sausage Deluxe Smooth Hex Rod Caulking Gun with Comfort Grip","32 oz. Bulk/Sausage Deluxe Smooth Hex Rod Caulking Gun with Comfort Grip",Use config,"http://www.newborncaulkguns.com/products/bulk/models-624-gts632-gts632c-gts",0,,,0,"Newborn Brothers Co.",344,,Enabled,"Catalog, Search",Taxable Goods,Yes,No,"","<li>Adjustable thrust Ratio (14:1 or 7:1)</li><li>Patented Gator Trigger™ Comfort Grip</li><li>Rotating Barrel With Lock</li><li>Ring Cap and 3 Cones Included</li><li>OV-25 Oval Nozzle Included (1/2&quot;)</li><li>Leather Cups Standard with Floating</li><li> Sausage Cup (Models 624-GTS & 632-GTS)</li><li>Dual Hytrel Cup Standard on Model 632C-GTS</li><li>Effective Trigger Grip (ETG) for Longer Rod Life</li><li>Optional Carrying Case Available</li><li>Replacement Parts Available</li>","","","?Model 632C-GTS: 6/case, 30 lbs: 32 oz. Bulk, 1/4 gal. Cartridges","32 oz. Bulk/Sausage Deluxe Smooth Hex Rod Caulking Gun with Comfort Grip",,,,,,,,1,0,1,0,0,1,1,1,0,1,1,,,1,0,1,0,1,0,1,0,,0,simple,,
admin,base,Default,simple,"19530","Caulk Guns",463642,"632GTS",,"32 oz. Bulk/Sausage Deluxe Smooth Hex Rod Caulking Gun with Comfort Grip","?Bulk/Sausage Deluxe Hex Rod Models","32 oz. Bulk/Sausage Deluxe Smooth Hex Rod Caulking Gun with Comfort Grip","",/\6\3\newborn-brothers-co-632gts-32-oz-bulksausage-deluxe-smooth-hex-rod-caulking-gun-with-comfort-grip.jpg,/\6\3\newborn-brothers-co-632gts-32-oz-bulksausage-deluxe-smooth-hex-rod-caulking-gun-with-comfort-grip.jpg,http://www.48ws.com/images/product/6/3/newborn-brothers-co-632gts-32-oz-bulksausage-deluxe-smooth-hex-rod-caulking-gun-with-comfort-grip.jpg,newborn-brothers-co-632GTS-32-oz-bulksausage-deluxe-smooth-hex-rod-caulking-gun-with-comfort-grip,newborn-brothers-co-632GTS-32-oz-bulksausage-deluxe-smooth-hex-rod-caulking-gun-with-comfort-grip,,No layout updates.,Block after Info Column,,"32 oz. Bulk/Sausage Deluxe Smooth Hex Rod Caulking Gun with Comfort Grip","32 oz. Bulk/Sausage Deluxe Smooth Hex Rod Caulking Gun with Comfort Grip",Use config,"http://www.newborncaulkguns.com/products/bulk/models-624-gts632-gts632c-gts",0,,,0,"Newborn Brothers Co.",344,,Enabled,"Catalog, Search",Taxable Goods,Yes,No,"","<li>Adjustable thrust Ratio (14:1 or 7:1)</li><li>Patented Gator Trigger™ Comfort Grip</li><li>Rotating Barrel With Lock</li><li>Ring Cap and 3 Cones Included</li><li>OV-25 Oval Nozzle Included (1/2&quot;)</li><li>Leather Cups Standard with Floating</li><li> Sausage Cup (Models 624-GTS & 632-GTS)</li><li>Dual Hytrel Cup Standard on Model 632C-GTS</li><li>Effective Trigger Grip (ETG) for Longer Rod Life</li><li>Optional Carrying Case Available</li><li>Replacement Parts Available</li>","","","Model 632-GTS: 6/case, 26 lbs: 32 oz. Bulk, 10 oz., 20 oz., and 30 oz. Sausage Packs","32 oz. Bulk/Sausage Deluxe Smooth Hex Rod Caulking Gun with Comfort Grip",,,,,,,,1,0,1,0,0,1,1,1,0,1,1,,,1,0,1,0,1,0,1,0,,0,simple,,
admin,base,Default,simple,"19534","Epoxy Applicators",463643,"655-XSP",,"33 oz. Dual Cartridge Epoxy Gun","","33 oz. Dual Cartridge Epoxy Gun","",/\6\5\newborn-brothers-co-655-xsp-33-oz-dual-cartridge-epoxy-gun.jpg,/\6\5\newborn-brothers-co-655-xsp-33-oz-dual-cartridge-epoxy-gun.jpg,http://www.48ws.com/images/product/6/5/newborn-brothers-co-655-xsp-33-oz-dual-cartridge-epoxy-gun.jpg,newborn-brothers-co-655-XSP-33-oz-dual-cartridge-epoxy-gun,newborn-brothers-co-655-XSP-33-oz-dual-cartridge-epoxy-gun,,No layout updates.,Block after Info Column,,"33 oz. Dual Cartridge Epoxy Gun","33 oz. Dual Cartridge Epoxy Gun",Use config,"http://www.newborncaulkguns.com/products/dual-component-manual/model-655-xsp",0,,,0,"Newborn Brothers Co.",344,,Enabled,"Catalog, Search",Taxable Goods,Yes,No,"","<li>26:1 Thrust Ratio</li><li>Easily Converts in Just Seconds with</li><li>Snap In/Snap Out Push Disks</li><li>Patented Cartridge Stabilizing Plate for</li><li>Extra Cartridge Support</li><li>Extra Durable, Heat Treated Piston Rod</li><li>Precision Sintered Friction Plate</li><li>Easy Release Star-Burst Reverse Gripping Plate</li><li>Alloy Handle with Comfort Grip</li>","","","","33 oz. Dual Cartridge Epoxy Gun",,,,,,,,1,0,1,0,0,1,1,1,0,1,1,,,1,0,1,0,1,0,1,0,,0,simple,,
admin,base,Default,simple,"19534","Epoxy Applicators",463644,"750XSP",,"Dual Component Applicator ","","Dual Component Applicator ","",/\7\5\newborn-brothers-co-750xsp-dual-component-applicator.jpg,/\7\5\newborn-brothers-co-750xsp-dual-component-applicator.jpg,http://www.48ws.com/images/product/7/5/newborn-brothers-co-750xsp-dual-component-applicator.jpg,newborn-brothers-co-750XSP-dual-component-applicator,newborn-brothers-co-750XSP-dual-component-applicator,,No layout updates.,Block after Info Column,,"Dual Component Applicator ","Dual Component Applicator ",Use config,"http://www.newborncaulkguns.com/products/dual-component-manual/model-750-xsp",0,,,0,"Newborn Brothers Co.",344,,Enabled,"Catalog, Search",Taxable Goods,Yes,No,"","<li>26:1 Thrust Ratio</li><li>Extra Durable, Heat Treated Piston Rod</li><li>Precision Sintered Friction Plate</li><li>Easy Release Star-Burst Reverse Gripping Plate</li><li>Hammered Finished Alloy Handle with Comfort Grip</li>","","","750ml x 75ml","Dual Component Applicator ",,,,,,,,1,0,1,0,0,1,1,1,0,1,1,,,1,0,1,0,1,0,1,0,,0,simple,,
admin,base,Default,simple,"19533","Epoxy Applicator Accessories",463645,"DC81",,"2&quot; Dual Hytrel Cup","Dual Hytrel Cup","2&quot; Dual Hytrel Cup","",/\D\C\newborn-brothers-co-dc81-2-dual-hytrel-cup.jpg,/\D\C\newborn-brothers-co-dc81-2-dual-hytrel-cup.jpg,http://www.48ws.com/images/product/D/C/newborn-brothers-co-dc81-2-dual-hytrel-cup.jpg,newborn-brothers-co-DC81-2-dual-hytrel-cup,newborn-brothers-co-DC81-2-dual-hytrel-cup,,No layout updates.,Block after Info Column,,"2&quot; Dual Hytrel Cup","2&quot; Dual Hytrel Cup",Use config,"http://www.newborncaulkguns.com/piston-packings/dual-hytrel-cup",0,,,0,"Newborn Brothers Co.",344,,Enabled,"Catalog, Search",Taxable Goods,Yes,No,"","","","","2&quot;","2&quot; Dual Hytrel Cup",,,,,,,,1,0,1,0,0,1,1,1,0,1,1,,,1,0,1,0,1,0,1,0,,0,simple,,
admin,base,Default,simple,"19533","Epoxy Applicator Accessories",463646,"DC82",,"2-5/8&quot; Dual Hytrel Cup","Dual Hytrel Cup","2-5/8&quot; Dual Hytrel Cup","",/\D\C\newborn-brothers-co-dc82-2-58-dual-hytrel-cup.jpg,/\D\C\newborn-brothers-co-dc82-2-58-dual-hytrel-cup.jpg,http://www.48ws.com/images/product/D/C/newborn-brothers-co-dc82-2-58-dual-hytrel-cup.jpg,newborn-brothers-co-DC82-2-58-dual-hytrel-cup,newborn-brothers-co-DC82-2-58-dual-hytrel-cup,,No layout updates.,Block after Info Column,,"2-5/8&quot; Dual Hytrel Cup","2-5/8&quot; Dual Hytrel Cup",Use config,"http://www.newborncaulkguns.com/piston-packings/dual-hytrel-cup",0,,,0,"Newborn Brothers Co.",344,,Enabled,"Catalog, Search",Taxable Goods,Yes,No,"","","","","2-5/8&quot;","2-5/8&quot; Dual Hytrel Cup",,,,,,,,1,0,1,0,0,1,1,1,0,1,1,,,1,0,1,0,1,0,1,0,,0,simple,,
admin,base,Default,simple,"19533","Epoxy Applicator Accessories",463647,"FPT02",,"2 Gal. Bulk Follow Plates","","2 Gal. Bulk Follow Plates","",/\F\P\newborn-brothers-co-fpt02-2-gal-bulk-follow-plates.jpg,/\F\P\newborn-brothers-co-fpt02-2-gal-bulk-follow-plates.jpg,http://www.48ws.com/images/product/F/P/newborn-brothers-co-fpt02-2-gal-bulk-follow-plates.jpg,newborn-brothers-co-FPT02-2-gal-bulk-follow-plates,newborn-brothers-co-FPT02-2-gal-bulk-follow-plates,,No layout updates.,Block after Info Column,,"2 Gal. Bulk Follow Plates","2 Gal. Bulk Follow Plates",Use config,"http://www.newborncaulkguns.com/miscellaneous/follow-plates",0,,,0,"Newborn Brothers Co.",344,,Enabled,"Catalog, Search",Taxable Goods,Yes,No,"","<li>Neoprene Seal Can be Used with
     Straight & Tapered Pail </li><li>For 2&quot; Diameter Barrel Bulk Gun</li><li>5 gal. Diameter- 11.5&quot; with 1&quot;
     Neoprene Seal</li><li>2 gal. Diameter- 8.5&quot; with 1/2&quot;
     Neoprene Seal
    <li>No Threaded Barrel Docking (air tight o-ring)</li>","","","","2 Gal. Bulk Follow Plates",,,,,,,,1,0,1,0,0,1,1,1,0,1,1,,,1,0,1,0,1,0,1,0,,0,simple,,
admin,base,Default,simple,"19530","Caulk Guns",463648,"RCP60",,"2&quot; Caulking Cone Ring Cap","","2&quot; Caulking Cone Ring Cap","",/\R\C\newborn-brothers-co-rcp60-2-caulking-cone-ring-cap.jpg,/\R\C\newborn-brothers-co-rcp60-2-caulking-cone-ring-cap.jpg,http://www.48ws.com/images/product/R/C/newborn-brothers-co-rcp60-2-caulking-cone-ring-cap.jpg,newborn-brothers-co-RCP60-2-caulking-cone-ring-cap,newborn-brothers-co-RCP60-2-caulking-cone-ring-cap,,No layout updates.,Block after Info Column,,"2&quot; Caulking Cone Ring Cap","2&quot; Caulking Cone Ring Cap",Use config,"http://www.newborncaulkguns.com/miscellaneous/cap-rcp-60",0,,,0,"Newborn Brothers Co.",344,,Enabled,"Catalog, Search",Taxable Goods,Yes,No,"","2 &quot; Diagonal Ring Cap for PC-58","","","","2&quot; Caulking Cone Ring Cap",,,,,,,,1,0,1,0,0,1,1,1,0,1,1,,,1,0,1,0,1,0,1,0,,0,simple,,
admin,base,Default,simple,"","",468918,"77",,"Cradle Ratchet Rod Caulking Gun","","Cradle Ratchet Rod Caulking Gun","",/,/,/,newborn-brothers-co-77-cradle-ratchet-rod-caulking-gun,newborn-brothers-co-77-cradle-ratchet-rod-caulking-gun,,No layout updates.,Block after Info Column,,"Cradle Ratchet Rod Caulking Gun","Cradle Ratchet Rod Caulking Gun",Use config,"",0,,,0,"Newborn Brothers Co.",344,,Enabled,"Catalog, Search",Taxable Goods,Yes,No,"","","","","","Cradle Ratchet Rod Caulking Gun",,,,,,,,1,0,1,0,0,1,1,1,0,1,1,,,1,0,1,0,1,0,1,0,,0,simple,,
admin,base,Default,simple,"19530","Caulk Guns",629781,"111",,"NEWBORN 111 CAULKING GUN","","NEWBORN 111 CAULKING GUN","",/\1\1\newborn-brothers-co-111-newborn-111-caulking-gun.png,/\1\1\newborn-brothers-co-111-newborn-111-caulking-gun.png,http://www.48ws.com/images/product/1/1/newborn-brothers-co-111-newborn-111-caulking-gun.png,newborn-brothers-co-111-newborn-111-caulking-gun,newborn-brothers-co-111-newborn-111-caulking-gun,,No layout updates.,Block after Info Column,,"NEWBORN 111 CAULKING GUN","NEWBORN 111 CAULKING GUN",Use config,"https://www.newborncaulkguns.com/products/model-111/",0,,,0,"Newborn Brothers Co.",344,,Enabled,"Catalog, Search",Taxable Goods,Yes,No,"","","Model 111 Hex Rod Parallel Frame. 10:1 Thrust Ratio. Seal Puncture Tool/Spout Cutter. Ladder Hook. E-Z Load Front Cap.","3992254020","","NEWBORN 111 CAULKING GUN",,,,,,,,1,0,1,0,0,1,1,1,0,1,1,,,1,0,1,0,1,0,1,0,,0,simple,,
admin,base,Default,simple,"19530","Caulk Guns",629782,"188",,"NEWBORN 188 CAULKING GUN","","NEWBORN 188 CAULKING GUN","",/\1\8\newborn-brothers-co-188-newborn-188-caulking-gun.png,/\1\8\newborn-brothers-co-188-newborn-188-caulking-gun.png,http://www.48ws.com/images/product/1/8/newborn-brothers-co-188-newborn-188-caulking-gun.png,newborn-brothers-co-188-newborn-188-caulking-gun,newborn-brothers-co-188-newborn-188-caulking-gun,,No layout updates.,Block after Info Column,,"NEWBORN 188 CAULKING GUN","NEWBORN 188 CAULKING GUN",Use config,"https://www.newborncaulkguns.com/products/model-188/",0,,,0,"Newborn Brothers Co.",344,,Enabled,"Catalog, Search",Taxable Goods,Yes,No,"","","Model 188 Super Ratchet Rod Cradle. 6:1 Thrust Ratio. Seal Puncture Tool/Spout Cutter. Ladder Hook. Finger Guard. Welded Backcap. Heat Treated Dogs.","3992271021","","NEWBORN 188 CAULKING GUN",,,,,,,,1,0,1,0,0,1,1,1,0,1,1,,,1,0,1,0,1,0,1,0,,0,simple,,
admin,base,Default,simple,"19530","Caulk Guns",629783,"307",,"NEWBORN 307 11OZ RATCHETING CAULKING GUN 1/2 BARREL","","NEWBORN 307 11OZ RATCHETING CAULKING GUN 1/2 BARREL","",/\3\0\newborn-brothers-co-307-newborn-307-11oz-ratcheting-caulking-gun-12-barrel.png,/\3\0\newborn-brothers-co-307-newborn-307-11oz-ratcheting-caulking-gun-12-barrel.png,http://www.48ws.com/images/product/3/0/newborn-brothers-co-307-newborn-307-11oz-ratcheting-caulking-gun-12-barrel.png,newborn-brothers-co-307-newborn-307-11oz-ratcheting-caulking-gun-12-barrel,newborn-brothers-co-307-newborn-307-11oz-ratcheting-caulking-gun-12-barrel,,No layout updates.,Block after Info Column,,"NEWBORN 307 11OZ RATCHETING CAULKING GUN 1/2 BARREL","NEWBORN 307 11OZ RATCHETING CAULKING GUN 1/2 BARREL",Use config,"https://www.newborncaulkguns.com/products/model-307/",0,,,0,"Newborn Brothers Co.",344,,Enabled,"Catalog, Search",Taxable Goods,Yes,No,"","","Model 307 Super Ratchet Rod Cradle. 6:1 Thrust Ratio. Seal Puncture Tool/Spout Cutter. Ladder Hook. Finger Guard. Wrist Strap. Welded Backcap. Heat Treated Dog. ","3996771010","","NEWBORN 307 11OZ RATCHETING CAULKING GUN 1/2 BARREL",,,,,,,,1,0,1,0,0,1,1,1,0,1,1,,,1,0,1,0,1,0,1,0,,0,simple,,
admin,base,Default,simple,"19530","Caulk Guns",629784,"620AL",,"NEWBORN 620AL SAUSAGE CAULKING GUN ALUMINUM BLACK","","NEWBORN 620AL SAUSAGE CAULKING GUN ALUMINUM BLACK","",/\6\2\newborn-brothers-co-620al-newborn-620al-sausage-caulking-gun-aluminum-black.png,/\6\2\newborn-brothers-co-620al-newborn-620al-sausage-caulking-gun-aluminum-black.png,http://www.48ws.com/images/product/6/2/newborn-brothers-co-620al-newborn-620al-sausage-caulking-gun-aluminum-black.png,newborn-brothers-co-620AL-newborn-620al-sausage-caulking-gun-aluminum-black,newborn-brothers-co-620AL-newborn-620al-sausage-caulking-gun-aluminum-black,,No layout updates.,Block after Info Column,,"NEWBORN 620AL SAUSAGE CAULKING GUN ALUMINUM BLACK","NEWBORN 620AL SAUSAGE CAULKING GUN ALUMINUM BLACK",Use config,"https://www.newborncaulkguns.com/products/bulk/models-610al620al634al/",0,,,0,"Newborn Brothers Co.",344,,Enabled,"Catalog, Search",Taxable Goods,Yes,No,"","","Model 620AL Sausage/Bulk/Cartridge Smooth Rod Models. 18:1 Thrust Ratio. Sausage Only Cup. Multi-Chemicl Resistant Twin Hytrel Cup. Bult/Sausage Conical Ejector. Heat Treated Rod for Longer Rod Life. 3 PC-620 Cones Included. ","3992266600","","NEWBORN 620AL SAUSAGE CAULKING GUN ALUMINUM BLACK",,,,,,,,1,0,1,0,0,1,1,1,0,1,1,,,1,0,1,0,1,0,1,0,,0,simple,,
admin,base,Default,simple,"19530","Caulk Guns",631975,"111-CB",,"","10 oz. Cartridge Gun","","",/\1\1\newborn-brothers-co-111-cb-.jpg,/\1\1\newborn-brothers-co-111-cb-.jpg,http://www.48ws.com/images/product/1/1/newborn-brothers-co-111-cb-.jpg,newborn-brothers-co-111-CB-,newborn-brothers-co-111-CB-,,No layout updates.,Block after Info Column,,"","",Use config,"https://www.newborncaulkguns.com/products/model-111/",0,,,0,"Newborn Brothers Co.",344,,Enabled,"Catalog, Search",Taxable Goods,Yes,No,"","1/10 gal. E-Z Thrust® Skeleton Hex Rod w/Caulk Buddy™ Finishing Tool","","","10oz./Orange","",,,,,,,,1,0,1,0,0,1,1,1,0,1,1,,,1,0,1,0,1,0,1,0,,0,simple,,
admin,base,Default,simple,"19530","Caulk Guns",631976,"620AL-BLACK",,"","Cartridge/Sausage/Bulk Gun","","",/\6\2\newborn-brothers-co-620al-black-.jpg,/\6\2\newborn-brothers-co-620al-black-.jpg,http://www.48ws.com/images/product/6/2/newborn-brothers-co-620al-black-.jpg,newborn-brothers-co-620AL-BLACK-,newborn-brothers-co-620AL-BLACK-,,No layout updates.,Block after Info Column,,"","",Use config,"https://www.newborncaulkguns.com/products/bulk/models-610al620al634al/",0,,,0,"Newborn Brothers Co.",344,,Enabled,"Catalog, Search",Taxable Goods,Yes,No,"","15&quot; Sausage 20 oz. /Cartridge 10 oz. /Bulk 24 oz. Applicator with Aluminum Barrel. 18:1 Thrust - BLACK","","","10oz./20oz./24oz. Black","",,,,,,,,1,0,1,0,0,1,1,1,0,1,1,,,1,0,1,0,1,0,1,0,,0,simple,,
admin,base,Default,simple,"19530","Caulk Guns",631977,"620AL-BLUE",,"","Cartridge/Sausage/Bulk Gun","","",/\6\2\newborn-brothers-co-620al-blue-.jpg,/\6\2\newborn-brothers-co-620al-blue-.jpg,http://www.48ws.com/images/product/6/2/newborn-brothers-co-620al-blue-.jpg,newborn-brothers-co-620AL-BLUE-,newborn-brothers-co-620AL-BLUE-,,No layout updates.,Block after Info Column,,"","",Use config,"https://www.newborncaulkguns.com/products/bulk/models-610al620al634al/",0,,,0,"Newborn Brothers Co.",344,,Enabled,"Catalog, Search",Taxable Goods,Yes,No,"","15&quot; Sausage 20 oz. /Cartridge 10 oz. /Bulk 24 oz. Applicator with Aluminum Barrel. 18:1 Thrust - BLUE","","","10oz./20oz./24oz. Blue","",,,,,,,,1,0,1,0,0,1,1,1,0,1,1,,,1,0,1,0,1,0,1,0,,0,simple,,
admin,base,Default,simple,"19535","Glue Gun Accessories",631978,"A-FPT-05",,"","Caulk Gun Accessory","","",/\A\F\newborn-brothers-co-a-fpt-05-.jpg,/\A\F\newborn-brothers-co-a-fpt-05-.jpg,http://www.48ws.com/images/product/A/F/newborn-brothers-co-a-fpt-05-.jpg,newborn-brothers-co-A-FPT-05-,newborn-brothers-co-A-FPT-05-,,No layout updates.,Block after Info Column,,"","",Use config,"https://www.newborncaulkguns.com/products/follow-plates/",0,,,0,"Newborn Brothers Co.",344,,Enabled,"Catalog, Search",Taxable Goods,Yes,No,"","Follow Plate for 5 gal. Straight or Tapered Pail. 2&quot; barrel. Neoprene Seal. ","","","5 gallon","",,,,,,,,1,0,1,0,0,1,1,1,0,1,1,,,1,0,1,0,1,0,1,0,,0,simple,,
admin,base,Default,simple,"19535","Glue Gun Accessories",631979,"A-PC-620",,"","Caulk Gun Accessory","","",/\A\P\newborn-brothers-co-a-pc-620-.jpg,/\A\P\newborn-brothers-co-a-pc-620-.jpg,http://www.48ws.com/images/product/A/P/newborn-brothers-co-a-pc-620-.jpg,newborn-brothers-co-A-PC-620-,newborn-brothers-co-A-PC-620-,,No layout updates.,Block after Info Column,,"","",Use config,"https://www.newborncaulkguns.com/products/accessories/cone-pc-620/",0,,,0,"Newborn Brothers Co.",344,,Enabled,"Catalog, Search",Taxable Goods,Yes,No,"","Plastic Cone, Yellow. To be used with Model 620-AL","","","Yellow","",,,,,,,,1,0,1,0,0,1,1,1,0,1,1,,,1,0,1,0,1,0,1,0,,0,simple,,
admin,base,Default,simple,"19535","Glue Gun Accessories",631980,"A-PC-620BENT",,"","Caulk Gun Accessory","","",/\A\P\newborn-brothers-co-a-pc-620bent-.jpg,/\A\P\newborn-brothers-co-a-pc-620bent-.jpg,http://www.48ws.com/images/product/A/P/newborn-brothers-co-a-pc-620bent-.jpg,newborn-brothers-co-A-PC-620BENT-,newborn-brothers-co-A-PC-620BENT-,,No layout updates.,Block after Info Column,,"","",Use config,"https://www.newborncaulkguns.com/products/accessories/cone-pc-620bent/",0,,,0,"Newborn Brothers Co.",344,,Enabled,"Catalog, Search",Taxable Goods,Yes,No,"","Plastic Cone, Blue with 45° Angle. To be used with Model 610AL","","","Blue","",,,,,,,,1,0,1,0,0,1,1,1,0,1,1,,,1,0,1,0,1,0,1,0,,0,simple,,
admin,base,Default,simple,"19535","Glue Gun Accessories",631981,"PK-FLEXNOZZLE",,"","Caulk Gun Accessory","","",/\P\K\newborn-brothers-co-pk-flexnozzle-.jpg,/\P\K\newborn-brothers-co-pk-flexnozzle-.jpg,http://www.48ws.com/images/product/P/K/newborn-brothers-co-pk-flexnozzle-.jpg,newborn-brothers-co-PK-FLEXNOZZLE-,newborn-brothers-co-PK-FLEXNOZZLE-,,No layout updates.,Block after Info Column,,"","",Use config,"https://www.newborncaulkguns.com/products/accessories/conesnozzles/flex-nozzle-2/",0,,,0,"Newborn Brothers Co.",344,,Enabled,"Catalog, Search",Taxable Goods,Yes,No,"","Nozzle for Cartridges. 3 Pack w/Washer","","","White","",,,,,,,,1,0,1,0,0,1,1,1,0,1,1,,,1,0,1,0,1,0,1,0,,0,simple,,
