﻿store,websites,attribute_set,Type,category_ids,category_names,48WS_product_id,sku,has_options,name,Group_Name,meta_title,meta_description,Image,small_image,thumbnail,url_key,url_path,custom_design,page_layout,options_container,image_label,small_image_label,thumbnail_label,gift_message_available,manufacturer_url,price,special_price,cost,weight,manufacturer,manufacturer_id,color,status,visibility,tax_class_id,enable_googlecheckout,is_recurring,description,short_description,summary,upc,size_info,meta_keyword,custom_layout_update,news_from_date,news_to_date,special_from_date,special_to_date,custom_design_from,custom_design_to,qty,min_qty,use_config_min_qty,is_qty_decimal,backorders,use_config_backorders,min_sale_qty,use_config_min_sale_qty,max_sale_qty,use_config_max_sale_qty,is_in_stock,low_stock_date,notify_stock_qty,use_config_notify_stock_qty,manage_stock,use_config_manage_stock,stock_status_changed_automatically,use_config_qty_increments,qty_increments,use_config_enable_qty_increments,enable_qty_increments,product_name,store_id,product_type_id,product_status_changed,product_changed_websites
admin,base,Default,simple,"1176|28226","Safety Nets|Specialty Nuts",37417,"Safety Netting",,"48&quot; x 150&quot; Premium Orange","","48&quot; x 150&quot; Premium Orange","PearlWeave Personnel Safety Net Systems and Debris Netting, when installed horizontally, provide passive fall protection for workers above the nets, and passive Debris Netting protection for workers and the public below the nets.
",/\S\a\Pearlweave-Safety-Netting-48-x-150-Safety-Netting-Premium- 1.jpg,/\S\a\Pearlweave-Safety-Netting-48-x-150-Safety-Netting-Premium- 1.jpg,http://www.48ws.com/images/product/S/a/Pearlweave-Safety-Netting-48-x-150-Safety-Netting-Premium- 1.jpg,Pearlweave-Safety-Netting-48-x-150-Safety-Netting-Premium-Orange,Pearlweave-Safety-Netting-48-x-150-Safety-Netting-Premium-Orange,,No layout updates.,Block after Info Column,,"48&quot; x 150&quot; Premium Orange","48&quot; x 150&quot; Premium Orange",Use config,"http://www.pearlweave.com/default.aspx?pageId=8",0,,,0,"Pearlweave Safety Netting",331,,Enabled,"Catalog, Search",Taxable Goods,Yes,No,"PearlWeave Personnel Safety Net Systems and Debris Netting, when installed horizontally, provide passive fall protection for workers above the nets, and passive Debris Netting protection for workers and the public below the nets.
","PearlWeave Personnel Safety Net Systems Nets and Debris Netting are hand-crafted to rigid specifications and then thoroughly tested, per ANSI 10.11 to ensure that they exceed all mandatory and voluntary safety standards. 
<br></br>

Personnel nets can be lined with Debris Netting to catch debris, tools, etc. that otherwise would fall through the 4-inch openings. Debris Netting is manufactured from polyester and/or nylon materials and are available in mesh sizes from 1/8-inch to 7/8-inch. ","<b>High Strength Nylon</b><br>
PearlWeave Personnel Safety Net Systems and Debris Netting are manufactured from durable high-strength nylon. Our 4-inch, double-strand, diamond construction has been designed and tested to withstand force in excess of 17,500 foot-pounds. They have been certified to comply with ANSI A10.11 and OSHA 1926.500-Subpart M.<br></br>
<b>Forged Snap Hooks</b>
Forged steel snap hooks are lashed into place every 48-inches. Staggered spacing on opposite sides allows for nets to be easily connected to each other.<br></br>
<b>Ultra-Violet Retardant</b>
PearlWeave Personnel Safety Net Systems and Debris Netting are provided with a latex coating. This treatment retards the effects of ultra-violet (UV) exposure and improves the nets' resistance to abrasion.<br></br>
<b>Fire Retardant</b>
PearlWeave's exclusive latex flame retardant treatment is unique in that it can be added to our standard Personnel Safety Net and Debris Netting coating. As a result, only our nets can pass NFPA 701 without a decrease in overall net performance.","","Pearlweave Safety Netting 48&quot; x 150&quot; Safety Netting Premium Orange","48&quot; x 150&quot; Premium Orange",,,,,,,,1,0,1,0,0,1,1,1,0,1,1,,,1,0,1,0,1,0,1,0,,0,simple,,
