﻿store,websites,attribute_set,Type,category_ids,category_names,48WS_product_id,sku,has_options,name,Group_Name,meta_title,meta_description,Image,small_image,thumbnail,url_key,url_path,custom_design,page_layout,options_container,image_label,small_image_label,thumbnail_label,gift_message_available,manufacturer_url,price,special_price,cost,weight,manufacturer,manufacturer_id,color,status,visibility,tax_class_id,enable_googlecheckout,is_recurring,description,short_description,summary,upc,size_info,meta_keyword,custom_layout_update,news_from_date,news_to_date,special_from_date,special_to_date,custom_design_from,custom_design_to,qty,min_qty,use_config_min_qty,is_qty_decimal,backorders,use_config_backorders,min_sale_qty,use_config_min_sale_qty,max_sale_qty,use_config_max_sale_qty,is_in_stock,low_stock_date,notify_stock_qty,use_config_notify_stock_qty,manage_stock,use_config_manage_stock,stock_status_changed_automatically,use_config_qty_increments,qty_increments,use_config_enable_qty_increments,enable_qty_increments,product_name,store_id,product_type_id,product_status_changed,product_changed_websites
admin,base,Default,simple,"1326|19789","Cleaning Supplies|Recycled Trash Bags and Liners",38478,"55030",,"55 gal Drum Liner","","55 gal Drum Liner","2' 11-3/4&quot; x 4' 5-7/8&quot; x 1 Mil.",/\5\5\55030-Poly-America-Inc-55-gal-Drum.jpg,/\5\5\55030-Poly-America-Inc-55-gal-Drum.jpg,http://www.48ws.com/images/product/5/5/55030-Poly-America-Inc-55-gal-Drum.jpg,55030-Poly-America-Inc-55-gal-Drum-Liner,55030-Poly-America-Inc-55-gal-Drum-Liner,,No layout updates.,Block after Info Column,,"55 gal Drum Liner","55 gal Drum Liner",Use config,"",0,,,0,"Poly-America Inc",426,,Enabled,"Catalog, Search",Taxable Goods,Yes,No,"2' 11-3/4&quot; x 4' 5-7/8&quot; x 1 Mil.","<li>ONE-BY-ONE DISPENSING</li>
<li>TRUE TIE FLAPS</li>
<li>30 Bags - Boxed</li>
<li>Cap. Gals.=55</li>
<li>Color=Black</li>","","","55030 Poly-America Inc 55 gal Drum Liner","55 gal Drum Liner",,,,,,,,1,0,1,0,0,1,1,1,0,1,1,,,1,0,1,0,1,0,1,0,,0,simple,,
admin,base,Default,simple,"417|24122","Poly|Drop Cloths",241071,"CF0820C",,"Polyethylene Sheeting","","Polyethylene Sheeting","",/\C\F\poly-america-inc-cf0820c-polyethylene-sheeting.jpg,/\C\F\poly-america-inc-cf0820c-polyethylene-sheeting.jpg,http://www.48ws.com/images/product/C/F/poly-america-inc-cf0820c-polyethylene-sheeting.jpg,poly-america-inc-CF0820C-polyethylene-sheeting,poly-america-inc-CF0820C-polyethylene-sheeting,,No layout updates.,Block after Info Column,,"Polyethylene Sheeting","Polyethylene Sheeting",Use config,"",0,,,0,"Poly-America Inc",426,,Enabled,"Catalog, Search",Taxable Goods,Yes,No,"Polyethylene Sheeting","<h2>Clear Polyethylene Sheeting</h2>
<p>Clear polyethylene sheeting comes on rolls up to 200 ft. in length. This plastic sheeting is commonly used as a vapor barrier, a drop cloth, or to cover and protect a variety of items.
</p>","<h2>Description</h2>
<p>All rolls come on a 3” core, and up to a 6 mil thickness. Our clear sheeting comes with a milky transparency that is easy to see through. All sheeting comes folded in half on the roll.<br>
 
All orders over 5 rolls come with quantity based pricing that offers great discounts from website prices. We can have custom sizes made with a minimum order required. Call our sales department to inquire about this product or any other packaging products we offer.</p>
<b>Product Details:</b>
<table border=&quot;1&quot; width=40% cellpadding=&quot;10&quot; cellspacing=&quot;1&quot;>
<tr>
<th>Product Code</th><th>Roll Size</th><th>Thickness</th>
<tr></tr>
<td>CF0820C</td><td>20'X100' (2000ft<sup>2</sup>)</td><td>8 Mil</td>
</tr></table>","073257051972","","Polyethylene Sheeting",,,,,,,,1,0,1,0,0,1,1,1,0,1,1,,,1,0,1,0,1,0,1,0,,0,simple,,
admin,base,Default,simple,"417|24122","Poly|Drop Cloths",241072,"CF0610C",,"Polyethylene Sheeting","","Polyethylene Sheeting","",/\C\F\poly-america-inc-cf0610c-polyethylene-sheeting.jpg,/\C\F\poly-america-inc-cf0610c-polyethylene-sheeting.jpg,http://www.48ws.com/images/product/C/F/poly-america-inc-cf0610c-polyethylene-sheeting.jpg,poly-america-inc-CF0610C-polyethylene-sheeting,poly-america-inc-CF0610C-polyethylene-sheeting,,No layout updates.,Block after Info Column,,"Polyethylene Sheeting","Polyethylene Sheeting",Use config,"",0,,,0,"Poly-America Inc",426,,Enabled,"Catalog, Search",Taxable Goods,Yes,No,"Polyethylene Sheeting","<h2>Clear Polyethylene Sheeting</h2>
<p>Clear polyethylene sheeting comes on rolls up to 200 ft. in length. This plastic sheeting is commonly used as a vapor barrier, a drop cloth, or to cover and protect a variety of items.
</p>","<h2>Description</h2>
<p>All rolls come on a 3” core, and up to a 6 mil thickness. Our clear sheeting comes with a milky transparency that is easy to see through. All sheeting comes folded in half on the roll.<br>
 
All orders over 5 rolls come with quantity based pricing that offers great discounts from website prices. We can have custom sizes made with a minimum order required. Call our sales department to inquire about this product or any other packaging products we offer.</p>
<b>Product Details:</b>
<table border=&quot;1&quot; width=40% cellpadding=&quot;10&quot; cellspacing=&quot;1&quot;>
<tr>
<th>Product Code</th><th>Roll Size</th><th>Thickness</th><th>Weight</th>
<tr></tr>
<td>CF0610C</td><td>10'X100' (1000ft<sup>2</sup>)</td><td>6 Mil</td><td>30 LBS</td>
</tr></table>","073257051651","","Polyethylene Sheeting",,,,,,,,1,0,1,0,0,1,1,1,0,1,1,,,1,0,1,0,1,0,1,0,,0,simple,,
admin,base,Default,simple,"417|24122","Poly|Drop Cloths",241073,"CF0410C",,"Polyethylene Sheeting","","Polyethylene Sheeting","",/\C\F\poly-america-inc-cf0410c-polyethylene-sheeting.jpg,/\C\F\poly-america-inc-cf0410c-polyethylene-sheeting.jpg,http://www.48ws.com/images/product/C/F/poly-america-inc-cf0410c-polyethylene-sheeting.jpg,poly-america-inc-CF0410C-polyethylene-sheeting,poly-america-inc-CF0410C-polyethylene-sheeting,,No layout updates.,Block after Info Column,,"Polyethylene Sheeting","Polyethylene Sheeting",Use config,"",0,,,0,"Poly-America Inc",426,,Enabled,"Catalog, Search",Taxable Goods,Yes,No,"Polyethylene Sheeting","<h2>Clear Polyethylene Sheeting</h2>
<p>Clear polyethylene sheeting comes on rolls up to 200 ft. in length. This plastic sheeting is commonly used as a vapor barrier, a drop cloth, or to cover and protect a variety of items.
</p>","<h2>Description</h2>
<p>All rolls come on a 3” core, and up to a 6 mil thickness. Our clear sheeting comes with a milky transparency that is easy to see through. All sheeting comes folded in half on the roll.<br>
 
All orders over 5 rolls come with quantity based pricing that offers great discounts from website prices. We can have custom sizes made with a minimum order required. Call our sales department to inquire about this product or any other packaging products we offer.</p>
<b>Product Details:</b>
<table border=&quot;1&quot; width=40% cellpadding=&quot;10&quot; cellspacing=&quot;1&quot;>
<tr>
<th>Product Code</th><th>Roll Size</th><th>Thickness</th><th>Weight</th>
<tr></tr>
<td>CF0410C</td><td>10'X100' (1000ft<sup>2</sup>)</td><td>4 Mil</td><td>19 LBS</td>
</tr></table>","073257009355","","Polyethylene Sheeting",,,,,,,,1,0,1,0,0,1,1,1,0,1,1,,,1,0,1,0,1,0,1,0,,0,simple,,
admin,base,Default,simple,"417|24122","Poly|Drop Cloths",241074,"CF0412C",,"Polyethylene Sheeting","","Polyethylene Sheeting","",/\C\F\poly-america-inc-cf0412c-polyethylene-sheeting.jpg,/\C\F\poly-america-inc-cf0412c-polyethylene-sheeting.jpg,http://www.48ws.com/images/product/C/F/poly-america-inc-cf0412c-polyethylene-sheeting.jpg,poly-america-inc-CF0412C-polyethylene-sheeting,poly-america-inc-CF0412C-polyethylene-sheeting,,No layout updates.,Block after Info Column,,"Polyethylene Sheeting","Polyethylene Sheeting",Use config,"",0,,,0,"Poly-America Inc",426,,Enabled,"Catalog, Search",Taxable Goods,Yes,No,"Polyethylene Sheeting","<h2>Clear Polyethylene Sheeting</h2>
<p>Clear polyethylene sheeting comes on rolls up to 200 ft. in length. This plastic sheeting is commonly used as a vapor barrier, a drop cloth, or to cover and protect a variety of items.
</p>","<h2>Description</h2>
<p>All rolls come on a 3” core, and up to a 6 mil thickness. Our clear sheeting comes with a milky transparency that is easy to see through. All sheeting comes folded in half on the roll.<br>
 
All orders over 5 rolls come with quantity based pricing that offers great discounts from website prices. We can have custom sizes made with a minimum order required. Call our sales department to inquire about this product or any other packaging products we offer.</p>
<b>Product Details:</b>
<table border=&quot;1&quot; width=40% cellpadding=&quot;10&quot; cellspacing=&quot;1&quot;>
<tr>
<th>Product Code</th><th>Roll Size</th><th>Thickness</th><th>Weight</th>
<tr></tr>
<td>CF0412C</td><td>12'X100' (1200ft<sup>2</sup>)</td><td>4 Mil</td><td>25 LBS</td>
</tr></table>","073257050869 ","","Polyethylene Sheeting",,,,,,,,1,0,1,0,0,1,1,1,0,1,1,,,1,0,1,0,1,0,1,0,,0,simple,,
admin,base,Default,simple,"417|24122","Poly|Drop Cloths",241075,"CF0640B",,"Polyethylene Sheeting","","Polyethylene Sheeting","",/\C\F\poly-america-inc-cf0640b-polyethylene-sheeting.jpg,/\C\F\poly-america-inc-cf0640b-polyethylene-sheeting.jpg,http://www.48ws.com/images/product/C/F/poly-america-inc-cf0640b-polyethylene-sheeting.jpg,poly-america-inc-CF0640B-polyethylene-sheeting,poly-america-inc-CF0640B-polyethylene-sheeting,,No layout updates.,Block after Info Column,,"Polyethylene Sheeting","Polyethylene Sheeting",Use config,"",0,,,0,"Poly-America Inc",426,,Enabled,"Catalog, Search",Taxable Goods,Yes,No,"Polyethylene Sheeting","<h2>Clear Polyethylene Sheeting</h2>
<p>Clear polyethylene sheeting comes on rolls up to 200 ft. in length. This plastic sheeting is commonly used as a vapor barrier, a drop cloth, or to cover and protect a variety of items.
</p>","<h2>Description</h2>
<p>All rolls come on a 3” core, and up to a 6 mil thickness. Our clear sheeting comes with a milky transparency that is easy to see through. All sheeting comes folded in half on the roll.<br>
 
All orders over 5 rolls come with quantity based pricing that offers great discounts from website prices. We can have custom sizes made with a minimum order required. Call our sales department to inquire about this product or any other packaging products we offer.</p>
<b>Product Details:</b>
<table border=&quot;1&quot; width=40% cellpadding=&quot;10&quot; cellspacing=&quot;1&quot;>
<tr>
<th>Product Code</th><th>Roll Size</th><th>Thickness</th>
<tr></tr>
<td>CF0640B</td><td>40'X100' (4000ft<sup>2</sup>)</td><td>6 Mil</td>
</tr></table>","073257051941 ","","Polyethylene Sheeting",,,,,,,,1,0,1,0,0,1,1,1,0,1,1,,,1,0,1,0,1,0,1,0,,0,simple,,
admin,base,Default,simple,"417|24122","Poly|Drop Cloths",241076,"CFFR0620",,"Polyethylene Sheeting","","Polyethylene Sheeting","",/\C\F\poly-america-inc-cffr0620-polyethylene-sheeting.jpg,/\C\F\poly-america-inc-cffr0620-polyethylene-sheeting.jpg,http://www.48ws.com/images/product/C/F/poly-america-inc-cffr0620-polyethylene-sheeting.jpg,poly-america-inc-CFFR0620-polyethylene-sheeting,poly-america-inc-CFFR0620-polyethylene-sheeting,,No layout updates.,Block after Info Column,,"Polyethylene Sheeting","Polyethylene Sheeting",Use config,"",0,,,0,"Poly-America Inc",426,,Enabled,"Catalog, Search",Taxable Goods,Yes,No,"Polyethylene Sheeting","<h2>Clear Polyethylene Sheeting</h2>
<p>Clear polyethylene sheeting comes on rolls up to 200 ft. in length. This plastic sheeting is commonly used as a vapor barrier, a drop cloth, or to cover and protect a variety of items.
</p>","<h2>Description</h2>
<p>All rolls come on a 3” core, and up to a 6 mil thickness. Our clear sheeting comes with a milky transparency that is easy to see through. All sheeting comes folded in half on the roll.<br>
 
All orders over 5 rolls come with quantity based pricing that offers great discounts from website prices. We can have custom sizes made with a minimum order required. Call our sales department to inquire about this product or any other packaging products we offer.</p>
<b>Product Details:</b>
<table border=&quot;1&quot; width=40% cellpadding=&quot;10&quot; cellspacing=&quot;1&quot;>
<tr>
<th>Product Code</th><th>Roll Size</th><th>Thickness</th>
<tr></tr>
<td>CFFR0620</td><td>20'X100' (2000ft<sup>2</sup>)</td><td>6 Mil</td>
</tr></table>","073257051859 ","","Polyethylene Sheeting",,,,,,,,1,0,1,0,0,1,1,1,0,1,1,,,1,0,1,0,1,0,1,0,,0,simple,,
admin,base,Default,simple,"417|24122","Poly|Drop Cloths",241077,"CF0612C",,"Polyethylene Sheeting - Clear","Polyethylene Sheeting","Polyethylene Sheeting - Clear","",/\C\F\poly-america-inc-cf0612c-polyethylene-sheeting-clear.jpg,/\C\F\poly-america-inc-cf0612c-polyethylene-sheeting-clear.jpg,http://www.48ws.com/images/product/C/F/poly-america-inc-cf0612c-polyethylene-sheeting-clear.jpg,poly-america-inc-CF0612C-polyethylene-sheeting-clear,poly-america-inc-CF0612C-polyethylene-sheeting-clear,,No layout updates.,Block after Info Column,,"Polyethylene Sheeting - Clear","Polyethylene Sheeting - Clear",Use config,"",0,,,0,"Poly-America Inc",426,,Enabled,"Catalog, Search",Taxable Goods,Yes,No,"Polyethylene Sheeting - Clear","<h2>Clear Polyethylene Sheeting</h2>
<p>Clear polyethylene sheeting comes on rolls up to 200 ft. in length. This plastic sheeting is commonly used as a vapor barrier, a drop cloth, or to cover and protect a variety of items.
</p>","<h2>Description</h2>
<p>All rolls come on a 3” core, and up to a 6 mil thickness. Our clear sheeting comes with a milky transparency that is easy to see through. All sheeting comes folded in half on the roll.<br>
 
All orders over 5 rolls come with quantity based pricing that offers great discounts from website prices. We can have custom sizes made with a minimum order required. Call our sales department to inquire about this product or any other packaging products we offer.</p>
<b>Product Details:</b>
<table border=&quot;1&quot; width=40% cellpadding=&quot;10&quot; cellspacing=&quot;1&quot;>
<tr>
<th>Product Code</th><th>Roll Size</th><th>Thickness</th>
<tr></tr>
<td>CF0612C</td><td>12'X100' (1200ft<sup>2</sup>)</td><td>6 Mil</td>
</tr></table>","073257051705 ","Finish - Clear","Polyethylene Sheeting - Clear",,,,,,,,1,0,1,0,0,1,1,1,0,1,1,,,1,0,1,0,1,0,1,0,,0,simple,,
admin,base,Default,simple,"417|24122","Poly|Drop Cloths",241078,"CF0612B",,"Polyethylene Sheeting - Black","Polyethylene Sheeting","Polyethylene Sheeting - Black","",/\C\F\poly-america-inc-cf0612b-polyethylene-sheeting-black.jpg,/\C\F\poly-america-inc-cf0612b-polyethylene-sheeting-black.jpg,http://www.48ws.com/images/product/C/F/poly-america-inc-cf0612b-polyethylene-sheeting-black.jpg,poly-america-inc-CF0612B-polyethylene-sheeting-black,poly-america-inc-CF0612B-polyethylene-sheeting-black,,No layout updates.,Block after Info Column,,"Polyethylene Sheeting - Black","Polyethylene Sheeting - Black",Use config,"",0,,,0,"Poly-America Inc",426,,Enabled,"Catalog, Search",Taxable Goods,Yes,No,"Polyethylene Sheeting - Black","<h2>Clear Polyethylene Sheeting</h2>
<p>Clear polyethylene sheeting comes on rolls up to 200 ft. in length. This plastic sheeting is commonly used as a vapor barrier, a drop cloth, or to cover and protect a variety of items.
</p>","<h2>Description</h2>
<p>All rolls come on a 3” core, and up to a 6 mil thickness. Our clear sheeting comes with a milky transparency that is easy to see through. All sheeting comes folded in half on the roll.<br>
 
All orders over 5 rolls come with quantity based pricing that offers great discounts from website prices. We can have custom sizes made with a minimum order required. Call our sales department to inquire about this product or any other packaging products we offer.</p>
<b>Product Details:</b>
<table border=&quot;1&quot; width=40% cellpadding=&quot;10&quot; cellspacing=&quot;1&quot;>
<tr>
<th>Product Code</th><th>Roll Size</th><th>Thickness</th>
<tr></tr>
<td>CF0612B</td><td>12'X100' (1200ft<sup>2</sup>)</td><td>6 Mil</td>
</tr></table>","073257051699 ","Finish - Black","Polyethylene Sheeting - Black",,,,,,,,1,0,1,0,0,1,1,1,0,1,1,,,1,0,1,0,1,0,1,0,,0,simple,,
admin,base,Default,simple,"417|24122","Poly|Drop Cloths",241079,"CF0406C",,"Polyethylene Sheeting - Clear","Polyethylene Sheeting","Polyethylene Sheeting - Clear","",/\C\F\poly-america-inc-cf0406c-polyethylene-sheeting-clear.jpg,/\C\F\poly-america-inc-cf0406c-polyethylene-sheeting-clear.jpg,http://www.48ws.com/images/product/C/F/poly-america-inc-cf0406c-polyethylene-sheeting-clear.jpg,poly-america-inc-CF0406C-polyethylene-sheeting-clear,poly-america-inc-CF0406C-polyethylene-sheeting-clear,,No layout updates.,Block after Info Column,,"Polyethylene Sheeting - Clear","Polyethylene Sheeting - Clear",Use config,"",0,,,0,"Poly-America Inc",426,,Enabled,"Catalog, Search",Taxable Goods,Yes,No,"Polyethylene Sheeting - Clear","<h2>Clear Polyethylene Sheeting</h2>
<p>Clear polyethylene sheeting comes on rolls up to 200 ft. in length. This plastic sheeting is commonly used as a vapor barrier, a drop cloth, or to cover and protect a variety of items.
</p>","<h2>Description</h2>
<p>All rolls come on a 3” core, and up to a 6 mil thickness. Our clear sheeting comes with a milky transparency that is easy to see through. All sheeting comes folded in half on the roll.<br>
 
All orders over 5 rolls come with quantity based pricing that offers great discounts from website prices. We can have custom sizes made with a minimum order required. Call our sales department to inquire about this product or any other packaging products we offer.</p>
<b>Product Details:</b>
<table border=&quot;1&quot; width=40% cellpadding=&quot;10&quot; cellspacing=&quot;1&quot;>
<tr>
<th>Product Code</th><th>Roll Size</th><th>Thickness</th><th>Weight</th>
<tr></tr>
<td>CF0406C</td><td>6'X100' (600ft<sup>2</sup>)</td><td>4 Mil</td><td>12 LBS</td>
</tr></table>","073257050722 ","Finish - Clear","Polyethylene Sheeting - Clear",,,,,,,,1,0,1,0,0,1,1,1,0,1,1,,,1,0,1,0,1,0,1,0,,0,simple,,
admin,base,Default,simple,"417|24122","Poly|Drop Cloths",241080,"CF0406CSB",,"Polyethylene Sheeting - Clear","Polyethylene Sheeting","Polyethylene Sheeting - Clear","",/\C\F\poly-america-inc-cf0406csb-polyethylene-sheeting-clear.jpg,/\C\F\poly-america-inc-cf0406csb-polyethylene-sheeting-clear.jpg,http://www.48ws.com/images/product/C/F/poly-america-inc-cf0406csb-polyethylene-sheeting-clear.jpg,poly-america-inc-CF0406CSB-polyethylene-sheeting-clear,poly-america-inc-CF0406CSB-polyethylene-sheeting-clear,,No layout updates.,Block after Info Column,,"Polyethylene Sheeting - Clear","Polyethylene Sheeting - Clear",Use config,"",0,,,0,"Poly-America Inc",426,,Enabled,"Catalog, Search",Taxable Goods,Yes,No,"Polyethylene Sheeting - Clear","<h2>Clear Polyethylene Sheeting</h2>
<p>Clear polyethylene sheeting comes on rolls up to 200 ft. in length. This plastic sheeting is commonly used as a vapor barrier, a drop cloth, or to cover and protect a variety of items.
</p>","<h2>Description</h2>
<p>All rolls come on a 3” core, and up to a 6 mil thickness. Our clear sheeting comes with a milky transparency that is easy to see through. All sheeting comes folded in half on the roll.<br>
 
All orders over 5 rolls come with quantity based pricing that offers great discounts from website prices. We can have custom sizes made with a minimum order required. Call our sales department to inquire about this product or any other packaging products we offer.</p>
<b>Product Details:</b>
<table border=&quot;1&quot; width=40% cellpadding=&quot;10&quot; cellspacing=&quot;1&quot;>
<tr>
<th>Product Code</th><th>Roll Size</th><th>Thickness</th><th>Weight</th>
<tr></tr>
<td>CF0406CSB</td><td>6'X100' (600ft<sup>2</sup>)</td><td>4 Mil</td><td>12 LBS</td>
</tr></table>","","Finish - Clear Short Box","Polyethylene Sheeting - Clear",,,,,,,,1,0,1,0,0,1,1,1,0,1,1,,,1,0,1,0,1,0,1,0,,0,simple,,
admin,base,Default,simple,"417|24122","Poly|Drop Cloths",241081,"CF0420B",,"Polyethylene Sheeting - Black","Polyethylene Sheeting","Polyethylene Sheeting - Black","",/\C\F\poly-america-inc-cf0420b-polyethylene-sheeting-black.jpg,/\C\F\poly-america-inc-cf0420b-polyethylene-sheeting-black.jpg,http://www.48ws.com/images/product/C/F/poly-america-inc-cf0420b-polyethylene-sheeting-black.jpg,poly-america-inc-CF0420B-polyethylene-sheeting-black,poly-america-inc-CF0420B-polyethylene-sheeting-black,,No layout updates.,Block after Info Column,,"Polyethylene Sheeting - Black","Polyethylene Sheeting - Black",Use config,"",0,,,0,"Poly-America Inc",426,,Enabled,"Catalog, Search",Taxable Goods,Yes,No,"Polyethylene Sheeting - Black","<h2>Clear Polyethylene Sheeting</h2>
<p>Clear polyethylene sheeting comes on rolls up to 200 ft. in length. This plastic sheeting is commonly used as a vapor barrier, a drop cloth, or to cover and protect a variety of items.
</p>","<h2>Description</h2>
<p>All rolls come on a 3” core, and up to a 6 mil thickness. Our clear sheeting comes with a milky transparency that is easy to see through. All sheeting comes folded in half on the roll.<br>
 
All orders over 5 rolls come with quantity based pricing that offers great discounts from website prices. We can have custom sizes made with a minimum order required. Call our sales department to inquire about this product or any other packaging products we offer.</p>
<b>Product Details:</b>
<table border=&quot;1&quot; width=40% cellpadding=&quot;10&quot; cellspacing=&quot;1&quot;>
<tr>
<th>Product Code</th><th>Roll Size</th><th>Thickness</th><th>Weight</th>
<tr></tr>
<td>CF0420B</td><td>20'X100' (2000ft<sup>2</sup>)</td><td>4 Mil</td><td>36 LBS</td>
</tr></table>","073257051019","Finish - Black","Polyethylene Sheeting - Black",,,,,,,,1,0,1,0,0,1,1,1,0,1,1,,,1,0,1,0,1,0,1,0,,0,simple,,
admin,base,Default,simple,"417|24122","Poly|Drop Cloths",241082,"CF0220-200C",,"Polyethylene Sheeting","","Polyethylene Sheeting","",/\C\F\poly-america-inc-cf0220-200c-polyethylene-sheeting.jpg,/\C\F\poly-america-inc-cf0220-200c-polyethylene-sheeting.jpg,http://www.48ws.com/images/product/C/F/poly-america-inc-cf0220-200c-polyethylene-sheeting.jpg,poly-america-inc-CF0220-200C-polyethylene-sheeting,poly-america-inc-CF0220-200C-polyethylene-sheeting,,No layout updates.,Block after Info Column,,"Polyethylene Sheeting","Polyethylene Sheeting",Use config,"",0,,,0,"Poly-America Inc",426,,Enabled,"Catalog, Search",Taxable Goods,Yes,No,"Polyethylene Sheeting","<h2>Clear Polyethylene Sheeting</h2>
<p>Clear polyethylene sheeting comes on rolls up to 200 ft. in length. This plastic sheeting is commonly used as a vapor barrier, a drop cloth, or to cover and protect a variety of items.
</p>","<h2>Description</h2>
<p>All rolls come on a 3” core, and up to a 6 mil thickness. Our clear sheeting comes with a milky transparency that is easy to see through. All sheeting comes folded in half on the roll.<br>
 
All orders over 5 rolls come with quantity based pricing that offers great discounts from website prices. We can have custom sizes made with a minimum order required. Call our sales department to inquire about this product or any other packaging products we offer.</p>
<b>Product Details:</b>
<table border=&quot;1&quot; width=40% cellpadding=&quot;10&quot; cellspacing=&quot;1&quot;>
<tr>
<th>Product Code</th><th>Roll Size</th><th>Thickness</th>
<tr></tr>
<td>CF0220-200C</td><td>20'X200' (4000ft<sup>2</sup>)</td><td>2 Mil</td>
</tr></table>","","","Polyethylene Sheeting",,,,,,,,1,0,1,0,0,1,1,1,0,1,1,,,1,0,1,0,1,0,1,0,,0,simple,,
admin,base,Default,simple,"417|24122","Poly|Drop Cloths",241083,"CF1020B",,"Polyethylene Sheeting","","Polyethylene Sheeting","",/\C\F\poly-america-inc-cf1020b-polyethylene-sheeting.jpg,/\C\F\poly-america-inc-cf1020b-polyethylene-sheeting.jpg,http://www.48ws.com/images/product/C/F/poly-america-inc-cf1020b-polyethylene-sheeting.jpg,poly-america-inc-CF1020B-polyethylene-sheeting,poly-america-inc-CF1020B-polyethylene-sheeting,,No layout updates.,Block after Info Column,,"Polyethylene Sheeting","Polyethylene Sheeting",Use config,"",0,,,0,"Poly-America Inc",426,,Enabled,"Catalog, Search",Taxable Goods,Yes,No,"Polyethylene Sheeting","<h2>Clear Polyethylene Sheeting</h2>
<p>Clear polyethylene sheeting comes on rolls up to 200 ft. in length. This plastic sheeting is commonly used as a vapor barrier, a drop cloth, or to cover and protect a variety of items.
</p>","<h2>Description</h2>
<p>All rolls come on a 3” core, and up to a 6 mil thickness. Our clear sheeting comes with a milky transparency that is easy to see through. All sheeting comes folded in half on the roll.<br>
 
All orders over 5 rolls come with quantity based pricing that offers great discounts from website prices. We can have custom sizes made with a minimum order required. Call our sales department to inquire about this product or any other packaging products we offer.</p>
<b>Product Details:</b>
<table border=&quot;1&quot; width=40% cellpadding=&quot;10&quot; cellspacing=&quot;1&quot;>
<tr>
<th>Product Code</th><th>Roll Size</th><th>Thickness</th>
<tr></tr>
<td>CF1020B</td><td>20'X100' (2000ft<sup>2</sup>)</td><td>10 Mil</td>
</tr></table>","73257250122","","Polyethylene Sheeting",,,,,,,,1,0,1,0,0,1,1,1,0,1,1,,,1,0,1,0,1,0,1,0,,0,simple,,
admin,base,Default,simple,"417|24122","Poly|Drop Cloths",241084,"CF0440C",,"Polyethylene Sheeting","","Polyethylene Sheeting","",/\C\F\poly-america-inc-cf0440c-polyethylene-sheeting.jpg,/\C\F\poly-america-inc-cf0440c-polyethylene-sheeting.jpg,http://www.48ws.com/images/product/C/F/poly-america-inc-cf0440c-polyethylene-sheeting.jpg,poly-america-inc-CF0440C-polyethylene-sheeting,poly-america-inc-CF0440C-polyethylene-sheeting,,No layout updates.,Block after Info Column,,"Polyethylene Sheeting","Polyethylene Sheeting",Use config,"",0,,,0,"Poly-America Inc",426,,Enabled,"Catalog, Search",Taxable Goods,Yes,No,"Polyethylene Sheeting","<h2>Clear Polyethylene Sheeting</h2>
<p>Clear polyethylene sheeting comes on rolls up to 200 ft. in length. This plastic sheeting is commonly used as a vapor barrier, a drop cloth, or to cover and protect a variety of items.
</p>","<h2>Description</h2>
<p>All rolls come on a 3” core, and up to a 6 mil thickness. Our clear sheeting comes with a milky transparency that is easy to see through. All sheeting comes folded in half on the roll.<br>
 
All orders over 5 rolls come with quantity based pricing that offers great discounts from website prices. We can have custom sizes made with a minimum order required. Call our sales department to inquire about this product or any other packaging products we offer.</p>
<b>Product Details:</b>
<table border=&quot;1&quot; width=40% cellpadding=&quot;10&quot; cellspacing=&quot;1&quot;>
<tr>
<th>Product Code</th><th>Roll Size</th><th>Thickness</th>
<tr></tr>
<td>CF0440C</td><td>40'X100' (4000ft<sup>2</sup>)</td><td>4 Mil</td>
</tr></table>","073257051156","","Polyethylene Sheeting",,,,,,,,1,0,1,0,0,1,1,1,0,1,1,,,1,0,1,0,1,0,1,0,,0,simple,,
admin,base,Default,simple,"417|24122","Poly|Drop Cloths",241085,"CF0616C",,"Polyethylene Sheeting","","Polyethylene Sheeting","",/\C\F\poly-america-inc-cf0616c-polyethylene-sheeting.jpg,/\C\F\poly-america-inc-cf0616c-polyethylene-sheeting.jpg,http://www.48ws.com/images/product/C/F/poly-america-inc-cf0616c-polyethylene-sheeting.jpg,poly-america-inc-CF0616C-polyethylene-sheeting,poly-america-inc-CF0616C-polyethylene-sheeting,,No layout updates.,Block after Info Column,,"Polyethylene Sheeting","Polyethylene Sheeting",Use config,"",0,,,0,"Poly-America Inc",426,,Enabled,"Catalog, Search",Taxable Goods,Yes,No,"Polyethylene Sheeting","<h2>Clear Polyethylene Sheeting</h2>
<p>Clear polyethylene sheeting comes on rolls up to 200 ft. in length. This plastic sheeting is commonly used as a vapor barrier, a drop cloth, or to cover and protect a variety of items.
</p>","<h2>Description</h2>
<p>All rolls come on a 3” core, and up to a 6 mil thickness. Our clear sheeting comes with a milky transparency that is easy to see through. All sheeting comes folded in half on the roll.<br>
 
All orders over 5 rolls come with quantity based pricing that offers great discounts from website prices. We can have custom sizes made with a minimum order required. Call our sales department to inquire about this product or any other packaging products we offer.</p>
<b>Product Details:</b>
<table border=&quot;1&quot; width=40% cellpadding=&quot;10&quot; cellspacing=&quot;1&quot;>
<tr>
<th>Product Code</th><th>Roll Size</th><th>Thickness</th><th>Weight</th>
<tr></tr>
<td>CF0616C</td><td>16'X100' (1600ft<sup>2</sup>)</td><td>6 Mil</td><td>45 LBS</td>
</tr></table>","73257051774","","Polyethylene Sheeting",,,,,,,,1,0,1,0,0,1,1,1,0,1,1,,,1,0,1,0,1,0,1,0,,0,simple,,
admin,base,Default,simple,"417|24122","Poly|Drop Cloths",241086,"CF0606C",,"Polyethylene Sheeting","","Polyethylene Sheeting","",/\C\F\poly-america-inc-cf0606c-polyethylene-sheeting.jpg,/\C\F\poly-america-inc-cf0606c-polyethylene-sheeting.jpg,http://www.48ws.com/images/product/C/F/poly-america-inc-cf0606c-polyethylene-sheeting.jpg,poly-america-inc-CF0606C-polyethylene-sheeting,poly-america-inc-CF0606C-polyethylene-sheeting,,No layout updates.,Block after Info Column,,"Polyethylene Sheeting","Polyethylene Sheeting",Use config,"",0,,,0,"Poly-America Inc",426,,Enabled,"Catalog, Search",Taxable Goods,Yes,No,"Polyethylene Sheeting","<h2>Clear Polyethylene Sheeting</h2>
<p>Clear polyethylene sheeting comes on rolls up to 200 ft. in length. This plastic sheeting is commonly used as a vapor barrier, a drop cloth, or to cover and protect a variety of items.
</p>","<h2>Description</h2>
<p>All rolls come on a 3” core, and up to a 6 mil thickness. Our clear sheeting comes with a milky transparency that is easy to see through. All sheeting comes folded in half on the roll.<br>
 
All orders over 5 rolls come with quantity based pricing that offers great discounts from website prices. We can have custom sizes made with a minimum order required. Call our sales department to inquire about this product or any other packaging products we offer.</p>
<b>Product Details:</b>
<table border=&quot;1&quot; width=40% cellpadding=&quot;10&quot; cellspacing=&quot;1&quot;>
<tr>
<th>Product Code</th><th>Roll Size</th><th>Thickness</th><th>Weight</th>
<tr></tr>
<td>CF0606C</td><td>6'X100' (600ft<sup>2</sup>)</td><td>6 Mil</td><td>19 LBS</td>
</tr></table>","073257051583","","Polyethylene Sheeting",,,,,,,,1,0,1,0,0,1,1,1,0,1,1,,,1,0,1,0,1,0,1,0,,0,simple,,
admin,base,Default,simple,"417|24122","Poly|Drop Cloths",241087,"CF0624C",,"Polyethylene Sheeting","","Polyethylene Sheeting","",/\C\F\poly-america-inc-cf0624c-polyethylene-sheeting.jpg,/\C\F\poly-america-inc-cf0624c-polyethylene-sheeting.jpg,http://www.48ws.com/images/product/C/F/poly-america-inc-cf0624c-polyethylene-sheeting.jpg,poly-america-inc-CF0624C-polyethylene-sheeting,poly-america-inc-CF0624C-polyethylene-sheeting,,No layout updates.,Block after Info Column,,"Polyethylene Sheeting","Polyethylene Sheeting",Use config,"",0,,,0,"Poly-America Inc",426,,Enabled,"Catalog, Search",Taxable Goods,Yes,No,"Polyethylene Sheeting","<h2>Clear Polyethylene Sheeting</h2>
<p>Clear polyethylene sheeting comes on rolls up to 200 ft. in length. This plastic sheeting is commonly used as a vapor barrier, a drop cloth, or to cover and protect a variety of items.
</p>","<h2>Description</h2>
<p>All rolls come on a 3” core, and up to a 6 mil thickness. Our clear sheeting comes with a milky transparency that is easy to see through. All sheeting comes folded in half on the roll.<br>
 
All orders over 5 rolls come with quantity based pricing that offers great discounts from website prices. We can have custom sizes made with a minimum order required. Call our sales department to inquire about this product or any other packaging products we offer.</p>
<b>Product Details:</b>
<table border=&quot;1&quot; width=40% cellpadding=&quot;10&quot; cellspacing=&quot;1&quot;>
<tr>
<th>Product Code</th><th>Roll Size</th><th>Thickness</th>
<tr></tr>
<td>CF0624C</td><td>24'X100' (2400ft<sup>2</sup>)</td><td>6 Mil</td>
</tr></table>","073257051873","","Polyethylene Sheeting",,,,,,,,1,0,1,0,0,1,1,1,0,1,1,,,1,0,1,0,1,0,1,0,,0,simple,,
admin,base,Default,simple,"417|24122","Poly|Drop Cloths",241088,"CF0416C",,"Polyethylene Sheeting","","Polyethylene Sheeting","",/\C\F\poly-america-inc-cf0416c-polyethylene-sheeting.jpg,/\C\F\poly-america-inc-cf0416c-polyethylene-sheeting.jpg,http://www.48ws.com/images/product/C/F/poly-america-inc-cf0416c-polyethylene-sheeting.jpg,poly-america-inc-CF0416C-polyethylene-sheeting,poly-america-inc-CF0416C-polyethylene-sheeting,,No layout updates.,Block after Info Column,,"Polyethylene Sheeting","Polyethylene Sheeting",Use config,"",0,,,0,"Poly-America Inc",426,,Enabled,"Catalog, Search",Taxable Goods,Yes,No,"Polyethylene Sheeting","<h2>Clear Polyethylene Sheeting</h2>
<p>Clear polyethylene sheeting comes on rolls up to 200 ft. in length. This plastic sheeting is commonly used as a vapor barrier, a drop cloth, or to cover and protect a variety of items.
</p>","<h2>Description</h2>
<p>All rolls come on a 3” core, and up to a 6 mil thickness. Our clear sheeting comes with a milky transparency that is easy to see through. All sheeting comes folded in half on the roll.<br>
 
All orders over 5 rolls come with quantity based pricing that offers great discounts from website prices. We can have custom sizes made with a minimum order required. Call our sales department to inquire about this product or any other packaging products we offer.</p>
<b>Product Details:</b>
<table border=&quot;1&quot; width=40% cellpadding=&quot;10&quot; cellspacing=&quot;1&quot;>
<tr>
<th>Product Code</th><th>Roll Size</th><th>Thickness</th>
<tr></tr>
<td>CF0416C</td><td>16'X100' (1600ft<sup>2</sup>)</td><td>4 Mil</td>
</tr></table>","073257050982","","Polyethylene Sheeting",,,,,,,,1,0,1,0,0,1,1,1,0,1,1,,,1,0,1,0,1,0,1,0,,0,simple,,
admin,base,Default,simple,"417|24122","Poly|Drop Cloths",241089,"CF00709-0400C",,"Polyethylene Sheeting","","Polyethylene Sheeting","",/\C\F\poly-america-inc-cf00709-0400c-polyethylene-sheeting.jpg,/\C\F\poly-america-inc-cf00709-0400c-polyethylene-sheeting.jpg,http://www.48ws.com/images/product/C/F/poly-america-inc-cf00709-0400c-polyethylene-sheeting.jpg,poly-america-inc-CF00709-0400C-polyethylene-sheeting,poly-america-inc-CF00709-0400C-polyethylene-sheeting,,No layout updates.,Block after Info Column,,"Polyethylene Sheeting","Polyethylene Sheeting",Use config,"",0,,,0,"Poly-America Inc",426,,Enabled,"Catalog, Search",Taxable Goods,Yes,No,"Polyethylene Sheeting","<h2>Clear Polyethylene Sheeting</h2>
<p>Clear polyethylene sheeting comes on rolls up to 200 ft. in length. This plastic sheeting is commonly used as a vapor barrier, a drop cloth, or to cover and protect a variety of items.
</p>","<h2>Description</h2>
<p>All rolls come on a 3” core, and up to a 6 mil thickness. Our clear sheeting comes with a milky transparency that is easy to see through. All sheeting comes folded in half on the roll.<br>
 
All orders over 5 rolls come with quantity based pricing that offers great discounts from website prices. We can have custom sizes made with a minimum order required. Call our sales department to inquire about this product or any other packaging products we offer.</p>
<b>Product Details:</b>
<table border=&quot;1&quot; width=40% cellpadding=&quot;10&quot; cellspacing=&quot;1&quot;>
<tr>
<th>Product Code</th><th>Roll Size</th><th>Thickness</th>
<tr></tr>
<td>CF00709-0400C</td><td>9'X1000' (1600ft<sup>2</sup>)</td><td>7 Mil</td>
</tr></table>","","","Polyethylene Sheeting",,,,,,,,1,0,1,0,0,1,1,1,0,1,1,,,1,0,1,0,1,0,1,0,,0,simple,,
admin,base,Default,simple,"417|24122","Poly|Drop Cloths",241090,"CF0408CL",,"Polyethylene Sheeting","","Polyethylene Sheeting","",/\C\F\poly-america-inc-cf0408cl-polyethylene-sheeting.jpg,/\C\F\poly-america-inc-cf0408cl-polyethylene-sheeting.jpg,http://www.48ws.com/images/product/C/F/poly-america-inc-cf0408cl-polyethylene-sheeting.jpg,poly-america-inc-CF0408CL-polyethylene-sheeting,poly-america-inc-CF0408CL-polyethylene-sheeting,,No layout updates.,Block after Info Column,,"Polyethylene Sheeting","Polyethylene Sheeting",Use config,"",0,,,0,"Poly-America Inc",426,,Enabled,"Catalog, Search",Taxable Goods,Yes,No,"Polyethylene Sheeting","<h2>Clear Polyethylene Sheeting</h2>
<p>Clear polyethylene sheeting comes on rolls up to 200 ft. in length. This plastic sheeting is commonly used as a vapor barrier, a drop cloth, or to cover and protect a variety of items.
</p>","<h2>Description</h2>
<p>All rolls come on a 3” core, and up to a 6 mil thickness. Our clear sheeting comes with a milky transparency that is easy to see through. All sheeting comes folded in half on the roll.<br>
 
All orders over 5 rolls come with quantity based pricing that offers great discounts from website prices. We can have custom sizes made with a minimum order required. Call our sales department to inquire about this product or any other packaging products we offer.</p>
<b>Product Details:</b>
<table border=&quot;1&quot; width=40% cellpadding=&quot;10&quot; cellspacing=&quot;1&quot;>
<tr>
<th>Product Code</th><th>Roll Size</th><th>Thickness</th>
<tr></tr>
<td>CF0408CL</td><td>8'X100' (800ft<sup>2</sup>)</td><td>4 Mil</td>
</tr></table>","","","Polyethylene Sheeting",,,,,,,,1,0,1,0,0,1,1,1,0,1,1,,,1,0,1,0,1,0,1,0,,0,simple,,
admin,base,Default,simple,"417|24122","Poly|Drop Cloths",241091,"CF02083-200C",,"Polyethylene Sheeting","","Polyethylene Sheeting","",/\C\F\poly-america-inc-cf02083-200c-polyethylene-sheeting.jpg,/\C\F\poly-america-inc-cf02083-200c-polyethylene-sheeting.jpg,http://www.48ws.com/images/product/C/F/poly-america-inc-cf02083-200c-polyethylene-sheeting.jpg,poly-america-inc-CF02083-200C-polyethylene-sheeting,poly-america-inc-CF02083-200C-polyethylene-sheeting,,No layout updates.,Block after Info Column,,"Polyethylene Sheeting","Polyethylene Sheeting",Use config,"",0,,,0,"Poly-America Inc",426,,Enabled,"Catalog, Search",Taxable Goods,Yes,No,"Polyethylene Sheeting","<h2>Clear Polyethylene Sheeting</h2>
<p>Clear polyethylene sheeting comes on rolls up to 200 ft. in length. This plastic sheeting is commonly used as a vapor barrier, a drop cloth, or to cover and protect a variety of items.
</p>","<h2>Description</h2>
<p>All rolls come on a 3” core, and up to a 6 mil thickness. Our clear sheeting comes with a milky transparency that is easy to see through. All sheeting comes folded in half on the roll.<br>
 
All orders over 5 rolls come with quantity based pricing that offers great discounts from website prices. We can have custom sizes made with a minimum order required. Call our sales department to inquire about this product or any other packaging products we offer.</p>
<b>Product Details:</b>
<table border=&quot;1&quot; width=40% cellpadding=&quot;10&quot; cellspacing=&quot;1&quot;>
<tr>
<th>Product Code</th><th>Roll Size</th><th>Thickness</th>
<tr></tr>
<td>CF02083-200C</td><td>8'4X100' (1666.7ft<sup>2</sup>)</td><td>2 Mil</td>
</tr></table>","","","Polyethylene Sheeting",,,,,,,,1,0,1,0,0,1,1,1,0,1,1,,,1,0,1,0,1,0,1,0,,0,simple,,
admin,base,Default,simple,"417|24122","Poly|Drop Cloths",241092,"CF0608C",,"Polyethylene Sheeting","","Polyethylene Sheeting","",/\C\F\poly-america-inc-cf0608c-polyethylene-sheeting.jpg,/\C\F\poly-america-inc-cf0608c-polyethylene-sheeting.jpg,http://www.48ws.com/images/product/C/F/poly-america-inc-cf0608c-polyethylene-sheeting.jpg,poly-america-inc-CF0608C-polyethylene-sheeting,poly-america-inc-CF0608C-polyethylene-sheeting,,No layout updates.,Block after Info Column,,"Polyethylene Sheeting","Polyethylene Sheeting",Use config,"",0,,,0,"Poly-America Inc",426,,Enabled,"Catalog, Search",Taxable Goods,Yes,No,"Polyethylene Sheeting","<h2>Clear Polyethylene Sheeting</h2>
<p>Clear polyethylene sheeting comes on rolls up to 200 ft. in length. This plastic sheeting is commonly used as a vapor barrier, a drop cloth, or to cover and protect a variety of items.
</p>","<h2>Description</h2>
<p>All rolls come on a 3” core, and up to a 6 mil thickness. Our clear sheeting comes with a milky transparency that is easy to see through. All sheeting comes folded in half on the roll.<br>
 
All orders over 5 rolls come with quantity based pricing that offers great discounts from website prices. We can have custom sizes made with a minimum order required. Call our sales department to inquire about this product or any other packaging products we offer.</p>
<b>Product Details:</b>
<table border=&quot;1&quot; width=40% cellpadding=&quot;10&quot; cellspacing=&quot;1&quot;>
<tr>
<th>Product Code</th><th>Roll Size</th><th>Thickness</th>
<tr></tr>
<td>CF0608C</td><td>8'X100' (800ft<sup>2</sup>)</td><td>6 Mil</td>
</tr></table>","073257051606","","Polyethylene Sheeting",,,,,,,,1,0,1,0,0,1,1,1,0,1,1,,,1,0,1,0,1,0,1,0,,0,simple,,
admin,base,Default,simple,"417|24122","Poly|Drop Cloths",241093,"CF0414C",,"Polyethylene Sheeting","","Polyethylene Sheeting","",/\C\F\poly-america-inc-cf0414c-polyethylene-sheeting.jpg,/\C\F\poly-america-inc-cf0414c-polyethylene-sheeting.jpg,http://www.48ws.com/images/product/C/F/poly-america-inc-cf0414c-polyethylene-sheeting.jpg,poly-america-inc-CF0414C-polyethylene-sheeting,poly-america-inc-CF0414C-polyethylene-sheeting,,No layout updates.,Block after Info Column,,"Polyethylene Sheeting","Polyethylene Sheeting",Use config,"",0,,,0,"Poly-America Inc",426,,Enabled,"Catalog, Search",Taxable Goods,Yes,No,"Polyethylene Sheeting","<h2>Clear Polyethylene Sheeting</h2>
<p>Clear polyethylene sheeting comes on rolls up to 200 ft. in length. This plastic sheeting is commonly used as a vapor barrier, a drop cloth, or to cover and protect a variety of items.
</p>","<h2>Description</h2>
<p>All rolls come on a 3” core, and up to a 6 mil thickness. Our clear sheeting comes with a milky transparency that is easy to see through. All sheeting comes folded in half on the roll.<br>
 
All orders over 5 rolls come with quantity based pricing that offers great discounts from website prices. We can have custom sizes made with a minimum order required. Call our sales department to inquire about this product or any other packaging products we offer.</p>
<b>Product Details:</b>
<table border=&quot;1&quot; width=40% cellpadding=&quot;10&quot; cellspacing=&quot;1&quot;>
<tr>
<th>Product Code</th><th>Roll Size</th><th>Thickness</th>
<tr></tr>
<td>CF0414C</td><td>14'X100' (1400ft<sup>2</sup>)</td><td>4 Mil</td>
</tr></table>","073257050913","","Polyethylene Sheeting",,,,,,,,1,0,1,0,0,1,1,1,0,1,1,,,1,0,1,0,1,0,1,0,,0,simple,,
admin,base,Default,simple,"417|24124","Poly|Surface Protection Films",241094,"CFOG1020",,"Orange Guard - 10M","Orange Guard","Orange Guard - 10M","",/\C\F\poly-america-inc-cfog1020-orange-guard-10m.jpg,/\C\F\poly-america-inc-cfog1020-orange-guard-10m.jpg,http://www.48ws.com/images/product/C/F/poly-america-inc-cfog1020-orange-guard-10m.jpg,poly-america-inc-CFOG1020-orange-guard-10m,poly-america-inc-CFOG1020-orange-guard-10m,,No layout updates.,Block after Info Column,,"Orange Guard - 10M","Orange Guard - 10M",Use config,"",0,,,0,"Poly-America Inc",426,,Enabled,"Catalog, Search",Taxable Goods,Yes,No,"Orange Guard - 10M","<h2>Husky Orange Guard</h2><p>Husky Orange Guard Concrete Vapor Barrier
</p>","<h2>Product Overview</h2>
<p>The 20 ft. x 100 ft. Orange Guard Concrete Vapor Barrier is known for its ability to withstand jobsite conditions and construction foot traffic. This vapor barrier is designed for projects that involve slabs on-grade that require the mitigation of moisture vapor through the slab. This vapor barrier can cover up to 2,000 sq. ft.</p><ul>
<li>	Premium vapor barrier
</li><li>	10 mil thick
</li><li>	Yellow-color
</li><li>	Ideal for projects that involve slabs on-grade that require the mitigation of moisture vapor through the slab
</li><li>	Known for its ability to withstand typical jobsite conditions and construction foot traffic
</li><li>	Super low water vapor transmission rate
</li><li>	Covers up to 2,000 sq. ft.
</li><li>	Get the right coverage - click here for Home Depot's buying guide
</li><li>	Note: Product Packaging may Vary
</li></ul>
<b>Product Details:</b>
<table border=&quot;1&quot; width=40% cellpadding=&quot;10&quot; cellspacing=&quot;1&quot;>
<tr>
<th>Product Code</th><th>Roll Size</th><th>Thickness</th><th>Color</th>
<tr></tr>
<td>CFOG1020</td><td>20' X 100' (2000ft<sup>2</sup>)</td><td>10 Mil</td><td>Orange</td>
</tr></table>","073257008952","Thickness - 10M","Orange Guard - 10M",,,,,,,,1,0,1,0,0,1,1,1,0,1,1,,,1,0,1,0,1,0,1,0,,0,simple,,
admin,base,Default,simple,"417","Poly",241096,"HW181580",,"Stretch Film","","Stretch Film","",/\H\W\poly-america-inc-hw181580-stretch-film.jpg,/\H\W\poly-america-inc-hw181580-stretch-film.jpg,http://www.48ws.com/images/product/H/W/poly-america-inc-hw181580-stretch-film.jpg,poly-america-inc-HW181580-stretch-film,poly-america-inc-HW181580-stretch-film,,No layout updates.,Block after Info Column,,"Stretch Film","Stretch Film",Use config,"",0,,,0,"Poly-America Inc",426,,Enabled,"Catalog, Search",Taxable Goods,Yes,No,"Stretch Film","<h2>Stretch Film</h2><p>Poly America Husky Stretch Film
</p>","<h2>Description</h2><ul>
<li>Stretch wrap film is great for moving, seasonal storage or packing needs
</li><li>Unique adhesive binds securely by sticking to itself leaving your items intact
</li><li>16 micron thickness
</li><li>Roll Size: 18&quot; x 1500'
</li></ul>","73257190770","Stretch Film","Stretch Film",,,,,,,,1,0,1,0,0,1,1,1,0,1,1,,,1,0,1,0,1,0,1,0,,0,simple,,
admin,base,Default,simple,"417|23330","Poly|Pallet Covers",241097,"PC5242",,"Pallet Cover","","Pallet Cover","",/\P\C\poly-america-inc-pc5242-pallet-cover.jpg,/\P\C\poly-america-inc-pc5242-pallet-cover.jpg,http://www.48ws.com/images/product/P/C/poly-america-inc-pc5242-pallet-cover.jpg,poly-america-inc-PC5242-pallet-cover,poly-america-inc-PC5242-pallet-cover,,No layout updates.,Block after Info Column,,"Pallet Cover","Pallet Cover",Use config,"",0,,,0,"Poly-America Inc",426,,Enabled,"Catalog, Search",Taxable Goods,Yes,No,"Pallet Cover","<h2>Pallet Cover</h2><p>Poly America PC5242 52 By 42 By 72 By .0015 Pallet Cover.
</p>","<h2>Description</h2><ul>
<li>Pallet covers color: clear
</li><li>Plastic covering used to protect material on pallets.
</li><li>Roll Size: 52 inches wide x 42 inches long x 72 inches tall x .0015 inches thick.
</li></ul>","073257005050","","Pallet Cover",,,,,,,,1,0,1,0,0,1,1,1,0,1,1,,,1,0,1,0,1,0,1,0,,0,simple,,
admin,base,Default,simple,"417|26082","Poly|Barrier, Flagging and Underground Tapes",241098,"PT-236C",,"Poly AM Tape ","","Poly AM Tape ","",/\P\T\poly-america-inc-pt-236c-poly-am-tape.jpg,/\P\T\poly-america-inc-pt-236c-poly-am-tape.jpg,http://www.48ws.com/images/product/P/T/poly-america-inc-pt-236c-poly-am-tape.jpg,poly-america-inc-PT-236C-poly-am-tape,poly-america-inc-PT-236C-poly-am-tape,,No layout updates.,Block after Info Column,,"Poly AM Tape ","Poly AM Tape ",Use config,"",0,,,0,"Poly-America Inc",426,,Enabled,"Catalog, Search",Taxable Goods,Yes,No,"Poly AM Tape ","<h2>Poly AM Tape</h2><ul>
<li>Floor-safety marking tape is made of heavy-duty poly vinyl with rubber adhesive that sticks tight and removes cleanly.
</li><li>Tape resists abrasion, moisture, common solvents and weather.
</li><li>Ideal for indoor or outdoor marking of traffic areas, physical hazards, emergency zones and work sites.
</ul>","<h2>Description</h2>
<p>Bright yellow color with thick, black diagonal stripes makes it perfect for color-coding (black/yellow for physical hazards). Flexible backing allows application to curved walls, ducts, low-hanging objects as well as floors. 3&quot; core is made of 100 percent post-consumer recycled content and is biodegradable.</p>
<h2>Product Information</h2><ul>
<li>Roll Size: 2&quot; x 108&quot; (36 yd/roll)
</li></ul>","","","Poly AM Tape ",,,,,,,,1,0,1,0,0,1,1,1,0,1,1,,,1,0,1,0,1,0,1,0,,0,simple,,
admin,base,Default,simple,"417|24124","Poly|Surface Protection Films",241099,"PDC-1",,"Plastic Drop Cloth","","Plastic Drop Cloth","",/\P\D\poly-america-inc-pdc-1-plastic-drop-cloth.jpg,/\P\D\poly-america-inc-pdc-1-plastic-drop-cloth.jpg,http://www.48ws.com/images/product/P/D/poly-america-inc-pdc-1-plastic-drop-cloth.jpg,poly-america-inc-PDC-1-plastic-drop-cloth,poly-america-inc-PDC-1-plastic-drop-cloth,,No layout updates.,Block after Info Column,,"Plastic Drop Cloth","Plastic Drop Cloth",Use config,"",0,,,0,"Poly-America Inc",426,,Enabled,"Catalog, Search",Taxable Goods,Yes,No,"Plastic Drop Cloth","<h2>Plastic Drop Cloth</h2><p>Poly America 9-Feet X 12-Feet .5 Mil Poly Roll Drop Cloth
</p>","<h2>Product Description </h2><ul>
<li>Roll Size; 9' X 12'
</li><li>Thickness: 1 MIL POLY ROLL DROP CLOTH
</li><li>Consumer plastic drop cloth in retail packaging
</li><li>Protects walls, floors and ceilings
</li><li>Individually pacaged for pegboard
</li></ul>","","","Plastic Drop Cloth",,,,,,,,1,0,1,0,0,1,1,1,0,1,1,,,1,0,1,0,1,0,1,0,,0,simple,,
admin,base,Default,simple,"1326|19703","Cleaning Supplies|Cleaning Supplies Holders",241100,"PA3242HD",,"Trash Bag","","Trash Bag","",/\P\A\poly-america-inc-pa3242hd-trash-bag.jpg,/\P\A\poly-america-inc-pa3242hd-trash-bag.jpg,http://www.48ws.com/images/product/P/A/poly-america-inc-pa3242hd-trash-bag.jpg,poly-america-inc-PA3242HD-trash-bag,poly-america-inc-PA3242HD-trash-bag,,No layout updates.,Block after Info Column,,"Trash Bag","Trash Bag",Use config,"",0,,,0,"Poly-America Inc",426,,Enabled,"Catalog, Search",Taxable Goods,Yes,No,"Trash Bag","<h2>Trash Bag</h2><p>Poly America 42 Gal Black Trash Bags Box of 32
</p>","<h2>Features</h2><ul>
<li>	32 bags per box
</li><li>	Made with super hexene LLDPE, the premium resin in the industry
</li><li>	SCS certified recycled content claims
</li><li>	Available with twist tie, drawstring, flaps or handle tie closures
</li><li>	Sizes: 42 gal
</li><li>	For recycling programs, there's blue and clear
</li></ul>
<h2>Specifications</h2>	
</li><li>	Brand: Poly America
</li><li>	Thickness: 3 mil
</li><li>	Color: Black
</li><li>	Capacity: 42 gal
</li><li>	Material: LLDPE
</li><li>	Type: Contractor, Heavy Duty
</li><li>	Standards: SCS Certified
</li><li>	Length: 48 in
</li><li>	Width: 33 in
</li></ul>","","","Trash Bag",,,,,,,,1,0,1,0,0,1,1,1,0,1,1,,,1,0,1,0,1,0,1,0,,0,simple,,
