﻿store,websites,attribute_set,Type,category_ids,category_names,48WS_product_id,sku,has_options,name,Group_Name,meta_title,meta_description,Image,small_image,thumbnail,url_key,url_path,custom_design,page_layout,options_container,image_label,small_image_label,thumbnail_label,gift_message_available,manufacturer_url,price,special_price,cost,weight,manufacturer,manufacturer_id,color,status,visibility,tax_class_id,enable_googlecheckout,is_recurring,description,short_description,summary,upc,size_info,meta_keyword,custom_layout_update,news_from_date,news_to_date,special_from_date,special_to_date,custom_design_from,custom_design_to,qty,min_qty,use_config_min_qty,is_qty_decimal,backorders,use_config_backorders,min_sale_qty,use_config_min_sale_qty,max_sale_qty,use_config_max_sale_qty,is_in_stock,low_stock_date,notify_stock_qty,use_config_notify_stock_qty,manage_stock,use_config_manage_stock,stock_status_changed_automatically,use_config_qty_increments,qty_increments,use_config_enable_qty_increments,enable_qty_increments,product_name,store_id,product_type_id,product_status_changed,product_changed_websites
admin,base,Default,simple,"423|21685","Drywall Tools|Drywall Specialty Tools",97061,"2311",,"Drywall Lfit","","Drywall Lfit","",/\2\3\Sumner-Manufacturing-Co-Inc-2311-Drywall.jpg,/\2\3\Sumner-Manufacturing-Co-Inc-2311-Drywall.jpg,http://www.48ws.com/images/product/2/3/Sumner-Manufacturing-Co-Inc-2311-Drywall.jpg,Sumner-Manufacturing-Co-Inc-2311-Drywall-Lfit,Sumner-Manufacturing-Co-Inc-2311-Drywall-Lfit,,No layout updates.,Block after Info Column,,"Drywall Lfit","Drywall Lfit",Use config,"http://www.sumner.com/sumner/sub/productb/galmodel.206.7.8.206.0.0.html",0,,,0,"Sumner Manufacturing Co. Inc.",658,,Enabled,"Catalog, Search",Taxable Goods,Yes,No,"","<li>Solid, safe construction</li><li>
Lightweight - 99 lb (45 kg)</li><li>
Two speed winch handle</li><li>
Quick, tool-free assembly</li><li>
One person operation</li><li>
Tilts 65° for drywall installation</li><li>
Lifts loads of 150 lb (70 kg) up to 11' 6&quot; (3.5 m)</li>","","","Sumner Manufacturing Co. Inc. 2311 Drywall Lfit","Drywall Lfit",,,,,,,,1,0,1,0,0,1,1,1,0,1,1,,,1,0,1,0,1,0,1,0,,0,simple,,
admin,base,Default,simple,"21873","Pipe Stands and Vises",97063,"ST-601",,"Hi Adjust-A-Roll with Steel Wheels","","Hi Adjust-A-Roll with Steel Wheels","",/\S\T\Sumner-Manufacturing-Co-Inc-ST-601-Hi-Adjust-A-Roll-with.jpg,/\S\T\Sumner-Manufacturing-Co-Inc-ST-601-Hi-Adjust-A-Roll-with.jpg,http://www.48ws.com/images/product/S/T/Sumner-Manufacturing-Co-Inc-ST-601-Hi-Adjust-A-Roll-with.jpg,sumner-manufacturing-co-inc-ST-601-,sumner-manufacturing-co-inc-ST-601-,,No layout updates.,Block after Info Column,,"Hi Adjust-A-Roll with Steel Wheels","Hi Adjust-A-Roll with Steel Wheels",Use config,"http://www.sumner.com/sumner/sub/productb/galmodel.34.7.9.34.0.0.html",0,,,0,"Sumner Manufacturing Co. Inc.",658,,Enabled,"Catalog, Search",Taxable Goods,Yes,No,"","<li>Hi Adjust-A-Roll stands 31&quot; (78 cm) high</li><li>
Roller adjustment from either side</li><li>
Fast adjustment for easy pipe positioning</li><li>
1/2&quot; to 36&quot; (12 – 900 mm), or 2,000 Lb (900 kg) pipe capacity</li><li>
Clean and simple design avoids welder interference</li><li>
Wheels trued for true pipe rotation</li><li>
Bronze bearing to eliminate arcing</li><li>
Brake to lock loads for layout or fit-up</li><li>
Handle large enough to work with gloved hand</li><li>
Replacement legs available for easy repair</li><li>
Weight: 34 lb</li>","","","Sumner Manufacturing Co. Inc. ST-601 Hi Adjust-A-Roll with Steel Wheels","Hi Adjust-A-Roll with Steel Wheels",,,,,,,,1,0,1,0,0,1,1,1,0,1,1,,,1,0,1,0,1,0,1,0,,0,simple,,
admin,base,Default,simple,"26720","Welding Cylinder Carts",164407,"782439",,"Double Cylinder Carts with Lifting Eye and/or Fire Wall","Double Cylinder Carts with Lifting Eye and/or Fire Wall","Double Cylinder Carts with Lifting Eye and/or Fire Wall","",/\7\8\Double-Cylinder-Carts-with-Lifting-Eye-andor-Fire.jpg,/\7\8\Double-Cylinder-Carts-with-Lifting-Eye-andor-Fire.jpg,http://www.48ws.com/images/product/7/8/Double-Cylinder-Carts-with-Lifting-Eye-andor-Fire.jpg,sumner-manufacturing-co-inc-782439-,sumner-manufacturing-co-inc-782439-,,No layout updates.,Block after Info Column,,"Double Cylinder Carts with Lifting Eye and/or Fire Wall","Double Cylinder Carts with Lifting Eye and/or Fire Wall",Use config,"http://www.sumner.com/sumner/sub/productb/galmodel.61.7.12.61.0.0.html",0,,,0,"Sumner Manufacturing Co. Inc.",658,,Enabled,"Catalog, Search",Taxable Goods,Yes,No,"","The high rail feature secures tanks on to the cart while moving around job site situations. Full range cart holds one 244–330cu ft (9-1/4&quot;) oxygen tank and one 210–420 cu ft (13-1/2&quot;) acetylene tank. Equipped with 13 x 25&quot; (33 x 63 cm) base plate and a la","","","209-14SB-LF Cylinder Cart w/Firewall","Double Cylinder Carts with Lifting Eye and/or Fire Wall",,,,,,,,1,0,1,0,0,1,1,1,0,1,1,,,1,0,1,0,1,0,1,0,,0,simple,,
admin,base,Default,simple,"26720","Welding Cylinder Carts",164408,"782441",,"Double Cylinder Carts with Lifting Eye and/or Fire Wall","Double Cylinder Carts with Lifting Eye and/or Fire Wall","Double Cylinder Carts with Lifting Eye and/or Fire Wall","",/\7\8\Double-Cylinder-Carts-with-Lifting-Eye-andor-Fire.jpg,/\7\8\Double-Cylinder-Carts-with-Lifting-Eye-andor-Fire.jpg,http://www.48ws.com/images/product/7/8/Double-Cylinder-Carts-with-Lifting-Eye-andor-Fire.jpg,sumner-manufacturing-co-inc-782441-,sumner-manufacturing-co-inc-782441-,,No layout updates.,Block after Info Column,,"Double Cylinder Carts with Lifting Eye and/or Fire Wall","Double Cylinder Carts with Lifting Eye and/or Fire Wall",Use config,"http://www.sumner.com/sumner/sub/productb/galmodel.61.7.12.61.0.0.html",0,,,0,"Sumner Manufacturing Co. Inc.",658,,Enabled,"Catalog, Search",Taxable Goods,Yes,No,"","The high rail feature secures tanks on to the cart while moving around job site situations. Full range cart holds one 244–330cu ft (9-1/4&quot;) oxygen tank and one 210–420 cu ft (13-1/2&quot;) acetylene tank. Equipped with 13 x 25&quot; (33 x 63 cm) base plate and a la","","","209-14SB-L Cylinder Cart w/Divider","Double Cylinder Carts with Lifting Eye and/or Fire Wall",,,,,,,,1,0,1,0,0,1,1,1,0,1,1,,,1,0,1,0,1,0,1,0,,0,simple,,
admin,base,Default,simple,"26720","Welding Cylinder Carts",164409,"782443",,"Double Cylinder Carts with Lifting Eye and/or Fire Wall","Double Cylinder Carts with Lifting Eye and/or Fire Wall","Double Cylinder Carts with Lifting Eye and/or Fire Wall","",/\7\8\Double-Cylinder-Carts-with-Lifting-Eye-andor-Fire.jpg,/\7\8\Double-Cylinder-Carts-with-Lifting-Eye-andor-Fire.jpg,http://www.48ws.com/images/product/7/8/Double-Cylinder-Carts-with-Lifting-Eye-andor-Fire.jpg,sumner-manufacturing-co-inc-782443-,sumner-manufacturing-co-inc-782443-,,No layout updates.,Block after Info Column,,"Double Cylinder Carts with Lifting Eye and/or Fire Wall","Double Cylinder Carts with Lifting Eye and/or Fire Wall",Use config,"http://www.sumner.com/sumner/sub/productb/galmodel.61.7.12.61.0.0.html",0,,,0,"Sumner Manufacturing Co. Inc.",658,,Enabled,"Catalog, Search",Taxable Goods,Yes,No,"","The high rail feature secures tanks on to the cart while moving around job site situations. Full range cart holds one 244–330cu ft (9-1/4&quot;) oxygen tank and one 210–420 cu ft (13-1/2&quot;) acetylene tank. Equipped with 13 x 25&quot; (33 x 63 cm) base plate and a la","","","209-16PB-LF Cylinder Cart w/Firewall","Double Cylinder Carts with Lifting Eye and/or Fire Wall",,,,,,,,1,0,1,0,0,1,1,1,0,1,1,,,1,0,1,0,1,0,1,0,,0,simple,,
admin,base,Default,simple,"26720","Welding Cylinder Carts",164410,"782444",,"Double Cylinder Carts with Lifting Eye and/or Fire Wall","Double Cylinder Carts with Lifting Eye and/or Fire Wall","Double Cylinder Carts with Lifting Eye and/or Fire Wall","",/\7\8\Double-Cylinder-Carts-with-Lifting-Eye-andor-Fire.jpg,/\7\8\Double-Cylinder-Carts-with-Lifting-Eye-andor-Fire.jpg,http://www.48ws.com/images/product/7/8/Double-Cylinder-Carts-with-Lifting-Eye-andor-Fire.jpg,sumner-manufacturing-co-inc-782444-,sumner-manufacturing-co-inc-782444-,,No layout updates.,Block after Info Column,,"Double Cylinder Carts with Lifting Eye and/or Fire Wall","Double Cylinder Carts with Lifting Eye and/or Fire Wall",Use config,"http://www.sumner.com/sumner/sub/productb/galmodel.61.7.12.61.0.0.html",0,,,0,"Sumner Manufacturing Co. Inc.",658,,Enabled,"Catalog, Search",Taxable Goods,Yes,No,"","The high rail feature secures tanks on to the cart while moving around job site situations. Full range cart holds one 244–330cu ft (9-1/4&quot;) oxygen tank and one 210–420 cu ft (13-1/2&quot;) acetylene tank. Equipped with 13 x 25&quot; (33 x 63 cm) base plate and a la","","","209-16FB-LF Cylinder Cart w/Firewall","Double Cylinder Carts with Lifting Eye and/or Fire Wall",,,,,,,,1,0,1,0,0,1,1,1,0,1,1,,,1,0,1,0,1,0,1,0,,0,simple,,
admin,base,Default,simple,"26720","Welding Cylinder Carts",164411,"782476",,"Double Cylinder Carts with Lifting Eye and/or Fire Wall","Double Cylinder Carts with Lifting Eye and/or Fire Wall","Double Cylinder Carts with Lifting Eye and/or Fire Wall","",/\7\8\Double-Cylinder-Carts-with-Lifting-Eye-andor-Fire.jpg,/\7\8\Double-Cylinder-Carts-with-Lifting-Eye-andor-Fire.jpg,http://www.48ws.com/images/product/7/8/Double-Cylinder-Carts-with-Lifting-Eye-andor-Fire.jpg,sumner-manufacturing-co-inc-782476-,sumner-manufacturing-co-inc-782476-,,No layout updates.,Block after Info Column,,"Double Cylinder Carts with Lifting Eye and/or Fire Wall","Double Cylinder Carts with Lifting Eye and/or Fire Wall",Use config,"http://www.sumner.com/sumner/sub/productb/galmodel.61.7.12.61.0.0.html",0,,,0,"Sumner Manufacturing Co. Inc.",658,,Enabled,"Catalog, Search",Taxable Goods,Yes,No,"","The high rail feature secures tanks on to the cart while moving around job site situations. Full range cart holds one 244–330cu ft (9-1/4&quot;) oxygen tank and one 210–420 cu ft (13-1/2&quot;) acetylene tank. Equipped with 13 x 25&quot; (33 x 63 cm) base plate and a la","","","213-25WB-LF Cylinder Cart w/Firewall","Double Cylinder Carts with Lifting Eye and/or Fire Wall",,,,,,,,1,0,1,0,0,1,1,1,0,1,1,,,1,0,1,0,1,0,1,0,,0,simple,,
admin,base,Default,simple,"26720","Welding Cylinder Carts",164412,"782491",,"Double Cylinder Carts with Lifting Eye and/or Fire Wall","Double Cylinder Carts with Lifting Eye and/or Fire Wall","Double Cylinder Carts with Lifting Eye and/or Fire Wall","",/\7\8\Double-Cylinder-Carts-with-Lifting-Eye-andor-Fire.jpg,/\7\8\Double-Cylinder-Carts-with-Lifting-Eye-andor-Fire.jpg,http://www.48ws.com/images/product/7/8/Double-Cylinder-Carts-with-Lifting-Eye-andor-Fire.jpg,sumner-manufacturing-co-inc-782491-,sumner-manufacturing-co-inc-782491-,,No layout updates.,Block after Info Column,,"Double Cylinder Carts with Lifting Eye and/or Fire Wall","Double Cylinder Carts with Lifting Eye and/or Fire Wall",Use config,"http://www.sumner.com/sumner/sub/productb/galmodel.61.7.12.61.0.0.html",0,,,0,"Sumner Manufacturing Co. Inc.",658,,Enabled,"Catalog, Search",Taxable Goods,Yes,No,"","The high rail feature secures tanks on to the cart while moving around job site situations. Full range cart holds one 244–330cu ft (9-1/4&quot;) oxygen tank and one 210–420 cu ft (13-1/2&quot;) acetylene tank. Equipped with 13 x 25&quot; (33 x 63 cm) base plate and a la","","","213-14SB-LF Cylinder Cart w/Firewall","Double Cylinder Carts with Lifting Eye and/or Fire Wall",,,,,,,,1,0,1,0,0,1,1,1,0,1,1,,,1,0,1,0,1,0,1,0,,0,simple,,
admin,base,Default,simple,"26720","Welding Cylinder Carts",164413,"782493",,"Double Cylinder Carts with Lifting Eye and/or Fire Wall","Double Cylinder Carts with Lifting Eye and/or Fire Wall","Double Cylinder Carts with Lifting Eye and/or Fire Wall","",/\7\8\Double-Cylinder-Carts-with-Lifting-Eye-andor-Fire.jpg,/\7\8\Double-Cylinder-Carts-with-Lifting-Eye-andor-Fire.jpg,http://www.48ws.com/images/product/7/8/Double-Cylinder-Carts-with-Lifting-Eye-andor-Fire.jpg,sumner-manufacturing-co-inc-782493-,sumner-manufacturing-co-inc-782493-,,No layout updates.,Block after Info Column,,"Double Cylinder Carts with Lifting Eye and/or Fire Wall","Double Cylinder Carts with Lifting Eye and/or Fire Wall",Use config,"http://www.sumner.com/sumner/sub/productb/galmodel.61.7.12.61.0.0.html",0,,,0,"Sumner Manufacturing Co. Inc.",658,,Enabled,"Catalog, Search",Taxable Goods,Yes,No,"","The high rail feature secures tanks on to the cart while moving around job site situations. Full range cart holds one 244–330cu ft (9-1/4&quot;) oxygen tank and one 210–420 cu ft (13-1/2&quot;) acetylene tank. Equipped with 13 x 25&quot; (33 x 63 cm) base plate and a la","","","213-14SB-L Cylinder Cart w/Divider","Double Cylinder Carts with Lifting Eye and/or Fire Wall",,,,,,,,1,0,1,0,0,1,1,1,0,1,1,,,1,0,1,0,1,0,1,0,,0,simple,,
admin,base,Default,simple,"26720","Welding Cylinder Carts",164414,"782495",,"Double Cylinder Carts with Lifting Eye and/or Fire Wall","Double Cylinder Carts with Lifting Eye and/or Fire Wall","Double Cylinder Carts with Lifting Eye and/or Fire Wall","",/\7\8\Double-Cylinder-Carts-with-Lifting-Eye-andor-Fire.jpg,/\7\8\Double-Cylinder-Carts-with-Lifting-Eye-andor-Fire.jpg,http://www.48ws.com/images/product/7/8/Double-Cylinder-Carts-with-Lifting-Eye-andor-Fire.jpg,sumner-manufacturing-co-inc-782495-,sumner-manufacturing-co-inc-782495-,,No layout updates.,Block after Info Column,,"Double Cylinder Carts with Lifting Eye and/or Fire Wall","Double Cylinder Carts with Lifting Eye and/or Fire Wall",Use config,"http://www.sumner.com/sumner/sub/productb/galmodel.61.7.12.61.0.0.html",0,,,0,"Sumner Manufacturing Co. Inc.",658,,Enabled,"Catalog, Search",Taxable Goods,Yes,No,"","The high rail feature secures tanks on to the cart while moving around job site situations. Full range cart holds one 244–330cu ft (9-1/4&quot;) oxygen tank and one 210–420 cu ft (13-1/2&quot;) acetylene tank. Equipped with 13 x 25&quot; (33 x 63 cm) base plate and a la","","","213-16PB-LF Cylinder Cart w/Firewall","Double Cylinder Carts with Lifting Eye and/or Fire Wall",,,,,,,,1,0,1,0,0,1,1,1,0,1,1,,,1,0,1,0,1,0,1,0,,0,simple,,
admin,base,Default,simple,"26720","Welding Cylinder Carts",164415,"782496",,"Double Cylinder Carts with Lifting Eye and/or Fire Wall","Double Cylinder Carts with Lifting Eye and/or Fire Wall","Double Cylinder Carts with Lifting Eye and/or Fire Wall","",/\7\8\Double-Cylinder-Carts-with-Lifting-Eye-andor-Fire.jpg,/\7\8\Double-Cylinder-Carts-with-Lifting-Eye-andor-Fire.jpg,http://www.48ws.com/images/product/7/8/Double-Cylinder-Carts-with-Lifting-Eye-andor-Fire.jpg,sumner-manufacturing-co-inc-782496-,sumner-manufacturing-co-inc-782496-,,No layout updates.,Block after Info Column,,"Double Cylinder Carts with Lifting Eye and/or Fire Wall","Double Cylinder Carts with Lifting Eye and/or Fire Wall",Use config,"http://www.sumner.com/sumner/sub/productb/galmodel.61.7.12.61.0.0.html",0,,,0,"Sumner Manufacturing Co. Inc.",658,,Enabled,"Catalog, Search",Taxable Goods,Yes,No,"","The high rail feature secures tanks on to the cart while moving around job site situations. Full range cart holds one 244–330cu ft (9-1/4&quot;) oxygen tank and one 210–420 cu ft (13-1/2&quot;) acetylene tank. Equipped with 13 x 25&quot; (33 x 63 cm) base plate and a la","","","213-16FB-LF Cylinder Cart w/Firewall","Double Cylinder Carts with Lifting Eye and/or Fire Wall",,,,,,,,1,0,1,0,0,1,1,1,0,1,1,,,1,0,1,0,1,0,1,0,,0,simple,,
admin,base,Default,simple,"26720","Welding Cylinder Carts",164416,"782497",,"Double Cylinder Carts with Lifting Eye and/or Fire Wall","Double Cylinder Carts with Lifting Eye and/or Fire Wall","Double Cylinder Carts with Lifting Eye and/or Fire Wall","",/\7\8\Double-Cylinder-Carts-with-Lifting-Eye-andor-Fire.jpg,/\7\8\Double-Cylinder-Carts-with-Lifting-Eye-andor-Fire.jpg,http://www.48ws.com/images/product/7/8/Double-Cylinder-Carts-with-Lifting-Eye-andor-Fire.jpg,sumner-manufacturing-co-inc-782497-,sumner-manufacturing-co-inc-782497-,,No layout updates.,Block after Info Column,,"Double Cylinder Carts with Lifting Eye and/or Fire Wall","Double Cylinder Carts with Lifting Eye and/or Fire Wall",Use config,"http://www.sumner.com/sumner/sub/productb/galmodel.61.7.12.61.0.0.html",0,,,0,"Sumner Manufacturing Co. Inc.",658,,Enabled,"Catalog, Search",Taxable Goods,Yes,No,"","The high rail feature secures tanks on to the cart while moving around job site situations. Full range cart holds one 244–330cu ft (9-1/4&quot;) oxygen tank and one 210–420 cu ft (13-1/2&quot;) acetylene tank. Equipped with 13 x 25&quot; (33 x 63 cm) base plate and a la","","","213-25PB-LF Cylinder Cart w/Firewall","Double Cylinder Carts with Lifting Eye and/or Fire Wall",,,,,,,,1,0,1,0,0,1,1,1,0,1,1,,,1,0,1,0,1,0,1,0,,0,simple,,
admin,base,Default,simple,"1201|20646","Jacks|Transmission Jacks",164417,"780375",,"Heavy Duty - Hi Jack","Heavy Duty - Hi Jack","Heavy Duty - Hi Jack","",/\7\8\Heavy-Duty-Hi.jpg,/\7\8\Heavy-Duty-Hi.jpg,http://www.48ws.com/images/product/7/8/Heavy-Duty-Hi.jpg,sumner-manufacturing-co-inc-780375-heavy-duty-hi-jack,sumner-manufacturing-co-inc-780375-heavy-duty-hi-jack,,No layout updates.,Block after Info Column,,"Heavy Duty - Hi Jack","Heavy Duty - Hi Jack",Use config,"http://www.sumner.com/sumner/sub/productb/galmodel.27.7.9.27.0.0.html",0,,,0,"Sumner Manufacturing Co. Inc.",658,,Enabled,"Catalog, Search",Taxable Goods,Yes,No,"The Heavy Duty Jack is the first commercially produced Jack stand constructed of rugged 1&quot; (2.5 cm) steel tubing, tested by independent labs for excessive loads.","<li>2,500 lb (1,135 Kg) capacity</li><li>3,500 lb (1,580 kg) capacity for Heavy Duty Plus Jack</li><li>Strut tension plate for superior lateral support</li><li>1&quot; (2.5 cm) square tube base construction</li><li>Built for heavy use & abuse</li><li>Quick-act","","","ST-801 w/Vee-Head, Weight (lbs): 24.0","Heavy Duty - Hi Jack",,,,,,,,1,0,1,0,0,1,1,1,0,1,1,,,1,0,1,0,1,0,1,0,,0,simple,,
admin,base,Default,simple,"1201|20646","Jacks|Transmission Jacks",164418,"780376",,"Heavy Duty - Hi Jack","Heavy Duty - Hi Jack","Heavy Duty - Hi Jack","",/\7\8\Heavy-Duty-Hi.jpg,/\7\8\Heavy-Duty-Hi.jpg,http://www.48ws.com/images/product/7/8/Heavy-Duty-Hi.jpg,sumner-manufacturing-co-inc-780376-heavy-duty-hi-jack,sumner-manufacturing-co-inc-780376-heavy-duty-hi-jack,,No layout updates.,Block after Info Column,,"Heavy Duty - Hi Jack","Heavy Duty - Hi Jack",Use config,"http://www.sumner.com/sumner/sub/productb/galmodel.27.7.9.27.0.0.html",0,,,0,"Sumner Manufacturing Co. Inc.",658,,Enabled,"Catalog, Search",Taxable Goods,Yes,No,"The Heavy Duty Jack is the first commercially produced Jack stand constructed of rugged 1&quot; (2.5 cm) steel tubing, tested by independent labs for excessive loads.","<li>2,500 lb (1,135 Kg) capacity</li><li>3,500 lb (1,580 kg) capacity for Heavy Duty Plus Jack</li><li>Strut tension plate for superior lateral support</li><li>1&quot; (2.5 cm) square tube base construction</li><li>Built for heavy use & abuse</li><li>Quick-act","","","ST-802 w/Roller Head, Weight (lbs): 27.0","Heavy Duty - Hi Jack",,,,,,,,1,0,1,0,0,1,1,1,0,1,1,,,1,0,1,0,1,0,1,0,,0,simple,,
admin,base,Default,simple,"1201|20646","Jacks|Transmission Jacks",164419,"780377",,"Heavy Duty - Hi Jack","Heavy Duty - Hi Jack","Heavy Duty - Hi Jack","",/\7\8\Heavy-Duty-Hi.jpg,/\7\8\Heavy-Duty-Hi.jpg,http://www.48ws.com/images/product/7/8/Heavy-Duty-Hi.jpg,sumner-manufacturing-co-inc-780377-heavy-duty-hi-jack,sumner-manufacturing-co-inc-780377-heavy-duty-hi-jack,,No layout updates.,Block after Info Column,,"Heavy Duty - Hi Jack","Heavy Duty - Hi Jack",Use config,"http://www.sumner.com/sumner/sub/productb/galmodel.27.7.9.27.0.0.html",0,,,0,"Sumner Manufacturing Co. Inc.",658,,Enabled,"Catalog, Search",Taxable Goods,Yes,No,"The Heavy Duty Jack is the first commercially produced Jack stand constructed of rugged 1&quot; (2.5 cm) steel tubing, tested by independent labs for excessive loads.","<li>2,500 lb (1,135 Kg) capacity</li><li>3,500 lb (1,580 kg) capacity for Heavy Duty Plus Jack</li><li>Strut tension plate for superior lateral support</li><li>1&quot; (2.5 cm) square tube base construction</li><li>Built for heavy use & abuse</li><li>Quick-act","","","ST-803 w/Bar Stock Head, Weight (lbs): 24.0","Heavy Duty - Hi Jack",,,,,,,,1,0,1,0,0,1,1,1,0,1,1,,,1,0,1,0,1,0,1,0,,0,simple,,
admin,base,Default,simple,"1201|20646","Jacks|Transmission Jacks",164420,"780378",,"Heavy Duty - Hi Jack","Heavy Duty - Hi Jack","Heavy Duty - Hi Jack","",/\7\8\Heavy-Duty-Hi.jpg,/\7\8\Heavy-Duty-Hi.jpg,http://www.48ws.com/images/product/7/8/Heavy-Duty-Hi.jpg,sumner-manufacturing-co-inc-780378-heavy-duty-hi-jack,sumner-manufacturing-co-inc-780378-heavy-duty-hi-jack,,No layout updates.,Block after Info Column,,"Heavy Duty - Hi Jack","Heavy Duty - Hi Jack",Use config,"http://www.sumner.com/sumner/sub/productb/galmodel.27.7.9.27.0.0.html",0,,,0,"Sumner Manufacturing Co. Inc.",658,,Enabled,"Catalog, Search",Taxable Goods,Yes,No,"The Heavy Duty Jack is the first commercially produced Jack stand constructed of rugged 1&quot; (2.5 cm) steel tubing, tested by independent labs for excessive loads.","<li>2,500 lb (1,135 Kg) capacity</li><li>3,500 lb (1,580 kg) capacity for Heavy Duty Plus Jack</li><li>Strut tension plate for superior lateral support</li><li>1&quot; (2.5 cm) square tube base construction</li><li>Built for heavy use & abuse</li><li>Quick-act","","","ST-804 w/Stainless Steel Rollers, Weight (lbs): 28.0","Heavy Duty - Hi Jack",,,,,,,,1,0,1,0,0,1,1,1,0,1,1,,,1,0,1,0,1,0,1,0,,0,simple,,
admin,base,Default,simple,"1201|20646","Jacks|Transmission Jacks",164421,"780379",,"Heavy Duty - Hi Jack","Heavy Duty - Hi Jack","Heavy Duty - Hi Jack","",/\7\8\Heavy-Duty-Hi.jpg,/\7\8\Heavy-Duty-Hi.jpg,http://www.48ws.com/images/product/7/8/Heavy-Duty-Hi.jpg,sumner-manufacturing-co-inc-780379-heavy-duty-hi-jack,sumner-manufacturing-co-inc-780379-heavy-duty-hi-jack,,No layout updates.,Block after Info Column,,"Heavy Duty - Hi Jack","Heavy Duty - Hi Jack",Use config,"http://www.sumner.com/sumner/sub/productb/galmodel.27.7.9.27.0.0.html",0,,,0,"Sumner Manufacturing Co. Inc.",658,,Enabled,"Catalog, Search",Taxable Goods,Yes,No,"The Heavy Duty Jack is the first commercially produced Jack stand constructed of rugged 1&quot; (2.5 cm) steel tubing, tested by independent labs for excessive loads.","<li>2,500 lb (1,135 Kg) capacity</li><li>3,500 lb (1,580 kg) capacity for Heavy Duty Plus Jack</li><li>Strut tension plate for superior lateral support</li><li>1&quot; (2.5 cm) square tube base construction</li><li>Built for heavy use & abuse</li><li>Quick-act","","","ST-805 w/Stainless Steel Vee-Head, Weight (lbs): 24.0","Heavy Duty - Hi Jack",,,,,,,,1,0,1,0,0,1,1,1,0,1,1,,,1,0,1,0,1,0,1,0,,0,simple,,
admin,base,Default,simple,"1201|20646","Jacks|Transmission Jacks",164422,"780380",,"Heavy Duty - Hi Jack","Heavy Duty - Hi Jack","Heavy Duty - Hi Jack","",/\7\8\Heavy-Duty-Hi.jpg,/\7\8\Heavy-Duty-Hi.jpg,http://www.48ws.com/images/product/7/8/Heavy-Duty-Hi.jpg,sumner-manufacturing-co-inc-780380-heavy-duty-hi-jack,sumner-manufacturing-co-inc-780380-heavy-duty-hi-jack,,No layout updates.,Block after Info Column,,"Heavy Duty - Hi Jack","Heavy Duty - Hi Jack",Use config,"http://www.sumner.com/sumner/sub/productb/galmodel.27.7.9.27.0.0.html",0,,,0,"Sumner Manufacturing Co. Inc.",658,,Enabled,"Catalog, Search",Taxable Goods,Yes,No,"The Heavy Duty Jack is the first commercially produced Jack stand constructed of rugged 1&quot; (2.5 cm) steel tubing, tested by independent labs for excessive loads.","<li>2,500 lb (1,135 Kg) capacity</li><li>3,500 lb (1,580 kg) capacity for Heavy Duty Plus Jack</li><li>Strut tension plate for superior lateral support</li><li>1&quot; (2.5 cm) square tube base construction</li><li>Built for heavy use & abuse</li><li>Quick-act","","","ST-806 w/Ball Transfer Head, Weight (lbs): 27.0","Heavy Duty - Hi Jack",,,,,,,,1,0,1,0,0,1,1,1,0,1,1,,,1,0,1,0,1,0,1,0,,0,simple,,
admin,base,Default,simple,"1201|20646","Jacks|Transmission Jacks",164423,"780381",,"Heavy Duty - Hi Jack","Heavy Duty - Hi Jack","Heavy Duty - Hi Jack","",/\7\8\Heavy-Duty-Hi.jpg,/\7\8\Heavy-Duty-Hi.jpg,http://www.48ws.com/images/product/7/8/Heavy-Duty-Hi.jpg,sumner-manufacturing-co-inc-780381-heavy-duty-hi-jack,sumner-manufacturing-co-inc-780381-heavy-duty-hi-jack,,No layout updates.,Block after Info Column,,"Heavy Duty - Hi Jack","Heavy Duty - Hi Jack",Use config,"http://www.sumner.com/sumner/sub/productb/galmodel.27.7.9.27.0.0.html",0,,,0,"Sumner Manufacturing Co. Inc.",658,,Enabled,"Catalog, Search",Taxable Goods,Yes,No,"The Heavy Duty Jack is the first commercially produced Jack stand constructed of rugged 1&quot; (2.5 cm) steel tubing, tested by independent labs for excessive loads.","<li>2,500 lb (1,135 Kg) capacity</li><li>3,500 lb (1,580 kg) capacity for Heavy Duty Plus Jack</li><li>Strut tension plate for superior lateral support</li><li>1&quot; (2.5 cm) square tube base construction</li><li>Built for heavy use & abuse</li><li>Quick-act","","","ST-807 w/Rubber Wheels, Weight (lbs): 26.0","Heavy Duty - Hi Jack",,,,,,,,1,0,1,0,0,1,1,1,0,1,1,,,1,0,1,0,1,0,1,0,,0,simple,,
admin,base,Default,simple,"2011|23131","Hoists|Manual Chain Hoists",164424,"780300",,"Standard Roust-A-Bout Models","Standard Roust-A-Bout Models","Standard Roust-A-Bout Models","",/\7\8\Standard-Roust-A-Bout.jpg,/\7\8\Standard-Roust-A-Bout.jpg,http://www.48ws.com/images/product/7/8/Standard-Roust-A-Bout.jpg,sumner-manufacturing-co-inc-780300-standard-roust-a-bout-models,sumner-manufacturing-co-inc-780300-standard-roust-a-bout-models,,No layout updates.,Block after Info Column,,"Standard Roust-A-Bout Models","Standard Roust-A-Bout Models",Use config,"http://www.sumner.com/sumner/sub/productb/galmodel.21.0.0.0.0.0.html",0,,,0,"Sumner Manufacturing Co. Inc.",658,,Enabled,"Catalog, Search",Taxable Goods,Yes,No,"","<li>Lifts 1,500 pounds (680 kg)</li><li>15', 18' and 25' heights (4.6, 5.5 and 7.6 m)</li><li>Moves vertically and horizontally</li><li>2 Winches: operate load and mast elevation separately</li><li>4-speed load winches</li><li>Infinite load height adjustm","","","Max Height: 15', Min Height: 79&quot;, Base: 32&quot; x 40&quot;","Standard Roust-A-Bout Models",,,,,,,,1,0,1,0,0,1,1,1,0,1,1,,,1,0,1,0,1,0,1,0,,0,simple,,
admin,base,Default,simple,"2011|23131","Hoists|Manual Chain Hoists",164425,"780301",,"Standard Roust-A-Bout Models","Standard Roust-A-Bout Models","Standard Roust-A-Bout Models","",/\7\8\Standard-Roust-A-Bout.jpg,/\7\8\Standard-Roust-A-Bout.jpg,http://www.48ws.com/images/product/7/8/Standard-Roust-A-Bout.jpg,sumner-manufacturing-co-inc-780301-standard-roust-a-bout-models,sumner-manufacturing-co-inc-780301-standard-roust-a-bout-models,,No layout updates.,Block after Info Column,,"Standard Roust-A-Bout Models","Standard Roust-A-Bout Models",Use config,"http://www.sumner.com/sumner/sub/productb/galmodel.21.0.0.0.0.0.html",0,,,0,"Sumner Manufacturing Co. Inc.",658,,Enabled,"Catalog, Search",Taxable Goods,Yes,No,"","<li>Lifts 1,500 pounds (680 kg)</li><li>15', 18' and 25' heights (4.6, 5.5 and 7.6 m)</li><li>Moves vertically and horizontally</li><li>2 Winches: operate load and mast elevation separately</li><li>4-speed load winches</li><li>Infinite load height adjustm","","","Max Height: 15', Min Height: 79&quot;, Base: 40&quot; x 40&quot;","Standard Roust-A-Bout Models",,,,,,,,1,0,1,0,0,1,1,1,0,1,1,,,1,0,1,0,1,0,1,0,,0,simple,,
admin,base,Default,simple,"2011|23131","Hoists|Manual Chain Hoists",164426,"780302",,"Standard Roust-A-Bout Models","Standard Roust-A-Bout Models","Standard Roust-A-Bout Models","",/\7\8\Standard-Roust-A-Bout.jpg,/\7\8\Standard-Roust-A-Bout.jpg,http://www.48ws.com/images/product/7/8/Standard-Roust-A-Bout.jpg,sumner-manufacturing-co-inc-780302-standard-roust-a-bout-models,sumner-manufacturing-co-inc-780302-standard-roust-a-bout-models,,No layout updates.,Block after Info Column,,"Standard Roust-A-Bout Models","Standard Roust-A-Bout Models",Use config,"http://www.sumner.com/sumner/sub/productb/galmodel.21.0.0.0.0.0.html",0,,,0,"Sumner Manufacturing Co. Inc.",658,,Enabled,"Catalog, Search",Taxable Goods,Yes,No,"","<li>Lifts 1,500 pounds (680 kg)</li><li>15', 18' and 25' heights (4.6, 5.5 and 7.6 m)</li><li>Moves vertically and horizontally</li><li>2 Winches: operate load and mast elevation separately</li><li>4-speed load winches</li><li>Infinite load height adjustm","","","Max Height: 18', Min Height: 126&quot;, Base: 50&quot; x 50&quot;","Standard Roust-A-Bout Models",,,,,,,,1,0,1,0,0,1,1,1,0,1,1,,,1,0,1,0,1,0,1,0,,0,simple,,
admin,base,Default,simple,"2011|23131","Hoists|Manual Chain Hoists",164427,"780303",,"Standard Roust-A-Bout Models","Standard Roust-A-Bout Models","Standard Roust-A-Bout Models","",/\7\8\Standard-Roust-A-Bout.jpg,/\7\8\Standard-Roust-A-Bout.jpg,http://www.48ws.com/images/product/7/8/Standard-Roust-A-Bout.jpg,sumner-manufacturing-co-inc-780303-standard-roust-a-bout-models,sumner-manufacturing-co-inc-780303-standard-roust-a-bout-models,,No layout updates.,Block after Info Column,,"Standard Roust-A-Bout Models","Standard Roust-A-Bout Models",Use config,"http://www.sumner.com/sumner/sub/productb/galmodel.21.0.0.0.0.0.html",0,,,0,"Sumner Manufacturing Co. Inc.",658,,Enabled,"Catalog, Search",Taxable Goods,Yes,No,"","<li>Lifts 1,500 pounds (680 kg)</li><li>15', 18' and 25' heights (4.6, 5.5 and 7.6 m)</li><li>Moves vertically and horizontally</li><li>2 Winches: operate load and mast elevation separately</li><li>4-speed load winches</li><li>Infinite load height adjustm","","","Max Height: 25', Min Height: 119&quot;, Base: 60&quot; x 60&quot;","Standard Roust-A-Bout Models",,,,,,,,1,0,1,0,0,1,1,1,0,1,1,,,1,0,1,0,1,0,1,0,,0,simple,,
admin,base,Default,simple,"2011|23162","Hoists|Personnel Lifts",164428,"783650",,"Series 2100 Contractor Lifts","Series 2100 Contractor Lifts","Series 2100 Contractor Lifts","",/\7\8\Series-2100-Contractor.jpg,/\7\8\Series-2100-Contractor.jpg,http://www.48ws.com/images/product/7/8/Series-2100-Contractor.jpg,sumner-manufacturing-co-inc-783650-series-2100-contractor-lifts,sumner-manufacturing-co-inc-783650-series-2100-contractor-lifts,,No layout updates.,Block after Info Column,,"Series 2100 Contractor Lifts","Series 2100 Contractor Lifts",Use config,"http://www.sumner.com/sumner/sub/productb/galmodel.24.7.8.24.0.0.html",0,,,0,"Sumner Manufacturing Co. Inc.",658,,Enabled,"Catalog, Search",Taxable Goods,Yes,No,"Unmatched as a good all around contractor lift, the Series 2100 features taller mast to reach desired work heights while requiring fewer mast sections. hence, the 2100 is less expensive and lighter. The base, forks, winch, etc. are the same as the 2000.","<li>12', 18' & 24' heights (4.0 m, 5.6 m, & 7.3 m)</li><li>650 lb capacity (300 kg)</li><li>Fits through standard doorways & tail gates</li><li>Loading Bar - great for overhead cranes</li><li>Pulley Guards prevent cable from coming off</li><li>Reversible ","","","2112 - Max Height: 13'1&quot;, Lift Capacity (lbs): 650, Lift Weight (lbs): 252","Series 2100 Contractor Lifts",,,,,,,,1,0,1,0,0,1,1,1,0,1,1,,,1,0,1,0,1,0,1,0,,0,simple,,
admin,base,Default,simple,"2011|23162","Hoists|Personnel Lifts",164429,"783651",,"Series 2100 Contractor Lifts","Series 2100 Contractor Lifts","Series 2100 Contractor Lifts","",/\7\8\Series-2100-Contractor.jpg,/\7\8\Series-2100-Contractor.jpg,http://www.48ws.com/images/product/7/8/Series-2100-Contractor.jpg,sumner-manufacturing-co-inc-783651-series-2100-contractor-lifts,sumner-manufacturing-co-inc-783651-series-2100-contractor-lifts,,No layout updates.,Block after Info Column,,"Series 2100 Contractor Lifts","Series 2100 Contractor Lifts",Use config,"http://www.sumner.com/sumner/sub/productb/galmodel.24.7.8.24.0.0.html",0,,,0,"Sumner Manufacturing Co. Inc.",658,,Enabled,"Catalog, Search",Taxable Goods,Yes,No,"Unmatched as a good all around contractor lift, the Series 2100 features taller mast to reach desired work heights while requiring fewer mast sections. hence, the 2100 is less expensive and lighter. The base, forks, winch, etc. are the same as the 2000.","<li>12', 18' & 24' heights (4.0 m, 5.6 m, & 7.3 m)</li><li>650 lb capacity (300 kg)</li><li>Fits through standard doorways & tail gates</li><li>Loading Bar - great for overhead cranes</li><li>Pulley Guards prevent cable from coming off</li><li>Reversible ","","","2118 - Max Height: 18'6&quot;, Lift Capacity (lbs): 650, Lift Weight (lbs): 321","Series 2100 Contractor Lifts",,,,,,,,1,0,1,0,0,1,1,1,0,1,1,,,1,0,1,0,1,0,1,0,,0,simple,,
admin,base,Default,simple,"2011|23162","Hoists|Personnel Lifts",164430,"783652",,"Series 2100 Contractor Lifts","Series 2100 Contractor Lifts","Series 2100 Contractor Lifts","",/\7\8\Series-2100-Contractor.jpg,/\7\8\Series-2100-Contractor.jpg,http://www.48ws.com/images/product/7/8/Series-2100-Contractor.jpg,sumner-manufacturing-co-inc-783652-series-2100-contractor-lifts,sumner-manufacturing-co-inc-783652-series-2100-contractor-lifts,,No layout updates.,Block after Info Column,,"Series 2100 Contractor Lifts","Series 2100 Contractor Lifts",Use config,"http://www.sumner.com/sumner/sub/productb/galmodel.24.7.8.24.0.0.html",0,,,0,"Sumner Manufacturing Co. Inc.",658,,Enabled,"Catalog, Search",Taxable Goods,Yes,No,"Unmatched as a good all around contractor lift, the Series 2100 features taller mast to reach desired work heights while requiring fewer mast sections. hence, the 2100 is less expensive and lighter. The base, forks, winch, etc. are the same as the 2000.","<li>12', 18' & 24' heights (4.0 m, 5.6 m, & 7.3 m)</li><li>650 lb capacity (300 kg)</li><li>Fits through standard doorways & tail gates</li><li>Loading Bar - great for overhead cranes</li><li>Pulley Guards prevent cable from coming off</li><li>Reversible ","","","2124 - Max Height: 23'11&quot;, Lift Capacity (lbs): 650, Lift Weight (lbs): 366","Series 2100 Contractor Lifts",,,,,,,,1,0,1,0,0,1,1,1,0,1,1,,,1,0,1,0,1,0,1,0,,0,simple,,
admin,base,Default,simple,"828|23362|28301","Carts|Stock Carts|Carts",164431,"783317",,"Mack Rack I - complete with casters","","Mack Rack I - complete with casters","",/\7\8\sumner-manufacturing-co-inc-783317-mack-rack-i-complete-with-casters.jpg,/\7\8\sumner-manufacturing-co-inc-783317-mack-rack-i-complete-with-casters.jpg,http://www.48ws.com/images/product/7/8/sumner-manufacturing-co-inc-783317-mack-rack-i-complete-with-casters.jpg,sumner-manufacturing-co-inc-783317-mack-rack-i-complete-with-casters,sumner-manufacturing-co-inc-783317-mack-rack-i-complete-with-casters,,No layout updates.,Block after Info Column,,"Mack Rack I - complete with casters","Mack Rack I - complete with casters",Use config,"http://www.sumner.com/sumner/sub/productb/galmodel.56.7.12.56.0.0.html",0,,,0,"Sumner Manufacturing Co. Inc.",658,,Enabled,"Catalog, Search",Taxable Goods,Yes,No,"","<li>Patented stacking feature: stack similar carts together or with other Stacking Mac Rack products</li><li>Shipped assembled with 6&quot; (150 mm) heavy duty casters</li><li>Durable powder coat finish</li><li>Job site tough</li><li>Priced for all budgets</li","","","","Mack Rack I - complete with casters",,,,,,,,1,0,1,0,0,1,1,1,0,1,1,,,1,0,1,0,1,0,1,0,,0,simple,,
admin,base,Default,simple,"241|26715","Accessories - Welding|Welding Links and Clamps",164432,"781130",,"Ultra Clamps","Ultra Clamps","Ultra Clamps","",/\7\8\Ultra.jpg,/\7\8\Ultra.jpg,http://www.48ws.com/images/product/7/8/Ultra.jpg,sumner-manufacturing-co-inc-781130-ultra-clamps,sumner-manufacturing-co-inc-781130-ultra-clamps,,No layout updates.,Block after Info Column,,"Ultra Clamps","Ultra Clamps",Use config,"http://www.sumner.com/sumner/sub/productb/galmodel.85.7.11.120.85.0.html",0,,,0,"Sumner Manufacturing Co. Inc.",658,,Enabled,"Catalog, Search",Taxable Goods,Yes,No,"A fast, accurate fit-up clamp for pipe to pipe, pipe to fitting … and more!","<li>Rugged frame, built for job site use</li><li>Smooth roller clamping action for positive gripping</li><li>Stainless steel contacts & alignment screws</li><li>Operating handle repositions for close work</li><li>Fine adjustment screws for quick fit-up</l","","","1 – 2-1/2&quot;","Ultra Clamps",,,,,,,,1,0,1,0,0,1,1,1,0,1,1,,,1,0,1,0,1,0,1,0,,0,simple,,
admin,base,Default,simple,"241|26715","Accessories - Welding|Welding Links and Clamps",164433,"781150",,"Ultra Clamps","Ultra Clamps","Ultra Clamps","",/\7\8\Ultra.jpg,/\7\8\Ultra.jpg,http://www.48ws.com/images/product/7/8/Ultra.jpg,sumner-manufacturing-co-inc-781150-ultra-clamps,sumner-manufacturing-co-inc-781150-ultra-clamps,,No layout updates.,Block after Info Column,,"Ultra Clamps","Ultra Clamps",Use config,"http://www.sumner.com/sumner/sub/productb/galmodel.85.7.11.120.85.0.html",0,,,0,"Sumner Manufacturing Co. Inc.",658,,Enabled,"Catalog, Search",Taxable Goods,Yes,No,"A fast, accurate fit-up clamp for pipe to pipe, pipe to fitting … and more!","<li>Rugged frame, built for job site use</li><li>Smooth roller clamping action for positive gripping</li><li>Stainless steel contacts & alignment screws</li><li>Operating handle repositions for close work</li><li>Fine adjustment screws for quick fit-up</l","","","2 – 6&quot;","Ultra Clamps",,,,,,,,1,0,1,0,0,1,1,1,0,1,1,,,1,0,1,0,1,0,1,0,,0,simple,,
admin,base,Default,simple,"241|26715","Accessories - Welding|Welding Links and Clamps",164434,"781170",,"Ultra Clamps","Ultra Clamps","Ultra Clamps","",/\7\8\Ultra.jpg,/\7\8\Ultra.jpg,http://www.48ws.com/images/product/7/8/Ultra.jpg,sumner-manufacturing-co-inc-781170-ultra-clamps,sumner-manufacturing-co-inc-781170-ultra-clamps,,No layout updates.,Block after Info Column,,"Ultra Clamps","Ultra Clamps",Use config,"http://www.sumner.com/sumner/sub/productb/galmodel.85.7.11.120.85.0.html",0,,,0,"Sumner Manufacturing Co. Inc.",658,,Enabled,"Catalog, Search",Taxable Goods,Yes,No,"A fast, accurate fit-up clamp for pipe to pipe, pipe to fitting … and more!","<li>Rugged frame, built for job site use</li><li>Smooth roller clamping action for positive gripping</li><li>Stainless steel contacts & alignment screws</li><li>Operating handle repositions for close work</li><li>Fine adjustment screws for quick fit-up</l","","","5 – 12&quot;","Ultra Clamps",,,,,,,,1,0,1,0,0,1,1,1,0,1,1,,,1,0,1,0,1,0,1,0,,0,simple,,
admin,base,Default,simple,"707|24625","Clamping Tools|Clamping Tools",164435,"781235",,"Qwik Pins","","Qwik Pins","",/\7\8\sumner-manufacturing-co-inc-781235-qwik-pins.jpg,/\7\8\sumner-manufacturing-co-inc-781235-qwik-pins.jpg,http://www.48ws.com/images/product/7/8/sumner-manufacturing-co-inc-781235-qwik-pins.jpg,sumner-manufacturing-co-inc-781235-qwik-pins,sumner-manufacturing-co-inc-781235-qwik-pins,,No layout updates.,Block after Info Column,,"Qwik Pins","Qwik Pins",Use config,"http://www.sumner.com/sumner/sub/productb/galmodel.92.7.11.92.0.0.html",0,,,0,"Sumner Manufacturing Co. Inc.",658,,Enabled,"Catalog, Search",Taxable Goods,Yes,No,"","<li>Quick installing pins work as convenient reference points to level flange for tack and weld-out — no tools needed</li><li>Hardened tapered ST-106 and ST-206 pins and Qwik Pins automatically center on 5/8&quot; to 1-5/8&quot; (16 to 42 mm) holes, ST-258 pins sim","","","","Qwik Pins",,,,,,,,1,0,1,0,0,1,1,1,0,1,1,,,1,0,1,0,1,0,1,0,,0,simple,,
admin,base,Default,simple,"707|25227","Clamping Tools|Flange",164436,"781240",,"Flange Leveler","","Flange Leveler","",/\7\8\sumner-manufacturing-co-inc-781240-flange-leveler.jpg,/\7\8\sumner-manufacturing-co-inc-781240-flange-leveler.jpg,http://www.48ws.com/images/product/7/8/sumner-manufacturing-co-inc-781240-flange-leveler.jpg,sumner-manufacturing-co-inc-781240-flange-leveler,sumner-manufacturing-co-inc-781240-flange-leveler,,No layout updates.,Block after Info Column,,"Flange Leveler","Flange Leveler",Use config,"http://www.sumner.com/sumner/sub/productb/galmodel.92.7.11.92.0.0.html",0,,,0,"Sumner Manufacturing Co. Inc.",658,,Enabled,"Catalog, Search",Taxable Goods,Yes,No,"For accurate alignment of carbon or stainless steel pipe flanges.","<li>Two hole & level in one time-saving operation </li><li>Uses push button Quik Pin nuts for fast action</li><li>Features stub Acme threads for maximum clamping & hardened steel for lasting use</li><li>Automatically centers in flange holes 5/8&quot; to 1-5/8&quot;","","","","Flange Leveler",,,,,,,,1,0,1,0,0,1,1,1,0,1,1,,,1,0,1,0,1,0,1,0,,0,simple,,
admin,base,Default,simple,"828|23367|28301","Carts|Bar and Pipe Trucks|Carts",164437,"782699",,"Cricket","Cricket","Cricket","",/\7\8\Cricket.jpg,/\7\8\Cricket.jpg,http://www.48ws.com/images/product/7/8/Cricket.jpg,sumner-manufacturing-co-inc-782699-cricket,sumner-manufacturing-co-inc-782699-cricket,,No layout updates.,Block after Info Column,,"Cricket","Cricket",Use config,"http://www.sumner.com/sumner/sub/productb/galmodel.58.7.12.58.0.0.html",0,,,0,"Sumner Manufacturing Co. Inc.",658,,Enabled,"Catalog, Search",Taxable Goods,Yes,No,"","<li>Transport 20 ft (6.1 m) pipe lengths up to 1,000 Lb. (450 Kg)</li><li>Comes with ratchet hold-down strap and 16&quot; (41 cm) tubed tires.</li><li>Weighs only 82 Lb (37.2 kg) ... can be shipped U.P.S.</li><li>Quick handle disconnect for compact storage.</l","","","Cart","Cricket",,,,,,,,1,0,1,0,0,1,1,1,0,1,1,,,1,0,1,0,1,0,1,0,,0,simple,,
admin,base,Default,simple,"828|23367|28301","Carts|Bar and Pipe Trucks|Carts",164438,"782685",,"Cricket","Cricket","Cricket","",/\7\8\Cricket.jpg,/\7\8\Cricket.jpg,http://www.48ws.com/images/product/7/8/Cricket.jpg,sumner-manufacturing-co-inc-782685-cricket,sumner-manufacturing-co-inc-782685-cricket,,No layout updates.,Block after Info Column,,"Cricket","Cricket",Use config,"http://www.sumner.com/sumner/sub/productb/galmodel.58.7.12.58.0.0.html",0,,,0,"Sumner Manufacturing Co. Inc.",658,,Enabled,"Catalog, Search",Taxable Goods,Yes,No,"","<li>Transport 20 ft (6.1 m) pipe lengths up to 1,000 Lb. (450 Kg)</li><li>Comes with ratchet hold-down strap and 16&quot; (41 cm) tubed tires.</li><li>Weighs only 82 Lb (37.2 kg) ... can be shipped U.P.S.</li><li>Quick handle disconnect for compact storage.</l","","","Cart with Flat Free Tires","Cricket",,,,,,,,1,0,1,0,0,1,1,1,0,1,1,,,1,0,1,0,1,0,1,0,,0,simple,,
admin,base,Default,simple,"828|23365|28301","Carts|Wire Carts|Carts",164439,"783411",,"Caddy Mac #4","","Caddy Mac #4","",/\7\8\sumner-manufacturing-co-inc-783411-caddy-mac-4.jpg,/\7\8\sumner-manufacturing-co-inc-783411-caddy-mac-4.jpg,http://www.48ws.com/images/product/7/8/sumner-manufacturing-co-inc-783411-caddy-mac-4.jpg,sumner-manufacturing-co-inc-783411-caddy-mac-4,sumner-manufacturing-co-inc-783411-caddy-mac-4,,No layout updates.,Block after Info Column,,"Caddy Mac #4","Caddy Mac #4",Use config,"http://www.sumner.com/sumner/sub/productb/galmodel.59.7.12.59.0.0.html",0,,,0,"Sumner Manufacturing Co. Inc.",658,,Enabled,"Catalog, Search",Taxable Goods,Yes,No,"A versatile wire cart and jobsite asset.","<li>Accommodate wide range of spool sizes</li><li>wire guides for smooth feeding from the spool</li><li>Caddy Mac 1 and 3 have the additional feature to function as a dolly</li><li>Patented spindle locking system - spindles stay put during transportation<","<li>Height: 55.75&quot;</li><li>Width: 27&quot;</li><li>Length: 27&quot;</li>","","","Caddy Mac #4",,,,,,,,1,0,1,0,0,1,1,1,0,1,1,,,1,0,1,0,1,0,1,0,,0,simple,,
admin,base,Default,simple,"1201|20646","Jacks|Transmission Jacks",164440,"781300",,"Fold-A-Jack - Hi Jack","Fold-A-Jack - Hi Jack","Fold-A-Jack - Hi Jack","",/\7\8\Fold-A-Jack-Hi.jpg,/\7\8\Fold-A-Jack-Hi.jpg,http://www.48ws.com/images/product/7/8/Fold-A-Jack-Hi.jpg,sumner-manufacturing-co-inc-781300-fold-a-jack-hi-jack,sumner-manufacturing-co-inc-781300-fold-a-jack-hi-jack,,No layout updates.,Block after Info Column,,"Fold-A-Jack - Hi Jack","Fold-A-Jack - Hi Jack",Use config,"http://www.sumner.com/sumner/sub/productb/galmodel.29.7.9.29.0.0.html",0,,,0,"Sumner Manufacturing Co. Inc.",658,,Enabled,"Catalog, Search",Taxable Goods,Yes,No,"","<li>2,500 lb (1,135 kg) capacity</li><li>Folds up for storage ease</li><li>Carrying handle for ease of transporting</li><li>1&quot; (2.5 cm) square tube base construction</li><li>Quick-action lock washer for quick height positioning</li><li>Patented Fall Guard","","","ST-881 w/Vee-Head","Fold-A-Jack - Hi Jack",,,,,,,,1,0,1,0,0,1,1,1,0,1,1,,,1,0,1,0,1,0,1,0,,0,simple,,
admin,base,Default,simple,"1201|20646","Jacks|Transmission Jacks",164441,"781301",,"Fold-A-Jack - Hi Jack","Fold-A-Jack - Hi Jack","Fold-A-Jack - Hi Jack","",/\7\8\Fold-A-Jack-Hi.jpg,/\7\8\Fold-A-Jack-Hi.jpg,http://www.48ws.com/images/product/7/8/Fold-A-Jack-Hi.jpg,sumner-manufacturing-co-inc-781301-fold-a-jack-hi-jack,sumner-manufacturing-co-inc-781301-fold-a-jack-hi-jack,,No layout updates.,Block after Info Column,,"Fold-A-Jack - Hi Jack","Fold-A-Jack - Hi Jack",Use config,"http://www.sumner.com/sumner/sub/productb/galmodel.29.7.9.29.0.0.html",0,,,0,"Sumner Manufacturing Co. Inc.",658,,Enabled,"Catalog, Search",Taxable Goods,Yes,No,"","<li>2,500 lb (1,135 kg) capacity</li><li>Folds up for storage ease</li><li>Carrying handle for ease of transporting</li><li>1&quot; (2.5 cm) square tube base construction</li><li>Quick-action lock washer for quick height positioning</li><li>Patented Fall Guard","","","ST-882 w/Roller Head","Fold-A-Jack - Hi Jack",,,,,,,,1,0,1,0,0,1,1,1,0,1,1,,,1,0,1,0,1,0,1,0,,0,simple,,
admin,base,Default,simple,"1201|20646","Jacks|Transmission Jacks",164442,"781302",,"Fold-A-Jack - Hi Jack","Fold-A-Jack - Hi Jack","Fold-A-Jack - Hi Jack","",/\7\8\Fold-A-Jack-Hi.jpg,/\7\8\Fold-A-Jack-Hi.jpg,http://www.48ws.com/images/product/7/8/Fold-A-Jack-Hi.jpg,sumner-manufacturing-co-inc-781302-fold-a-jack-hi-jack,sumner-manufacturing-co-inc-781302-fold-a-jack-hi-jack,,No layout updates.,Block after Info Column,,"Fold-A-Jack - Hi Jack","Fold-A-Jack - Hi Jack",Use config,"http://www.sumner.com/sumner/sub/productb/galmodel.29.7.9.29.0.0.html",0,,,0,"Sumner Manufacturing Co. Inc.",658,,Enabled,"Catalog, Search",Taxable Goods,Yes,No,"","<li>2,500 lb (1,135 kg) capacity</li><li>Folds up for storage ease</li><li>Carrying handle for ease of transporting</li><li>1&quot; (2.5 cm) square tube base construction</li><li>Quick-action lock washer for quick height positioning</li><li>Patented Fall Guard","","","ST-883 w/Bar Stock Head","Fold-A-Jack - Hi Jack",,,,,,,,1,0,1,0,0,1,1,1,0,1,1,,,1,0,1,0,1,0,1,0,,0,simple,,
admin,base,Default,simple,"1201|20646","Jacks|Transmission Jacks",164443,"781303",,"Fold-A-Jack - Hi Jack","Fold-A-Jack - Hi Jack","Fold-A-Jack - Hi Jack","",/\7\8\Fold-A-Jack-Hi.jpg,/\7\8\Fold-A-Jack-Hi.jpg,http://www.48ws.com/images/product/7/8/Fold-A-Jack-Hi.jpg,sumner-manufacturing-co-inc-781303-fold-a-jack-hi-jack,sumner-manufacturing-co-inc-781303-fold-a-jack-hi-jack,,No layout updates.,Block after Info Column,,"Fold-A-Jack - Hi Jack","Fold-A-Jack - Hi Jack",Use config,"http://www.sumner.com/sumner/sub/productb/galmodel.29.7.9.29.0.0.html",0,,,0,"Sumner Manufacturing Co. Inc.",658,,Enabled,"Catalog, Search",Taxable Goods,Yes,No,"","<li>2,500 lb (1,135 kg) capacity</li><li>Folds up for storage ease</li><li>Carrying handle for ease of transporting</li><li>1&quot; (2.5 cm) square tube base construction</li><li>Quick-action lock washer for quick height positioning</li><li>Patented Fall Guard","","","ST-884 w/Stainless Steel Rollers","Fold-A-Jack - Hi Jack",,,,,,,,1,0,1,0,0,1,1,1,0,1,1,,,1,0,1,0,1,0,1,0,,0,simple,,
admin,base,Default,simple,"1201|20646","Jacks|Transmission Jacks",164444,"781304",,"Fold-A-Jack - Hi Jack","Fold-A-Jack - Hi Jack","Fold-A-Jack - Hi Jack","",/\7\8\Fold-A-Jack-Hi.jpg,/\7\8\Fold-A-Jack-Hi.jpg,http://www.48ws.com/images/product/7/8/Fold-A-Jack-Hi.jpg,sumner-manufacturing-co-inc-781304-fold-a-jack-hi-jack,sumner-manufacturing-co-inc-781304-fold-a-jack-hi-jack,,No layout updates.,Block after Info Column,,"Fold-A-Jack - Hi Jack","Fold-A-Jack - Hi Jack",Use config,"http://www.sumner.com/sumner/sub/productb/galmodel.29.7.9.29.0.0.html",0,,,0,"Sumner Manufacturing Co. Inc.",658,,Enabled,"Catalog, Search",Taxable Goods,Yes,No,"","<li>2,500 lb (1,135 kg) capacity</li><li>Folds up for storage ease</li><li>Carrying handle for ease of transporting</li><li>1&quot; (2.5 cm) square tube base construction</li><li>Quick-action lock washer for quick height positioning</li><li>Patented Fall Guard","","","ST-885 w/Stainless Steel Vee-Head","Fold-A-Jack - Hi Jack",,,,,,,,1,0,1,0,0,1,1,1,0,1,1,,,1,0,1,0,1,0,1,0,,0,simple,,
admin,base,Default,simple,"1201|20646","Jacks|Transmission Jacks",164445,"781305",,"Fold-A-Jack - Hi Jack","Fold-A-Jack - Hi Jack","Fold-A-Jack - Hi Jack","",/\7\8\Fold-A-Jack-Hi.jpg,/\7\8\Fold-A-Jack-Hi.jpg,http://www.48ws.com/images/product/7/8/Fold-A-Jack-Hi.jpg,sumner-manufacturing-co-inc-781305-fold-a-jack-hi-jack,sumner-manufacturing-co-inc-781305-fold-a-jack-hi-jack,,No layout updates.,Block after Info Column,,"Fold-A-Jack - Hi Jack","Fold-A-Jack - Hi Jack",Use config,"http://www.sumner.com/sumner/sub/productb/galmodel.29.7.9.29.0.0.html",0,,,0,"Sumner Manufacturing Co. Inc.",658,,Enabled,"Catalog, Search",Taxable Goods,Yes,No,"","<li>2,500 lb (1,135 kg) capacity</li><li>Folds up for storage ease</li><li>Carrying handle for ease of transporting</li><li>1&quot; (2.5 cm) square tube base construction</li><li>Quick-action lock washer for quick height positioning</li><li>Patented Fall Guard","","","ST-886 w/Ball Transfer Head","Fold-A-Jack - Hi Jack",,,,,,,,1,0,1,0,0,1,1,1,0,1,1,,,1,0,1,0,1,0,1,0,,0,simple,,
admin,base,Default,simple,"1201|20646","Jacks|Transmission Jacks",164446,"781306",,"Fold-A-Jack - Hi Jack","Fold-A-Jack - Hi Jack","Fold-A-Jack - Hi Jack","",/\7\8\Fold-A-Jack-Hi.jpg,/\7\8\Fold-A-Jack-Hi.jpg,http://www.48ws.com/images/product/7/8/Fold-A-Jack-Hi.jpg,sumner-manufacturing-co-inc-781306-fold-a-jack-hi-jack,sumner-manufacturing-co-inc-781306-fold-a-jack-hi-jack,,No layout updates.,Block after Info Column,,"Fold-A-Jack - Hi Jack","Fold-A-Jack - Hi Jack",Use config,"http://www.sumner.com/sumner/sub/productb/galmodel.29.7.9.29.0.0.html",0,,,0,"Sumner Manufacturing Co. Inc.",658,,Enabled,"Catalog, Search",Taxable Goods,Yes,No,"","<li>2,500 lb (1,135 kg) capacity</li><li>Folds up for storage ease</li><li>Carrying handle for ease of transporting</li><li>1&quot; (2.5 cm) square tube base construction</li><li>Quick-action lock washer for quick height positioning</li><li>Patented Fall Guard","","","ST-887 w/Rubber Wheels","Fold-A-Jack - Hi Jack",,,,,,,,1,0,1,0,0,1,1,1,0,1,1,,,1,0,1,0,1,0,1,0,,0,simple,,
admin,base,Default,simple,"1201|20646","Jacks|Transmission Jacks",164447,"781403",,"Max Jax Kit #1","","Max Jax Kit #1","",/\7\8\sumner-manufacturing-co-inc-781403-max-jax-kit-1.jpg,/\7\8\sumner-manufacturing-co-inc-781403-max-jax-kit-1.jpg,http://www.48ws.com/images/product/7/8/sumner-manufacturing-co-inc-781403-max-jax-kit-1.jpg,sumner-manufacturing-co-inc-781403-max-jax-kit-1,sumner-manufacturing-co-inc-781403-max-jax-kit-1,,No layout updates.,Block after Info Column,,"Max Jax Kit #1","Max Jax Kit #1",Use config,"http://www.sumner.com/sumner/sub/productb/galmodel.31.7.9.31.0.0.html",0,,,0,"Sumner Manufacturing Co. Inc.",658,,Enabled,"Catalog, Search",Taxable Goods,Yes,No,"In the shop or on the job, moving long lengths of pipe is a snap with Max Jax!","<li>Support 2,500 lb (1,135 kg) each!</li><li>Large, convenient adjustment handle</li><li>Optional casters enable pipe to be easily wheeled around in the shop or on the job</li><li>Several optional large vee head styles</li><li>Jack independently load tes","Consisting of the basic Max Jax (PN 781460) with caster kit (PN 781464) and roller head kit (PN 781406).","","","Max Jax Kit #1",,,,,,,,1,0,1,0,0,1,1,1,0,1,1,,,1,0,1,0,1,0,1,0,,0,simple,,
admin,base,Default,simple,"707|25227","Clamping Tools|Flange",164448,"784002",,"ST-302 Flange Spreader","","ST-302 Flange Spreader","",/\7\8\sumner-manufacturing-co-inc-784002-st-302-flange-spreader.jpg,/\7\8\sumner-manufacturing-co-inc-784002-st-302-flange-spreader.jpg,http://www.48ws.com/images/product/7/8/sumner-manufacturing-co-inc-784002-st-302-flange-spreader.jpg,sumner-manufacturing-co-inc-784002-st-302-flange-spreader,sumner-manufacturing-co-inc-784002-st-302-flange-spreader,,No layout updates.,Block after Info Column,,"ST-302 Flange Spreader","ST-302 Flange Spreader",Use config,"http://www.sumner.com/sumner/sub/productb/galmodel.96.7.11.96.0.0.html",0,,,0,"Sumner Manufacturing Co. Inc.",658,,Enabled,"Catalog, Search",Taxable Goods,Yes,No,"","<li>4 models to cover flange range from 1&quot; (25 mm) to 24&quot; (600 mm)</li><li>Can be used for 150 lb. to 1,500 lb. flanges</li><li>Hardened wedge for safe splitting</li><li>Large feed screw</li><li>Drive can be rotated by 1-3/8&quot; wrench or 1/2&quot; (12 mm) bar</l","<li>Spread: 4&quot;</li><li>Pin Dia.: 3/4&quot;</li><li>150 lb: 2 - 12&quot;</li><li>300 lb: 1.5 - 8&quot;</li><li>400 lb: 1 - 4&quot;</li><li>600 lb: 1 - 4&quot;</li><li>900 lb: 1 - 2&quot;</li><li>1,500 lb: 1 - 2&quot;</li>","","","ST-302 Flange Spreader",,,,,,,,1,0,1,0,0,1,1,1,0,1,1,,,1,0,1,0,1,0,1,0,,0,simple,,
admin,base,Default,simple,"707|26715","Clamping Tools|Welding Links and Clamps",164449,"785000",,"Hold-E Pipe Clamp (3/4&quot; - 6&quot;) ","","Hold-E Pipe Clamp (3/4&quot; - 6&quot;) ","",/\7\8\sumner-manufacturing-co-inc-785000-hold-e-pipe-clamp-34-6.jpg,/\7\8\sumner-manufacturing-co-inc-785000-hold-e-pipe-clamp-34-6.jpg,http://www.48ws.com/images/product/7/8/sumner-manufacturing-co-inc-785000-hold-e-pipe-clamp-34-6.jpg,sumner-manufacturing-co-inc-785000-hold-e-pipe-clamp-34-6,sumner-manufacturing-co-inc-785000-hold-e-pipe-clamp-34-6,,No layout updates.,Block after Info Column,,"Hold-E Pipe Clamp (3/4&quot; - 6&quot;) ","Hold-E Pipe Clamp (3/4&quot; - 6&quot;) ",Use config,"http://www.sumner.com/sumner/sub/productb/galmodel.285.0.0.0.0.0.html",0,,,0,"Sumner Manufacturing Co. Inc.",658,,Enabled,"Catalog, Search",Taxable Goods,Yes,No,"A Quick, Easy, Safe Clamp For Holding Pipe In Vee Head Jack Stands","<li>Grips 3/4&quot; to 6&quot; pipe (20 to 152 mm) or 1&quot; to 6-1/2&quot; tubing (25 to 165 mm)</li><li>Rugged steel frame for years of use</li><li>Quick release button allows clamp arms to open and close in seconds</li><li>Acme threads permit positive gripping of pipe to","","","","Hold-E Pipe Clamp (3/4&quot; - 6&quot;) ",,,,,,,,1,0,1,0,0,1,1,1,0,1,1,,,1,0,1,0,1,0,1,0,,0,simple,,
admin,base,Default,simple,"828|23365|28301","Carts|Wire Carts|Carts",164450,"783230",,"Pipe Mac ","","Pipe Mac ","",/\7\8\sumner-manufacturing-co-inc-783230-pipe-mac.jpg,/\7\8\sumner-manufacturing-co-inc-783230-pipe-mac.jpg,http://www.48ws.com/images/product/7/8/sumner-manufacturing-co-inc-783230-pipe-mac.jpg,sumner-manufacturing-co-inc-783230-pipe-mac,sumner-manufacturing-co-inc-783230-pipe-mac,,No layout updates.,Block after Info Column,,"Pipe Mac ","Pipe Mac ",Use config,"http://www.sumner.com/sumner/sub/productb/galmodel.262.7.12.262.0.0.html",0,,,0,"Sumner Manufacturing Co. Inc.",658,,Enabled,"Catalog, Search",Taxable Goods,Yes,No,"A Mobile Pipe Cart","<li>Transports 2,000 lb (900 kg) of pipe, individually or up to a height of 34&quot; (86 cm)</li><li>Six 6&quot; heavy duty casters</li><li>Center-positioned casters makes rolling the Pipe Mac easy and enables quick cart rotation for tight turns</li><li>Posts pull","","","Pipe Mac ","Pipe Mac ",,,,,,,,1,0,1,0,0,1,1,1,0,1,1,,,1,0,1,0,1,0,1,0,,0,simple,,
admin,base,Default,simple,"1201|20646","Jacks|Transmission Jacks",164451,"780440",,"Pro Roll","Pro Roll","Pro Roll","",/\7\8\Pro.jpg,/\7\8\Pro.jpg,http://www.48ws.com/images/product/7/8/Pro.jpg,sumner-manufacturing-co-inc-780440-pro-roll,sumner-manufacturing-co-inc-780440-pro-roll,,No layout updates.,Block after Info Column,,"Pro Roll","Pro Roll",Use config,"http://www.sumner.com/sumner/sub/productb/galmodel.33.7.9.33.0.0.html",0,,,0,"Sumner Manufacturing Co. Inc.",658,,Enabled,"Catalog, Search",Taxable Goods,Yes,No,"Expanded Features and Adjustable Height!","<li>1/2 – 36&quot; (1.2 – 91 cm) or 2,000 Lb (900 kg) capacity</li><li>Adjustable height of 29&quot; (74 cm) to 43&quot; (109 cm)</li><li>Leveling on either side of stand</li><li>Uses Quick Change Housings</li><li>Wheels “trued” for even pipe rotation</li><li>Bronze bea","","","Pro Roll [base only]","Pro Roll",,,,,,,,1,0,1,0,0,1,1,1,0,1,1,,,1,0,1,0,1,0,1,0,,0,simple,,
admin,base,Default,simple,"1201|20646","Jacks|Transmission Jacks",164452,"780441",,"Pro Roll","Pro Roll","Pro Roll","",/\7\8\Pro.jpg,/\7\8\Pro.jpg,http://www.48ws.com/images/product/7/8/Pro.jpg,sumner-manufacturing-co-inc-780441-pro-roll,sumner-manufacturing-co-inc-780441-pro-roll,,No layout updates.,Block after Info Column,,"Pro Roll","Pro Roll",Use config,"http://www.sumner.com/sumner/sub/productb/galmodel.33.7.9.33.0.0.html",0,,,0,"Sumner Manufacturing Co. Inc.",658,,Enabled,"Catalog, Search",Taxable Goods,Yes,No,"Expanded Features and Adjustable Height!","<li>1/2 – 36&quot; (1.2 – 91 cm) or 2,000 Lb (900 kg) capacity</li><li>Adjustable height of 29&quot; (74 cm) to 43&quot; (109 cm)</li><li>Leveling on either side of stand</li><li>Uses Quick Change Housings</li><li>Wheels “trued” for even pipe rotation</li><li>Bronze bea","","","Pro Roll with steel wheels","Pro Roll",,,,,,,,1,0,1,0,0,1,1,1,0,1,1,,,1,0,1,0,1,0,1,0,,0,simple,,
admin,base,Default,simple,"1201|20646","Jacks|Transmission Jacks",164453,"780442",,"Pro Roll","Pro Roll","Pro Roll","",/\7\8\Pro.jpg,/\7\8\Pro.jpg,http://www.48ws.com/images/product/7/8/Pro.jpg,sumner-manufacturing-co-inc-780442-pro-roll,sumner-manufacturing-co-inc-780442-pro-roll,,No layout updates.,Block after Info Column,,"Pro Roll","Pro Roll",Use config,"http://www.sumner.com/sumner/sub/productb/galmodel.33.7.9.33.0.0.html",0,,,0,"Sumner Manufacturing Co. Inc.",658,,Enabled,"Catalog, Search",Taxable Goods,Yes,No,"Expanded Features and Adjustable Height!","<li>1/2 – 36&quot; (1.2 – 91 cm) or 2,000 Lb (900 kg) capacity</li><li>Adjustable height of 29&quot; (74 cm) to 43&quot; (109 cm)</li><li>Leveling on either side of stand</li><li>Uses Quick Change Housings</li><li>Wheels “trued” for even pipe rotation</li><li>Bronze bea","","","Pro Roll with ball transfer heads","Pro Roll",,,,,,,,1,0,1,0,0,1,1,1,0,1,1,,,1,0,1,0,1,0,1,0,,0,simple,,
admin,base,Default,simple,"1201|20646","Jacks|Transmission Jacks",164454,"780443",,"Pro Roll","Pro Roll","Pro Roll","",/\7\8\Pro.jpg,/\7\8\Pro.jpg,http://www.48ws.com/images/product/7/8/Pro.jpg,sumner-manufacturing-co-inc-780443-pro-roll,sumner-manufacturing-co-inc-780443-pro-roll,,No layout updates.,Block after Info Column,,"Pro Roll","Pro Roll",Use config,"http://www.sumner.com/sumner/sub/productb/galmodel.33.7.9.33.0.0.html",0,,,0,"Sumner Manufacturing Co. Inc.",658,,Enabled,"Catalog, Search",Taxable Goods,Yes,No,"Expanded Features and Adjustable Height!","<li>1/2 – 36&quot; (1.2 – 91 cm) or 2,000 Lb (900 kg) capacity</li><li>Adjustable height of 29&quot; (74 cm) to 43&quot; (109 cm)</li><li>Leveling on either side of stand</li><li>Uses Quick Change Housings</li><li>Wheels “trued” for even pipe rotation</li><li>Bronze bea","","","Pro Roll with rubber wheels","Pro Roll",,,,,,,,1,0,1,0,0,1,1,1,0,1,1,,,1,0,1,0,1,0,1,0,,0,simple,,
admin,base,Default,simple,"1201|20646","Jacks|Transmission Jacks",164455,"780444",,"Pro Roll","Pro Roll","Pro Roll","",/\7\8\Pro.jpg,/\7\8\Pro.jpg,http://www.48ws.com/images/product/7/8/Pro.jpg,sumner-manufacturing-co-inc-780444-pro-roll,sumner-manufacturing-co-inc-780444-pro-roll,,No layout updates.,Block after Info Column,,"Pro Roll","Pro Roll",Use config,"http://www.sumner.com/sumner/sub/productb/galmodel.33.7.9.33.0.0.html",0,,,0,"Sumner Manufacturing Co. Inc.",658,,Enabled,"Catalog, Search",Taxable Goods,Yes,No,"Expanded Features and Adjustable Height!","<li>1/2 – 36&quot; (1.2 – 91 cm) or 2,000 Lb (900 kg) capacity</li><li>Adjustable height of 29&quot; (74 cm) to 43&quot; (109 cm)</li><li>Leveling on either side of stand</li><li>Uses Quick Change Housings</li><li>Wheels “trued” for even pipe rotation</li><li>Bronze bea","","","Pro Roll with stainless steel wheels","Pro Roll",,,,,,,,1,0,1,0,0,1,1,1,0,1,1,,,1,0,1,0,1,0,1,0,,0,simple,,
admin,base,Default,simple,"1201|20646","Jacks|Transmission Jacks",164456,"780446",,"Pro Roll","Pro Roll","Pro Roll","",/\7\8\Pro.jpg,/\7\8\Pro.jpg,http://www.48ws.com/images/product/7/8/Pro.jpg,sumner-manufacturing-co-inc-780446-pro-roll,sumner-manufacturing-co-inc-780446-pro-roll,,No layout updates.,Block after Info Column,,"Pro Roll","Pro Roll",Use config,"http://www.sumner.com/sumner/sub/productb/galmodel.33.7.9.33.0.0.html",0,,,0,"Sumner Manufacturing Co. Inc.",658,,Enabled,"Catalog, Search",Taxable Goods,Yes,No,"Expanded Features and Adjustable Height!","<li>1/2 – 36&quot; (1.2 – 91 cm) or 2,000 Lb (900 kg) capacity</li><li>Adjustable height of 29&quot; (74 cm) to 43&quot; (109 cm)</li><li>Leveling on either side of stand</li><li>Uses Quick Change Housings</li><li>Wheels “trued” for even pipe rotation</li><li>Bronze bea","","","Pro Roll with bar stock head","Pro Roll",,,,,,,,1,0,1,0,0,1,1,1,0,1,1,,,1,0,1,0,1,0,1,0,,0,simple,,
admin,base,Default,simple,"707|24629","Clamping Tools|Pneumatic Clamping Tools",164457,"784100",,"Internal Fit-Up Clamp (Alignment Tool)","Internal Fit-Up Clamp (Alignment Tool)","Internal Fit-Up Clamp (Alignment Tool)","",/\7\8\Internal-Fit-Up-Clamp-Alignment.jpg,/\7\8\Internal-Fit-Up-Clamp-Alignment.jpg,http://www.48ws.com/images/product/7/8/Internal-Fit-Up-Clamp-Alignment.jpg,sumner-manufacturing-co-inc-784100-internal-fit-up-clamp-alignment-tool,sumner-manufacturing-co-inc-784100-internal-fit-up-clamp-alignment-tool,,No layout updates.,Block after Info Column,,"Internal Fit-Up Clamp (Alignment Tool)","Internal Fit-Up Clamp (Alignment Tool)",Use config,"http://www.sumner.com/sumner/sub/productb/galmodel.97.7.11.120.97.0.html",0,,,0,"Sumner Manufacturing Co. Inc.",658,,Enabled,"Catalog, Search",Taxable Goods,Yes,No,"The Ideal Flange Fit-Up Tool!","<li>Can be used on all standard weld neck flanges and great with slip-on flanges</li><li>Contact points stainless steel – a standard feature</li><li>One piece construction – no loose pieces</li><li>Quick action operation</li><li>Priced right</li>","","","2 – 4&quot; (50 – 100 mm) Internal Fit-up Clamp","Internal Fit-Up Clamp (Alignment Tool)",,,,,,,,1,0,1,0,0,1,1,1,0,1,1,,,1,0,1,0,1,0,1,0,,0,simple,,
admin,base,Default,simple,"707|24629","Clamping Tools|Pneumatic Clamping Tools",164458,"784102",,"Internal Fit-Up Clamp (Alignment Tool)","Internal Fit-Up Clamp (Alignment Tool)","Internal Fit-Up Clamp (Alignment Tool)","",/\7\8\Internal-Fit-Up-Clamp-Alignment.jpg,/\7\8\Internal-Fit-Up-Clamp-Alignment.jpg,http://www.48ws.com/images/product/7/8/Internal-Fit-Up-Clamp-Alignment.jpg,sumner-manufacturing-co-inc-784102-internal-fit-up-clamp-alignment-tool,sumner-manufacturing-co-inc-784102-internal-fit-up-clamp-alignment-tool,,No layout updates.,Block after Info Column,,"Internal Fit-Up Clamp (Alignment Tool)","Internal Fit-Up Clamp (Alignment Tool)",Use config,"http://www.sumner.com/sumner/sub/productb/galmodel.97.7.11.120.97.0.html",0,,,0,"Sumner Manufacturing Co. Inc.",658,,Enabled,"Catalog, Search",Taxable Goods,Yes,No,"The Ideal Flange Fit-Up Tool!","<li>Can be used on all standard weld neck flanges and great with slip-on flanges</li><li>Contact points stainless steel – a standard feature</li><li>One piece construction – no loose pieces</li><li>Quick action operation</li><li>Priced right</li>","","","4 – 8&quot; (100 – 200 mm) Internal Fit-up Clamp","Internal Fit-Up Clamp (Alignment Tool)",,,,,,,,1,0,1,0,0,1,1,1,0,1,1,,,1,0,1,0,1,0,1,0,,0,simple,,
admin,base,Default,simple,"707|24629","Clamping Tools|Pneumatic Clamping Tools",164459,"784103",,"Internal Fit-Up Clamp (Alignment Tool)","Internal Fit-Up Clamp (Alignment Tool)","Internal Fit-Up Clamp (Alignment Tool)","",/\7\8\Internal-Fit-Up-Clamp-Alignment.jpg,/\7\8\Internal-Fit-Up-Clamp-Alignment.jpg,http://www.48ws.com/images/product/7/8/Internal-Fit-Up-Clamp-Alignment.jpg,sumner-manufacturing-co-inc-784103-internal-fit-up-clamp-alignment-tool,sumner-manufacturing-co-inc-784103-internal-fit-up-clamp-alignment-tool,,No layout updates.,Block after Info Column,,"Internal Fit-Up Clamp (Alignment Tool)","Internal Fit-Up Clamp (Alignment Tool)",Use config,"http://www.sumner.com/sumner/sub/productb/galmodel.97.7.11.120.97.0.html",0,,,0,"Sumner Manufacturing Co. Inc.",658,,Enabled,"Catalog, Search",Taxable Goods,Yes,No,"The Ideal Flange Fit-Up Tool!","<li>Can be used on all standard weld neck flanges and great with slip-on flanges</li><li>Contact points stainless steel – a standard feature</li><li>One piece construction – no loose pieces</li><li>Quick action operation</li><li>Priced right</li>","","","8 - 12&quot; (200 – 300 mm) Internal Fit-up Clamp","Internal Fit-Up Clamp (Alignment Tool)",,,,,,,,1,0,1,0,0,1,1,1,0,1,1,,,1,0,1,0,1,0,1,0,,0,simple,,
admin,base,Default,simple,"2011|23162","Hoists|Personnel Lifts",164460,"784750",,"Series 2400 Contractor Lift","Series 2400 Contractor Lift","Series 2400 Contractor Lift","",/\7\8\Series-2400-Contractor.jpg,/\7\8\Series-2400-Contractor.jpg,http://www.48ws.com/images/product/7/8/Series-2400-Contractor.jpg,sumner-manufacturing-co-inc-784750-series-2400-contractor-lift,sumner-manufacturing-co-inc-784750-series-2400-contractor-lift,,No layout updates.,Block after Info Column,,"Series 2400 Contractor Lift","Series 2400 Contractor Lift",Use config,"http://www.sumner.com/sumner/sub/productb/galmodel.239.7.8.239.0.0.html",0,,,0,"Sumner Manufacturing Co. Inc.",658,,Enabled,"Catalog, Search",Taxable Goods,Yes,No,"","<li>Compact 12' (3.6 m) & 16' (4.8 m) lifts</li><li>IMPROVED lifting capacity up to 450 lb (200 kg)</li><li>One piece construction - no loose pieces</li><li>Extremely portable for one man operation</li><li>Fits in most vans and SUVs</li><li>13 ft. (4.0 m)","","","2412 - Max Height: 12', Capacity: 450lbs, Length Operating: 48&quot;","Series 2400 Contractor Lift",,,,,,,,1,0,1,0,0,1,1,1,0,1,1,,,1,0,1,0,1,0,1,0,,0,simple,,
admin,base,Default,simple,"2011|23162","Hoists|Personnel Lifts",164461,"784751",,"Series 2400 Contractor Lift","Series 2400 Contractor Lift","Series 2400 Contractor Lift","",/\7\8\Series-2400-Contractor.jpg,/\7\8\Series-2400-Contractor.jpg,http://www.48ws.com/images/product/7/8/Series-2400-Contractor.jpg,sumner-manufacturing-co-inc-784751-series-2400-contractor-lift,sumner-manufacturing-co-inc-784751-series-2400-contractor-lift,,No layout updates.,Block after Info Column,,"Series 2400 Contractor Lift","Series 2400 Contractor Lift",Use config,"http://www.sumner.com/sumner/sub/productb/galmodel.239.7.8.239.0.0.html",0,,,0,"Sumner Manufacturing Co. Inc.",658,,Enabled,"Catalog, Search",Taxable Goods,Yes,No,"","<li>Compact 12' (3.6 m) & 16' (4.8 m) lifts</li><li>IMPROVED lifting capacity up to 450 lb (200 kg)</li><li>One piece construction - no loose pieces</li><li>Extremely portable for one man operation</li><li>Fits in most vans and SUVs</li><li>13 ft. (4.0 m)","","","2416 - Max Height: 16', Capacity: 450lbs, Length Operating: 48&quot;","Series 2400 Contractor Lift",,,,,,,,1,0,1,0,0,1,1,1,0,1,1,,,1,0,1,0,1,0,1,0,,0,simple,,
admin,base,Default,simple,"20640","Bottle Jacks",457076,"780502",,"SST STAINLESS STEEL VEE HEAD SLEEVE ATTACHMENT","SST STAINLESS STEEL VEE HEAD SLEEVE ATTACHMENT","SST STAINLESS STEEL VEE HEAD SLEEVE ATTACHMENT","",/\7\8\sumner-manufacturing-co-inc-780502-sst-stainless-steel-vee-head-sleeve-attachment.jpg,/\7\8\sumner-manufacturing-co-inc-780502-sst-stainless-steel-vee-head-sleeve-attachment.jpg,http://www.48ws.com/images/product/7/8/sumner-manufacturing-co-inc-780502-sst-stainless-steel-vee-head-sleeve-attachment.jpg,sumner-manufacturing-co-inc-780502-sst-stainless-steel-vee-head-sleeve-attachment,sumner-manufacturing-co-inc-780502-sst-stainless-steel-vee-head-sleeve-attachment,,No layout updates.,Block after Info Column,,"SST STAINLESS STEEL VEE HEAD SLEEVE ATTACHMENT","SST STAINLESS STEEL VEE HEAD SLEEVE ATTACHMENT",Use config,"",0,,,0,"Sumner Manufacturing Co. Inc.",658,,Enabled,"Catalog, Search",Taxable Goods,Yes,No,"","SS Vee Head Sleeve Attachment fits over vee and secures with two bolts with wing nuts","","","","SST STAINLESS STEEL VEE HEAD SLEEVE ATTACHMENT",,,,,,,,1,0,1,0,0,1,1,1,0,1,1,,,1,0,1,0,1,0,1,0,,0,simple,,
admin,base,Default,simple,"21800","Gage Blocks and Clamps and Surveillance Masters",457179,"781265",,"ULTRA FIT 1&quot;-2 1/2&quot;","ULTRA FIT 1&quot;-2 1/2&quot;","ULTRA FIT 1&quot;-2 1/2&quot;","",/\7\8\sumner-manufacturing-co-inc-781265-ultra-fit-1-2-12.jpg,/\7\8\sumner-manufacturing-co-inc-781265-ultra-fit-1-2-12.jpg,http://www.48ws.com/images/product/7/8/sumner-manufacturing-co-inc-781265-ultra-fit-1-2-12.jpg,sumner-manufacturing-co-inc-781265-ultra-fit-1-2-12,sumner-manufacturing-co-inc-781265-ultra-fit-1-2-12,,No layout updates.,Block after Info Column,,"ULTRA FIT 1&quot;-2 1/2&quot;","ULTRA FIT 1&quot;-2 1/2&quot;",Use config,"",0,,,0,"Sumner Manufacturing Co. Inc.",658,,Enabled,"Catalog, Search",Taxable Goods,Yes,No,"","","ULTRA FIT, 1 - 2 1/2&quot;","","","ULTRA FIT 1&quot;-2 1/2&quot;",,,,,,,,1,0,1,0,0,1,1,1,0,1,1,,,1,0,1,0,1,0,1,0,,0,simple,,
admin,base,Default,simple,"","",457384,"780435",,"ST-107 ROTARY GROUND CLAMP","ST-107 ROTARY GROUND CLAMP","ST-107 ROTARY GROUND CLAMP","",/\7\8\sumner-manufacturing-co-inc-780435-st-107-rotary-ground-clamp.jpg,/\7\8\sumner-manufacturing-co-inc-780435-st-107-rotary-ground-clamp.jpg,http://www.48ws.com/images/product/7/8/sumner-manufacturing-co-inc-780435-st-107-rotary-ground-clamp.jpg,sumner-manufacturing-co-inc-780435-st-107-rotary-ground-clamp,sumner-manufacturing-co-inc-780435-st-107-rotary-ground-clamp,,No layout updates.,Block after Info Column,,"ST-107 ROTARY GROUND CLAMP","ST-107 ROTARY GROUND CLAMP",Use config,"",0,,,0,"Sumner Manufacturing Co. Inc.",658,,Enabled,"Catalog, Search",Taxable Goods,Yes,No,"","Puts an end to tangled ground leads<br><li>Rotary head turns with the pipe-puts an end to ground lead twist, tangle and wear<br><li>Provides quick, positive ground for roll-out welding of pipe and fittings-eliminates weld pinholes caused by poor grounding<br><li>Attaches and detaches in seconds<br><li>Makes up ground leads three ways-lug, clamp-on and bare cable","","","","ST-107 ROTARY GROUND CLAMP",,,,,,,,1,0,1,0,0,1,1,1,0,1,1,,,1,0,1,0,1,0,1,0,,0,simple,,
admin,base,Default,simple,"28024","Telescoping Jacks",457432,"780395",,"FAB SAF JACK","FAB SAF JACK","FAB SAF JACK","",/\7\8\sumner-manufacturing-co-inc-780395-fab-saf-jack.jpg,/\7\8\sumner-manufacturing-co-inc-780395-fab-saf-jack.jpg,http://www.48ws.com/images/product/7/8/sumner-manufacturing-co-inc-780395-fab-saf-jack.jpg,sumner-manufacturing-co-inc-780395-fab-saf-jack,sumner-manufacturing-co-inc-780395-fab-saf-jack,,No layout updates.,Block after Info Column,,"FAB SAF JACK","FAB SAF JACK",Use config,"",0,,,0,"Sumner Manufacturing Co. Inc.",658,,Enabled,"Catalog, Search",Taxable Goods,Yes,No,"","Large ribbed vee head to accommodate 36-inch pipe<br><li>Quick-action lock washer","","","","FAB SAF JACK",,,,,,,,1,0,1,0,0,1,1,1,0,1,1,,,1,0,1,0,1,0,1,0,,0,simple,,
admin,base,Default,simple,"28024","Telescoping Jacks",457433,"780471",,"PRO JACK V HEAD","PRO JACK V HEAD","PRO JACK V HEAD","",/\7\8\sumner-manufacturing-co-inc-780471-pro-jack-v-head.jpg,/\7\8\sumner-manufacturing-co-inc-780471-pro-jack-v-head.jpg,http://www.48ws.com/images/product/7/8/sumner-manufacturing-co-inc-780471-pro-jack-v-head.jpg,sumner-manufacturing-co-inc-780471-pro-jack-v-head,sumner-manufacturing-co-inc-780471-pro-jack-v-head,,No layout updates.,Block after Info Column,,"PRO JACK V HEAD","PRO JACK V HEAD",Use config,"",0,,,0,"Sumner Manufacturing Co. Inc.",658,,Enabled,"Catalog, Search",Taxable Goods,Yes,No,"","","","","","PRO JACK V HEAD",,,,,,,,1,0,1,0,0,1,1,1,0,1,1,,,1,0,1,0,1,0,1,0,,0,simple,,
admin,base,Default,simple,"28283","Rental Plumbing and Pipe Equipment",457483,"780351",,"GRASS HOPPER ST-401","GRASS HOPPER ST-401","GRASS HOPPER ST-401","",/\7\8\sumner-manufacturing-co-inc-780351-grass-hopper-st-401.jpg,/\7\8\sumner-manufacturing-co-inc-780351-grass-hopper-st-401.jpg,http://www.48ws.com/images/product/7/8/sumner-manufacturing-co-inc-780351-grass-hopper-st-401.jpg,sumner-manufacturing-co-inc-780351-grass-hopper-st-401,sumner-manufacturing-co-inc-780351-grass-hopper-st-401,,No layout updates.,Block after Info Column,,"GRASS HOPPER ST-401","GRASS HOPPER ST-401",Use config,"",0,,,0,"Sumner Manufacturing Co. Inc.",658,,Enabled,"Catalog, Search",Taxable Goods,Yes,No,"","Enables one man to lift 2000-Pound unassisted<br><li>Special sliding chain block design accommodates long and short loads<br><li>Carries up to 20-Inch diameter pipe, tool boxes, fittings and valves<br><li>Rugged high pressure tires and wheels allow for construction site mobility<br><li>Chains can be used to lock wheels for security","","","","GRASS HOPPER ST-401",,,,,,,,1,0,1,0,0,1,1,1,0,1,1,,,1,0,1,0,1,0,1,0,,0,simple,,
admin,base,Default,simple,"21784","Digital Angle Finders",639152,"779546",,"SUMNER 779546 INCLINOMETER","Inclinometer","SUMNER 779546 INCLINOMETER","",/\7\7\sumner-manufacturing-co-inc-779546-sumner-779546-inclinometer.jpg,/\7\7\sumner-manufacturing-co-inc-779546-sumner-779546-inclinometer.jpg,http://www.48ws.com/images/product/7/7/sumner-manufacturing-co-inc-779546-sumner-779546-inclinometer.jpg,sumner-manufacturing-co-inc-779546-sumner-779546-inclinometer,sumner-manufacturing-co-inc-779546-sumner-779546-inclinometer,,No layout updates.,Block after Info Column,,"SUMNER 779546 INCLINOMETER","SUMNER 779546 INCLINOMETER",Use config,"http://www.sumner.com/",0,,,0,"Sumner Manufacturing Co. Inc.",658,,Enabled,"Catalog, Search",Taxable Goods,Yes,No,"Sumner Manufacturing Center Punch Inclinometer used to show degree pf incline. Digital display.","Sumner Manufacturing Center Punch Inclinometer used to show degree pf incline. Digital display.","<ul>
<li>Inclinometer</li>
<li>Used With Center Punch</li>
<li>Digital Display</li>
</ul>","66116579546","","SUMNER 779546 INCLINOMETER",,,,,,,,1,0,1,0,0,1,1,1,0,1,1,,,1,0,1,0,1,0,1,0,,0,simple,,
admin,base,Default,simple,"25227","Flange",639153,"780430",,"SUMNER 780430 ST-106 FLANGE PINS 5/8 THRU 1-5/8","Flange Pins","SUMNER 780430 ST-106 FLANGE PINS 5/8 THRU 1-5/8","",/\7\8\sumner-manufacturing-co-inc-780430-sumner-780430-st-106-flange-pins-58-thru-1-58.jpg,/\7\8\sumner-manufacturing-co-inc-780430-sumner-780430-st-106-flange-pins-58-thru-1-58.jpg,http://www.48ws.com/images/product/7/8/sumner-manufacturing-co-inc-780430-sumner-780430-st-106-flange-pins-58-thru-1-58.jpg,sumner-manufacturing-co-inc-780430-sumner-780430-st-106-flange-pins-58-thru-1-58,sumner-manufacturing-co-inc-780430-sumner-780430-st-106-flange-pins-58-thru-1-58,,No layout updates.,Block after Info Column,,"SUMNER 780430 ST-106 FLANGE PINS 5/8 THRU 1-5/8","SUMNER 780430 ST-106 FLANGE PINS 5/8 THRU 1-5/8",Use config,"http://www.sumner.com/",0,,,0,"Sumner Manufacturing Co. Inc.",658,,Enabled,"Catalog, Search",Taxable Goods,Yes,No,"For fast, accurate alignment of carbon pipe flanges (carbon or
stainless steel). ","For fast, accurate alignment of carbon pipe flanges (carbon or
stainless steel). ","<ul>
<li>Quick installing pins work as convenient reference points to level flange for tack and weld-out — no tools needed</li>
<li>Hardened tapered ST-106 and ST-206 pins automatically center on 5/8&quot;  to 1-5/8&quot; (16 to 42 mm) holes</li>
<li>Features Acme threads for maximum clamping power and hardened steel for long lasting use</li>
</ul>","66116580430","","SUMNER 780430 ST-106 FLANGE PINS 5/8 THRU 1-5/8",,,,,,,,1,0,1,0,0,1,1,1,0,1,1,,,1,0,1,0,1,0,1,0,,0,simple,,
admin,base,Default,simple,"23107","Cylinder Hand Trucks",639154,"782385",,"SUMNER 782385 112-10S SINGLE CYLINDER CART 10^ WHEELS","Cylinder Cart","SUMNER 782385 112-10S SINGLE CYLINDER CART 10^ WHEELS","",/\7\8\sumner-manufacturing-co-inc-782385-sumner-782385-112-10s-single-cylinder-cart-10-wheels.jpg,/\7\8\sumner-manufacturing-co-inc-782385-sumner-782385-112-10s-single-cylinder-cart-10-wheels.jpg,http://www.48ws.com/images/product/7/8/sumner-manufacturing-co-inc-782385-sumner-782385-112-10s-single-cylinder-cart-10-wheels.jpg,sumner-manufacturing-co-inc-782385-sumner-782385-112-10s-single-cylinder-cart-10-wheels,sumner-manufacturing-co-inc-782385-sumner-782385-112-10s-single-cylinder-cart-10-wheels,,No layout updates.,Block after Info Column,,"SUMNER 782385 112-10S SINGLE CYLINDER CART 10^ WHEELS","SUMNER 782385 112-10S SINGLE CYLINDER CART 10^ WHEELS",Use config,"http://www.sumner.com/",0,,,0,"Sumner Manufacturing Co. Inc.",658,,Enabled,"Catalog, Search",Taxable Goods,Yes,No,"Popular cylinder truck can be used for gas cylinders up to 12&quot; (30 cm) or for hauling boxes on the 7 x 14&quot; (17.8 x 35.6 cm) base plate. Load capacity rated at 500 lb (225 Kg).","Popular cylinder truck can be used for gas cylinders up to 12&quot; (30 cm) or for hauling boxes on the 7 x 14&quot; (17.8 x 35.6 cm) base plate. Load capacity rated at 500 lb (225 Kg).","<ul>
<li>Popular cylinder truck can be used for gas cylinders up to 12&quot; (30 cm) or for hauling boxes on the 7 x 14&quot; (17.8 x 35.6 cm) base plate</li>
<li>Load capacity rated at 500 lb</li>
</ul>","66116582385","","SUMNER 782385 112-10S SINGLE CYLINDER CART 10^ WHEELS",,,,,,,,1,0,1,0,0,1,1,1,0,1,1,,,1,0,1,0,1,0,1,0,,0,simple,,
admin,base,Default,simple,"21898","Center Punches",639155,"784520",,"SUMNER 784520 CENTERING PUNCH","Centering Punch","SUMNER 784520 CENTERING PUNCH","",/\7\8\sumner-manufacturing-co-inc-784520-sumner-784520-centering-punch.jpg,/\7\8\sumner-manufacturing-co-inc-784520-sumner-784520-centering-punch.jpg,http://www.48ws.com/images/product/7/8/sumner-manufacturing-co-inc-784520-sumner-784520-centering-punch.jpg,sumner-manufacturing-co-inc-784520-sumner-784520-centering-punch,sumner-manufacturing-co-inc-784520-sumner-784520-centering-punch,,No layout updates.,Block after Info Column,,"SUMNER 784520 CENTERING PUNCH","SUMNER 784520 CENTERING PUNCH",Use config,"http://www.sumner.com/",0,,,0,"Sumner Manufacturing Co. Inc.",658,,Enabled,"Catalog, Search",Taxable Goods,Yes,No,"Center head with magnetic aluminum base can be used on the
circumference of pipe. Built-in, spring-loaded, hardened striking pin
marks location with the push of a button.","Center head with magnetic aluminum base can be used on the
circumference of pipe. Built-in, spring-loaded, hardened striking pin
marks location with the push of a button.","<ul>
<li>Easy to read digital gauge</li>
<li>Spring-loaded striking pin</li>
<li>Magnetic base</li>
<li>Removable gauge with magnetic base</li>
<li>Alignment indicator</li>
<li>4&quot; to 8&quot; capability only</li>
<li>Detachable digital gauge doubles as an angle finder</li>
</ul>","66116584520","","SUMNER 784520 CENTERING PUNCH",,,,,,,,1,0,1,0,0,1,1,1,0,1,1,,,1,0,1,0,1,0,1,0,,0,simple,,
