﻿store,websites,attribute_set,Type,category_ids,category_names,48WS_product_id,sku,has_options,name,Group_Name,meta_title,meta_description,Image,small_image,thumbnail,url_key,url_path,custom_design,page_layout,options_container,image_label,small_image_label,thumbnail_label,gift_message_available,manufacturer_url,price,special_price,cost,weight,manufacturer,manufacturer_id,color,status,visibility,tax_class_id,enable_googlecheckout,is_recurring,description,short_description,summary,upc,size_info,meta_keyword,custom_layout_update,news_from_date,news_to_date,special_from_date,special_to_date,custom_design_from,custom_design_to,qty,min_qty,use_config_min_qty,is_qty_decimal,backorders,use_config_backorders,min_sale_qty,use_config_min_sale_qty,max_sale_qty,use_config_max_sale_qty,is_in_stock,low_stock_date,notify_stock_qty,use_config_notify_stock_qty,manage_stock,use_config_manage_stock,stock_status_changed_automatically,use_config_qty_increments,qty_increments,use_config_enable_qty_increments,enable_qty_increments,product_name,store_id,product_type_id,product_status_changed,product_changed_websites
admin,base,Default,simple,"21674","Knives",297877,"55-3030-1",,"Pipeknife Utility Cutter","","Pipeknife Utility Cutter","",/\5\5\the-pipe-knife-company-55-3030-1-pipeknife-utility-cutter.jpg,/\5\5\the-pipe-knife-company-55-3030-1-pipeknife-utility-cutter.jpg,http://www.48ws.com/images/product/5/5/the-pipe-knife-company-55-3030-1-pipeknife-utility-cutter.jpg,the-pipe-knife-company-55-3030-1-pipeknife-utility-cutter,the-pipe-knife-company-55-3030-1-pipeknife-utility-cutter,,No layout updates.,Block after Info Column,,"Pipeknife Utility Cutter","Pipeknife Utility Cutter",Use config,"http://pipeknifecaulktools.com/index.php?route=product/product&path=20&product_id=50",0,,,0,"The Pipe Knife Company",1319,,Enabled,"Catalog, Search",Taxable Goods,Yes,No,"Pipeknife Utility Cutter","Other uses for the long handled PipeKnife® utility tool include:<br><li>Masonry work</li><br>
<li>Insulation cutting and installing (keeps hands clear of insulation)</li><br>
<li>EIFS applications</li><br>
<li>Log home chinking maintenance</li><br>
<li>Cactus and succulent trimming (Agaves)</li><br>
<li>Farm and ranch cleaning (feeder beaters)</li><br>
<li>Carpet installation</li><br>
<li>Roofing</li><br>
<li>Many other typical utility knife uses</li>
<br>Look for PAT NO 300600 or PIPEKNIFE® on your tool to verify authenticity!!","The PipeKnife® sealant cutout tools were invented by autoglass technicians to cut the urethane used to seal the windshield to the frame of the car. The design was specifically created to reach between the dash and windshield and provide extra reach and power to make the cut. The long-handled utility knife design also has room for extra blade storage in the barrel end of the knife.

The PipeKnife® was the original cutout tool, or long knife, commercialized for the AGR industry. It was invented and patented in 1987 and has proven to be the most popular sealant cutout tool in the autoglass replacement industry. The Original PipeKnife® is 14” in length and the 18” long PipeKnife®-XL is the most recent addition to the popular PipeKnife product line. Both PipeKnife® tools use standard 2-notch utility blades or will also hold the special serrated PipeKnife® blade (listed in accessories) or other long-length utility blades.

The PipeKnife® sealant cutout tools are also used extensively by caulking, waterproofing and concrete contractors to cut and remove sealant and caulk during flat glass window installs, concrete tilt-up joint and crack maintenance, and during building restoration work.","","Pipeknife Utility Cutter","Pipeknife Utility Cutter",,,,,,,,1,0,1,0,0,1,1,1,0,1,1,,,1,0,1,0,1,0,1,0,,0,simple,,
admin,base,Default,simple,"21674","Knives",297878,"55-3030-3",,"24&quot; Steel Pipeknife Utility  Cutter","","24&quot; Steel Pipeknife Utility  Cutter","",/\5\5\the-pipe-knife-company-55-3030-3-24-steel-pipeknife-utility-cutter.jpg,/\5\5\the-pipe-knife-company-55-3030-3-24-steel-pipeknife-utility-cutter.jpg,http://www.48ws.com/images/product/5/5/the-pipe-knife-company-55-3030-3-24-steel-pipeknife-utility-cutter.jpg,the-pipe-knife-company-55-3030-3-24-steel-pipeknife-utility-cutter,the-pipe-knife-company-55-3030-3-24-steel-pipeknife-utility-cutter,,No layout updates.,Block after Info Column,,"24&quot; Steel Pipeknife Utility  Cutter","24&quot; Steel Pipeknife Utility  Cutter",Use config,"http://pipeknifecaulktools.com/index.php?route=product/product&path=25&product_id=52",0,,,0,"The Pipe Knife Company",1319,,Enabled,"Catalog, Search",Taxable Goods,Yes,No,"24&quot; Steel Pipeknife Utility  Cutter","<br><li>Cutting urethane for easy windshield removal</li><br>
<li>Removing caulk and sealant from expansion joints and window cutouts</li><br>
<li>Cutting fiberglass</li><br>
<li>General contractor uses</li>
","Complete line of long knives for the Auto Glass and Flat Glass Replacement technician.

The PipeKnife® Company offers a variety of flat long knives to cut urethane. The 9&quot;, 14&quot;, 18&quot; and 24&quot; flat long knives provide the technician with a product to meet every need when cutting urethane. Constructed from high-strength anodized aluminum or the new steel model, PipeKnife® flat long knives incorporate a stainless steel nut and screw to reduce stripped threads and improve the life of the long knives.","","24&quot; Steel Pipeknife Utility  Cutter","24&quot; Steel Pipeknife Utility  Cutter",,,,,,,,1,0,1,0,0,1,1,1,0,1,1,,,1,0,1,0,1,0,1,0,,0,simple,,
admin,base,Default,simple,"20634","Interior Automotive Accessories",467574,"1&quot; Cobra Replacement Blades",,"1&quot; Cobra Replacement Blades","","1&quot; Cobra Replacement Blades","",/\1\-\the-pipe-knife-company-1-cobra-replacement-blades-1-cobra-replacement-blades.jpg,/\1\-\the-pipe-knife-company-1-cobra-replacement-blades-1-cobra-replacement-blades.jpg,http://www.48ws.com/images/product/1/-/the-pipe-knife-company-1-cobra-replacement-blades-1-cobra-replacement-blades.jpg,the-pipe-knife-company-1-Cobra-Replacement-Blades-,the-pipe-knife-company-1-Cobra-Replacement-Blades-,,No layout updates.,Block after Info Column,,"1&quot; Cobra Replacement Blades","1&quot; Cobra Replacement Blades",Use config,"",0,,,0,"The Pipe Knife Company",1319,,Enabled,"Catalog, Search",Taxable Goods,Yes,No,"","<li>
			1&quot; Blade Length.</li>
		<li>
			3/4&quot; Shank fits all Cold Knives.</li>
		<li>
			Includes box of 6 blades.</li>","","","","1&quot; Cobra Replacement Blades",,,,,,,,1,0,1,0,0,1,1,1,0,1,1,,,1,0,1,0,1,0,1,0,,0,simple,,
admin,base,Default,simple,"20634","Interior Automotive Accessories",467575,"Original Pipeknife",,"Original Pipeknife","","Original Pipeknife","",/\O\r\the-pipe-knife-company-original-pipeknife-original-pipeknife.jpg,/\O\r\the-pipe-knife-company-original-pipeknife-original-pipeknife.jpg,http://www.48ws.com/images/product/O/r/the-pipe-knife-company-original-pipeknife-original-pipeknife.jpg,the-pipe-knife-company-Original-Pipeknife-,the-pipe-knife-company-Original-Pipeknife-,,No layout updates.,Block after Info Column,,"Original Pipeknife","Original Pipeknife",Use config,"",0,,,0,"The Pipe Knife Company",1319,,Enabled,"Catalog, Search",Taxable Goods,Yes,No,"","The PipeKnife sealant cutout tools are also used extensively by caulking, waterproofing and concrete contractors to cut and remove sealant and caulk during flat glass window installs, concrete tilt-up joint and crack maintenance, and during building restoration work.","","","","Original Pipeknife",,,,,,,,1,0,1,0,0,1,1,1,0,1,1,,,1,0,1,0,1,0,1,0,,0,simple,,
admin,base,Default,simple,"20634","Interior Automotive Accessories",467576,"4 1/2&quot; Long Knife Straight Blade",,"4 1/2&quot; Long Knife Straight Blade","","4 1/2&quot; Long Knife Straight Blade","",/\4\-\the-pipe-knife-company-4-12-long-knife-straight-blade-4-12-long-knife-straight-blade.jpg,/\4\-\the-pipe-knife-company-4-12-long-knife-straight-blade-4-12-long-knife-straight-blade.jpg,http://www.48ws.com/images/product/4/-/the-pipe-knife-company-4-12-long-knife-straight-blade-4-12-long-knife-straight-blade.jpg,the-pipe-knife-company-4-1-2-Long-Knife-Straight-Blade-,the-pipe-knife-company-4-1-2-Long-Knife-Straight-Blade-,,No layout updates.,Block after Info Column,,"4 1/2&quot; Long Knife Straight Blade","4 1/2&quot; Long Knife Straight Blade",Use config,"",0,,,0,"The Pipe Knife Company",1319,,Enabled,"Catalog, Search",Taxable Goods,Yes,No,"","Made from high carbon steel, Reid Long Knife Blades last longer, cut faster, and work in tight spots better than average utility blades.","","","","4 1/2&quot; Long Knife Straight Blade",,,,,,,,1,0,1,0,0,1,1,1,0,1,1,,,1,0,1,0,1,0,1,0,,0,simple,,
admin,base,Default,simple,"20634","Interior Automotive Accessories",467577,"3/4&quot; Carbon Steel Blades",,"3/4&quot; Carbon Steel Blades","","3/4&quot; Carbon Steel Blades","",/\3\4\the-pipe-knife-company-34-carbon-steel-blades-34-carbon-steel-blades.jpg,/\3\4\the-pipe-knife-company-34-carbon-steel-blades-34-carbon-steel-blades.jpg,http://www.48ws.com/images/product/3/4/the-pipe-knife-company-34-carbon-steel-blades-34-carbon-steel-blades.jpg,the-pipe-knife-company-3-4-Carbon-Steel-Blades-,the-pipe-knife-company-3-4-Carbon-Steel-Blades-,,No layout updates.,Block after Info Column,,"3/4&quot; Carbon Steel Blades","3/4&quot; Carbon Steel Blades",Use config,"",0,,,0,"The Pipe Knife Company",1319,,Enabled,"Catalog, Search",Taxable Goods,Yes,No,"","<li>
			3/4&quot; Blade Length.</li>
		<li>
			3/4&quot; Shank fits all Cold Knives.</li>
		<li>
			Price shown is for a box of 6 blades</li>","","","","3/4&quot; Carbon Steel Blades",,,,,,,,1,0,1,0,0,1,1,1,0,1,1,,,1,0,1,0,1,0,1,0,,0,simple,,
admin,base,Default,simple,"20634","Interior Automotive Accessories",467578,"T Slot Blades",,"T Slot Blades","","T Slot Blades","",/\T\-\the-pipe-knife-company-t-slot-blades-t-slot-blades.jpg,/\T\-\the-pipe-knife-company-t-slot-blades-t-slot-blades.jpg,http://www.48ws.com/images/product/T/-/the-pipe-knife-company-t-slot-blades-t-slot-blades.jpg,the-pipe-knife-company-T-Slot-Blades-,the-pipe-knife-company-T-Slot-Blades-,,No layout updates.,Block after Info Column,,"T Slot Blades","T Slot Blades",Use config,"",0,,,0,"The Pipe Knife Company",1319,,Enabled,"Catalog, Search",Taxable Goods,Yes,No,"","We stock many types of standard and specialty blades. They are interchangeable and can be used in all cutout knives. Blades include the Heavy-Duty angled serrated blade that can be resharpened, long serrated and heavy-duty utility blades that can reach into deep cracks and crevices, and the standard heavy-duty blade which comes in a very handy dispenser package of 10 blades.","","","","T Slot Blades",,,,,,,,1,0,1,0,0,1,1,1,0,1,1,,,1,0,1,0,1,0,1,0,,0,simple,,
admin,base,Default,simple,"20634","Interior Automotive Accessories",467579,"1 1/2&quot; Extended Shank Replacement Blades",,"1 1/2&quot; Extended Shank Replacement Blades","","1 1/2&quot; Extended Shank Replacement Blades","",/\1\-\the-pipe-knife-company-1-12-extended-shank-replacement-blades-1-12-extended-shank-replacement-blades.jpg,/\1\-\the-pipe-knife-company-1-12-extended-shank-replacement-blades-1-12-extended-shank-replacement-blades.jpg,http://www.48ws.com/images/product/1/-/the-pipe-knife-company-1-12-extended-shank-replacement-blades-1-12-extended-shank-replacement-blades.jpg,the-pipe-knife-company-1-1-2-Extended-Shank-Replacement-Blades-,the-pipe-knife-company-1-1-2-Extended-Shank-Replacement-Blades-,,No layout updates.,Block after Info Column,,"1 1/2&quot; Extended Shank Replacement Blades","1 1/2&quot; Extended Shank Replacement Blades",Use config,"",0,,,0,"The Pipe Knife Company",1319,,Enabled,"Catalog, Search",Taxable Goods,Yes,No,"","<li>
			1 1/2&quot; Blade Length.</li>
		<li>
			3/4&quot; Shank fits all Cold Knives.</li>
		<li>
			Includes box of 6 blades</li>","","","","1 1/2&quot; Extended Shank Replacement Blades",,,,,,,,1,0,1,0,0,1,1,1,0,1,1,,,1,0,1,0,1,0,1,0,,0,simple,,
admin,base,Default,simple,"21674","Knives",467580,"9&quot; Deluxe Long Knife",,"9&quot; Deluxe Long Knife","","9&quot; Deluxe Long Knife","",/\9\-\the-pipe-knife-company-9-deluxe-long-knife-9-deluxe-long-knife.jpg,/\9\-\the-pipe-knife-company-9-deluxe-long-knife-9-deluxe-long-knife.jpg,http://www.48ws.com/images/product/9/-/the-pipe-knife-company-9-deluxe-long-knife-9-deluxe-long-knife.jpg,the-pipe-knife-company-9-Deluxe-Long-Knife-9-deluxe-long-knife,the-pipe-knife-company-9-Deluxe-Long-Knife-9-deluxe-long-knife,,No layout updates.,Block after Info Column,,"9&quot; Deluxe Long Knife","9&quot; Deluxe Long Knife",Use config,"",0,,,0,"The Pipe Knife Company",1319,,Enabled,"Catalog, Search",Taxable Goods,Yes,No,"","<li>
			Built from solid, lightweight aluminum.</li>
		<li>
			Powdercoated for added durability and to prevent damage to automobiles.</li>
		<li>
			Deluxe models have hardwood handles, providing a comfortable grip and greater durability.</li>
		<li>
			The steel fastener holds blades tight with a #2 Phillips thumb screw, making blades changes quick and easy.</li>
		<li>
			Use with Reid's Long Knife Blades or any standard utility blade.</li>","","","","9&quot; Deluxe Long Knife",,,,,,,,1,0,1,0,0,1,1,1,0,1,1,,,1,0,1,0,1,0,1,0,,0,simple,,
admin,base,Default,simple,"28327","Fixed Blade Knives",467581,"Installation Sticks - Chisel End",,"Installation Sticks - Chisel End","","Installation Sticks - Chisel End","",/\I\n\the-pipe-knife-company-installation-sticks-chisel-end-installation-sticks-chisel-end.jpg,/\I\n\the-pipe-knife-company-installation-sticks-chisel-end-installation-sticks-chisel-end.jpg,http://www.48ws.com/images/product/I/n/the-pipe-knife-company-installation-sticks-chisel-end-installation-sticks-chisel-end.jpg,the-pipe-knife-company-Installation-Sticks-Chisel-End-installation-sticks-chisel-end,the-pipe-knife-company-Installation-Sticks-Chisel-End-installation-sticks-chisel-end,,No layout updates.,Block after Info Column,,"Installation Sticks - Chisel End","Installation Sticks - Chisel End",Use config,"",0,,,0,"The Pipe Knife Company",1319,,Enabled,"Catalog, Search",Taxable Goods,Yes,No,"","","","","","Installation Sticks - Chisel End",,,,,,,,1,0,1,0,0,1,1,1,0,1,1,,,1,0,1,0,1,0,1,0,,0,simple,,
admin,base,Default,simple,"20634","Interior Automotive Accessories",467582,"3/8&quot; Pre-Cut Blades",,"3/8&quot; Pre-Cut Blades","","3/8&quot; Pre-Cut Blades","",/\3\8\the-pipe-knife-company-38-pre-cut-blades-38-pre-cut-blades.jpg,/\3\8\the-pipe-knife-company-38-pre-cut-blades-38-pre-cut-blades.jpg,http://www.48ws.com/images/product/3/8/the-pipe-knife-company-38-pre-cut-blades-38-pre-cut-blades.jpg,the-pipe-knife-company-3-8-Pre-Cut-Blades-,the-pipe-knife-company-3-8-Pre-Cut-Blades-,,No layout updates.,Block after Info Column,,"3/8&quot; Pre-Cut Blades","3/8&quot; Pre-Cut Blades",Use config,"",0,,,0,"The Pipe Knife Company",1319,,Enabled,"Catalog, Search",Taxable Goods,Yes,No,"","<li>
			3/8&quot; Blade Length.</li>
		<li>
			3/4&quot; Shank fits all Cold Knives.</li>
		<li>
			Price shown is for a box of 6 blades</li>","","","","3/8&quot; Pre-Cut Blades",,,,,,,,1,0,1,0,0,1,1,1,0,1,1,,,1,0,1,0,1,0,1,0,,0,simple,,
admin,base,Default,simple,"21674","Knives",467583,"Deluxe Cold Knife",,"Deluxe Cold Knife","","Deluxe Cold Knife","",/\D\e\the-pipe-knife-company-deluxe-cold-knife-deluxe-cold-knife.jpg,/\D\e\the-pipe-knife-company-deluxe-cold-knife-deluxe-cold-knife.jpg,http://www.48ws.com/images/product/D/e/the-pipe-knife-company-deluxe-cold-knife-deluxe-cold-knife.jpg,the-pipe-knife-company-Deluxe-Cold-Knife-deluxe-cold-knife,the-pipe-knife-company-Deluxe-Cold-Knife-deluxe-cold-knife,,No layout updates.,Block after Info Column,,"Deluxe Cold Knife","Deluxe Cold Knife",Use config,"",0,,,0,"The Pipe Knife Company",1319,,Enabled,"Catalog, Search",Taxable Goods,Yes,No,"","<li>
			Use with all sizes of replacement blades.</li>
		<li>
			Comes with one RKB-10-S/S replacement blade.</li>","","","","Deluxe Cold Knife",,,,,,,,1,0,1,0,0,1,1,1,0,1,1,,,1,0,1,0,1,0,1,0,,0,simple,,
admin,base,Default,simple,"20634","Interior Automotive Accessories",467584,"1 1/2&quot; Teflon Coated Blades",,"1 1/2&quot; Teflon Coated Blades","","1 1/2&quot; Teflon Coated Blades","",/\1\-\the-pipe-knife-company-1-12-teflon-coated-blades-1-12-teflon-coated-blades.jpg,/\1\-\the-pipe-knife-company-1-12-teflon-coated-blades-1-12-teflon-coated-blades.jpg,http://www.48ws.com/images/product/1/-/the-pipe-knife-company-1-12-teflon-coated-blades-1-12-teflon-coated-blades.jpg,the-pipe-knife-company-1-1-2-Teflon-Coated-Blades-,the-pipe-knife-company-1-1-2-Teflon-Coated-Blades-,,No layout updates.,Block after Info Column,,"1 1/2&quot; Teflon Coated Blades","1 1/2&quot; Teflon Coated Blades",Use config,"",0,,,0,"The Pipe Knife Company",1319,,Enabled,"Catalog, Search",Taxable Goods,Yes,No,"","<li>
			Teflon coated to reduce drag for faster cutting.</li>
		<li>
			1 1/2&quot; Blade Length.</li>
		<li>
			1/2&quot; Shank fits RK-160 and RK-160-SH Cold Knives.</li>
		<li>
			Price shown is for a box of 6 blades</li>","","","","1 1/2&quot; Teflon Coated Blades",,,,,,,,1,0,1,0,0,1,1,1,0,1,1,,,1,0,1,0,1,0,1,0,,0,simple,,
admin,base,Default,simple,"20634","Interior Automotive Accessories",467585,"1/2&quot; Scraper Blade",,"1/2&quot; Scraper Blade","","1/2&quot; Scraper Blade","",/\1\2\the-pipe-knife-company-12-scraper-blade-12-scraper-blade.jpg,/\1\2\the-pipe-knife-company-12-scraper-blade-12-scraper-blade.jpg,http://www.48ws.com/images/product/1/2/the-pipe-knife-company-12-scraper-blade-12-scraper-blade.jpg,the-pipe-knife-company-1-2-Scraper-Blade-,the-pipe-knife-company-1-2-Scraper-Blade-,,No layout updates.,Block after Info Column,,"1/2&quot; Scraper Blade","1/2&quot; Scraper Blade",Use config,"",0,,,0,"The Pipe Knife Company",1319,,Enabled,"Catalog, Search",Taxable Goods,Yes,No,"","<li>
			1/2&quot; wide carbon steel scraper blade.</li>
		<li>
			Use for removal of adhesives.</li>","","","","1/2&quot; Scraper Blade",,,,,,,,1,0,1,0,0,1,1,1,0,1,1,,,1,0,1,0,1,0,1,0,,0,simple,,
admin,base,Default,simple,"20634","Interior Automotive Accessories",467586,"Extra Long Utility Blades",,"Extra Long Utility Blades","","Extra Long Utility Blades","",/\E\x\the-pipe-knife-company-extra-long-utility-blades-extra-long-utility-blades.jpg,/\E\x\the-pipe-knife-company-extra-long-utility-blades-extra-long-utility-blades.jpg,http://www.48ws.com/images/product/E/x/the-pipe-knife-company-extra-long-utility-blades-extra-long-utility-blades.jpg,the-pipe-knife-company-Extra-Long-Utility-Blades-,the-pipe-knife-company-Extra-Long-Utility-Blades-,,No layout updates.,Block after Info Column,,"Extra Long Utility Blades","Extra Long Utility Blades",Use config,"",0,,,0,"The Pipe Knife Company",1319,,Enabled,"Catalog, Search",Taxable Goods,Yes,No,"","<li>
			3 3/4&quot; long utility blades</li>
		<li>
			10 per pack</li>","","","","Extra Long Utility Blades",,,,,,,,1,0,1,0,0,1,1,1,0,1,1,,,1,0,1,0,1,0,1,0,,0,simple,,
admin,base,Default,simple,"20634","Interior Automotive Accessories",467587,"24&quot; Deluxe Long Knife",,"24&quot; Deluxe Long Knife","","24&quot; Deluxe Long Knife","",/\2\4\the-pipe-knife-company-24-deluxe-long-knife-24-deluxe-long-knife.jpg,/\2\4\the-pipe-knife-company-24-deluxe-long-knife-24-deluxe-long-knife.jpg,http://www.48ws.com/images/product/2/4/the-pipe-knife-company-24-deluxe-long-knife-24-deluxe-long-knife.jpg,the-pipe-knife-company-24-Deluxe-Long-Knife-,the-pipe-knife-company-24-Deluxe-Long-Knife-,,No layout updates.,Block after Info Column,,"24&quot; Deluxe Long Knife","24&quot; Deluxe Long Knife",Use config,"",0,,,0,"The Pipe Knife Company",1319,,Enabled,"Catalog, Search",Taxable Goods,Yes,No,"","<li>
			24&quot; - Great when cutting across deep dashboards.</li>
		<li>
			Built from solid, lightweight aluminum.</li>
		<li>
			Powdercoated for added durability and to prevent damage to automobiles.</li>
		<li>
			Deluxe models have hardwood handles, providing a comfortable grip and greater durability.</li>
		<li>
			The steel fastener holds blades tight with a #2 Phillips thumb screw, making blades changes quick and easy.</li>
		<li>
			Use with Reid's Long Knife Blades or any standard utility blade.</li>","","","","24&quot; Deluxe Long Knife",,,,,,,,1,0,1,0,0,1,1,1,0,1,1,,,1,0,1,0,1,0,1,0,,0,simple,,
admin,base,Default,simple,"20634","Interior Automotive Accessories",467588,"1&quot; Extended Shank Replacement Blades",,"1&quot; Extended Shank Replacement Blades","","1&quot; Extended Shank Replacement Blades","",/\1\-\the-pipe-knife-company-1-extended-shank-replacement-blades-1-extended-shank-replacement-blades.jpg,/\1\-\the-pipe-knife-company-1-extended-shank-replacement-blades-1-extended-shank-replacement-blades.jpg,http://www.48ws.com/images/product/1/-/the-pipe-knife-company-1-extended-shank-replacement-blades-1-extended-shank-replacement-blades.jpg,the-pipe-knife-company-1-Extended-Shank-Replacement-Blades-,the-pipe-knife-company-1-Extended-Shank-Replacement-Blades-,,No layout updates.,Block after Info Column,,"1&quot; Extended Shank Replacement Blades","1&quot; Extended Shank Replacement Blades",Use config,"",0,,,0,"The Pipe Knife Company",1319,,Enabled,"Catalog, Search",Taxable Goods,Yes,No,"","<li>
			1&quot; Blade Length.</li>
		<li>
			3/4&quot; Shank fits all Cold Knives.</li>
		<li>
			Includes box of 6 blades</li>","","","","1&quot; Extended Shank Replacement Blades",,,,,,,,1,0,1,0,0,1,1,1,0,1,1,,,1,0,1,0,1,0,1,0,,0,simple,,
admin,base,Default,simple,"20634","Interior Automotive Accessories",467589,"3/4&quot; Cobra Replacement Blades",,"3/4&quot; Cobra Replacement Blades","","3/4&quot; Cobra Replacement Blades","",/\3\4\the-pipe-knife-company-34-cobra-replacement-blades-34-cobra-replacement-blades.jpg,/\3\4\the-pipe-knife-company-34-cobra-replacement-blades-34-cobra-replacement-blades.jpg,http://www.48ws.com/images/product/3/4/the-pipe-knife-company-34-cobra-replacement-blades-34-cobra-replacement-blades.jpg,the-pipe-knife-company-3-4-Cobra-Replacement-Blades-,the-pipe-knife-company-3-4-Cobra-Replacement-Blades-,,No layout updates.,Block after Info Column,,"3/4&quot; Cobra Replacement Blades","3/4&quot; Cobra Replacement Blades",Use config,"",0,,,0,"The Pipe Knife Company",1319,,Enabled,"Catalog, Search",Taxable Goods,Yes,No,"","<li>
			3/4&quot; Blade Length.</li>
		<li>
			3/4&quot; Shank fits all Cold Knives.</li>
		<li>
			Includes box of 6 blades</li>","","","","3/4&quot; Cobra Replacement Blades",,,,,,,,1,0,1,0,0,1,1,1,0,1,1,,,1,0,1,0,1,0,1,0,,0,simple,,
admin,base,Default,simple,"20634","Interior Automotive Accessories",467590,"Chrysler Lock Strip Tool",,"Chrysler Lock Strip Tool","","Chrysler Lock Strip Tool","",/\C\h\the-pipe-knife-company-chrysler-lock-strip-tool-chrysler-lock-strip-tool.jpg,/\C\h\the-pipe-knife-company-chrysler-lock-strip-tool-chrysler-lock-strip-tool.jpg,http://www.48ws.com/images/product/C/h/the-pipe-knife-company-chrysler-lock-strip-tool-chrysler-lock-strip-tool.jpg,the-pipe-knife-company-Chrysler-Lock-Strip-Tool-,the-pipe-knife-company-Chrysler-Lock-Strip-Tool-,,No layout updates.,Block after Info Column,,"Chrysler Lock Strip Tool","Chrysler Lock Strip Tool",Use config,"",0,,,0,"The Pipe Knife Company",1319,,Enabled,"Catalog, Search",Taxable Goods,Yes,No,"","Designed specifically to install the mylar locking strip found on early-styled Chrysler full-sized vans and automobiles built on the Omni/Horizon platform.","","","","Chrysler Lock Strip Tool",,,,,,,,1,0,1,0,0,1,1,1,0,1,1,,,1,0,1,0,1,0,1,0,,0,simple,,
admin,base,Default,simple,"20634","Interior Automotive Accessories",467591,"Urethane Trim Blade",,"Urethane Trim Blade","","Urethane Trim Blade","",/\U\r\the-pipe-knife-company-urethane-trim-blade-urethane-trim-blade.jpg,/\U\r\the-pipe-knife-company-urethane-trim-blade-urethane-trim-blade.jpg,http://www.48ws.com/images/product/U/r/the-pipe-knife-company-urethane-trim-blade-urethane-trim-blade.jpg,the-pipe-knife-company-Urethane-Trim-Blade-,the-pipe-knife-company-Urethane-Trim-Blade-,,No layout updates.,Block after Info Column,,"Urethane Trim Blade","Urethane Trim Blade",Use config,"",0,,,0,"The Pipe Knife Company",1319,,Enabled,"Catalog, Search",Taxable Goods,Yes,No,"","The full cut method detailed in AGRSS specifications requires leaving a 1-2mm bed of existing urethane wherever possible.  The RSB-2 Trim Blade accomplishes this in one smooth, clean motion, saving time. The guides also protect the pinchweld from damage and scratches.  Made from high carbon steel, it fits in any Reid Cold Knife but it is especially effective in the Quick Release Series.

","","","","Urethane Trim Blade",,,,,,,,1,0,1,0,0,1,1,1,0,1,1,,,1,0,1,0,1,0,1,0,,0,simple,,
admin,base,Default,simple,"28327","Fixed Blade Knives",467592,"Installation Sticks - Rounded End",,"Installation Sticks - Rounded End","","Installation Sticks - Rounded End","",/\I\n\the-pipe-knife-company-installation-sticks-rounded-end-installation-sticks-rounded-end.jpg,/\I\n\the-pipe-knife-company-installation-sticks-rounded-end-installation-sticks-rounded-end.jpg,http://www.48ws.com/images/product/I/n/the-pipe-knife-company-installation-sticks-rounded-end-installation-sticks-rounded-end.jpg,the-pipe-knife-company-Installation-Sticks-Rounded-End-installation-sticks-rounded-end,the-pipe-knife-company-Installation-Sticks-Rounded-End-installation-sticks-rounded-end,,No layout updates.,Block after Info Column,,"Installation Sticks - Rounded End","Installation Sticks - Rounded End",Use config,"",0,,,0,"The Pipe Knife Company",1319,,Enabled,"Catalog, Search",Taxable Goods,Yes,No,"","The Original Windshield Removal Tool! An invaluable tool around the shop, Installation Sticks.","","","","Installation Sticks - Rounded End",,,,,,,,1,0,1,0,0,1,1,1,0,1,1,,,1,0,1,0,1,0,1,0,,0,simple,,
admin,base,Default,simple,"20634","Interior Automotive Accessories",467593,"Stainless Steel Blade Assorted Length Set",,"Stainless Steel Blade Assorted Length Set","","Stainless Steel Blade Assorted Length Set","",/\S\t\the-pipe-knife-company-stainless-steel-blade-assorted-length-set-stainless-steel-blade-assorted-length-set.jpg,/\S\t\the-pipe-knife-company-stainless-steel-blade-assorted-length-set-stainless-steel-blade-assorted-length-set.jpg,http://www.48ws.com/images/product/S/t/the-pipe-knife-company-stainless-steel-blade-assorted-length-set-stainless-steel-blade-assorted-length-set.jpg,the-pipe-knife-company-Stainless-Steel-Blade-Assorted-Length-Set-,the-pipe-knife-company-Stainless-Steel-Blade-Assorted-Length-Set-,,No layout updates.,Block after Info Column,,"Stainless Steel Blade Assorted Length Set","Stainless Steel Blade Assorted Length Set",Use config,"",0,,,0,"The Pipe Knife Company",1319,,Enabled,"Catalog, Search",Taxable Goods,Yes,No,"","An assortment of Stainless Steel blades - perfect for small shops.

Includes two blades of each length, 3/4&quot;, 1&quot;, and 1 1/2&quot;.","","","","Stainless Steel Blade Assorted Length Set",,,,,,,,1,0,1,0,0,1,1,1,0,1,1,,,1,0,1,0,1,0,1,0,,0,simple,,
admin,base,Default,simple,"20634","Interior Automotive Accessories",467594,"Pneumatic Hook Blade",,"Pneumatic Hook Blade","","Pneumatic Hook Blade","",/\P\n\the-pipe-knife-company-pneumatic-hook-blade-pneumatic-hook-blade.jpg,/\P\n\the-pipe-knife-company-pneumatic-hook-blade-pneumatic-hook-blade.jpg,http://www.48ws.com/images/product/P/n/the-pipe-knife-company-pneumatic-hook-blade-pneumatic-hook-blade.jpg,the-pipe-knife-company-Pneumatic-Hook-Blade-,the-pipe-knife-company-Pneumatic-Hook-Blade-,,No layout updates.,Block after Info Column,,"Pneumatic Hook Blade","Pneumatic Hook Blade",Use config,"",0,,,0,"The Pipe Knife Company",1319,,Enabled,"Catalog, Search",Taxable Goods,Yes,No,"","<li>
			3&quot; Cutting Blade</li>
		<li>
			90Â° angle design was developed by trained NGA technicians.</li>
		<li>
			Unique design converts oscillating motion into a slicing action.</li>
		<li>
			Fits knives using a six or twelve side blade mount.</li>","","","","Pneumatic Hook Blade",,,,,,,,1,0,1,0,0,1,1,1,0,1,1,,,1,0,1,0,1,0,1,0,,0,simple,,
admin,base,Default,simple,"20634","Interior Automotive Accessories",467595,"Long Knives",,"Long Knives","","Long Knives","",/\L\o\the-pipe-knife-company-long-knives-long-knives.jpg,/\L\o\the-pipe-knife-company-long-knives-long-knives.jpg,http://www.48ws.com/images/product/L/o/the-pipe-knife-company-long-knives-long-knives.jpg,the-pipe-knife-company-Long-Knives-,the-pipe-knife-company-Long-Knives-,,No layout updates.,Block after Info Column,,"Long Knives","Long Knives",Use config,"",0,,,0,"The Pipe Knife Company",1319,,Enabled,"Catalog, Search",Taxable Goods,Yes,No,"","<li>
Cutting urethane for easy windshield removal.</li>
<li>
Removing caulk and sealant from expansion joints and window cutouts.</li>
<li>
Cutting fiberglass.</li>
<li>
General contractor uses.</li>","","","","Long Knives",,,,,,,,1,0,1,0,0,1,1,1,0,1,1,,,1,0,1,0,1,0,1,0,,0,simple,,
admin,base,Default,simple,"20634","Interior Automotive Accessories",467596,"1&quot; Carbon Steel Blades",,"1&quot; Carbon Steel Blades","","1&quot; Carbon Steel Blades","",/\1\-\the-pipe-knife-company-1-carbon-steel-blades-1-carbon-steel-blades.jpg,/\1\-\the-pipe-knife-company-1-carbon-steel-blades-1-carbon-steel-blades.jpg,http://www.48ws.com/images/product/1/-/the-pipe-knife-company-1-carbon-steel-blades-1-carbon-steel-blades.jpg,the-pipe-knife-company-1-Carbon-Steel-Blades-,the-pipe-knife-company-1-Carbon-Steel-Blades-,,No layout updates.,Block after Info Column,,"1&quot; Carbon Steel Blades","1&quot; Carbon Steel Blades",Use config,"",0,,,0,"The Pipe Knife Company",1319,,Enabled,"Catalog, Search",Taxable Goods,Yes,No,"","<li>
			1&quot; Blade Length.</li>
		<li>
			3/4&quot; Shank fits all Cold Knives.</li>
		<li>
			Price shown includes a box of 6 blades</li>","","","","1&quot; Carbon Steel Blades",,,,,,,,1,0,1,0,0,1,1,1,0,1,1,,,1,0,1,0,1,0,1,0,,0,simple,,
admin,base,Default,simple,"20634","Interior Automotive Accessories",467597,"9&quot; Standard Long Knife",,"9&quot; Standard Long Knife","","9&quot; Standard Long Knife","",/\9\-\the-pipe-knife-company-9-standard-long-knife-9-standard-long-knife.jpg,/\9\-\the-pipe-knife-company-9-standard-long-knife-9-standard-long-knife.jpg,http://www.48ws.com/images/product/9/-/the-pipe-knife-company-9-standard-long-knife-9-standard-long-knife.jpg,the-pipe-knife-company-9-Standard-Long-Knife-,the-pipe-knife-company-9-Standard-Long-Knife-,,No layout updates.,Block after Info Column,,"9&quot; Standard Long Knife","9&quot; Standard Long Knife",Use config,"",0,,,0,"The Pipe Knife Company",1319,,Enabled,"Catalog, Search",Taxable Goods,Yes,No,"","<li>
			9&quot; - For tight spaces and any odd job around the shop.</li>
		<li>
			Built from solid, lightweight aluminum.</li>
		<li>
			Powdercoated for added durability and to prevent damage to automobiles.</li>
		<li>
			Vinyl handles ensures stable, tight grip.</li>
		<li>
			The steel fastener holds blades tight with a #2 Phillips thumb screw, making blades changes quick and easy.</li>
		<li>
			Use with Reid's Long Knife Blades or any standard utility blade.</li>","","","","9&quot; Standard Long Knife",,,,,,,,1,0,1,0,0,1,1,1,0,1,1,,,1,0,1,0,1,0,1,0,,0,simple,,
admin,base,Default,simple,"20634","Interior Automotive Accessories",467598,"Pry Bar",,"Pry Bar","","Pry Bar","",/\P\r\the-pipe-knife-company-pry-bar-pry-bar.jpg,/\P\r\the-pipe-knife-company-pry-bar-pry-bar.jpg,http://www.48ws.com/images/product/P/r/the-pipe-knife-company-pry-bar-pry-bar.jpg,the-pipe-knife-company-Pry-Bar-,the-pipe-knife-company-Pry-Bar-,,No layout updates.,Block after Info Column,,"Pry Bar","Pry Bar",Use config,"",0,,,0,"The Pipe Knife Company",1319,,Enabled,"Catalog, Search",Taxable Goods,Yes,No,"","Made from strong, tempered high carbon steel, this pry bar easily removes plastic retainers and rivets from interior trim panels and cowl and vent grills without causing damage.","","","","Pry Bar",,,,,,,,1,0,1,0,0,1,1,1,0,1,1,,,1,0,1,0,1,0,1,0,,0,simple,,
admin,base,Default,simple,"20634","Interior Automotive Accessories",467599,"3/4&quot; Scraper Blade",,"3/4&quot; Scraper Blade","","3/4&quot; Scraper Blade","",/\3\4\the-pipe-knife-company-34-scraper-blade-34-scraper-blade.jpg,/\3\4\the-pipe-knife-company-34-scraper-blade-34-scraper-blade.jpg,http://www.48ws.com/images/product/3/4/the-pipe-knife-company-34-scraper-blade-34-scraper-blade.jpg,the-pipe-knife-company-3-4-Scraper-Blade-,the-pipe-knife-company-3-4-Scraper-Blade-,,No layout updates.,Block after Info Column,,"3/4&quot; Scraper Blade","3/4&quot; Scraper Blade",Use config,"",0,,,0,"The Pipe Knife Company",1319,,Enabled,"Catalog, Search",Taxable Goods,Yes,No,"","<li>
			3/4&quot; wide carbon steel scraper blade.</li>
		<li>
			Use for removal of adhesives.</li>
		<li>
			Also fits the RK-500 and QC-200.</li>","","","","3/4&quot; Scraper Blade",,,,,,,,1,0,1,0,0,1,1,1,0,1,1,,,1,0,1,0,1,0,1,0,,0,simple,,
admin,base,Default,simple,"20634","Interior Automotive Accessories",467600,"RK-160 Replacement Cover Set",,"RK-160 Replacement Cover Set","","RK-160 Replacement Cover Set","",/\R\K\the-pipe-knife-company-rk-160-replacement-cover-set-rk-160-replacement-cover-set.jpg,/\R\K\the-pipe-knife-company-rk-160-replacement-cover-set-rk-160-replacement-cover-set.jpg,http://www.48ws.com/images/product/R/K/the-pipe-knife-company-rk-160-replacement-cover-set-rk-160-replacement-cover-set.jpg,the-pipe-knife-company-RK-160-Replacement-Cover-Set-,the-pipe-knife-company-RK-160-Replacement-Cover-Set-,,No layout updates.,Block after Info Column,,"RK-160 Replacement Cover Set","RK-160 Replacement Cover Set",Use config,"",0,,,0,"The Pipe Knife Company",1319,,Enabled,"Catalog, Search",Taxable Goods,Yes,No,"","Includes end caps and heat-shrink tubing for pull handle and a vinyl cover for the body of the RK-160.","","","","RK-160 Replacement Cover Set",,,,,,,,1,0,1,0,0,1,1,1,0,1,1,,,1,0,1,0,1,0,1,0,,0,simple,,
admin,base,Default,simple,"20634","Interior Automotive Accessories",467601,"RK-500 Replacement Fastener Assembly",,"RK-500 Replacement Fastener Assembly","","RK-500 Replacement Fastener Assembly","",/\R\K\the-pipe-knife-company-rk-500-replacement-fastener-assembly-rk-500-replacement-fastener-assembly.jpg,/\R\K\the-pipe-knife-company-rk-500-replacement-fastener-assembly-rk-500-replacement-fastener-assembly.jpg,http://www.48ws.com/images/product/R/K/the-pipe-knife-company-rk-500-replacement-fastener-assembly-rk-500-replacement-fastener-assembly.jpg,the-pipe-knife-company-RK-500-Replacement-Fastener-Assembly-,the-pipe-knife-company-RK-500-Replacement-Fastener-Assembly-,,No layout updates.,Block after Info Column,,"RK-500 Replacement Fastener Assembly","RK-500 Replacement Fastener Assembly",Use config,"",0,,,0,"The Pipe Knife Company",1319,,Enabled,"Catalog, Search",Taxable Goods,Yes,No,"","Includes end caps and heat-shrink tubing for pull handle and a vinyl cover for the body of the RK-500.

","","","","RK-500 Replacement Fastener Assembly",,,,,,,,1,0,1,0,0,1,1,1,0,1,1,,,1,0,1,0,1,0,1,0,,0,simple,,
admin,base,Default,simple,"20634","Interior Automotive Accessories",467602,"Serrated Blades",,"Serrated Blades","","Serrated Blades","",/\S\e\the-pipe-knife-company-serrated-blades-serrated-blades.jpg,/\S\e\the-pipe-knife-company-serrated-blades-serrated-blades.jpg,http://www.48ws.com/images/product/S/e/the-pipe-knife-company-serrated-blades-serrated-blades.jpg,the-pipe-knife-company-Serrated-Blades-,the-pipe-knife-company-Serrated-Blades-,,No layout updates.,Block after Info Column,,"Serrated Blades","Serrated Blades",Use config,"",0,,,0,"The Pipe Knife Company",1319,,Enabled,"Catalog, Search",Taxable Goods,Yes,No,"","Specifically designed for the PipeKnife sealant cutout tools the long-length serrated blades are used to remove old caulk or sealant, cut insulation or any place where a sawing action is required. Serrated blades can be used in all sealant cutout tools available in the market.","","","","Serrated Blades",,,,,,,,1,0,1,0,0,1,1,1,0,1,1,,,1,0,1,0,1,0,1,0,,0,simple,,
admin,base,Default,simple,"20634","Interior Automotive Accessories",467603,"Power Advance Cold Knife",,"Power Advance Cold Knife","","Power Advance Cold Knife","",/\P\o\the-pipe-knife-company-power-advance-cold-knife-power-advance-cold-knife.jpg,/\P\o\the-pipe-knife-company-power-advance-cold-knife-power-advance-cold-knife.jpg,http://www.48ws.com/images/product/P/o/the-pipe-knife-company-power-advance-cold-knife-power-advance-cold-knife.jpg,the-pipe-knife-company-Power-Advance-Cold-Knife-,the-pipe-knife-company-Power-Advance-Cold-Knife-,,No layout updates.,Block after Info Column,,"Power Advance Cold Knife","Power Advance Cold Knife",Use config,"",0,,,0,"The Pipe Knife Company",1319,,Enabled,"Catalog, Search",Taxable Goods,Yes,No,"","The Power Advance features the simplest quick-change feature of any product on the market. With a simple ¼ turn of the T-handle, the blade is released and can be repositioned at any length providing a fully-adjustable blade length.

An added benefit of the blade holder chamber is the capability to use a standard cold knife blade, a standard utility blade or a variety of other specialty blades.

This is simply the most versatile, ergonomic cold knife on the market - a must for every AGR technician.","","","","Power Advance Cold Knife",,,,,,,,1,0,1,0,0,1,1,1,0,1,1,,,1,0,1,0,1,0,1,0,,0,simple,,
admin,base,Default,simple,"20634","Interior Automotive Accessories",467604,"Handy Driver",,"Handy Driver","","Handy Driver","",/\H\a\the-pipe-knife-company-handy-driver-handy-driver.jpg,/\H\a\the-pipe-knife-company-handy-driver-handy-driver.jpg,http://www.48ws.com/images/product/H/a/the-pipe-knife-company-handy-driver-handy-driver.jpg,the-pipe-knife-company-Handy-Driver-,the-pipe-knife-company-Handy-Driver-,,No layout updates.,Block after Info Column,,"Handy Driver","Handy Driver",Use config,"",0,,,0,"The Pipe Knife Company",1319,,Enabled,"Catalog, Search",Taxable Goods,Yes,No,"","A handy way to remove mirror brackets. This combination tool holds six bits essential for mirror removal in a 1 3/4&quot; by 2 3/4&quot; carrying case that doubles as a handle with a magnetic extension.","","","","Handy Driver",,,,,,,,1,0,1,0,0,1,1,1,0,1,1,,,1,0,1,0,1,0,1,0,,0,simple,,
admin,base,Default,simple,"20634","Interior Automotive Accessories",467605,"Pneumatic Shorty Blade",,"Pneumatic Shorty Blade","","Pneumatic Shorty Blade","",/\P\n\the-pipe-knife-company-pneumatic-shorty-blade-pneumatic-shorty-blade.jpg,/\P\n\the-pipe-knife-company-pneumatic-shorty-blade-pneumatic-shorty-blade.jpg,http://www.48ws.com/images/product/P/n/the-pipe-knife-company-pneumatic-shorty-blade-pneumatic-shorty-blade.jpg,the-pipe-knife-company-Pneumatic-Shorty-Blade-,the-pipe-knife-company-Pneumatic-Shorty-Blade-,,No layout updates.,Block after Info Column,,"Pneumatic Shorty Blade","Pneumatic Shorty Blade",Use config,"",0,,,0,"The Pipe Knife Company",1319,,Enabled,"Catalog, Search",Taxable Goods,Yes,No,"","<li>
			2 1/2&quot; Cutting Blade</li>
		<li>
			Ideal for quarter window cut outs.</li>
		<li>
			Custom ground and razor sharp.</li>
		<li>
			Fits knives using a six or twelve side blade mount.</li>","","","","Pneumatic Shorty Blade",,,,,,,,1,0,1,0,0,1,1,1,0,1,1,,,1,0,1,0,1,0,1,0,,0,simple,,
admin,base,Default,simple,"20634","Interior Automotive Accessories",467606,"Pneumatic Z-Blade",,"Pneumatic Z-Blade","","Pneumatic Z-Blade","",/\P\n\the-pipe-knife-company-pneumatic-z-blade-pneumatic-z-blade.jpg,/\P\n\the-pipe-knife-company-pneumatic-z-blade-pneumatic-z-blade.jpg,http://www.48ws.com/images/product/P/n/the-pipe-knife-company-pneumatic-z-blade-pneumatic-z-blade.jpg,the-pipe-knife-company-Pneumatic-Z-Blade-,the-pipe-knife-company-Pneumatic-Z-Blade-,,No layout updates.,Block after Info Column,,"Pneumatic Z-Blade","Pneumatic Z-Blade",Use config,"",0,,,0,"The Pipe Knife Company",1319,,Enabled,"Catalog, Search",Taxable Goods,Yes,No,"","<li>
			5&quot; Straight Blade</li>
		<li>
			Bent in a &quot;Z&quot; pattern to set tool away from glass.</li>
		<li>
			Fits knives using a six or twelve side blade mount.</li>","","","","Pneumatic Z-Blade",,,,,,,,1,0,1,0,0,1,1,1,0,1,1,,,1,0,1,0,1,0,1,0,,0,simple,,
admin,base,Default,simple,"20634","Interior Automotive Accessories",467607,"Molding Removal Tool",,"Molding Removal Tool","","Molding Removal Tool","",/\M\o\the-pipe-knife-company-molding-removal-tool-molding-removal-tool.jpg,/\M\o\the-pipe-knife-company-molding-removal-tool-molding-removal-tool.jpg,http://www.48ws.com/images/product/M/o/the-pipe-knife-company-molding-removal-tool-molding-removal-tool.jpg,the-pipe-knife-company-Molding-Removal-Tool-,the-pipe-knife-company-Molding-Removal-Tool-,,No layout updates.,Block after Info Column,,"Molding Removal Tool","Molding Removal Tool",Use config,"",0,,,0,"The Pipe Knife Company",1319,,Enabled,"Catalog, Search",Taxable Goods,Yes,No,"","Made from tempered, high carbon steel with a durable vinyl handle for comfort.

Perfect for removing all types of windshield reveal moldings.","","","","Molding Removal Tool",,,,,,,,1,0,1,0,0,1,1,1,0,1,1,,,1,0,1,0,1,0,1,0,,0,simple,,
admin,base,Default,simple,"20634","Interior Automotive Accessories",467608,"3/4&quot; Stainless Steel Replacement Blades",,"3/4&quot; Stainless Steel Replacement Blades","","3/4&quot; Stainless Steel Replacement Blades","",/\3\4\the-pipe-knife-company-34-stainless-steel-replacement-blades-34-stainless-steel-replacement-blades.jpg,/\3\4\the-pipe-knife-company-34-stainless-steel-replacement-blades-34-stainless-steel-replacement-blades.jpg,http://www.48ws.com/images/product/3/4/the-pipe-knife-company-34-stainless-steel-replacement-blades-34-stainless-steel-replacement-blades.jpg,the-pipe-knife-company-3-4-Stainless-Steel-Replacement-Blades-,the-pipe-knife-company-3-4-Stainless-Steel-Replacement-Blades-,,No layout updates.,Block after Info Column,,"3/4&quot; Stainless Steel Replacement Blades","3/4&quot; Stainless Steel Replacement Blades",Use config,"",0,,,0,"The Pipe Knife Company",1319,,Enabled,"Catalog, Search",Taxable Goods,Yes,No,"","3/4&quot; Stainless Steel Replacement Blades - Box of 6","","","","3/4&quot; Stainless Steel Replacement Blades",,,,,,,,1,0,1,0,0,1,1,1,0,1,1,,,1,0,1,0,1,0,1,0,,0,simple,,
admin,base,Default,simple,"20634","Interior Automotive Accessories",467609,"4 1/2&quot; Serrated Long Knife Blade",,"4 1/2&quot; Serrated Long Knife Blade","","4 1/2&quot; Serrated Long Knife Blade","",/\4\-\the-pipe-knife-company-4-12-serrated-long-knife-blade-4-12-serrated-long-knife-blade.jpg,/\4\-\the-pipe-knife-company-4-12-serrated-long-knife-blade-4-12-serrated-long-knife-blade.jpg,http://www.48ws.com/images/product/4/-/the-pipe-knife-company-4-12-serrated-long-knife-blade-4-12-serrated-long-knife-blade.jpg,the-pipe-knife-company-4-1-2-Serrated-Long-Knife-Blade-,the-pipe-knife-company-4-1-2-Serrated-Long-Knife-Blade-,,No layout updates.,Block after Info Column,,"4 1/2&quot; Serrated Long Knife Blade","4 1/2&quot; Serrated Long Knife Blade",Use config,"",0,,,0,"The Pipe Knife Company",1319,,Enabled,"Catalog, Search",Taxable Goods,Yes,No,"","Made from high carbon steel, Reid Long Knife Blades last longer, cut faster, and work in tight spots better than average utility blades.","","","","4 1/2&quot; Serrated Long Knife Blade",,,,,,,,1,0,1,0,0,1,1,1,0,1,1,,,1,0,1,0,1,0,1,0,,0,simple,,
admin,base,Default,simple,"28208","Seam Rollers",467610,"Seam Roller",,"Seam Roller","","Seam Roller","",/\S\e\the-pipe-knife-company-seam-roller-seam-roller.jpg,/\S\e\the-pipe-knife-company-seam-roller-seam-roller.jpg,http://www.48ws.com/images/product/S/e/the-pipe-knife-company-seam-roller-seam-roller.jpg,the-pipe-knife-company-Seam-Roller-seam-roller,the-pipe-knife-company-Seam-Roller-seam-roller,,No layout updates.,Block after Info Column,,"Seam Roller","Seam Roller",Use config,"",0,,,0,"The Pipe Knife Company",1319,,Enabled,"Catalog, Search",Taxable Goods,Yes,No,"","1-5/16&quot; x 1-3/4&quot; Heat-resistant Silicon Roller with wood handle, single fork and enclosed bearings.

The market for adhesive-backed air barrier membranes (peel-and-stick) is expanding.  Proper use of these products requires good adhesion & wrinkle-free application.  The PipeKnife Company now stocks a complete line of silicon and steel rollers to assist in applying these air barrier products. From the small single fork silicon rollers to the NEW threaded end rollers that can accept threaded handles The PipeKnife Company is your single stop source for seam rollers.","","","Seam Roller","Seam Roller",,,,,,,,1,0,1,0,0,1,1,1,0,1,1,,,1,0,1,0,1,0,1,0,,0,simple,,
admin,base,Default,simple,"20634","Interior Automotive Accessories",467611,"Shorty Cold Knife",,"Shorty Cold Knife","","Shorty Cold Knife","",/\S\h\the-pipe-knife-company-shorty-cold-knife-shorty-cold-knife.jpg,/\S\h\the-pipe-knife-company-shorty-cold-knife-shorty-cold-knife.jpg,http://www.48ws.com/images/product/S/h/the-pipe-knife-company-shorty-cold-knife-shorty-cold-knife.jpg,the-pipe-knife-company-Shorty-Cold-Knife-,the-pipe-knife-company-Shorty-Cold-Knife-,,No layout updates.,Block after Info Column,,"Shorty Cold Knife","Shorty Cold Knife",Use config,"",0,,,0,"The Pipe Knife Company",1319,,Enabled,"Catalog, Search",Taxable Goods,Yes,No,"","<li>
			Aluminum handle is powder coated for added durability.</li>
		<li>
			Use with all sizes of replacement blades.</li>
		<li>
			Comes with one RKB-10-S/S replacement blade.</li>","","","","Shorty Cold Knife",,,,,,,,1,0,1,0,0,1,1,1,0,1,1,,,1,0,1,0,1,0,1,0,,0,simple,,
admin,base,Default,simple,"28208","Seam Rollers",467612,"2&quot; x 2&quot; Seam Roller",,"2&quot; x 2&quot; Seam Roller","","2&quot; x 2&quot; Seam Roller","",/\2\-\the-pipe-knife-company-2-x-2-seam-roller-2-x-2-seam-roller.jpg,/\2\-\the-pipe-knife-company-2-x-2-seam-roller-2-x-2-seam-roller.jpg,http://www.48ws.com/images/product/2/-/the-pipe-knife-company-2-x-2-seam-roller-2-x-2-seam-roller.jpg,the-pipe-knife-company-2-x-2-Seam-Roller-2-x-2-seam-roller,the-pipe-knife-company-2-x-2-Seam-Roller-2-x-2-seam-roller,,No layout updates.,Block after Info Column,,"2&quot; x 2&quot; Seam Roller","2&quot; x 2&quot; Seam Roller",Use config,"",0,,,0,"The Pipe Knife Company",1319,,Enabled,"Catalog, Search",Taxable Goods,Yes,No,"","2&quot; x 2&quot; Polished steel with wood handle, double forks and enclosed bearings.

The market for adhesive-backed air barrier membranes (peel-and-stick) is expanding.  Proper use of these products requires good adhesion & wrinkle-free application.  The PipeKnife Company now stocks a complete line of silicon and steel rollers to assist in applying these air barrier products. From the small single fork silicon rollers to the NEW threaded end rollers that can accept threaded handles The PipeKnife Company is your single stop source for seam rollers.","","","","2&quot; x 2&quot; Seam Roller",,,,,,,,1,0,1,0,0,1,1,1,0,1,1,,,1,0,1,0,1,0,1,0,,0,simple,,
admin,base,Default,simple,"21966","Truck Box and Jobsite Box Accessories",467613,"Buddy Rack Side Glass Carrier",,"Buddy Rack Side Glass Carrier","","Buddy Rack Side Glass Carrier","",/\B\u\the-pipe-knife-company-buddy-rack-side-glass-carrier-buddy-rack-side-glass-carrier.jpg,/\B\u\the-pipe-knife-company-buddy-rack-side-glass-carrier-buddy-rack-side-glass-carrier.jpg,http://www.48ws.com/images/product/B/u/the-pipe-knife-company-buddy-rack-side-glass-carrier-buddy-rack-side-glass-carrier.jpg,the-pipe-knife-company-Buddy-Rack-Side-Glass-Carrier-buddy-rack-side-glass-carrier,the-pipe-knife-company-Buddy-Rack-Side-Glass-Carrier-buddy-rack-side-glass-carrier,,No layout updates.,Block after Info Column,,"Buddy Rack Side Glass Carrier","Buddy Rack Side Glass Carrier",Use config,"",0,,,0,"The Pipe Knife Company",1319,,Enabled,"Catalog, Search",Taxable Goods,Yes,No,"","A new glass rack design for installers that drive vans and/or trucks with shells. The side buddy rack is a professional looking side-mounted glass rack system that is easy to install, takes seconds to mount/remove and adds capacity. Accommodates more glass, odd and over size glass, or in-house pre-loading for quick delivery.

The Side Buddy Rack is constructed of heavy gauge steel, is powder coated and padded with protective plastic. The rack attaches to the frame of the vehicle using a top mount or attaches directly to the luggage rack frame. The glass is secured with easy-to-use glass tie downs and the rack can be removed and replaced in seconds.","","","","Buddy Rack Side Glass Carrier",,,,,,,,1,0,1,0,0,1,1,1,0,1,1,,,1,0,1,0,1,0,1,0,,0,simple,,
admin,base,Default,simple,"20634","Interior Automotive Accessories",467614,"18&quot; Standard Long Knife",,"18&quot; Standard Long Knife","","18&quot; Standard Long Knife","",/\1\8\the-pipe-knife-company-18-standard-long-knife-18-standard-long-knife.jpg,/\1\8\the-pipe-knife-company-18-standard-long-knife-18-standard-long-knife.jpg,http://www.48ws.com/images/product/1/8/the-pipe-knife-company-18-standard-long-knife-18-standard-long-knife.jpg,the-pipe-knife-company-18-Standard-Long-Knife-,the-pipe-knife-company-18-Standard-Long-Knife-,,No layout updates.,Block after Info Column,,"18&quot; Standard Long Knife","18&quot; Standard Long Knife",Use config,"",0,,,0,"The Pipe Knife Company",1319,,Enabled,"Catalog, Search",Taxable Goods,Yes,No,"","<li>
			18&quot; - Favorite length in the industry.</li>
		<li>
			Built from solid, lightweight aluminum.</li>
		<li>
			Powdercoated for added durability and to prevent damage to automobiles.</li>
		<li>
			Vinyl handles ensures stable, tight grip.</li>
		<li>
			The steel fastener holds blades tight with a #2 Phillips thumb screw, making blades changes quick and easy.</li>
		<li>
			Use with Reid's Long Knife Blades or any standard utility blade.</li>","","","","18&quot; Standard Long Knife",,,,,,,,1,0,1,0,0,1,1,1,0,1,1,,,1,0,1,0,1,0,1,0,,0,simple,,
admin,base,Default,simple,"20634","Interior Automotive Accessories",467615,"Driving Wedge",,"Driving Wedge","","Driving Wedge","",/\D\r\the-pipe-knife-company-driving-wedge-driving-wedge.jpg,/\D\r\the-pipe-knife-company-driving-wedge-driving-wedge.jpg,http://www.48ws.com/images/product/D/r/the-pipe-knife-company-driving-wedge-driving-wedge.jpg,the-pipe-knife-company-Driving-Wedge-,the-pipe-knife-company-Driving-Wedge-,,No layout updates.,Block after Info Column,,"Driving Wedge","Driving Wedge",Use config,"",0,,,0,"The Pipe Knife Company",1319,,Enabled,"Catalog, Search",Taxable Goods,Yes,No,"","A multi-purpose driving wedge, made from durable urethane, that won't chip or scratch when removing framework and channels from a piece of glass.

Ideal for knocking door glass from the lower channel and repairing aluminum storm inserts.","","","","Driving Wedge",,,,,,,,1,0,1,0,0,1,1,1,0,1,1,,,1,0,1,0,1,0,1,0,,0,simple,,
admin,base,Default,simple,"28327","Fixed Blade Knives",467616,"Irwin Bi-Metal BLUE BLADE Utility Blades",,"Irwin Bi-Metal BLUE BLADE Utility Blades","","Irwin Bi-Metal BLUE BLADE Utility Blades","",/\I\r\the-pipe-knife-company-irwin-bi-metal-blue-blade-utility-blades-irwin-bi-metal-blue-blade-utility-blades.jpg,/\I\r\the-pipe-knife-company-irwin-bi-metal-blue-blade-utility-blades-irwin-bi-metal-blue-blade-utility-blades.jpg,http://www.48ws.com/images/product/I/r/the-pipe-knife-company-irwin-bi-metal-blue-blade-utility-blades-irwin-bi-metal-blue-blade-utility-blades.jpg,the-pipe-knife-company-Irwin-Bi-Metal-BLUE-BLADE-Utility-Blades-irwin-bi-metal-blue-blade-utility-bl,the-pipe-knife-company-Irwin-Bi-Metal-BLUE-BLADE-Utility-Blades-irwin-bi-metal-blue-blade-utility-bl,,No layout updates.,Block after Info Column,,"Irwin Bi-Metal BLUE BLADE Utility Blades","Irwin Bi-Metal BLUE BLADE Utility Blades",Use config,"",0,,,0,"The Pipe Knife Company",1319,,Enabled,"Catalog, Search",Taxable Goods,Yes,No,"","Features patented Bi-Metal technology that sets new standards of performance. Spring steel body delivers superior flexibility to prevent breaking. High speed steel cutting edge stays sharp longer. Fits most utility knives.

We stock many types of standard and specialty blades. They are interchangeable and can be used in all cutout knives. Blades include the Heavy-Duty angled serrated blade that can be resharpened, long serrated and heavy-duty utility blades that can reach into deep cracks and crevices, and the standard heavy-duty blade which comes in a very handy dispenser package of 10 blades.","","","","Irwin Bi-Metal BLUE BLADE Utility Blades",,,,,,,,1,0,1,0,0,1,1,1,0,1,1,,,1,0,1,0,1,0,1,0,,0,simple,,
admin,base,Default,simple,"20634","Interior Automotive Accessories",467617,"Ford Rearview Mirror Removal Tool",,"Ford Rearview Mirror Removal Tool","","Ford Rearview Mirror Removal Tool","",/\F\o\the-pipe-knife-company-ford-rearview-mirror-removal-tool-ford-rearview-mirror-removal-tool.jpg,/\F\o\the-pipe-knife-company-ford-rearview-mirror-removal-tool-ford-rearview-mirror-removal-tool.jpg,http://www.48ws.com/images/product/F/o/the-pipe-knife-company-ford-rearview-mirror-removal-tool-ford-rearview-mirror-removal-tool.jpg,the-pipe-knife-company-Ford-Rearview-Mirror-Removal-Tool-,the-pipe-knife-company-Ford-Rearview-Mirror-Removal-Tool-,,No layout updates.,Block after Info Column,,"Ford Rearview Mirror Removal Tool","Ford Rearview Mirror Removal Tool",Use config,"",0,,,0,"The Pipe Knife Company",1319,,Enabled,"Catalog, Search",Taxable Goods,Yes,No,"","<li>
			Designed for removal of Ford rearview mirrors.</li>
		<li>
			Slide between the mirror bracket and the mirror, pry with upward pressure and the mirror will dislodge.</li>
		<li>
			Non-slip vinyl handle.</li>","","","","Ford Rearview Mirror Removal Tool",,,,,,,,1,0,1,0,0,1,1,1,0,1,1,,,1,0,1,0,1,0,1,0,,0,simple,,
admin,base,Default,simple,"20634","Interior Automotive Accessories",467618,"1&quot; Teflon Coated Blades",,"1&quot; Teflon Coated Blades","","1&quot; Teflon Coated Blades","",/\1\-\the-pipe-knife-company-1-teflon-coated-blades-1-teflon-coated-blades.jpg,/\1\-\the-pipe-knife-company-1-teflon-coated-blades-1-teflon-coated-blades.jpg,http://www.48ws.com/images/product/1/-/the-pipe-knife-company-1-teflon-coated-blades-1-teflon-coated-blades.jpg,the-pipe-knife-company-1-Teflon-Coated-Blades-,the-pipe-knife-company-1-Teflon-Coated-Blades-,,No layout updates.,Block after Info Column,,"1&quot; Teflon Coated Blades","1&quot; Teflon Coated Blades",Use config,"",0,,,0,"The Pipe Knife Company",1319,,Enabled,"Catalog, Search",Taxable Goods,Yes,No,"","<li>
			Teflon coated to reduce drag for faster cutting.</li>
		<li>
			2&quot; Blade Length.</li>
		<li>
			1/2&quot; Shank fits RK-160 and RK-160-SH Cold Knives.</li>
		<li>
			Price shown is for a box of 6 blades</li>","","","","1&quot; Teflon Coated Blades",,,,,,,,1,0,1,0,0,1,1,1,0,1,1,,,1,0,1,0,1,0,1,0,,0,simple,,
admin,base,Default,simple,"20634","Interior Automotive Accessories",467619,"Extra Long Tweezers",,"Extra Long Tweezers","","Extra Long Tweezers","",/\E\x\the-pipe-knife-company-extra-long-tweezers-extra-long-tweezers.jpg,/\E\x\the-pipe-knife-company-extra-long-tweezers-extra-long-tweezers.jpg,http://www.48ws.com/images/product/E/x/the-pipe-knife-company-extra-long-tweezers-extra-long-tweezers.jpg,the-pipe-knife-company-Extra-Long-Tweezers-,the-pipe-knife-company-Extra-Long-Tweezers-,,No layout updates.,Block after Info Column,,"Extra Long Tweezers","Extra Long Tweezers",Use config,"",0,,,0,"The Pipe Knife Company",1319,,Enabled,"Catalog, Search",Taxable Goods,Yes,No,"","These long length tweezers measure 18, 15 and 12 inches. They are used to pickup small objects, reach dropped items in side door panels or engine areas and hold and guide wires or other hard-to-reach items.","","","","Extra Long Tweezers",,,,,,,,1,0,1,0,0,1,1,1,0,1,1,,,1,0,1,0,1,0,1,0,,0,simple,,
admin,base,Default,simple,"28327","Fixed Blade Knives",467620,"Heavy-Duty Utility Blades",,"Heavy-Duty Utility Blades","","Heavy-Duty Utility Blades","",/\H\e\the-pipe-knife-company-heavy-duty-utility-blades-heavy-duty-utility-blades.jpg,/\H\e\the-pipe-knife-company-heavy-duty-utility-blades-heavy-duty-utility-blades.jpg,http://www.48ws.com/images/product/H/e/the-pipe-knife-company-heavy-duty-utility-blades-heavy-duty-utility-blades.jpg,the-pipe-knife-company-Heavy-Duty-Utility-Blades-heavy-duty-utility-blades,the-pipe-knife-company-Heavy-Duty-Utility-Blades-heavy-duty-utility-blades,,No layout updates.,Block after Info Column,,"Heavy-Duty Utility Blades","Heavy-Duty Utility Blades",Use config,"",0,,,0,"The Pipe Knife Company",1319,,Enabled,"Catalog, Search",Taxable Goods,Yes,No,"","Heavy-duty standard utility blades are available in a handy 10 pack dispenser pack.

We stock many types of standard and specialty blades. They are interchangeable and can be used in all cutout knives. Blades include the Heavy-Duty angled serrated blade that can be resharpened, long serrated and heavy-duty utility blades that can reach into deep cracks and crevices, and the standard heavy-duty blade which comes in a very handy dispenser package of 10 blades.","","","","Heavy-Duty Utility Blades",,,,,,,,1,0,1,0,0,1,1,1,0,1,1,,,1,0,1,0,1,0,1,0,,0,simple,,
admin,base,Default,simple,"20634","Interior Automotive Accessories",467621,"RK-160 Replacement Fastener Assembly",,"RK-160 Replacement Fastener Assembly","","RK-160 Replacement Fastener Assembly","",/\R\K\the-pipe-knife-company-rk-160-replacement-fastener-assembly-rk-160-replacement-fastener-assembly.jpg,/\R\K\the-pipe-knife-company-rk-160-replacement-fastener-assembly-rk-160-replacement-fastener-assembly.jpg,http://www.48ws.com/images/product/R/K/the-pipe-knife-company-rk-160-replacement-fastener-assembly-rk-160-replacement-fastener-assembly.jpg,the-pipe-knife-company-RK-160-Replacement-Fastener-Assembly-,the-pipe-knife-company-RK-160-Replacement-Fastener-Assembly-,,No layout updates.,Block after Info Column,,"RK-160 Replacement Fastener Assembly","RK-160 Replacement Fastener Assembly",Use config,"",0,,,0,"The Pipe Knife Company",1319,,Enabled,"Catalog, Search",Taxable Goods,Yes,No,"","Includes screw, washer, and nut for pull handle, and two blade retaining screws.","","","","RK-160 Replacement Fastener Assembly",,,,,,,,1,0,1,0,0,1,1,1,0,1,1,,,1,0,1,0,1,0,1,0,,0,simple,,
admin,base,Default,simple,"20634","Interior Automotive Accessories",467622,"18&quot; Deluxe Long Knife",,"18&quot; Deluxe Long Knife","","18&quot; Deluxe Long Knife","",/\1\8\the-pipe-knife-company-18-deluxe-long-knife-18-deluxe-long-knife.jpg,/\1\8\the-pipe-knife-company-18-deluxe-long-knife-18-deluxe-long-knife.jpg,http://www.48ws.com/images/product/1/8/the-pipe-knife-company-18-deluxe-long-knife-18-deluxe-long-knife.jpg,the-pipe-knife-company-18-Deluxe-Long-Knife-,the-pipe-knife-company-18-Deluxe-Long-Knife-,,No layout updates.,Block after Info Column,,"18&quot; Deluxe Long Knife","18&quot; Deluxe Long Knife",Use config,"",0,,,0,"The Pipe Knife Company",1319,,Enabled,"Catalog, Search",Taxable Goods,Yes,No,"","<li>
			18&quot; - Favorite langth in the industry.</li>
		<li>
			Built from solid, lightweight aluminum.</li>
		<li>
			Powdercoated for added durability and to prevent damage to automobiles.</li>
		<li>
			Deluxe models have hardwood handles, providing a comfortable grip and greater durability.</li>
		<li>
			The steel fastener holds blades tight with a #2 Phillips thumb screw, making blades changes quick and easy.</li>
		<li>
			Use with Reid's Long Knife Blades or any standard utility blade.</li>","","","","18&quot; Deluxe Long Knife",,,,,,,,1,0,1,0,0,1,1,1,0,1,1,,,1,0,1,0,1,0,1,0,,0,simple,,
admin,base,Default,simple,"20634","Interior Automotive Accessories",467623,"Paint Protector - Starter Kit",,"Paint Protector - Starter Kit","","Paint Protector - Starter Kit","",/\P\a\the-pipe-knife-company-paint-protector-starter-kit-paint-protector-starter-kit.jpg,/\P\a\the-pipe-knife-company-paint-protector-starter-kit-paint-protector-starter-kit.jpg,http://www.48ws.com/images/product/P/a/the-pipe-knife-company-paint-protector-starter-kit-paint-protector-starter-kit.jpg,the-pipe-knife-company-Paint-Protector-Starter-Kit-,the-pipe-knife-company-Paint-Protector-Starter-Kit-,,No layout updates.,Block after Info Column,,"Paint Protector - Starter Kit","Paint Protector - Starter Kit",Use config,"",0,,,0,"The Pipe Knife Company",1319,,Enabled,"Catalog, Search",Taxable Goods,Yes,No,"","The Starter Kit includes two (2) each of the 1&quot; and 1 1/2&quot; wide Paint Protectors.

Prevent scrapes, scratches and costly paint touch-ups with our Paint Protectors.

Made from an extremely durable ultra high molecular weight polyethylene plastic, the Protectors are only .020&quot; thick (.5mm). It will take up very little space between the edge of the windshield glass and the painted autobody surface.

Plus, the strips are easy to reposition as you cut and flexible so they can be bent around corners.","","","","Paint Protector - Starter Kit",,,,,,,,1,0,1,0,0,1,1,1,0,1,1,,,1,0,1,0,1,0,1,0,,0,simple,,
admin,base,Default,simple,"20634","Interior Automotive Accessories",467624,"1 1/2&quot; Carbon Steel Blades",,"1 1/2&quot; Carbon Steel Blades","","1 1/2&quot; Carbon Steel Blades","",/\1\-\the-pipe-knife-company-1-12-carbon-steel-blades-1-12-carbon-steel-blades.jpg,/\1\-\the-pipe-knife-company-1-12-carbon-steel-blades-1-12-carbon-steel-blades.jpg,http://www.48ws.com/images/product/1/-/the-pipe-knife-company-1-12-carbon-steel-blades-1-12-carbon-steel-blades.jpg,the-pipe-knife-company-1-1-2-Carbon-Steel-Blades-,the-pipe-knife-company-1-1-2-Carbon-Steel-Blades-,,No layout updates.,Block after Info Column,,"1 1/2&quot; Carbon Steel Blades","1 1/2&quot; Carbon Steel Blades",Use config,"",0,,,0,"The Pipe Knife Company",1319,,Enabled,"Catalog, Search",Taxable Goods,Yes,No,"","<li>
			1 1/2&quot; Blade Length.</li>
		<li>
			3/4&quot; Shank fits all Cold Knives.</li>
		<li>
			Price shown includes a box of 6 blades</li>","","","","1 1/2&quot; Carbon Steel Blades",,,,,,,,1,0,1,0,0,1,1,1,0,1,1,,,1,0,1,0,1,0,1,0,,0,simple,,
admin,base,Default,simple,"20634","Interior Automotive Accessories",467625,"Saw Blades",,"Saw Blades","","Saw Blades","",/\S\a\the-pipe-knife-company-saw-blades-saw-blades.jpg,/\S\a\the-pipe-knife-company-saw-blades-saw-blades.jpg,http://www.48ws.com/images/product/S/a/the-pipe-knife-company-saw-blades-saw-blades.jpg,the-pipe-knife-company-Saw-Blades-,the-pipe-knife-company-Saw-Blades-,,No layout updates.,Block after Info Column,,"Saw Blades","Saw Blades",Use config,"",0,,,0,"The Pipe Knife Company",1319,,Enabled,"Catalog, Search",Taxable Goods,Yes,No,"","This heavy-duty serrated blade is used for extreme needs. This heavy-duty carbon steel blade can be resharpened and used for many applications.

We stock many types of standard and specialty blades. They are interchangeable and can be used in all cutout knives. Blades include the Heavy-Duty angled serrated blade that can be resharpened, long serrated and heavy-duty utility blades that can reach into deep cracks and crevices, and the standard heavy-duty blade which comes in a very handy dispenser package of 10 blades.","","","","Saw Blades",,,,,,,,1,0,1,0,0,1,1,1,0,1,1,,,1,0,1,0,1,0,1,0,,0,simple,,
admin,base,Default,simple,"20634","Interior Automotive Accessories",467626,"24&quot; Standard Long Knife",,"24&quot; Standard Long Knife","","24&quot; Standard Long Knife","",/\2\4\the-pipe-knife-company-24-standard-long-knife-24-standard-long-knife.jpg,/\2\4\the-pipe-knife-company-24-standard-long-knife-24-standard-long-knife.jpg,http://www.48ws.com/images/product/2/4/the-pipe-knife-company-24-standard-long-knife-24-standard-long-knife.jpg,the-pipe-knife-company-24-Standard-Long-Knife-,the-pipe-knife-company-24-Standard-Long-Knife-,,No layout updates.,Block after Info Column,,"24&quot; Standard Long Knife","24&quot; Standard Long Knife",Use config,"",0,,,0,"The Pipe Knife Company",1319,,Enabled,"Catalog, Search",Taxable Goods,Yes,No,"","<li>
			24&quot; - Great when cutting across deep dashboards.</li>
		<li>
			Built from solid, lightweight aluminum.</li>
		<li>
			Powdercoated for added durability and to prevent damage to automobiles.</li>
		<li>
			Vinyl handles ensures stable, tight grip.</li>
		<li>
			The steel fastener holds blades tight with a #2 Phillips thumb screw, making blades changes quick and easy.</li>
		<li>
			Use with Reid's Long Knife Blades or any standard utility blade.</li>","","","","24&quot; Standard Long Knife",,,,,,,,1,0,1,0,0,1,1,1,0,1,1,,,1,0,1,0,1,0,1,0,,0,simple,,
admin,base,Default,simple,"20634","Interior Automotive Accessories",467627,"Pivot Head PipeKnife",,"Pivot Head PipeKnife","","Pivot Head PipeKnife","",/\P\i\the-pipe-knife-company-pivot-head-pipeknife-pivot-head-pipeknife.jpg,/\P\i\the-pipe-knife-company-pivot-head-pipeknife-pivot-head-pipeknife.jpg,http://www.48ws.com/images/product/P/i/the-pipe-knife-company-pivot-head-pipeknife-pivot-head-pipeknife.jpg,the-pipe-knife-company-Pivot-Head-PipeKnife-,the-pipe-knife-company-Pivot-Head-PipeKnife-,,No layout updates.,Block after Info Column,,"Pivot Head PipeKnife","Pivot Head PipeKnife",Use config,"",0,,,0,"The Pipe Knife Company",1319,,Enabled,"Catalog, Search",Taxable Goods,Yes,No,"","<li>
Trim Pinchwelds.</li>
<li>
Use in tight spots: Corners, Back and Side Glass.</li>
<li>
Blade-end made from Long Lasting Steel.</li>
<li>
Cover & Screw same as all other PipeKnife Products.</li>
<li>
New Pocket Grip Handle for Improved Comfort.</li>","","","","Pivot Head PipeKnife",,,,,,,,1,0,1,0,0,1,1,1,0,1,1,,,1,0,1,0,1,0,1,0,,0,simple,,
admin,base,Default,simple,"20634","Interior Automotive Accessories",467628,"Scratch-Resistor Blades",,"Scratch-Resistor Blades","","Scratch-Resistor Blades","",/\S\c\the-pipe-knife-company-scratch-resistor-blades-scratch-resistor-blades.jpg,/\S\c\the-pipe-knife-company-scratch-resistor-blades-scratch-resistor-blades.jpg,http://www.48ws.com/images/product/S/c/the-pipe-knife-company-scratch-resistor-blades-scratch-resistor-blades.jpg,the-pipe-knife-company-Scratch-Resistor-Blades-,the-pipe-knife-company-Scratch-Resistor-Blades-,,No layout updates.,Block after Info Column,,"Scratch-Resistor Blades","Scratch-Resistor Blades",Use config,"",0,,,0,"The Pipe Knife Company",1319,,Enabled,"Catalog, Search",Taxable Goods,Yes,No,"","Scratch-Resistor blades are standard cold knife blades that have a patent pending, powder-coated protective layer bonded to the standard cold knife blade.

A second layer of protection is added by attaching an injected molded piece of plastic on the neck of blade. According to the company, the double layer of protection significantly reduces accidental scratching when the AGR technician inserts the blade into the urethane to remove the windshield.

The Scratch-Resistor blades were invented by an autoglass technician to address the installs on trucks and cars that increasingly were with reverse or no moulding designs, requiring extreme care to not scratch the paint during the urethane-cutting step.

The Scratch-Resistor blade now provides the technician with another weapon to efficiently and safely cut the urethane without scratching the paint.

The Scratch-Resistor is available in ¾, 1 and 1½ inch lengths. It can be ordered with only the powder coated protection layer or with the plastic neck cap. It is compatible with all standard cold knifes including the Power Advance and Easy Pro cold knife.","","","","Scratch-Resistor Blades",,,,,,,,1,0,1,0,0,1,1,1,0,1,1,,,1,0,1,0,1,0,1,0,,0,simple,,
admin,base,Default,simple,"20634","Interior Automotive Accessories",467629,"GM Rearview Mirror Removal Tool",,"GM Rearview Mirror Removal Tool","","GM Rearview Mirror Removal Tool","",/\G\M\the-pipe-knife-company-gm-rearview-mirror-removal-tool-gm-rearview-mirror-removal-tool.jpg,/\G\M\the-pipe-knife-company-gm-rearview-mirror-removal-tool-gm-rearview-mirror-removal-tool.jpg,http://www.48ws.com/images/product/G/M/the-pipe-knife-company-gm-rearview-mirror-removal-tool-gm-rearview-mirror-removal-tool.jpg,the-pipe-knife-company-GM-Rearview-Mirror-Removal-Tool-,the-pipe-knife-company-GM-Rearview-Mirror-Removal-Tool-,,No layout updates.,Block after Info Column,,"GM Rearview Mirror Removal Tool","GM Rearview Mirror Removal Tool",Use config,"",0,,,0,"The Pipe Knife Company",1319,,Enabled,"Catalog, Search",Taxable Goods,Yes,No,"","<li>
			Designed for removal of GM rearview mirrors.</li>
		<li>
			Slide between the mirror bracket and the mirror, pry with upward pressure and the mirror will dislodge.</li>
		<li>
			Non-slip vinyl handle.</li>","","","","GM Rearview Mirror Removal Tool",,,,,,,,1,0,1,0,0,1,1,1,0,1,1,,,1,0,1,0,1,0,1,0,,0,simple,,
admin,base,Default,simple,"20634","Interior Automotive Accessories",467630,"Deluxe Push Button Cold Knife",,"Deluxe Push Button Cold Knife","","Deluxe Push Button Cold Knife","",/\D\e\the-pipe-knife-company-deluxe-push-button-cold-knife-deluxe-push-button-cold-knife.jpg,/\D\e\the-pipe-knife-company-deluxe-push-button-cold-knife-deluxe-push-button-cold-knife.jpg,http://www.48ws.com/images/product/D/e/the-pipe-knife-company-deluxe-push-button-cold-knife-deluxe-push-button-cold-knife.jpg,the-pipe-knife-company-Deluxe-Push-Button-Cold-Knife-,the-pipe-knife-company-Deluxe-Push-Button-Cold-Knife-,,No layout updates.,Block after Info Column,,"Deluxe Push Button Cold Knife","Deluxe Push Button Cold Knife",Use config,"",0,,,0,"The Pipe Knife Company",1319,,Enabled,"Catalog, Search",Taxable Goods,Yes,No,"","<li>
			Machined from aircraft quality 6061 aluminum in our Michigan factory.</li>
		<li>
			Pull handle is coated to prevent damage to car parts.</li>
		<li>
			Uses all 3/4&quot; Shank Cold Knife blades.</li>
		<li>
			Includes one RKB-10-S/S Cold Knife Blade.</li>","","","","Deluxe Push Button Cold Knife",,,,,,,,1,0,1,0,0,1,1,1,0,1,1,,,1,0,1,0,1,0,1,0,,0,simple,,
admin,base,Default,simple,"20634","Interior Automotive Accessories",467631,"Porta-Vise",,"Porta-Vise","","Porta-Vise","",/\P\o\the-pipe-knife-company-porta-vise-porta-vise.jpg,/\P\o\the-pipe-knife-company-porta-vise-porta-vise.jpg,http://www.48ws.com/images/product/P/o/the-pipe-knife-company-porta-vise-porta-vise.jpg,the-pipe-knife-company-Porta-Vise-,the-pipe-knife-company-Porta-Vise-,,No layout updates.,Block after Info Column,,"Porta-Vise","Porta-Vise",Use config,"",0,,,0,"The Pipe Knife Company",1319,,Enabled,"Catalog, Search",Taxable Goods,Yes,No,"","The original Porta-Vise hitch mounted vise uses your truck to create an exceptionally strong and convenient workstation. Take it to job sites, remote locations and other areas where a bench top vise isn't available or desirable.","","","","Porta-Vise",,,,,,,,1,0,1,0,0,1,1,1,0,1,1,,,1,0,1,0,1,0,1,0,,0,simple,,
admin,base,Default,simple,"28327","Fixed Blade Knives",467632,"Heavy Duty Chisel",,"Heavy Duty Chisel","","Heavy Duty Chisel","",/\H\e\the-pipe-knife-company-heavy-duty-chisel-heavy-duty-chisel.jpg,/\H\e\the-pipe-knife-company-heavy-duty-chisel-heavy-duty-chisel.jpg,http://www.48ws.com/images/product/H/e/the-pipe-knife-company-heavy-duty-chisel-heavy-duty-chisel.jpg,the-pipe-knife-company-Heavy-Duty-Chisel-heavy-duty-chisel,the-pipe-knife-company-Heavy-Duty-Chisel-heavy-duty-chisel,,No layout updates.,Block after Info Column,,"Heavy Duty Chisel","Heavy Duty Chisel",Use config,"",0,,,0,"The Pipe Knife Company",1319,,Enabled,"Catalog, Search",Taxable Goods,Yes,No,"","The GL-100 Heavy Duty Chisel is used to remove old sealant and putty from wood or metal sash and for clean up around the pinchweld.

The chisel is made from high grade alloy steel for superior edge retension, high wear resistance and can be resharpened many times. The handle is crafted from solid aluminum and a durable heat shrink tube is added for extra protection.","","","","Heavy Duty Chisel",,,,,,,,1,0,1,0,0,1,1,1,0,1,1,,,1,0,1,0,1,0,1,0,,0,simple,,
admin,base,Default,simple,"20634","Interior Automotive Accessories",467633,"Paint Protector - 1 1/2&quot; Wide",,"Paint Protector - 1 1/2&quot; Wide","","Paint Protector - 1 1/2&quot; Wide","",/\P\a\the-pipe-knife-company-paint-protector-1-12-wide-paint-protector-1-12-wide.jpg,/\P\a\the-pipe-knife-company-paint-protector-1-12-wide-paint-protector-1-12-wide.jpg,http://www.48ws.com/images/product/P/a/the-pipe-knife-company-paint-protector-1-12-wide-paint-protector-1-12-wide.jpg,the-pipe-knife-company-Paint-Protector-1-1-2-Wide-,the-pipe-knife-company-Paint-Protector-1-1-2-Wide-,,No layout updates.,Block after Info Column,,"Paint Protector - 1 1/2&quot; Wide","Paint Protector - 1 1/2&quot; Wide",Use config,"",0,,,0,"The Pipe Knife Company",1319,,Enabled,"Catalog, Search",Taxable Goods,Yes,No,"","Includes five (5) 1 1/2&quot; wide Paint Protector Strips.

Prevent scrapes, scratches and costly paint touch-ups with our Paint Protectors.

Made from an extremely durable ultra high molecular weight polyethylene plastic, the Protectors are only .020&quot; thick (.5mm). It will take up very little space between the edge of the windshield glass and the painted autobody surface.

Plus, the strips are easy to reposition as you cut and flexible so they can be bent around corners.

Paint Protectors are available in 2 widths - 1&quot; and 1 1/2&quot;.","","","","Paint Protector - 1 1/2&quot; Wide",,,,,,,,1,0,1,0,0,1,1,1,0,1,1,,,1,0,1,0,1,0,1,0,,0,simple,,
admin,base,Default,simple,"20634","Interior Automotive Accessories",467634,"7/8&quot; Standard Replacement Blades",,"7/8&quot; Standard Replacement Blades","","7/8&quot; Standard Replacement Blades","",/\7\8\the-pipe-knife-company-78-standard-replacement-blades-78-standard-replacement-blades.jpg,/\7\8\the-pipe-knife-company-78-standard-replacement-blades-78-standard-replacement-blades.jpg,http://www.48ws.com/images/product/7/8/the-pipe-knife-company-78-standard-replacement-blades-78-standard-replacement-blades.jpg,the-pipe-knife-company-7-8-Standard-Replacement-Blades-,the-pipe-knife-company-7-8-Standard-Replacement-Blades-,,No layout updates.,Block after Info Column,,"7/8&quot; Standard Replacement Blades","7/8&quot; Standard Replacement Blades",Use config,"",0,,,0,"The Pipe Knife Company",1319,,Enabled,"Catalog, Search",Taxable Goods,Yes,No,"","<li>
			Industry Favorite!</li>
		<li>
			7/8&quot; Blade Length.</li>
		<li>
			1/2&quot; Shank fits RK-160 and RK-160-SH Cold Knives.</li>
		<li>
			Price shown is for a box of 6 blades</li>","","","","7/8&quot; Standard Replacement Blades",,,,,,,,1,0,1,0,0,1,1,1,0,1,1,,,1,0,1,0,1,0,1,0,,0,simple,,
admin,base,Default,simple,"20634","Interior Automotive Accessories",467635,"Paint Protector - 1&quot; Wide",,"Paint Protector - 1&quot; Wide","","Paint Protector - 1&quot; Wide","",/\P\a\the-pipe-knife-company-paint-protector-1-wide-paint-protector-1-wide.jpg,/\P\a\the-pipe-knife-company-paint-protector-1-wide-paint-protector-1-wide.jpg,http://www.48ws.com/images/product/P/a/the-pipe-knife-company-paint-protector-1-wide-paint-protector-1-wide.jpg,the-pipe-knife-company-Paint-Protector-1-Wide-,the-pipe-knife-company-Paint-Protector-1-Wide-,,No layout updates.,Block after Info Column,,"Paint Protector - 1&quot; Wide","Paint Protector - 1&quot; Wide",Use config,"",0,,,0,"The Pipe Knife Company",1319,,Enabled,"Catalog, Search",Taxable Goods,Yes,No,"","Includes five (5) 1&quot; wide Paint Protector Strips.

Prevent scrapes, scratches and costly paint touch-ups with our Paint Protectors.

Made from an extremely durable ultra high molecular weight polyethylene plastic, the Protectors are only .020&quot; thick (.5mm). It will take up very little space between the edge of the windshield glass and the painted autobody surface.

Plus, the strips are easy to reposition as you cut and flexible so they can be bent around corners.

Paint Protectors are available in 2 widths - 1&quot; and 1 1/2&quot;.","","","","Paint Protector - 1&quot; Wide",,,,,,,,1,0,1,0,0,1,1,1,0,1,1,,,1,0,1,0,1,0,1,0,,0,simple,,
admin,base,Default,simple,"20634","Interior Automotive Accessories",467636,"Aluminum Scraper Handle",,"Aluminum Scraper Handle","","Aluminum Scraper Handle","",/\A\l\the-pipe-knife-company-aluminum-scraper-handle-aluminum-scraper-handle.jpg,/\A\l\the-pipe-knife-company-aluminum-scraper-handle-aluminum-scraper-handle.jpg,http://www.48ws.com/images/product/A/l/the-pipe-knife-company-aluminum-scraper-handle-aluminum-scraper-handle.jpg,the-pipe-knife-company-Aluminum-Scraper-Handle-,the-pipe-knife-company-Aluminum-Scraper-Handle-,,No layout updates.,Block after Info Column,,"Aluminum Scraper Handle","Aluminum Scraper Handle",Use config,"",0,,,0,"The Pipe Knife Company",1319,,Enabled,"Catalog, Search",Taxable Goods,Yes,No,"","<li>
			Replacement Handle for the RSK-1.</li>
		<li>
			Solid aluminum, powder coated for added durabilty.</li>","","","","Aluminum Scraper Handle",,,,,,,,1,0,1,0,0,1,1,1,0,1,1,,,1,0,1,0,1,0,1,0,,0,simple,,
admin,base,Default,simple,"20634","Interior Automotive Accessories",467637,"Long Utility Blades",,"Long Utility Blades","","Long Utility Blades","",/\L\o\the-pipe-knife-company-long-utility-blades-long-utility-blades.jpg,/\L\o\the-pipe-knife-company-long-utility-blades-long-utility-blades.jpg,http://www.48ws.com/images/product/L/o/the-pipe-knife-company-long-utility-blades-long-utility-blades.jpg,the-pipe-knife-company-Long-Utility-Blades-,the-pipe-knife-company-Long-Utility-Blades-,,No layout updates.,Block after Info Column,,"Long Utility Blades","Long Utility Blades",Use config,"",0,,,0,"The Pipe Knife Company",1319,,Enabled,"Catalog, Search",Taxable Goods,Yes,No,"","These heavy-duty long utility blades are ideal for hard to reach locations.

We stock many types of standard and specialty blades. They are interchangeable and can be used in all cutout knives. Blades include the Heavy-Duty angled serrated blade that can be resharpened, long serrated and heavy-duty utility blades that can reach into deep cracks and crevices, and the standard heavy-duty blade which comes in a very handy dispenser package of 10 blades.","","","","Long Utility Blades",,,,,,,,1,0,1,0,0,1,1,1,0,1,1,,,1,0,1,0,1,0,1,0,,0,simple,,
admin,base,Default,simple,"","",467638,"http://d1299758.x57.webstudiowest.biz/Reid_Tools/store/index_route_product_product_path_78_70_produc",,"http://d1299758.x57.webstudiowest.biz/Reid_Tools/store/index_route_product_product_path_78_70_product_id_88.php","","http://d1299758.x57.webstudiowest.biz/Reid_Tools/store/index_route_product_product_path_78_70_product_id_88.php","",/,/,/,,,,No layout updates.,Block after Info Column,,"http://d1299758.x57.webstudiowest.biz/Reid_Tools/store/index_route_product_product_path_78_70_product_id_88.php","http://d1299758.x57.webstudiowest.biz/Reid_Tools/store/index_route_product_product_path_78_70_product_id_88.php",Use config,"",0,,,0,"The Pipe Knife Company",1319,,Enabled,"Catalog, Search",Taxable Goods,Yes,No,"","<li>
			Includes one steel fastener and one #2 Phillips thumb screw.</li>
		<li>
			Fits all Reid Long Knives</li>","","","","http://d1299758.x57.webstudiowest.biz/Reid_Tools/store/index_route_product_product_path_78_70_product_id_88.php",,,,,,,,1,0,1,0,0,1,1,1,0,1,1,,,1,0,1,0,1,0,1,0,,0,simple,,
admin,base,Default,simple,"20634","Interior Automotive Accessories",467639,"Push Button Cold Knife",,"Push Button Cold Knife","","Push Button Cold Knife","",/\P\u\the-pipe-knife-company-push-button-cold-knife-push-button-cold-knife.jpg,/\P\u\the-pipe-knife-company-push-button-cold-knife-push-button-cold-knife.jpg,http://www.48ws.com/images/product/P/u/the-pipe-knife-company-push-button-cold-knife-push-button-cold-knife.jpg,the-pipe-knife-company-Push-Button-Cold-Knife-,the-pipe-knife-company-Push-Button-Cold-Knife-,,No layout updates.,Block after Info Column,,"Push Button Cold Knife","Push Button Cold Knife",Use config,"",0,,,0,"The Pipe Knife Company",1319,,Enabled,"Catalog, Search",Taxable Goods,Yes,No,"","The original push button Cold Knife! Patented design locks blades in securely, yet releases with only a push of your thumb - making windshield removal easier than ever before. No clips, screws, hinges or other securing devices will slow you down.","","","","Push Button Cold Knife",,,,,,,,1,0,1,0,0,1,1,1,0,1,1,,,1,0,1,0,1,0,1,0,,0,simple,,
admin,base,Default,simple,"20634","Interior Automotive Accessories",467640,"RK-500 Replacement Pull Handle",,"RK-500 Replacement Pull Handle","","RK-500 Replacement Pull Handle","",/\R\K\the-pipe-knife-company-rk-500-replacement-pull-handle-rk-500-replacement-pull-handle.jpg,/\R\K\the-pipe-knife-company-rk-500-replacement-pull-handle-rk-500-replacement-pull-handle.jpg,http://www.48ws.com/images/product/R/K/the-pipe-knife-company-rk-500-replacement-pull-handle-rk-500-replacement-pull-handle.jpg,the-pipe-knife-company-RK-500-Replacement-Pull-Handle-,the-pipe-knife-company-RK-500-Replacement-Pull-Handle-,,No layout updates.,Block after Info Column,,"RK-500 Replacement Pull Handle","RK-500 Replacement Pull Handle",Use config,"",0,,,0,"The Pipe Knife Company",1319,,Enabled,"Catalog, Search",Taxable Goods,Yes,No,"","","","","","RK-500 Replacement Pull Handle",,,,,,,,1,0,1,0,0,1,1,1,0,1,1,,,1,0,1,0,1,0,1,0,,0,simple,,
admin,base,Default,simple,"20634","Interior Automotive Accessories",467641,"Mirror Wrench - T-15 tip and #2 Phillips head tip",,"Mirror Wrench - T-15 tip and #2 Phillips head tip","","Mirror Wrench - T-15 tip and #2 Phillips head tip","",/\M\i\the-pipe-knife-company-mirror-wrench-t-15-tip-and-2-phillips-head-tip-mirror-wrench-t-15-tip-and-2-phillips-head-tip.jpg,/\M\i\the-pipe-knife-company-mirror-wrench-t-15-tip-and-2-phillips-head-tip-mirror-wrench-t-15-tip-and-2-phillips-head-tip.jpg,http://www.48ws.com/images/product/M/i/the-pipe-knife-company-mirror-wrench-t-15-tip-and-2-phillips-head-tip-mirror-wrench-t-15-tip-and-2-phillips-head-tip.jpg,the-pipe-knife-company-Mirror-Wrench-T-15-tip-and-2-Phillips-head-tip-,the-pipe-knife-company-Mirror-Wrench-T-15-tip-and-2-Phillips-head-tip-,,No layout updates.,Block after Info Column,,"Mirror Wrench - T-15 tip and #2 Phillips head tip","Mirror Wrench - T-15 tip and #2 Phillips head tip",Use config,"",0,,,0,"The Pipe Knife Company",1319,,Enabled,"Catalog, Search",Taxable Goods,Yes,No,"","T-15 and #2 Phillips head tip","","","","Mirror Wrench - T-15 tip and #2 Phillips head tip",,,,,,,,1,0,1,0,0,1,1,1,0,1,1,,,1,0,1,0,1,0,1,0,,0,simple,,
admin,base,Default,simple,"20634","Interior Automotive Accessories",467642,"1 1/2&quot; 45 Degree Angle Teflon Coated Blades",,"1 1/2&quot; 45 Degree Angle Teflon Coated Blades","","1 1/2&quot; 45 Degree Angle Teflon Coated Blades","",/\1\-\the-pipe-knife-company-1-12-45-degree-angle-teflon-coated-blades-1-12-45-degree-angle-teflon-coated-blades.jpg,/\1\-\the-pipe-knife-company-1-12-45-degree-angle-teflon-coated-blades-1-12-45-degree-angle-teflon-coated-blades.jpg,http://www.48ws.com/images/product/1/-/the-pipe-knife-company-1-12-45-degree-angle-teflon-coated-blades-1-12-45-degree-angle-teflon-coated-blades.jpg,the-pipe-knife-company-1-1-2-45-Degree-Angle-Teflon-Coated-Blades-,the-pipe-knife-company-1-1-2-45-Degree-Angle-Teflon-Coated-Blades-,,No layout updates.,Block after Info Column,,"1 1/2&quot; 45 Degree Angle Teflon Coated Blades","1 1/2&quot; 45 Degree Angle Teflon Coated Blades",Use config,"",0,,,0,"The Pipe Knife Company",1319,,Enabled,"Catalog, Search",Taxable Goods,Yes,No,"","<li>
			45 degree angle bend enables technicians to get under the hood when cutting along the dash line.</li>
		<li>
			Teflon coated to reduce drag for faster cutting.</li>
		<li>
			1 1/2&quot; Blade Length.</li>
		<li>
			1/2&quot; Shank fits RK-160 and RK-160-SH Cold Knives.</li>
		<li>
	","","","1 1/2&quot; 45 Degree Angle Teflon Coated Blades","1 1/2&quot; 45 Degree Angle Teflon Coated Blades",,,,,,,,1,0,1,0,0,1,1,1,0,1,1,,,1,0,1,0,1,0,1,0,,0,simple,,
admin,base,Default,simple,"20634","Interior Automotive Accessories",467643,"Pneumatic Flat Blade",,"Pneumatic Flat Blade","","Pneumatic Flat Blade","",/\P\n\the-pipe-knife-company-pneumatic-flat-blade-pneumatic-flat-blade.jpg,/\P\n\the-pipe-knife-company-pneumatic-flat-blade-pneumatic-flat-blade.jpg,http://www.48ws.com/images/product/P/n/the-pipe-knife-company-pneumatic-flat-blade-pneumatic-flat-blade.jpg,the-pipe-knife-company-Pneumatic-Flat-Blade-,the-pipe-knife-company-Pneumatic-Flat-Blade-,,No layout updates.,Block after Info Column,,"Pneumatic Flat Blade","Pneumatic Flat Blade",Use config,"",0,,,0,"The Pipe Knife Company",1319,,Enabled,"Catalog, Search",Taxable Goods,Yes,No,"","<li>
			3&quot; Cutting Blade.</li>
		<li>
			Flat Blade design.</li>
		<li>
			Fits knives using a six or twelve sided blade mount.</li>","","","","Pneumatic Flat Blade",,,,,,,,1,0,1,0,0,1,1,1,0,1,1,,,1,0,1,0,1,0,1,0,,0,simple,,
admin,base,Default,simple,"20634","Interior Automotive Accessories",467644,"RK-500 Replacement Cover Set",,"RK-500 Replacement Cover Set","","RK-500 Replacement Cover Set","",/\R\K\the-pipe-knife-company-rk-500-replacement-cover-set-rk-500-replacement-cover-set.jpg,/\R\K\the-pipe-knife-company-rk-500-replacement-cover-set-rk-500-replacement-cover-set.jpg,http://www.48ws.com/images/product/R/K/the-pipe-knife-company-rk-500-replacement-cover-set-rk-500-replacement-cover-set.jpg,the-pipe-knife-company-RK-500-Replacement-Cover-Set-,the-pipe-knife-company-RK-500-Replacement-Cover-Set-,,No layout updates.,Block after Info Column,,"RK-500 Replacement Cover Set","RK-500 Replacement Cover Set",Use config,"",0,,,0,"The Pipe Knife Company",1319,,Enabled,"Catalog, Search",Taxable Goods,Yes,No,"","Includes end caps and heat-shrink tubing for pull handle and a vinyl cover for the body of the RK-500.","","","","RK-500 Replacement Cover Set",,,,,,,,1,0,1,0,0,1,1,1,0,1,1,,,1,0,1,0,1,0,1,0,,0,simple,,
admin,base,Default,simple,"20634","Interior Automotive Accessories",467645,"PipeKnife QC",,"PipeKnife QC","","PipeKnife QC","",/\P\i\the-pipe-knife-company-pipeknife-qc-pipeknife-qc.jpg,/\P\i\the-pipe-knife-company-pipeknife-qc-pipeknife-qc.jpg,http://www.48ws.com/images/product/P/i/the-pipe-knife-company-pipeknife-qc-pipeknife-qc.jpg,the-pipe-knife-company-PipeKnife-QC-,the-pipe-knife-company-PipeKnife-QC-,,No layout updates.,Block after Info Column,,"PipeKnife QC","PipeKnife QC",Use config,"",0,,,0,"The Pipe Knife Company",1319,,Enabled,"Catalog, Search",Taxable Goods,Yes,No,"","This new addition to our line of heavy duty utility knives is longer and stronger to tackle the toughest jobs you can throw at it. Use this extra long utility knife for a variety of tasks.","","","","PipeKnife QC",,,,,,,,1,0,1,0,0,1,1,1,0,1,1,,,1,0,1,0,1,0,1,0,,0,simple,,
admin,base,Default,simple,"20634","Interior Automotive Accessories",467646,"1&quot; Scraper Blade",,"1&quot; Scraper Blade","","1&quot; Scraper Blade","",/\1\-\the-pipe-knife-company-1-scraper-blade-1-scraper-blade.jpg,/\1\-\the-pipe-knife-company-1-scraper-blade-1-scraper-blade.jpg,http://www.48ws.com/images/product/1/-/the-pipe-knife-company-1-scraper-blade-1-scraper-blade.jpg,the-pipe-knife-company-1-Scraper-Blade-,the-pipe-knife-company-1-Scraper-Blade-,,No layout updates.,Block after Info Column,,"1&quot; Scraper Blade","1&quot; Scraper Blade",Use config,"",0,,,0,"The Pipe Knife Company",1319,,Enabled,"Catalog, Search",Taxable Goods,Yes,No,"","<li>
			3/4&quot; wide carbon steel scraper blade.</li>
		<li>
			Use for removal of adhesives.</li>
		<li>
			Also fits the RK-500 and QC-200.</li>","","","","1&quot; Scraper Blade",,,,,,,,1,0,1,0,0,1,1,1,0,1,1,,,1,0,1,0,1,0,1,0,,0,simple,,
admin,base,Default,simple,"20634","Interior Automotive Accessories",467647,"Mirror Wrench - 3/32&quot; & 5/64&quot; Hex ends",,"Mirror Wrench - 3/32&quot; & 5/64&quot; Hex ends","","Mirror Wrench - 3/32&quot; & 5/64&quot; Hex ends","",/\M\i\the-pipe-knife-company-mirror-wrench-332-564-hex-ends-mirror-wrench-332-564-hex-ends.jpg,/\M\i\the-pipe-knife-company-mirror-wrench-332-564-hex-ends-mirror-wrench-332-564-hex-ends.jpg,http://www.48ws.com/images/product/M/i/the-pipe-knife-company-mirror-wrench-332-564-hex-ends-mirror-wrench-332-564-hex-ends.jpg,the-pipe-knife-company-Mirror-Wrench-3-32-5-64-Hex-ends-,the-pipe-knife-company-Mirror-Wrench-3-32-5-64-Hex-ends-,,No layout updates.,Block after Info Column,,"Mirror Wrench - 3/32&quot; & 5/64&quot; Hex ends","Mirror Wrench - 3/32&quot; & 5/64&quot; Hex ends",Use config,"",0,,,0,"The Pipe Knife Company",1319,,Enabled,"Catalog, Search",Taxable Goods,Yes,No,"","3/32&quot; & 5/64&quot; Hex ends

Use Reid Mirror Wrenches to remove retention screws from mirror brackets.

Features a solid aluminum body with high carbon steel ends and a steel pocket clip so they'll be with you all day.

Mirror Wrenches make great give aways - call (800)353-REID to ask about private labeling.

Use to remove mirror bracket retention screws found on most domestic and foreign automobiles.","","","","Mirror Wrench - 3/32&quot; & 5/64&quot; Hex ends",,,,,,,,1,0,1,0,0,1,1,1,0,1,1,,,1,0,1,0,1,0,1,0,,0,simple,,
admin,base,Default,simple,"20634","Interior Automotive Accessories",467648,"1&quot; Stainless Steel Replacement Blades",,"1&quot; Stainless Steel Replacement Blades","","1&quot; Stainless Steel Replacement Blades","",/\1\-\the-pipe-knife-company-1-stainless-steel-replacement-blades-1-stainless-steel-replacement-blades.jpg,/\1\-\the-pipe-knife-company-1-stainless-steel-replacement-blades-1-stainless-steel-replacement-blades.jpg,http://www.48ws.com/images/product/1/-/the-pipe-knife-company-1-stainless-steel-replacement-blades-1-stainless-steel-replacement-blades.jpg,the-pipe-knife-company-1-Stainless-Steel-Replacement-Blades-,the-pipe-knife-company-1-Stainless-Steel-Replacement-Blades-,,No layout updates.,Block after Info Column,,"1&quot; Stainless Steel Replacement Blades","1&quot; Stainless Steel Replacement Blades",Use config,"",0,,,0,"The Pipe Knife Company",1319,,Enabled,"Catalog, Search",Taxable Goods,Yes,No,"","1&quot; Stainless Steel Replacement Blades. Box of 6.

","","","","1&quot; Stainless Steel Replacement Blades",,,,,,,,1,0,1,0,0,1,1,1,0,1,1,,,1,0,1,0,1,0,1,0,,0,simple,,
admin,base,Default,simple,"20634","Interior Automotive Accessories",467649,"Easy Pro Cold Knife",,"Easy Pro Cold Knife","","Easy Pro Cold Knife","",/\E\a\the-pipe-knife-company-easy-pro-cold-knife-easy-pro-cold-knife.jpg,/\E\a\the-pipe-knife-company-easy-pro-cold-knife-easy-pro-cold-knife.jpg,http://www.48ws.com/images/product/E/a/the-pipe-knife-company-easy-pro-cold-knife-easy-pro-cold-knife.jpg,the-pipe-knife-company-Easy-Pro-Cold-Knife-,the-pipe-knife-company-Easy-Pro-Cold-Knife-,,No layout updates.,Block after Info Column,,"Easy Pro Cold Knife","Easy Pro Cold Knife",Use config,"",0,,,0,"The Pipe Knife Company",1319,,Enabled,"Catalog, Search",Taxable Goods,Yes,No,"","The Easy Pro cold knife is a modification of the Power Advance design. The main advantage of the Easy Pro design is the quick release and fully adjustable blade feature. Just a ¼ turn of the T-handle releases the blade. Easy Pro can handle a utility knife blade, ¾” pinch weld scraper and many other blades and accessories used by AGR technicians.

The design of the Easy Pro provides extra room to operate without scratching the vehicle. The design also extends the pull point of the cold knife, thereby reducing the twisting tendency and providing better control of the blade.","","","","Easy Pro Cold Knife",,,,,,,,1,0,1,0,0,1,1,1,0,1,1,,,1,0,1,0,1,0,1,0,,0,simple,,
admin,base,Default,simple,"20634","Interior Automotive Accessories",467650,"Mirror Wrench - GM T-15 tip and Ford T-20 tip",,"Mirror Wrench - GM T-15 tip and Ford T-20 tip","","Mirror Wrench - GM T-15 tip and Ford T-20 tip","",/\M\i\the-pipe-knife-company-mirror-wrench-gm-t-15-tip-and-ford-t-20-tip-mirror-wrench-gm-t-15-tip-and-ford-t-20-tip.jpg,/\M\i\the-pipe-knife-company-mirror-wrench-gm-t-15-tip-and-ford-t-20-tip-mirror-wrench-gm-t-15-tip-and-ford-t-20-tip.jpg,http://www.48ws.com/images/product/M/i/the-pipe-knife-company-mirror-wrench-gm-t-15-tip-and-ford-t-20-tip-mirror-wrench-gm-t-15-tip-and-ford-t-20-tip.jpg,the-pipe-knife-company-Mirror-Wrench-GM-T-15-tip-and-Ford-T-20-tip-,the-pipe-knife-company-Mirror-Wrench-GM-T-15-tip-and-Ford-T-20-tip-,,No layout updates.,Block after Info Column,,"Mirror Wrench - GM T-15 tip and Ford T-20 tip","Mirror Wrench - GM T-15 tip and Ford T-20 tip",Use config,"",0,,,0,"The Pipe Knife Company",1319,,Enabled,"Catalog, Search",Taxable Goods,Yes,No,"","T-15 tip for GM rear view mirrors
T-20 tip for Ford rear view mirrors

Use Reid Mirror Wrenches to remove retention screws from mirror brackets.

Features a solid aluminum body with high carbon steel ends and a steel pocket clip so they'll be with you all day.","","","","Mirror Wrench - GM T-15 tip and Ford T-20 tip",,,,,,,,1,0,1,0,0,1,1,1,0,1,1,,,1,0,1,0,1,0,1,0,,0,simple,,
admin,base,Default,simple,"20634","Interior Automotive Accessories",467651,"RK-160 Replacement Pull Handle",,"RK-160 Replacement Pull Handle","","RK-160 Replacement Pull Handle","",/\R\K\the-pipe-knife-company-rk-160-replacement-pull-handle-rk-160-replacement-pull-handle.jpg,/\R\K\the-pipe-knife-company-rk-160-replacement-pull-handle-rk-160-replacement-pull-handle.jpg,http://www.48ws.com/images/product/R/K/the-pipe-knife-company-rk-160-replacement-pull-handle-rk-160-replacement-pull-handle.jpg,the-pipe-knife-company-RK-160-Replacement-Pull-Handle-,the-pipe-knife-company-RK-160-Replacement-Pull-Handle-,,No layout updates.,Block after Info Column,,"RK-160 Replacement Pull Handle","RK-160 Replacement Pull Handle",Use config,"",0,,,0,"The Pipe Knife Company",1319,,Enabled,"Catalog, Search",Taxable Goods,Yes,No,"","","","","","RK-160 Replacement Pull Handle",,,,,,,,1,0,1,0,0,1,1,1,0,1,1,,,1,0,1,0,1,0,1,0,,0,simple,,
admin,base,Default,simple,"20634","Interior Automotive Accessories",467652,"Window Nut Removal Tool",,"Window Nut Removal Tool","","Window Nut Removal Tool","",/\W\i\the-pipe-knife-company-window-nut-removal-tool-window-nut-removal-tool.jpg,/\W\i\the-pipe-knife-company-window-nut-removal-tool-window-nut-removal-tool.jpg,http://www.48ws.com/images/product/W/i/the-pipe-knife-company-window-nut-removal-tool-window-nut-removal-tool.jpg,the-pipe-knife-company-Window-Nut-Removal-Tool-,the-pipe-knife-company-Window-Nut-Removal-Tool-,,No layout updates.,Block after Info Column,,"Window Nut Removal Tool","Window Nut Removal Tool",Use config,"",0,,,0,"The Pipe Knife Company",1319,,Enabled,"Catalog, Search",Taxable Goods,Yes,No,"","<li>
			Easily removes window retainer nuts.</li>
		<li>
			Use with 1/4&quot; drive tools.</li>","","","","Window Nut Removal Tool",,,,,,,,1,0,1,0,0,1,1,1,0,1,1,,,1,0,1,0,1,0,1,0,,0,simple,,
