﻿store,websites,attribute_set,Type,category_ids,category_names,48WS_product_id,sku,has_options,name,Group_Name,meta_title,meta_description,Image,small_image,thumbnail,url_key,url_path,custom_design,page_layout,options_container,image_label,small_image_label,thumbnail_label,gift_message_available,manufacturer_url,price,special_price,cost,weight,manufacturer,manufacturer_id,color,status,visibility,tax_class_id,enable_googlecheckout,is_recurring,description,short_description,summary,upc,size_info,meta_keyword,custom_layout_update,news_from_date,news_to_date,special_from_date,special_to_date,custom_design_from,custom_design_to,qty,min_qty,use_config_min_qty,is_qty_decimal,backorders,use_config_backorders,min_sale_qty,use_config_min_sale_qty,max_sale_qty,use_config_max_sale_qty,is_in_stock,low_stock_date,notify_stock_qty,use_config_notify_stock_qty,manage_stock,use_config_manage_stock,stock_status_changed_automatically,use_config_qty_increments,qty_increments,use_config_enable_qty_increments,enable_qty_increments,product_name,store_id,product_type_id,product_status_changed,product_changed_websites
admin,base,Default,simple,"822|21942|28295","Forks and Rakes|Forks|Rental Forks and Rakes",12509,"UT 72105",,"Spading Fork","","Spading Fork","The Union Tools spading fork is a multipurpose tool that can be used for turning, digging, and loosening all types of soil. It can also be used to transfer loose material. The forged head contains 4 diamond-shaped tines for maximum strength and durability",/\U\T\Union-Tools-Spading.jpg,/\U\T\Union-Tools-Spading.jpg,http://www.48ws.com/images/product/U/T/Union-Tools-Spading.jpg,Union-Tools-Spading-Fork,Union-Tools-Spading-Fork,,No layout updates.,Block after Info Column,,"Spading Fork","Spading Fork",Use config,"http://www.uniontools.com/products/detail.aspx?ProductId=1866&FamilyId=393&LineId=392",0,,,0,"Union Tools",149,,Enabled,"Catalog, Search",Taxable Goods,Yes,No,"Union Tools Spading Fork","<li>Forged, 4-tine head</li><li>
Strong, diamond-back tines work the soil with less effort</li><li>
30-inch North American ash handle</li><li>
Strong Poly D-grip</li>","The Union Tools spading fork is a multipurpose tool that can be used for turning, digging, and loosening all types of soil. It can also be used to transfer loose material. The forged head contains 4 diamond-shaped tines for maximum strength and durability.
","","Union Tools Spading Fork","Spading Fork",,,,,,,,1,0,1,0,0,1,1,1,0,1,1,,,1,0,1,0,1,0,1,0,,0,simple,,
admin,base,Default,simple,"823|23994|28296","Post Hole Digger|Post Hole Diggers|Rental Post Hole Diggers",12510,"UT 78002",,"Post Hole Digger","","Post Hole Digger","Union Tools Post Hole Digger",/\U\T\Union-Tools-Post-Hole.jpg,/\U\T\Union-Tools-Post-Hole.jpg,http://www.48ws.com/images/product/U/T/Union-Tools-Post-Hole.jpg,Union-Tools-Post-Hole-Digger,Union-Tools-Post-Hole-Digger,,No layout updates.,Block after Info Column,,"Post Hole Digger","Post Hole Digger",Use config,"http://www.uniontools.com/products/detail.aspx?ProductId=1892&LineId=421",0,,,0,"Union Tools",149,,Enabled,"Catalog, Search",Taxable Goods,Yes,No,"Union Tools Post Hole Digger","<li>One-piece high carbon steel blades</li><li>
5.5-inch point spread</li><li>
48-inch North American ash handles</li><li>
Useful tool for digging perfect, deep holes below the frost line</li>","Quality and performance make UnionTools the choice of both professionals and general consumers. If your next project involves installing a fence, post, mailbox, or basketball hoop, make sure you use the right tool for the job. This post hole digger is perfect for digging those necessary holes and footings and will help you do so without bending over or straining your back.
","","Union Tools Post Hole Digger","Post Hole Digger",,,,,,,,1,0,1,0,0,1,1,1,0,1,1,,,1,0,1,0,1,0,1,0,,0,simple,,
admin,base,Default,simple,"823|23994|28296","Post Hole Digger|Post Hole Diggers|Rental Post Hole Diggers",12511,"UT 78003",,"UnionPro Post Hole Digger, Atlas Pattern","","UnionPro Post Hole Digger, Atlas Pattern","Union Tools UnionPro Post Hole Digger, Atlas Pattern",/\U\T\Union-Tools-UnionPro-Post-Hole-Digger-Atlas.jpg,/\U\T\Union-Tools-UnionPro-Post-Hole-Digger-Atlas.jpg,http://www.48ws.com/images/product/U/T/Union-Tools-UnionPro-Post-Hole-Digger-Atlas.jpg,Union-Tools-UnionPro-Post-Hole-Digger-Atlas-Pattern,Union-Tools-UnionPro-Post-Hole-Digger-Atlas-Pattern,,No layout updates.,Block after Info Column,,"UnionPro Post Hole Digger, Atlas Pattern","UnionPro Post Hole Digger, Atlas Pattern",Use config,"http://www.uniontools.com/products/detail.aspx?ProductId=1893&LineId=421",0,,,0,"Union Tools",149,,Enabled,"Catalog, Search",Taxable Goods,Yes,No,"Union Tools UnionPro Post Hole Digger, Atlas Pattern","<li>Two-piece riveted high carbon steel blades with beveled digging edge</li><li>
5.5-inch point spread</li><li>
48-inch atlas pattern, fiberglass handles</li><li>
Useful tool for digging perfect, deep holes below the frost line</li>","Quality and performance make UnionTools the choice of both professionals and general consumers. If your next project involves installing a fence, post, mailbox, or basketball hoop, make sure you use the right tool for the job. This post hole digger is perfect for digging those necessary holes and footings and will help you do so without bending over or straining your back.
","","Union Tools UnionPro Post Hole Digger, Atlas Pattern","UnionPro Post Hole Digger, Atlas Pattern",,,,,,,,1,0,1,0,0,1,1,1,0,1,1,,,1,0,1,0,1,0,1,0,,0,simple,,
admin,base,Default,simple,"823|23994|28296","Post Hole Digger|Post Hole Diggers|Rental Post Hole Diggers",12512,"UT 78570",,"Adjustable Auger","","Adjustable Auger","Union Tools Adjustable Auger",/\U\T\Union-Tools-Adjustable.jpg,/\U\T\Union-Tools-Adjustable.jpg,http://www.48ws.com/images/product/U/T/Union-Tools-Adjustable.jpg,Union-Tools-Adjustable-Auger,Union-Tools-Adjustable-Auger,,No layout updates.,Block after Info Column,,"Adjustable Auger","Adjustable Auger",Use config,"http://www.uniontools.com/products/",0,,,0,"Union Tools",149,,Enabled,"Catalog, Search",Taxable Goods,Yes,No,"Union Tools Adjustable Auger","<li>All steel construction</li><li>
Riveted blades adjust from 6 to 8.44 inches</li><li>
T-handles with end grips provides added leverage</li><li>
Used to loosen up dirt to dig post holes</li>","Digging post holes has never been easier than with True Temper adjustable auger. This all steel construction tool features riveted blades that adjusts from 6 to 8.44 inches. Also, a welded T-handle with grips gives the user leverage they need to loosen up dirt before digging post. This is a great tool for personal or professional use.
","","Union Tools Adjustable Auger","Adjustable Auger",,,,,,,,1,0,1,0,0,1,1,1,0,1,1,,,1,0,1,0,1,0,1,0,,0,simple,,
admin,base,Default,simple,"28300","Wheelbarrows",12513,"UT 77307",,"6 Cubic Foot Poly Wheelbarrow","","6 Cubic Foot Poly Wheelbarrow","Union Tools 6 Cubic Foot Poly Wheelbarrow",/\U\T\Union-Tools-6-Cubic-Foot-Poly- 2.jpg,/\U\T\Union-Tools-6-Cubic-Foot-Poly- 2.jpg,http://www.48ws.com/images/product/U/T/Union-Tools-6-Cubic-Foot-Poly- 2.jpg,union-tools-UT-77307-,union-tools-UT-77307-,,No layout updates.,Block after Info Column,,"6 Cubic Foot Poly Wheelbarrow","6 Cubic Foot Poly Wheelbarrow",Use config,"http://www.uniontools.com/products/",0,,,0,"Union Tools",149,,Enabled,"Catalog, Search",Taxable Goods,Yes,No,"Union Tools 6 Cubic Foot Poly Wheelbarrow","<li>6 cubic foot capacity</li><li>
Corrosion-proof poly tray</li><li>
16 inch tubed tire</li><li>
60 inch seal-coated hardwood handles</li>","With 6 cubic feet of hauling capacity, this UnionTools&reg; wheelbarrow is ideal for homeowners, landscapers and light construction work. The 6 cubic foot poly tray will never rust or corrode and is designed to provide years of service. Around the house or on the job, this is the right wheelbarrow for the job.
","","Union Tools 6 Cubic Foot Poly Wheelbarrow","6 Cubic Foot Poly Wheelbarrow",,,,,,,,1,0,1,0,0,1,1,1,0,1,1,,,1,0,1,0,1,0,1,0,,0,simple,,
admin,base,Default,simple,"28300","Wheelbarrows",12514,"UT 77305",,"6 Cubic Foot Steel Wheelbarrow","","6 Cubic Foot Steel Wheelbarrow","Union Tools 6 Cubic Foot Steel Wheelbarrow",/\U\T\Union-Tools-6-Cubic-Foot-Steel- 2.jpg,/\U\T\Union-Tools-6-Cubic-Foot-Steel- 2.jpg,http://www.48ws.com/images/product/U/T/Union-Tools-6-Cubic-Foot-Steel- 2.jpg,union-tools-UT-77305-,union-tools-UT-77305-,,No layout updates.,Block after Info Column,,"6 Cubic Foot Steel Wheelbarrow","6 Cubic Foot Steel Wheelbarrow",Use config,"http://www.uniontools.com/products/",0,,,0,"Union Tools",149,,Enabled,"Catalog, Search",Taxable Goods,Yes,No,"Union Tools 6 Cubic Foot Steel Wheelbarrow","<li>6 cubic foot capacity</li><li>
Seamless steel tray</li><li>
16 inch tubed tire</li><li>
60 inch seal coated hardwood handles</li>","With 6 cubic feet of hauling capacity, this UnionTools&reg; wheelbarrow is ideal for homeowners, landscapers and light construction work. The 6 cubic foot seamless steel tray is plenty tough and will provide years of service. Around the house or on the job, this is the right wheelbarrow for the job.
","","Union Tools 6 Cubic Foot Steel Wheelbarrow","6 Cubic Foot Steel Wheelbarrow",,,,,,,,1,0,1,0,0,1,1,1,0,1,1,,,1,0,1,0,1,0,1,0,,0,simple,,
admin,base,Default,simple,"28300","Wheelbarrows",12515,"UT 77306",,"6 Cubic Foot Steel Wheelbarrow with Knobby Tire","","6 Cubic Foot Steel Wheelbarrow with Knobby Tire","Union Tools 6 Cubic Foot Steel Wheelbarrow with Knobby Tire",/\U\T\Union-Tools-6-Cubic-Foot-Steel-Wheelbarrow-with-Knobby- 1.jpg,/\U\T\Union-Tools-6-Cubic-Foot-Steel-Wheelbarrow-with-Knobby- 1.jpg,http://www.48ws.com/images/product/U/T/Union-Tools-6-Cubic-Foot-Steel-Wheelbarrow-with-Knobby- 1.jpg,union-tools-UT-77306-,union-tools-UT-77306-,,No layout updates.,Block after Info Column,,"6 Cubic Foot Steel Wheelbarrow with Knobby Tire","6 Cubic Foot Steel Wheelbarrow with Knobby Tire",Use config,"http://www.uniontools.com/products/",0,,,0,"Union Tools",149,,Enabled,"Catalog, Search",Taxable Goods,Yes,No,"Union Tools 6 Cubic Foot Steel Wheelbarrow with Knobby Tire","<li>6 cubic foot capacity</li><li>
Seamless steel tray</li><li>
16 inch tubed knobby tire</li><li>
60 inch seal coated hardwood handles</li>","With 6 cubic feet of hauling capacity, this UnionTools&reg; wheelbarrow is ideal for homeowners, landscapers and light construction work. The 6 cubic foot seamless steel tray is plenty tough and will provide years of service. Around the house or on the job, this is the right wheelbarrow for the job.
","","Union Tools 6 Cubic Foot Steel Wheelbarrow with Knobby Tire","6 Cubic Foot Steel Wheelbarrow with Knobby Tire",,,,,,,,1,0,1,0,0,1,1,1,0,1,1,,,1,0,1,0,1,0,1,0,,0,simple,,
admin,base,Default,simple,"28300","Wheelbarrows",12516,"UT 77000",,"6 Cubic Foot Steel Wheelbarrow with Steel Handles","","6 Cubic Foot Steel Wheelbarrow with Steel Handles","Union Tools 6 Cubic Foot Steel Wheelbarrow with Steel Handles",/\U\T\Union-Tools-6-Cubic-Foot-Steel-Wheelbarrow-with-Steel- 1.jpg,/\U\T\Union-Tools-6-Cubic-Foot-Steel-Wheelbarrow-with-Steel- 1.jpg,http://www.48ws.com/images/product/U/T/Union-Tools-6-Cubic-Foot-Steel-Wheelbarrow-with-Steel- 1.jpg,union-tools-UT-77000-,union-tools-UT-77000-,,No layout updates.,Block after Info Column,,"6 Cubic Foot Steel Wheelbarrow with Steel Handles","6 Cubic Foot Steel Wheelbarrow with Steel Handles",Use config,"http://www.uniontools.com/products/",0,,,0,"Union Tools",149,,Enabled,"Catalog, Search",Taxable Goods,Yes,No,"Union Tools 6 Cubic Foot Steel Wheelbarrow with Steel Handles","<li>6 cubic foot capacity</li><li>
Seamless steel tray</li><li>
16 inch tubed tire</li><li>
60 inch steel handles</li>","With 6 cubic feet of hauling capacity, this UnionTools&reg; wheelbarrow is ideal for homeowners, landscapers and light construction work. This 6 cubic foot seamless steel tray is plenty tough and will provide years of service. Around the house or on the job, this is the right wheelbarrow for the job.
","","Union Tools 6 Cubic Foot Steel Wheelbarrow with Steel Handles","6 Cubic Foot Steel Wheelbarrow with Steel Handles",,,,,,,,1,0,1,0,0,1,1,1,0,1,1,,,1,0,1,0,1,0,1,0,,0,simple,,
admin,base,Default,simple,"822|23983|28295","Forks and Rakes|Landscape and Bow Rakes|Rental Forks and Rakes",12517,"UT 63131",,"UnionPro 16-tine Bow Rake with Fiberglass Handle","","UnionPro 16-tine Bow Rake with Fiberglass Handle","Union Tools UnionPro 16-tine Bow Rake with Fiberglass Handle",/\U\T\Union-Tools-UnionPro-16-tine-Bow-Rake-with-Fiberglass.jpg,/\U\T\Union-Tools-UnionPro-16-tine-Bow-Rake-with-Fiberglass.jpg,http://www.48ws.com/images/product/U/T/Union-Tools-UnionPro-16-tine-Bow-Rake-with-Fiberglass.jpg,Union-Tools-UnionPro-16-tine-Bow-Rake-with-Fiberglass-Handle,Union-Tools-UnionPro-16-tine-Bow-Rake-with-Fiberglass-Handle,,No layout updates.,Block after Info Column,,"UnionPro 16-tine Bow Rake with Fiberglass Handle","UnionPro 16-tine Bow Rake with Fiberglass Handle",Use config,"http://www.uniontools.com/products/detail.aspx?ProductId=1896&FamilyId=389&LineId=388",0,,,0,"Union Tools",149,,Enabled,"Catalog, Search",Taxable Goods,Yes,No,"Union Tools UnionPro 16-tine Bow Rake with Fiberglass Handle","<li>Welded 16-tine tempered-steel head</li><li>
54-inch fiberglass handle for strength and durability</li><li>
Steel ferrule for strongest blade and handle connection</li><li>
Multi-purpose tool ideal for raking and leveling</li>","This bow rake is a multi-purpose tool that is an essential part of any tool assortment. It's perfect for loosening or breaking up compacted soil, spreading mulch or other material evenly and leveling areas before planting. It can also be used to collect leaves, hay, grass or other garden debris.
","","Union Tools UnionPro 16-tine Bow Rake with Fiberglass Handle","UnionPro 16-tine Bow Rake with Fiberglass Handle",,,,,,,,1,0,1,0,0,1,1,1,0,1,1,,,1,0,1,0,1,0,1,0,,0,simple,,
admin,base,Default,simple,"822|23983|28295","Forks and Rakes|Landscape and Bow Rakes|Rental Forks and Rakes",12518,"UT 63110",,"14-curved tine Level Rake","","14-curved tine Level Rake","Union Tools 14-curved tine Level Rake",/\U\T\Union-Tools-14-curved-tine-Level.jpg,/\U\T\Union-Tools-14-curved-tine-Level.jpg,http://www.48ws.com/images/product/U/T/Union-Tools-14-curved-tine-Level.jpg,Union-Tools-14-curved-tine-Level-Rake,Union-Tools-14-curved-tine-Level-Rake,,No layout updates.,Block after Info Column,,"14-curved tine Level Rake","14-curved tine Level Rake",Use config,"http://www.uniontools.com/products/detail.aspx?ProductId=1890&FamilyId=420&LineId=388",0,,,0,"Union Tools",149,,Enabled,"Catalog, Search",Taxable Goods,Yes,No,"Union Tools 14-curved tine Level Rake","<li>Forged 14-tine head</li><li>
Mid-grip sleeve provides extra grip and cushioning</li><li>
Fiberglass handle is stronger than wood</li><li>
Strong head connection for years of use</li>","The UnionTools level rake is designed to level materials, including gravel and soil . The one piece forged steel tines work hard to spread the material evenly. It is a medium-duty rake that is great for contractor and professional use, as well as serious homeowners.
","","Union Tools 14-curved tine Level Rake","14-curved tine Level Rake",,,,,,,,1,0,1,0,0,1,1,1,0,1,1,,,1,0,1,0,1,0,1,0,,0,simple,,
admin,base,Default,simple,"822|23983|28295","Forks and Rakes|Landscape and Bow Rakes|Rental Forks and Rakes",12519,"UT 64582",,"24-in Leaf Rake","","24-in Leaf Rake","Union Tools 24-in Leaf Rake",/\U\T\Union-Tools-24-in-Leaf.jpg,/\U\T\Union-Tools-24-in-Leaf.jpg,http://www.48ws.com/images/product/U/T/Union-Tools-24-in-Leaf.jpg,Union-Tools-24-in-Leaf-Rake,Union-Tools-24-in-Leaf-Rake,,No layout updates.,Block after Info Column,,"24-in Leaf Rake","24-in Leaf Rake",Use config,"http://www.uniontools.com/products/detail.aspx?ProductId=1889&SubFamilyId=417&FamilyId=390&LineId=388",0,,,0,"Union Tools",149,,Enabled,"Catalog, Search",Taxable Goods,Yes,No,"Union Tools 24-in Leaf Rake","<li>24-tine steel head</li><li>
54-inch hardwood handle</li><li>
Coil spring brace for added strength</li><li>
Heavy-duty bolt-through construction</li>","This classic steel tine leaf rake is designed for consumers who want durable tools with high-quality features. It's ideal for thatching and removing lawn clippings or other garden debris. Its sturdy construction makes it a versatile tool that can also be used for weeding, leveling soil and leaf collection.
","","Union Tools 24-in Leaf Rake","24-in Leaf Rake",,,,,,,,1,0,1,0,0,1,1,1,0,1,1,,,1,0,1,0,1,0,1,0,,0,simple,,
admin,base,Default,simple,"822|23983|28295","Forks and Rakes|Landscape and Bow Rakes|Rental Forks and Rakes",12520,"UT 64309",,"24-in Poly Leaf Rake","","24-in Poly Leaf Rake","Union Tools 24-in Poly Leaf Rake",/\U\T\Union-Tools-24-in-Poly-Leaf.jpg,/\U\T\Union-Tools-24-in-Poly-Leaf.jpg,http://www.48ws.com/images/product/U/T/Union-Tools-24-in-Poly-Leaf.jpg,Union-Tools-24-in-Poly-Leaf-Rake,Union-Tools-24-in-Poly-Leaf-Rake,,No layout updates.,Block after Info Column,,"24-in Poly Leaf Rake","24-in Poly Leaf Rake",Use config,"http://www.uniontools.com/products/detail.aspx?ProductId=1902&SubFamilyId=391&FamilyId=390&LineId=388",0,,,0,"Union Tools",149,,Enabled,"Catalog, Search",Taxable Goods,Yes,No,"Union Tools 24-in Poly Leaf Rake","<li>24-inch head</li><li>
48-inch North American ash handle for strength and durability</li><li>
Premium polypropylene tines retain their shape</li><li>
Ribbed construction provides additional rigidity and strength</li>","Ideal for large yards and big jobs, this UnionTools leaf rake quickly and efficiently collects leaves, grass clippings, twigs, pine needles and acorns. The poly tines resist cracking while retaining their shape, even after continual usage. The rake's lightweight materials minimize fatigue and reduce back strain.
","","Union Tools 24-in Poly Leaf Rake","24-in Poly Leaf Rake",,,,,,,,1,0,1,0,0,1,1,1,0,1,1,,,1,0,1,0,1,0,1,0,,0,simple,,
admin,base,Default,simple,"28300","Wheelbarrows",12521,"M6FFBB",,"Jackson 6 Cubic Foot Steel Contractor Wheelbarrow with Flat Free Tire","","Jackson 6 Cubic Foot Steel Contractor Wheelbarrow with Flat Free Tire","Jackson 6 Cubic Foot Steel Contractor Wheelbarrow with Flat Free Tire",/\M\6\Jackson-6-Cubic-Foot-Steel-Contractor-Wheelbarrow-with-Flat- 1.jpg,/\M\6\Jackson-6-Cubic-Foot-Steel-Contractor-Wheelbarrow-with-Flat- 1.jpg,http://www.48ws.com/images/product/M/6/Jackson-6-Cubic-Foot-Steel-Contractor-Wheelbarrow-with-Flat- 1.jpg,union-tools-M6FFBB-,union-tools-M6FFBB-,,No layout updates.,Block after Info Column,,"Jackson 6 Cubic Foot Steel Contractor Wheelbarrow with Flat Free Tire","Jackson 6 Cubic Foot Steel Contractor Wheelbarrow with Flat Free Tire",Use config,"http://www.jacksonprofessional.com/products/detail.aspx?ProductId=631&SubFamilyId=270&FamilyId=269&LineId=34",0,,,0,"Union Tools",149,,Enabled,"Catalog, Search",Taxable Goods,Yes,No,"Jackson 6 Cubic Foot Steel Contractor Wheelbarrow with Flat Free Tire","<li>6 cubic foot capacity, heavy duty steel tray</li><li>
Patented leg stabilizers make wheelbarrow 40% more tip-resistant</li><li>
16 inch flat free tire with ball bearings</li><li>
60 inch heavy duty wood handles</li>","Jackson&reg; wheelbarrows are the professionals' choice for superior quality, value and performance. Heavy duty steel trays, professional grade steel undercarriages and strong hardwood handles add up to the toughest, most dependable wheelbarrows on the jobsite. Don't compromise, choose Jackson and get the job done.
","","Jackson 6 Cubic Foot Steel Contractor Wheelbarrow with Flat Free Tire","Jackson 6 Cubic Foot Steel Contractor Wheelbarrow with Flat Free Tire",,,,,,,,1,0,1,0,0,1,1,1,0,1,1,,,1,0,1,0,1,0,1,0,,0,simple,,
admin,base,Default,simple,"28300","Wheelbarrows",12522,"M6SNTFFKB",,"Jackson 6 Cubic Foot Steel Narrow Tray Contractor Wheelbarrow with Knobby Flat Free Tire","","Jackson 6 Cubic Foot Steel Narrow Tray Contractor Wheelbarrow with Knobby Flat Free Tire","Jackson 6 Cubic Foot Steel Narrow Tray Contractor Wheelbarrow with Knobby Flat Free Tire",/\M\6\Jackson-6-Cubic-Foot-Steel-Narrow-Tray-Contractor- 1.jpg,/\M\6\Jackson-6-Cubic-Foot-Steel-Narrow-Tray-Contractor- 1.jpg,http://www.48ws.com/images/product/M/6/Jackson-6-Cubic-Foot-Steel-Narrow-Tray-Contractor- 1.jpg,union-tools-M6SNTFFKB-,union-tools-M6SNTFFKB-,,No layout updates.,Block after Info Column,,"Jackson 6 Cubic Foot Steel Narrow Tray Contractor Wheelbarrow with Knobby Flat Free Tire","Jackson 6 Cubic Foot Steel Narrow Tray Contractor Wheelbarrow with Knobby Flat Free Tire",Use config,"http://www.jacksonprofessional.com/not-found.aspx",0,,,0,"Union Tools",149,,Enabled,"Catalog, Search",Taxable Goods,Yes,No,"Jackson 6 Cubic Foot Steel Narrow Tray Contractor Wheelbarrow with Knobby Flat Free Tire","<li>6 cubic foot capacity, heavy duty narrow steel tray</li><li>
Patented leg stabilizers make wheelbarrow 40% more tip-resistant</li><li>
16 inch flat free knobby tire with ball bearings</li><li>
Heavy duty tubular steel handles</li>","Jackson&reg; wheelbarrows are the professionals' choice for superior quality, value and performance. The M6SNT features a heavy duty, narrow steel tray. It's ideal for fitting through gates and doorways.
","","Jackson 6 Cubic Foot Steel Narrow Tray Contractor Wheelbarrow with Knobby Flat Free Tire","Jackson 6 Cubic Foot Steel Narrow Tray Contractor Wheelbarrow with Knobby Flat Free Tire",,,,,,,,1,0,1,0,0,1,1,1,0,1,1,,,1,0,1,0,1,0,1,0,,0,simple,,
admin,base,Default,simple,"28300","Wheelbarrows",12523,"M6SBB",,"Jackson 6 Cubic Foot Steel Contractor Wheelbarrow with Steel Handles","","Jackson 6 Cubic Foot Steel Contractor Wheelbarrow with Steel Handles","Jackson 6 Cubic Foot Steel Contractor Wheelbarrow with Steel Handles",/\M\6\Jackson-6-Cubic-Foot-Steel-Contractor-Wheelbarrow-with- 1.jpg,/\M\6\Jackson-6-Cubic-Foot-Steel-Contractor-Wheelbarrow-with- 1.jpg,http://www.48ws.com/images/product/M/6/Jackson-6-Cubic-Foot-Steel-Contractor-Wheelbarrow-with- 1.jpg,union-tools-M6SBB-,union-tools-M6SBB-,,No layout updates.,Block after Info Column,,"Jackson 6 Cubic Foot Steel Contractor Wheelbarrow with Steel Handles","Jackson 6 Cubic Foot Steel Contractor Wheelbarrow with Steel Handles",Use config,"http://www.jacksonprofessional.com/products/detail.aspx?ProductId=859&SubFamilyId=270&FamilyId=269&LineId=34",0,,,0,"Union Tools",149,,Enabled,"Catalog, Search",Taxable Goods,Yes,No,"Jackson 6 Cubic Foot Steel Contractor Wheelbarrow with Steel Handles","<li>6 cubic foot capacity, heavy duty steel tray</li><li>
Patented leg stabilizers make wheelbarrow 40% more tip-resistant</li><li>
16 inch flat free tire with ball bearings</li><li>
60 inch heavy duty steel handles</li>","Jackson&reg; wheelbarrows are the professionals' choice for superior quality, value and performance. Heavy duty steel trays, professional grade steel undercarriages and strong hardwood handles add up to the toughest, most dependable wheelbarrows on the jobsite. Don't compromise, choose Jackson and get the job done.
","","Jackson 6 Cubic Foot Steel Contractor Wheelbarrow with Steel Handles","Jackson 6 Cubic Foot Steel Contractor Wheelbarrow with Steel Handles",,,,,,,,1,0,1,0,0,1,1,1,0,1,1,,,1,0,1,0,1,0,1,0,,0,simple,,
admin,base,Default,simple,"821|21709|28294","Picks and Handles|Axes | Hatchets | Splitting Wedges|Rental Picks and Handles",12524,"UT 30136",,"Razor-Back Cutter Mattock (head only)","","Razor-Back Cutter Mattock (head only)","Razor-Back Cutter Mattock (head only)",/\U\T\Razor-Back-Cutter-Mattock-head- 1.jpg,/\U\T\Razor-Back-Cutter-Mattock-head- 1.jpg,http://www.48ws.com/images/product/U/T/Razor-Back-Cutter-Mattock-head- 1.jpg,Razor-Back-Cutter-Mattock-head-only,Razor-Back-Cutter-Mattock-head-only,,No layout updates.,Block after Info Column,,"Razor-Back Cutter Mattock (head only)","Razor-Back Cutter Mattock (head only)",Use config,"http://www.razorbackprofessional.com/products/",0,,,0,"Union Tools",149,,Enabled,"Catalog, Search",Taxable Goods,Yes,No,"Razor-Back Cutter Mattock (head only)","<li>Ideal for digging trenches, breaking up hard soil, and cutting roots</li><li>
5-pound forged steel head for durability and safety when fracturing compacted soil</li><li>
Features two heads of metal, one end hole blade, one end cutter.</li><li>
The handle is not included, uses a standard #6 pick/mattock handle</li>","This cutter mattock head is made from forged steel and features two heads of metal, one end hoe blade and one end cutter blade. The forged steel structure ensures ultimate durability and safety. This 5-pound head endures the constant pounding from digging up roots and breaking hardened soil.
","","Razor-Back Cutter Mattock (head only)","Razor-Back Cutter Mattock (head only)",,,,,,,,1,0,1,0,0,1,1,1,0,1,1,,,1,0,1,0,1,0,1,0,,0,simple,,
admin,base,Default,simple,"821|21709|28294","Picks and Handles|Axes | Hatchets | Splitting Wedges|Rental Picks and Handles",12525,"UT 30134",,"Razor-Back Pick Mattock (head only)","","Razor-Back Pick Mattock (head only)","Razor-Back Pick Mattock (head only)",/\U\T\Razor-Back-Pick-Mattock-head.jpg,/\U\T\Razor-Back-Pick-Mattock-head.jpg,http://www.48ws.com/images/product/U/T/Razor-Back-Pick-Mattock-head.jpg,Razor-Back-Pick-Mattock-head-only,Razor-Back-Pick-Mattock-head-only,,No layout updates.,Block after Info Column,,"Razor-Back Pick Mattock (head only)","Razor-Back Pick Mattock (head only)",Use config,"http://www.razorbackprofessional.com/products/",0,,,0,"Union Tools",149,,Enabled,"Catalog, Search",Taxable Goods,Yes,No,"Razor-Back Pick Mattock (head only)","<li>Ideal for digging trenches, breaking up hard soil, and cutting roots</li><li>
5-pound forged steel head for durability and safety when fracturing compacted soil</li><li>
Features two heads of metal, one end hole blade, one end pick point</li><li>
The handle is not included, uses a standard #6 pick/mattock handle</li>","This pick mattock head is made from forged steel and features two heads of metal, one end hoe blade and one end pick point. The forged steel structure ensures ultimate durability and safety. This 5-pound head endures the constant pounding from digging up roots and breaking hardened soil.
","","Razor-Back Pick Mattock (head only)","Razor-Back Pick Mattock (head only)",,,,,,,,1,0,1,0,0,1,1,1,0,1,1,,,1,0,1,0,1,0,1,0,,0,simple,,
admin,base,Default,simple,"821|21709|28294","Picks and Handles|Axes | Hatchets | Splitting Wedges|Rental Picks and Handles",12526,"UT 30140",,"Razor-Back Rail Pick (head only)","","Razor-Back Rail Pick (head only)","Razor-Back Rail Pick (head only)",/\U\T\Razor-Back-Rail-Pick-head.jpg,/\U\T\Razor-Back-Rail-Pick-head.jpg,http://www.48ws.com/images/product/U/T/Razor-Back-Rail-Pick-head.jpg,Razor-Back-Rail-Pick-head-only,Razor-Back-Rail-Pick-head-only,,No layout updates.,Block after Info Column,,"Razor-Back Rail Pick (head only)","Razor-Back Rail Pick (head only)",Use config,"http://www.razorbackprofessional.com/products/",0,,,0,"Union Tools",149,,Enabled,"Catalog, Search",Taxable Goods,Yes,No,"Razor-Back Rail Pick (head only)","<li>Ideal for breaking up hard, rocky soil</li><li>
6-pound drop- forged steel head for durability and safety when fracturing compacted soil</li><li>
Features two heads of metal, one end chisel , one end pick point</li><li>
The handle is not included, uses a standard #6 pick/mattock handle</li>","The rail pick head is made from forged steel and features two heads of metal, one end chisel point and one end pick point. The forged steel structure ensures ultimate durability and safety. This 6-pound head endures the constant pounding from breaking hardened up hard, rocky soil.
","","Razor-Back Rail Pick (head only)","Razor-Back Rail Pick (head only)",,,,,,,,1,0,1,0,0,1,1,1,0,1,1,,,1,0,1,0,1,0,1,0,,0,simple,,
admin,base,Default,simple,"825|21886|28298","Bars|Nail Pullers, Wrecking and Pry Bars|Rental Bars",12527,"UT 30670",,"Razor-Back 69-in Posthole Digger/Tamping Bar","","Razor-Back 69-in Posthole Digger/Tamping Bar","Razor-Back 69-in Posthole Digger/Tamping Bar",/\U\T\Razor-Back-69-in-Posthole-DiggerTamping.jpg,/\U\T\Razor-Back-69-in-Posthole-DiggerTamping.jpg,http://www.48ws.com/images/product/U/T/Razor-Back-69-in-Posthole-DiggerTamping.jpg,Razor-Back-69-in-Posthole-DiggerTamping-Bar,Razor-Back-69-in-Posthole-DiggerTamping-Bar,,No layout updates.,Block after Info Column,,"Razor-Back 69-in Posthole Digger/Tamping Bar","Razor-Back 69-in Posthole Digger/Tamping Bar",Use config,"http://www.razorbackprofessional.com/products/",0,,,0,"Union Tools",149,,Enabled,"Catalog, Search",Taxable Goods,Yes,No,"Razor-Back 69-in Posthole Digger/Tamping Bar","<li>Posthole Digger/Tamper bar, 17-pounds</li><li>
Great for clearing rocks and roots from postholes and ditches</li><li>
Forged carbon steel construction</li><li>
72- inch length for additional leverage</li>","The Posthole Digger/Tamping bar is 72 inches in length and weighs 17 pounds. This multifunctional bar is forged carbon steel. This tool is made of high quality material that provides durability for clearing rocks and roots from postholes and ditches.
","","Razor-Back 69-in Posthole Digger/Tamping Bar","Razor-Back 69-in Posthole Digger/Tamping Bar",,,,,,,,1,0,1,0,0,1,1,1,0,1,1,,,1,0,1,0,1,0,1,0,,0,simple,,
admin,base,Default,simple,"825|21886|28298","Bars|Nail Pullers, Wrecking and Pry Bars|Rental Bars",12528,"UT 30666",,"Razor-Back 72-in San Angelo Bar","","Razor-Back 72-in San Angelo Bar","Razor-Back 72-in San Angelo Bar",/\U\T\Razor-Back-72-in-San-Angelo.jpg,/\U\T\Razor-Back-72-in-San-Angelo.jpg,http://www.48ws.com/images/product/U/T/Razor-Back-72-in-San-Angelo.jpg,Razor-Back-72-in-San-Angelo-Bar,Razor-Back-72-in-San-Angelo-Bar,,No layout updates.,Block after Info Column,,"Razor-Back 72-in San Angelo Bar","Razor-Back 72-in San Angelo Bar",Use config,"http://www.razorbackprofessional.com/products/detail.aspx?ProductId=227&FamilyId=138&LineId=136",0,,,0,"Union Tools",149,,Enabled,"Catalog, Search",Taxable Goods,Yes,No,"Razor-Back 72-in San Angelo Bar","<li>San Angelo bar, 17-pounds</li><li>
Great for clearing rocks and roots from postholes and ditches</li><li>
Dropped-forged, heat treated carbon steel</li><li>
72-inch length shaft for added leverage</li>","The San Angelo bar by Razor-Back is 72 inches long and weighs 17 pounds. This heavy-duty San Angelo bar is drop-forged, heat treated carbon steel. This tool is made of quality material that provides for strength for clearing rocks and roots from postholes and ditches.
","","Razor-Back 72-in San Angelo Bar","Razor-Back 72-in San Angelo Bar",,,,,,,,1,0,1,0,0,1,1,1,0,1,1,,,1,0,1,0,1,0,1,0,,0,simple,,
admin,base,Default,simple,"825|21886|28298","Bars|Nail Pullers, Wrecking and Pry Bars|Rental Bars",12529,"UT 30650",,"Razor-Back 60-in Pitch Point Bar","","Razor-Back 60-in Pitch Point Bar","Razor-Back 60-in Pitch Point Bar",/\U\T\Razor-Back-60-in-Pitch-Point.jpg,/\U\T\Razor-Back-60-in-Pitch-Point.jpg,http://www.48ws.com/images/product/U/T/Razor-Back-60-in-Pitch-Point.jpg,Razor-Back-60-in-Pitch-Point-Bar,Razor-Back-60-in-Pitch-Point-Bar,,No layout updates.,Block after Info Column,,"Razor-Back 60-in Pitch Point Bar","Razor-Back 60-in Pitch Point Bar",Use config,"http://www.razorbackprofessional.com/products/",0,,,0,"Union Tools",149,,Enabled,"Catalog, Search",Taxable Goods,Yes,No,"Razor-Back 60-in Pitch Point Bar","<li>Utilized to pry and move heavy objects</li><li>
Made of high carbon steel for strength</li><li>
High quality 60 inch length shaft for leverage to complete levering and demolition jobs</li><li>
High performance tool that weighs 18-pounds</li>
","The pinch point bar lifts and moves heavy objects. This heavy-duty pinch point bar is drop-forged, heat treated carbon steel for strength for prying, levering, and demolition jobs. This tool has a 60-inch length shaft for added leverage to withstand the industrial use.
","","Razor-Back 60-in Pitch Point Bar","Razor-Back 60-in Pitch Point Bar",,,,,,,,1,0,1,0,0,1,1,1,0,1,1,,,1,0,1,0,1,0,1,0,,0,simple,,
admin,base,Default,simple,"825|21886|28298","Bars|Nail Pullers, Wrecking and Pry Bars|Rental Bars",12530,"UT 30640",,"Razor-Back 48-in Gooseneck Wrecking Bar","","Razor-Back 48-in Gooseneck Wrecking Bar","Razor-Back 48-in Gooseneck Wrecking Bar",/\U\T\Razor-Back-48-in-Gooseneck-Wrecking.jpg,/\U\T\Razor-Back-48-in-Gooseneck-Wrecking.jpg,http://www.48ws.com/images/product/U/T/Razor-Back-48-in-Gooseneck-Wrecking.jpg,Razor-Back-48-in-Gooseneck-Wrecking-Bar,Razor-Back-48-in-Gooseneck-Wrecking-Bar,,No layout updates.,Block after Info Column,,"Razor-Back 48-in Gooseneck Wrecking Bar","Razor-Back 48-in Gooseneck Wrecking Bar",Use config,"http://www.razorbackprofessional.com/products/",0,,,0,"Union Tools",149,,Enabled,"Catalog, Search",Taxable Goods,Yes,No,"Razor-Back 48-in Gooseneck Wrecking Bar","<li>Perfect for demolition jobs and pulling nails and spikes</li><li>
Made of hex steel bar stock</li><li>
High performance 48-inch length shaft to complete small wrecking jobs</li><li>
Claw for pulling nails at one end and a slight bend for prying at the other end</li>","The gooseneck wrecking bar is made of hex steel bar and is ideal for demolition for construction projects. This tool has claw for pulling nails at one end and a slight bend for prying at the other end. It also has a 48-inch length shaft for leverage to complete small wrecking jobs.
","","Razor-Back 48-in Gooseneck Wrecking Bar","Razor-Back 48-in Gooseneck Wrecking Bar",,,,,,,,1,0,1,0,0,1,1,1,0,1,1,,,1,0,1,0,1,0,1,0,,0,simple,,
admin,base,Default,simple,"825|21886|28298","Bars|Nail Pullers, Wrecking and Pry Bars|Rental Bars",12531,"UT 30638",,"Razor-Back 36.5-in Wrecking Bar","","Razor-Back 36.5-in Wrecking Bar","Razor-Back 36.5-in Wrecking Bar",/\U\T\Razor-Back-365-in-Wrecking.jpg,/\U\T\Razor-Back-365-in-Wrecking.jpg,http://www.48ws.com/images/product/U/T/Razor-Back-365-in-Wrecking.jpg,Razor-Back-365-in-Wrecking-Bar,Razor-Back-365-in-Wrecking-Bar,,No layout updates.,Block after Info Column,,"Razor-Back 36.5-in Wrecking Bar","Razor-Back 36.5-in Wrecking Bar",Use config,"http://www.razorbackprofessional.com/products/",0,,,0,"Union Tools",149,,Enabled,"Catalog, Search",Taxable Goods,Yes,No,"Razor-Back 36.5-in Wrecking Bar","<li>Perfect for demolition jobs and pulling nails and spikes</li><li>
Made of high carbon steel for strength</li><li>
36-inch length shaft for additional leverage</li><li>
Claw for pulling nails at one end and a slight bend for prying at the other end</li>","The wrecking bar is made of high carbon steel for strength. It is ideal for demolition jobs and pulling nails and spikes. This tool has a claw for pulling nails at one end and a slight bend for prying at the other end. It also has a 36-inch length shaft for additional leverage.
","","Razor-Back 36.5-in Wrecking Bar","Razor-Back 36.5-in Wrecking Bar",,,,,,,,1,0,1,0,0,1,1,1,0,1,1,,,1,0,1,0,1,0,1,0,,0,simple,,
admin,base,Default,simple,"825|21886|28298","Bars|Nail Pullers, Wrecking and Pry Bars|Rental Bars",12532,"UT 30632",,"Razor-Back 18.75-in Wrecking Bar","","Razor-Back 18.75-in Wrecking Bar","Razor-Back 18.75-in Wrecking Bar",/\U\T\Razor-Back-1875-in-Wrecking.jpg,/\U\T\Razor-Back-1875-in-Wrecking.jpg,http://www.48ws.com/images/product/U/T/Razor-Back-1875-in-Wrecking.jpg,Razor-Back-1875-in-Wrecking-Bar,Razor-Back-1875-in-Wrecking-Bar,,No layout updates.,Block after Info Column,,"Razor-Back 18.75-in Wrecking Bar","Razor-Back 18.75-in Wrecking Bar",Use config,"http://www.razorbackprofessional.com/products/",0,,,0,"Union Tools",149,,Enabled,"Catalog, Search",Taxable Goods,Yes,No,"Razor-Back 18.75-in Wrecking Bar","<li>Perfect for demolition jobs and pulling nails and spikes</li><li>
Made of high carbon steel for strength</li><li>
18-inch length for extra leverage</li><li>
Wrecking bar has a claw for pulling nails at one end and a slight bend for prying at the other end</li>","The wrecking bar is made of high carbon steel for strength. It is ideal for demolition jobs and pulling nails and spikes. This tool has a claw for pulling nails at one end and a slight bend for prying at the other end. It also has a 18-inch length for extra leverage.
","","Razor-Back 18.75-in Wrecking Bar","Razor-Back 18.75-in Wrecking Bar",,,,,,,,1,0,1,0,0,1,1,1,0,1,1,,,1,0,1,0,1,0,1,0,,0,simple,,
admin,base,Default,simple,"825|21886|28298","Bars|Nail Pullers, Wrecking and Pry Bars|Rental Bars",12533,"UT 30634",,"Razor-Back 24-in Wrecking Bar","","Razor-Back 24-in Wrecking Bar","Razor-Back 24-in Wrecking Bar",/\U\T\Razor-Back-24-in-Wrecking.jpg,/\U\T\Razor-Back-24-in-Wrecking.jpg,http://www.48ws.com/images/product/U/T/Razor-Back-24-in-Wrecking.jpg,Razor-Back-24-in-Wrecking-Bar,Razor-Back-24-in-Wrecking-Bar,,No layout updates.,Block after Info Column,,"Razor-Back 24-in Wrecking Bar","Razor-Back 24-in Wrecking Bar",Use config,"http://www.razorbackprofessional.com/products/",0,,,0,"Union Tools",149,,Enabled,"Catalog, Search",Taxable Goods,Yes,No,"Razor-Back 24-in Wrecking Bar","<li>Perfect for demolition jobs and pulling nails and spikes</li><li>
Made of high carbon steel for strength</li><li>
24-inch length shaft for extra leverage</li><li>
Claw for pulling nails at one end and a slight bend for prying at the other end</li>","The wrecking bar is made of high carbon steel for strength. It is ideal for demolition jobs and pulling nails and spikes. This tool has a claw for pulling nails at one end and a slight bend for prying at the other end, It also has a 24-inch length shaft for additional leverage.
","","Razor-Back 24-in Wrecking Bar","Razor-Back 24-in Wrecking Bar",,,,,,,,1,0,1,0,0,1,1,1,0,1,1,,,1,0,1,0,1,0,1,0,,0,simple,,
admin,base,Default,simple,"2617|27943","Standard Shovels|Square Point Shovels",12808,"UT 40184",,"Square Point Shovel with Open-back","","Square Point Shovel with Open-back","Union Tools Square Point Shovel with Open-back",/\U\T\Union-Tools-Square-Point-Shovel-with-Open.jpg,/\U\T\Union-Tools-Square-Point-Shovel-with-Open.jpg,http://www.48ws.com/images/product/U/T/Union-Tools-Square-Point-Shovel-with-Open.jpg,Union-Tools-Square-Point-Shovel-with-Open-back,Union-Tools-Square-Point-Shovel-with-Open-back,,No layout updates.,Block after Info Column,,"Square Point Shovel with Open-back","Square Point Shovel with Open-back",Use config,"http://www.uniontools.com/products/detail.aspx?ProductId=1924&SubFamilyId=424&FamilyId=423&LineId=398",0,,,0,"Union Tools",149,,Enabled,"Catalog, Search",Taxable Goods,Yes,No,"Union Tools Square Point Shovel with Open-back","<li>48-inch sturdy, stained North American ash handle for long life</li><li>
Industrial gauge open-back blade</li><li>
Forward turned-step for secure foot placement</li><li>
9-inch socket for stronger connection between handle and blade</li>","The Union Tools long-handle square point shovel has so many uses that it's an essential part of any tool assortment. It's perfect for moving loose garden material, sand, top soil or debris. It can also be used to shape beds, mix concrete, level off areas that need to be flat or to scrape stubborn material off driveways or other hard surfaces.
","","Union Tools Square Point Shovel with Open-back","Square Point Shovel with Open-back",,,,,,,,1,0,1,0,0,1,1,1,0,1,1,,,1,0,1,0,1,0,1,0,,0,simple,,
admin,base,Default,simple,"2617|24000","Standard Shovels|Spade Shovels",12809,"UT 45519",,"Razor-Back Round Point Shovel with Rolled Step Open-back and Dual Rivet","","Razor-Back Round Point Shovel with Rolled Step Open-back and Dual Rivet","Razor-Back Round Point Shovel with Rolled Step Open-back and Dual Rivet",/\U\T\Razor-Back-Round-Point-Shovel-with-Rolled-Step-Open-back.jpg,/\U\T\Razor-Back-Round-Point-Shovel-with-Rolled-Step-Open-back.jpg,http://www.48ws.com/images/product/U/T/Razor-Back-Round-Point-Shovel-with-Rolled-Step-Open-back.jpg,Razor-Back-Round-Point-Shovel-with-Rolled-Step-Open-back-and-Dual-Rivet,Razor-Back-Round-Point-Shovel-with-Rolled-Step-Open-back-and-Dual-Rivet,,No layout updates.,Block after Info Column,,"Razor-Back Round Point Shovel with Rolled Step Open-back and Dual Rivet","Razor-Back Round Point Shovel with Rolled Step Open-back and Dual Rivet",Use config,"http://www.razorbackprofessional.com/products/detail.aspx?ProductId=1469&SubFamilyId=165&FamilyId=139&LineId=124",0,,,0,"Union Tools",149,,Enabled,"Catalog, Search",Taxable Goods,Yes,No,"Razor-Back Round Point Shovel with Rolled Step Open-back and Dual Rivet","<li>Ideal for digging and excavation in various soils</li><li>
Largest open-back industrial gauge tempered steel blade with rolled step</li><li>
11-inch extended tab socket reduces handle breakage</li><li>
Premium 48-inch Northern White Ash handle</li>","The Razor-Back round point shovel is tough enough to dig in the hardest, rockiest soil. It features a heavy duty, open back, industrial gauge, steel blade. Blade comes with a rolled shoulder step. The open-back blade fits the premium 48-inch white ash handle for strength.
","","Razor-Back Round Point Shovel with Rolled Step Open-back and Dual Rivet","Razor-Back Round Point Shovel with Rolled Step Open-back and Dual Rivet",,,,,,,,1,0,1,0,0,1,1,1,0,1,1,,,1,0,1,0,1,0,1,0,,0,simple,,
admin,base,Default,simple,"2617|24000","Standard Shovels|Spade Shovels",12810,"UT 45520",,"Razor-Back Round Point Shovel with Open-back and Dual Rivet","","Razor-Back Round Point Shovel with Open-back and Dual Rivet","Razor-Back Round Point Shovel with Open-back and Dual Rivet",/\U\T\Razor-Back-Round-Point-Shovel-with-Open-back-and-Dual.jpg,/\U\T\Razor-Back-Round-Point-Shovel-with-Open-back-and-Dual.jpg,http://www.48ws.com/images/product/U/T/Razor-Back-Round-Point-Shovel-with-Open-back-and-Dual.jpg,Razor-Back-Round-Point-Shovel-with-Open-back-and-Dual-Rivet,Razor-Back-Round-Point-Shovel-with-Open-back-and-Dual-Rivet,,No layout updates.,Block after Info Column,,"Razor-Back Round Point Shovel with Open-back and Dual Rivet","Razor-Back Round Point Shovel with Open-back and Dual Rivet",Use config,"http://www.razorbackprofessional.com/products/detail.aspx?ProductId=1470&SubFamilyId=165&FamilyId=139&LineId=124",0,,,0,"Union Tools",149,,Enabled,"Catalog, Search",Taxable Goods,Yes,No,"Razor-Back Round Point Shovel with Open-back and Dual Rivet","<li>Ideal for digging and excavation in various soils</li><li>
Open-back industrial gauge tempered steel blade with forward turned step</li><li>
Extended tab socket reduces handle breakage</li><li>
Premium 48-inch Northern White Ash handle</li>","The Razor-Back round point shovel is tough enough to dig in the hardest, rockiest soil. It features a heavy duty, open back, industrial gauge, steel blade. Blade comes with a forward turned-step. The open-back blade fits the premium 48-inch white ash handle for strength.
","","Razor-Back Round Point Shovel with Open-back and Dual Rivet","Razor-Back Round Point Shovel with Open-back and Dual Rivet",,,,,,,,1,0,1,0,0,1,1,1,0,1,1,,,1,0,1,0,1,0,1,0,,0,simple,,
admin,base,Default,simple,"2617|24000","Standard Shovels|Spade Shovels",12811,"UT 40191",,"Round Point Shovel","","Round Point Shovel","Union Tools Round Point Shovel",/\U\T\Union-Tools-Round-Point.jpg,/\U\T\Union-Tools-Round-Point.jpg,http://www.48ws.com/images/product/U/T/Union-Tools-Round-Point.jpg,Union-Tools-Round-Point-Shovel,Union-Tools-Round-Point-Shovel,,No layout updates.,Block after Info Column,,"Round Point Shovel","Round Point Shovel",Use config,"http://www.uniontools.com/products/detail.aspx?ProductId=1852&SubFamilyId=412&FamilyId=411&LineId=398",0,,,0,"Union Tools",149,,Enabled,"Catalog, Search",Taxable Goods,Yes,No,"Union Tools Round Point Shovel","<li>Ideal for digging in light, sandy soils</li><li>
9.25-inch by 11.5-inch open back blade</li><li>
48-inch North American ash handle for strength</li><li>
Forward turned step for secure foot placement</li>","The Union Tools round point digging shovel is ideal for digging in sandy and light soils. It features a forward turned step that prevents material build-up. The open-back blade with a 9-inch socket fits the premium 48-inch white ash handle for strength.
","","Union Tools Round Point Shovel","Round Point Shovel",,,,,,,,1,0,1,0,0,1,1,1,0,1,1,,,1,0,1,0,1,0,1,0,,0,simple,,
admin,base,Default,simple,"2617|24000","Standard Shovels|Spade Shovels",12812,"UT 45107",,"Razor-Back Little Hog Round Point Shovel","","Razor-Back Little Hog Round Point Shovel","Razor-Back Little Hog Round Point Shovel",/\U\T\Razor-Back-Little-Hog-Round-Point.jpg,/\U\T\Razor-Back-Little-Hog-Round-Point.jpg,http://www.48ws.com/images/product/U/T/Razor-Back-Little-Hog-Round-Point.jpg,Razor-Back-Little-Hog-Round-Point-Shovel,Razor-Back-Little-Hog-Round-Point-Shovel,,No layout updates.,Block after Info Column,,"Razor-Back Little Hog Round Point Shovel","Razor-Back Little Hog Round Point Shovel",Use config,"http://www.razorbackprofessional.com/products/",0,,,0,"Union Tools",149,,Enabled,"Catalog, Search",Taxable Goods,Yes,No,"Razor-Back Little Hog Round Point Shovel","<li>Tempered carbon steel blade</li><li>
Forward turned-step for secure foot placement</li><li>
18-inch North American ash handle</li><li>
Strong Poly D-grip</li>","Razor-Back is THE name in shovels. This mini-shovel is highly versatile. In warm weather months it is great for small jobs around the lawn and garden such as transplanting small shrubs. In winter, it can serve as a trunk shovel for roadside safety. Regardless of season, its compact design makes for easy storage.
","","Razor-Back Little Hog Round Point Shovel","Razor-Back Little Hog Round Point Shovel",,,,,,,,1,0,1,0,0,1,1,1,0,1,1,,,1,0,1,0,1,0,1,0,,0,simple,,
admin,base,Default,simple,"2617|27943","Standard Shovels|Square Point Shovels",12813,"UT 44101",,"Razor-Back Square Point Shovel with Tab Socket and Rolled-step","","Razor-Back Square Point Shovel with Tab Socket and Rolled-step","Razor-Back Square Point Shovel with Tab Socket and Rolled-step",/\U\T\Razor-Back-Square-Point-Shovel-with-Tab-Socket-and-Rolled.jpg,/\U\T\Razor-Back-Square-Point-Shovel-with-Tab-Socket-and-Rolled.jpg,http://www.48ws.com/images/product/U/T/Razor-Back-Square-Point-Shovel-with-Tab-Socket-and-Rolled.jpg,Razor-Back-Square-Point-Shovel-with-Tab-Socket-and-Rolled-step,Razor-Back-Square-Point-Shovel-with-Tab-Socket-and-Rolled-step,,No layout updates.,Block after Info Column,,"Razor-Back Square Point Shovel with Tab Socket and Rolled-step","Razor-Back Square Point Shovel with Tab Socket and Rolled-step",Use config,"http://www.razorbackprofessional.com/products/detail.aspx?ProductId=231&SubFamilyId=142&FamilyId=141&LineId=124",0,,,0,"Union Tools",149,,Enabled,"Catalog, Search",Taxable Goods,Yes,No,"Razor-Back Square Point Shovel with Tab Socket and Rolled-step","<li>48-inch sturdy, stained North American ash handle for long life</li><li>
Industrial gauge open-back blade</li><li>
Rolled-step helps prevent material build-up</li><li>
Dual rivet, extended tab socket for added strength</li>","Strength and durability make Razor-Back tools the choice of professionals. This sturdy square point shovel is an essential part of any tool assortment. It's perfect for moving loose garden material, sand, top soil or debris. It can also be used to shape beds, mix concrete, level off areas that need to be flat or to scrape stubborn material off driveways or other hard surfaces.
","","Razor-Back Square Point Shovel with Tab Socket and Rolled-step","Razor-Back Square Point Shovel with Tab Socket and Rolled-step",,,,,,,,1,0,1,0,0,1,1,1,0,1,1,,,1,0,1,0,1,0,1,0,,0,simple,,
admin,base,Default,simple,"2617|27943","Standard Shovels|Square Point Shovels",12814,"UT 44124",,"Razor-Back Square Point Shovel with Tab Socket and Forward-turn Step","","Razor-Back Square Point Shovel with Tab Socket and Forward-turn Step","Razor-Back Square Point Shovel with Tab Socket and Forward-turn Step",/\U\T\Razor-Back-Square-Point-Shovel-with-Tab-Socket-and-Forward.jpg,/\U\T\Razor-Back-Square-Point-Shovel-with-Tab-Socket-and-Forward.jpg,http://www.48ws.com/images/product/U/T/Razor-Back-Square-Point-Shovel-with-Tab-Socket-and-Forward.jpg,Razor-Back-Square-Point-Shovel-with-Tab-Socket-and-Forward-turn-Step,Razor-Back-Square-Point-Shovel-with-Tab-Socket-and-Forward-turn-Step,,No layout updates.,Block after Info Column,,"Razor-Back Square Point Shovel with Tab Socket and Forward-turn Step","Razor-Back Square Point Shovel with Tab Socket and Forward-turn Step",Use config,"http://www.razorbackprofessional.com/products/detail.aspx?ProductId=1505&SubFamilyId=142&FamilyId=141&LineId=124",0,,,0,"Union Tools",149,,Enabled,"Catalog, Search",Taxable Goods,Yes,No,"Razor-Back Square Point Shovel with Tab Socket and Forward-turn Step","<li>48-inch sturdy, stained North American ash handle for long life</li><li>
Industrial gauge open-back blade</li><li>
Forward turned-step for secure foot placement</li><li>
Dual rivet, extended tab socket for added strength</li>","Strength and durability make Razor-Back tools the choice of professionals. This sturdy square point shovel is an essential part of any tool assortment. It's perfect for moving loose garden material, sand, top soil or debris. It can also be used to shape beds, mix concrete, level off areas that need to be flat or to scrape stubborn material off driveways or other hard surfaces.
","","Razor-Back Square Point Shovel with Tab Socket and Forward-turn Step","Razor-Back Square Point Shovel with Tab Socket and Forward-turn Step",,,,,,,,1,0,1,0,0,1,1,1,0,1,1,,,1,0,1,0,1,0,1,0,,0,simple,,
admin,base,Default,simple,"2617|23516","Standard Shovels|Swivels",12815,"UT 45161",,"UnionPro Square Point Shovel with Crimp Collar and Fiberglass Handle","","UnionPro Square Point Shovel with Crimp Collar and Fiberglass Handle","Union Tools UnionPro Square Point Shovel with Crimp Collar and Fiberglass Handle",/\U\T\Union-Tools-UnionPro-Square-Point-Shovel-with-Crimp-Collar.jpg,/\U\T\Union-Tools-UnionPro-Square-Point-Shovel-with-Crimp-Collar.jpg,http://www.48ws.com/images/product/U/T/Union-Tools-UnionPro-Square-Point-Shovel-with-Crimp-Collar.jpg,Union-Tools-UnionPro-Square-Point-Shovel-with-Crimp-Collar-and-Fiberglass-Handle,Union-Tools-UnionPro-Square-Point-Shovel-with-Crimp-Collar-and-Fiberglass-Handle,,No layout updates.,Block after Info Column,,"UnionPro Square Point Shovel with Crimp Collar and Fiberglass Handle","UnionPro Square Point Shovel with Crimp Collar and Fiberglass Handle",Use config,"http://www.uniontools.com/products/detail.aspx?ProductId=1851&SubFamilyId=424&FamilyId=423&LineId=398",0,,,0,"Union Tools",149,,Enabled,"Catalog, Search",Taxable Goods,Yes,No,"Union Tools UnionPro Square Point Shovel with Crimp Collar and Fiberglass Handle","<li>Heavy duty, open back, tempered steel blade with forward turned, step</li><li>
48-inch fiberglass handle provides ultimate strength and durability</li><li>
End grip for comfort and control</li><li>
9-inch socket with collar for stronger connection between handle and blade</li>","The Union Tools square point transfer shovel is fit for transferring heavy, rocky materials. It features a heavy-duty open back tempered steel blade with forward turned blade step. The 48-inch fiberglass handle with crimped steel collar for greater handle to socket connection strength. Great tool for personal or professional use.
","","Union Tools UnionPro Square Point Shovel with Crimp Collar and Fiberglass Handle","UnionPro Square Point Shovel with Crimp Collar and Fiberglass Handle",,,,,,,,1,0,1,0,0,1,1,1,0,1,1,,,1,0,1,0,1,0,1,0,,0,simple,,
admin,base,Default,simple,"2617|27943","Standard Shovels|Square Point Shovels",12816,"UT 44363",,"Razor-Back Square Point Shovel with Tab Socket and Closed Back","","Razor-Back Square Point Shovel with Tab Socket and Closed Back","Razor-Back Square Point Shovel with Tab Socket and Closed Back",/\U\T\Razor-Back-Square-Point-Shovel-with-Tab-Socket-and-Closed.jpg,/\U\T\Razor-Back-Square-Point-Shovel-with-Tab-Socket-and-Closed.jpg,http://www.48ws.com/images/product/U/T/Razor-Back-Square-Point-Shovel-with-Tab-Socket-and-Closed.jpg,Razor-Back-Square-Point-Shovel-with-Tab-Socket-and-Closed-Back,Razor-Back-Square-Point-Shovel-with-Tab-Socket-and-Closed-Back,,No layout updates.,Block after Info Column,,"Razor-Back Square Point Shovel with Tab Socket and Closed Back","Razor-Back Square Point Shovel with Tab Socket and Closed Back",Use config,"http://www.razorbackprofessional.com/products/detail.aspx?ProductId=1506&SubFamilyId=142&FamilyId=141&LineId=124",0,,,0,"Union Tools",149,,Enabled,"Catalog, Search",Taxable Goods,Yes,No,"Razor-Back Square Point Shovel with Tab Socket and Closed Back","<li>48-inch sturdy, stained North American ash handle for long life</li><li>
Industrial gauge closed-back blade</li><li>
Forward turned-step for secure foot placement</li><li>
Dual rivet, extended tab socket for added strength</li>","Strength and durability make Razor-Back tools the choice of professionals. This sturdy square point shovel is an essential part of any tool assortment. It's perfect for moving loose garden material, sand, top soil or debris. It can also be used to shape beds, mix concrete, level off areas that need to be flat or to scrape stubborn material off driveways or other hard surfaces.
","","Razor-Back Square Point Shovel with Tab Socket and Closed Back","Razor-Back Square Point Shovel with Tab Socket and Closed Back",,,,,,,,1,0,1,0,0,1,1,1,0,1,1,,,1,0,1,0,1,0,1,0,,0,simple,,
admin,base,Default,simple,"2043|27943","Garden Shovels|Square Point Shovels",12817,"UT 46109",,"Garden Spade","","Garden Spade","Union Tools Garden Spade",/\U\T\Union-Tools-Garden.jpg,/\U\T\Union-Tools-Garden.jpg,http://www.48ws.com/images/product/U/T/Union-Tools-Garden.jpg,Union-Tools-Garden-Spade,Union-Tools-Garden-Spade,,No layout updates.,Block after Info Column,,"Garden Spade","Garden Spade",Use config,"http://www.uniontools.com/products/detail.aspx?ProductId=1840&SubFamilyId=404&FamilyId=403&LineId=398",0,,,0,"Union Tools",149,,Enabled,"Catalog, Search",Taxable Goods,Yes,No,"Union Tools Garden Spade","<li>9-inch socket</li><li>
Open-back blade with crimp collar</li><li>
Steel and wood D-grip</li><li>
28-inch Northern Ash handle</li>","The Union Tools garden spade is designed to be used in confined areas between vegetables and closely planted flowers. It is a great tool for digging and transplanting perennials. The 48-inch ash handle with an open-back blade and crimp collar allows the user to dig effectively in confined areas.
","","Union Tools Garden Spade","Garden Spade",,,,,,,,1,0,1,0,0,1,1,1,0,1,1,,,1,0,1,0,1,0,1,0,,0,simple,,
admin,base,Default,simple,"2617|24002","Standard Shovels|Trenching Shovels",12818,"UT 47171",,"Razor-Back 4-in Trenching Shovel with Rolled Step","","Razor-Back 4-in Trenching Shovel with Rolled Step","Razor-Back 4-in Trenching Shovel with Rolled Step",/\U\T\Union-Tools-4-in-Trenching-Shovel-with-Rolled.jpg,/\U\T\Union-Tools-4-in-Trenching-Shovel-with-Rolled.jpg,http://www.48ws.com/images/product/U/T/Union-Tools-4-in-Trenching-Shovel-with-Rolled.jpg,Razor-Back-4-in-Trenching-Shovel-with-Rolled-Step,Razor-Back-4-in-Trenching-Shovel-with-Rolled-Step,,No layout updates.,Block after Info Column,,"Razor-Back 4-in Trenching Shovel with Rolled Step","Razor-Back 4-in Trenching Shovel with Rolled Step",Use config,"http://www.razorbackprofessional.com/products/detail.aspx?ProductId=208&FamilyId=125&LineId=124",0,,,0,"Union Tools",149,,Enabled,"Catalog, Search",Taxable Goods,Yes,No,"Razor-Back 4-in Trenching Shovel with Rolled Step","<li>4-inch blade is most common size for this type of shovel</li><li>
9-inch socket for additional strength</li><li>
48-inch North American ash handle for strength and durability</li><li>
Commercial grade, 14-gauge steel blade</li>","The Razor-Back trenching shovel is designed for digging and clearing trenches. It features a 4-inch, open-back, industrial gauge tempered steel blade. The blade width is the most common width for trenching applications. The blade is married to a 48-inch Northern Ash handle for high quality. This is an excellent tool for DIYers and professionals alike.
","","Razor-Back 4-in Trenching Shovel with Rolled Step","Razor-Back 4-in Trenching Shovel with Rolled Step",,,,,,,,1,0,1,0,0,1,1,1,0,1,1,,,1,0,1,0,1,0,1,0,,0,simple,,
admin,base,Default,simple,"2617|23516","Standard Shovels|Swivels",12819,"UT 47115",,"Razor-Back Ditching Shovel","","Razor-Back Ditching Shovel","Razor-Back Ditching Shovel",/\U\T\Razor-Back-Ditching.jpg,/\U\T\Razor-Back-Ditching.jpg,http://www.48ws.com/images/product/U/T/Razor-Back-Ditching.jpg,Razor-Back-Ditching-Shovel,Razor-Back-Ditching-Shovel,,No layout updates.,Block after Info Column,,"Razor-Back Ditching Shovel","Razor-Back Ditching Shovel",Use config,"http://www.razorbackprofessional.com/products/detail.aspx?ProductId=1695&FamilyId=125&LineId=124",0,,,0,"Union Tools",149,,Enabled,"Catalog, Search",Taxable Goods,Yes,No,"Razor-Back Ditching Shovel","<li>Designed for digging and clearing drainage, ditches, and trenches</li><li>
5-inch open-back industrial gauge tempered steel blade has a rolled step to prevent material build-up</li><li>
48-inch ash handle</li><li>
9-inch socket for stronger connection between handle and blade</li>","The Razor-Back ditching shovel is designed for digging and clearing drainage, ditches, and trenches. The 5-inch open-back industrial gauge tempered steel blade has a rolled step to prevent material build-up. 48-inch premium northern ash handle for strength to withstand digging and clearing drainage. Excellent tool for homeowners and professionals!
","","Razor-Back Ditching Shovel","Razor-Back Ditching Shovel",,,,,,,,1,0,1,0,0,1,1,1,0,1,1,,,1,0,1,0,1,0,1,0,,0,simple,,
admin,base,Default,simple,"2617|24002","Standard Shovels|Trenching Shovels",12820,"UT 47026",,"Razor-Back 6-in Trenching Shovel","","Razor-Back 6-in Trenching Shovel","Razor-Back 6-in Trenching Shovel",/\U\T\Razor-Back-6-in-Trenching.jpg,/\U\T\Razor-Back-6-in-Trenching.jpg,http://www.48ws.com/images/product/U/T/Razor-Back-6-in-Trenching.jpg,Razor-Back-6-in-Trenching-Shovel,Razor-Back-6-in-Trenching-Shovel,,No layout updates.,Block after Info Column,,"Razor-Back 6-in Trenching Shovel","Razor-Back 6-in Trenching Shovel",Use config,"http://www.razorbackprofessional.com/products/detail.aspx?ProductId=1690&FamilyId=125&LineId=124",0,,,0,"Union Tools",149,,Enabled,"Catalog, Search",Taxable Goods,Yes,No,"Razor-Back 6-in Trenching Shovel","<li>Heavy gauge, tempered steel blade for maximum strength</li><li>
V-shaped blade with rolled step for improved efficiency</li><li>
Used to clear trenches, spillways, and ditches</li><li>
North American Ash handle</li>","This Razor-Back wood 6-inch trenching shovel has a unique blade design that is best for trench clean out. The 6-inch V-shaped blade is designed for digging a narrow trench. The wood handle is made from durable hardwood for years of use.
","","Razor-Back 6-in Trenching Shovel","Razor-Back 6-in Trenching Shovel",,,,,,,,1,0,1,0,0,1,1,1,0,1,1,,,1,0,1,0,1,0,1,0,,0,simple,,
admin,base,Default,simple,"2617|23997","Standard Shovels|Scoop Shovels",12822,"UT 50139",,"#2 Eastern Pattern Steel Scoop with D-grip","","#2 Eastern Pattern Steel Scoop with D-grip","Union Tools #2 Eastern Pattern Steel Scoop with D-grip",/\U\T\Union-Tools-2-Eastern-Pattern-Steel-Scoop-with-D.jpg,/\U\T\Union-Tools-2-Eastern-Pattern-Steel-Scoop-with-D.jpg,http://www.48ws.com/images/product/U/T/Union-Tools-2-Eastern-Pattern-Steel-Scoop-with-D.jpg,Union-Tools-2-Eastern-Pattern-Steel-Scoop-with-D-grip,Union-Tools-2-Eastern-Pattern-Steel-Scoop-with-D-grip,,No layout updates.,Block after Info Column,,"#2 Eastern Pattern Steel Scoop with D-grip","#2 Eastern Pattern Steel Scoop with D-grip",Use config,"http://www.uniontools.com/products/detail.aspx?ProductId=1903&SubFamilyId=422&FamilyId=399&LineId=398",0,,,0,"Union Tools",149,,Enabled,"Catalog, Search",Taxable Goods,Yes,No,"Union Tools #2 Eastern Pattern Steel Scoop with D-grip","<li>Professional grade, heat-treated, carbon steel scoop for durability and long life</li><li>
27-inch sturdy, stained North American ash handle for long life</li><li>
Eastern pattern, hollow-back plain blade, size #2</li><li>
Steel and wood D-grip for added leverage and control</li>","This Union Tools sturdy steel scoop is great for moving grain, mulch, soil, sand or even snow. It can also be used for general clean-up, shaping beds, leveling off areas that need to be flat or for scraping debris from hard surfaces. It's built to last and can be used on even the toughest jobs!
","","Union Tools #2 Eastern Pattern Steel Scoop with D-grip","#2 Eastern Pattern Steel Scoop with D-grip",,,,,,,,1,0,1,0,0,1,1,1,0,1,1,,,1,0,1,0,1,0,1,0,,0,simple,,
admin,base,Default,simple,"2617|23997","Standard Shovels|Scoop Shovels",12823,"UT 53117",,"#8 Western Pattern Steel Scoop with D-Grip","","#8 Western Pattern Steel Scoop with D-Grip","Union Tools #8 Western Pattern Steel Scoop with D-Grip",/\U\T\Union-Tools-8-Western-Pattern-Steel-Scoop-with-D.jpg,/\U\T\Union-Tools-8-Western-Pattern-Steel-Scoop-with-D.jpg,http://www.48ws.com/images/product/U/T/Union-Tools-8-Western-Pattern-Steel-Scoop-with-D.jpg,Union-Tools-8-Western-Pattern-Steel-Scoop-with-D-Grip,Union-Tools-8-Western-Pattern-Steel-Scoop-with-D-Grip,,No layout updates.,Block after Info Column,,"#8 Western Pattern Steel Scoop with D-Grip","#8 Western Pattern Steel Scoop with D-Grip",Use config,"http://www.uniontools.com/products/detail.aspx?ProductId=1906&SubFamilyId=422&FamilyId=399&LineId=398",0,,,0,"Union Tools",149,,Enabled,"Catalog, Search",Taxable Goods,Yes,No,"Union Tools #8 Western Pattern Steel Scoop with D-Grip","<li>Professional grade, heat-treated, carbon steel scoop for durability and long life</li><li>
Western pattern, hollow-back, ribbed blade, size #8</li><li>
27-inch sturdy, stained North American ash handle</li><li>
Steel and wood D-grip for added leverage and control</li>","This Union Tools heavy-duty steel scoop is great for moving grain, mulch, soil, sand or even snow. It can also be used for general clean-up, leveling off areas that need to be flat or for scraping debris from hard surfaces. The Western pattern ribbed blade will hold up during even the toughest jobs.
","","Union Tools #8 Western Pattern Steel Scoop with D-Grip","#8 Western Pattern Steel Scoop with D-Grip",,,,,,,,1,0,1,0,0,1,1,1,0,1,1,,,1,0,1,0,1,0,1,0,,0,simple,,
admin,base,Default,simple,"2617|23997","Standard Shovels|Scoop Shovels",12824,"UT 53102",,"#12 Western Aluminum Scoop with D-grip","","#12 Western Aluminum Scoop with D-grip","Union Tools #12 Western Aluminum Scoop with D-grip",/\U\T\Union-Tools-12-Western-Aluminum-Scoop-with-D.jpg,/\U\T\Union-Tools-12-Western-Aluminum-Scoop-with-D.jpg,http://www.48ws.com/images/product/U/T/Union-Tools-12-Western-Aluminum-Scoop-with-D.jpg,Union-Tools-12-Western-Aluminum-Scoop-with-D-grip,Union-Tools-12-Western-Aluminum-Scoop-with-D-grip,,No layout updates.,Block after Info Column,,"#12 Western Aluminum Scoop with D-grip","#12 Western Aluminum Scoop with D-grip",Use config,"http://www.uniontools.com/products/detail.aspx?ProductId=1876&SubFamilyId=405&FamilyId=399&LineId=398",0,,,0,"Union Tools",149,,Enabled,"Catalog, Search",Taxable Goods,Yes,No,"Union Tools #12 Western Aluminum Scoop with D-grip","<li>Aluminum blade, size #12, is lightweight, non-sparking and naturally rust proof</li><li>
29-inch sturdy, stained North American ash handle for long life</li><li>
Western-pattern, ribbed blade for added strength and durability</li><li>
Poly D-grip provides leverage and control</li>","This Union Tools lightweight aluminum scoop is perfect for moving and scooping grain, seed, feed, fertilizers, and other granulated materials. It's also a useful and versatile garden tool. It's sturdy enough for general clean-up or for moving mulch, soil or even snow.
","","Union Tools #12 Western Aluminum Scoop with D-grip","#12 Western Aluminum Scoop with D-grip",,,,,,,,1,0,1,0,0,1,1,1,0,1,1,,,1,0,1,0,1,0,1,0,,0,simple,,
admin,base,Default,simple,"2617|23997","Standard Shovels|Scoop Shovels",12826,"UT 53134",,"#12 Western Aluminum Scoop with Crimp Collar and D-grip","","#12 Western Aluminum Scoop with Crimp Collar and D-grip","Union Tools #12 Western Aluminum Scoop with Crimp Collar and D-grip",/\U\T\Union-Tools-12-Western-Aluminum-Scoop-with-Crimp-Collar-and.jpg,/\U\T\Union-Tools-12-Western-Aluminum-Scoop-with-Crimp-Collar-and.jpg,http://www.48ws.com/images/product/U/T/Union-Tools-12-Western-Aluminum-Scoop-with-Crimp-Collar-and.jpg,Union-Tools-12-Western-Aluminum-Scoop-with-Crimp-Collar-and-D-grip,Union-Tools-12-Western-Aluminum-Scoop-with-Crimp-Collar-and-D-grip,,No layout updates.,Block after Info Column,,"#12 Western Aluminum Scoop with Crimp Collar and D-grip","#12 Western Aluminum Scoop with Crimp Collar and D-grip",Use config,"http://www.uniontools.com/products/detail.aspx?ProductId=1879&SubFamilyId=405&FamilyId=399&LineId=398",0,,,0,"Union Tools",149,,Enabled,"Catalog, Search",Taxable Goods,Yes,No,"Union Tools #12 Western Aluminum Scoop with Crimp Collar and D-grip","<li>Aluminum blade, size #12, is lightweight, non-sparking and naturally rust proof</li><li>
29-inch sturdy, stained North American ash handle for long life</li><li>
Steel and wood D-grip for added leverage and control</li><li>
Dura-Torque crimp collar for superior head-to-handle connection</li>","This Union Tools lightweight aluminum scoop is perfect for moving and scooping grain, seed, feed, fertilizers, and other granulated materials. It's also a useful and versatile garden tool. It's sturdy enough for general clean-up or for moving mulch, soil or even snow.
","","Union Tools #12 Western Aluminum Scoop with Crimp Collar and D-grip","#12 Western Aluminum Scoop with Crimp Collar and D-grip",,,,,,,,1,0,1,0,0,1,1,1,0,1,1,,,1,0,1,0,1,0,1,0,,0,simple,,
admin,base,Default,simple,"2617|23997","Standard Shovels|Scoop Shovels",12827,"UT 53132",,"#10 Western Aluminum Scoop with Crimp Collar and D-grip","","#10 Western Aluminum Scoop with Crimp Collar and D-grip","Union Tools #10 Western Aluminum Scoop with Crimp Collar and D-grip",/\U\T\Union-Tools-10-Western-Aluminum-Scoop-with-Crimp-Collar-and.jpg,/\U\T\Union-Tools-10-Western-Aluminum-Scoop-with-Crimp-Collar-and.jpg,http://www.48ws.com/images/product/U/T/Union-Tools-10-Western-Aluminum-Scoop-with-Crimp-Collar-and.jpg,Union-Tools-10-Western-Aluminum-Scoop-with-Crimp-Collar-and-D-grip,Union-Tools-10-Western-Aluminum-Scoop-with-Crimp-Collar-and-D-grip,,No layout updates.,Block after Info Column,,"#10 Western Aluminum Scoop with Crimp Collar and D-grip","#10 Western Aluminum Scoop with Crimp Collar and D-grip",Use config,"http://www.uniontools.com/products/detail.aspx?ProductId=1878&SubFamilyId=405&FamilyId=399&LineId=398",0,,,0,"Union Tools",149,,Enabled,"Catalog, Search",Taxable Goods,Yes,No,"Union Tools #10 Western Aluminum Scoop with Crimp Collar and D-grip","<li>Aluminum blade, size #10, is lightweight, non-sparking and naturally rust proof</li><li>
29-inch sturdy, stained North American ash handle for long life</li><li>
Steel and wood D-grip for added leverage and control</li><li>
Dura-Torque crimp collar for superior head-to-handle connection</li>","This Union Tools lightweight aluminum scoop is perfect for moving and scooping grain, seed, feed, fertilizers, and other granulated materials. It's also a useful and versatile garden tool. It's sturdy enough for general clean-up or for moving mulch, soil or even snow.
","","Union Tools #10 Western Aluminum Scoop with Crimp Collar and D-grip","#10 Western Aluminum Scoop with Crimp Collar and D-grip",,,,,,,,1,0,1,0,0,1,1,1,0,1,1,,,1,0,1,0,1,0,1,0,,0,simple,,
admin,base,Default,simple,"2617|23997","Standard Shovels|Scoop Shovels",12828,"UT 50154",,"Razor-Back #2 Eastern Pattern Aluminum Scoop with D-grip","","Razor-Back #2 Eastern Pattern Aluminum Scoop with D-grip","Razor-Back #2 Eastern Pattern Aluminum Scoop with D-grip",/\U\T\Razor-Back-2-Eastern-Pattern-Aluminum-Scoop-with-D.jpg,/\U\T\Razor-Back-2-Eastern-Pattern-Aluminum-Scoop-with-D.jpg,http://www.48ws.com/images/product/U/T/Razor-Back-2-Eastern-Pattern-Aluminum-Scoop-with-D.jpg,Razor-Back-2-Eastern-Pattern-Aluminum-Scoop-with-D-grip,Razor-Back-2-Eastern-Pattern-Aluminum-Scoop-with-D-grip,,No layout updates.,Block after Info Column,,"Razor-Back #2 Eastern Pattern Aluminum Scoop with D-grip","Razor-Back #2 Eastern Pattern Aluminum Scoop with D-grip",Use config,"http://www.razorbackprofessional.com/products/detail.aspx?ProductId=1513&SubFamilyId=146&FamilyId=145&LineId=124",0,,,0,"Union Tools",149,,Enabled,"Catalog, Search",Taxable Goods,Yes,No,"Razor-Back #2 Eastern Pattern Aluminum Scoop with D-grip","<li>Aluminum blade, size #2, is lightweight, non-sparking and naturally rust proof</li><li>
31-inch sturdy, stained North American ash handle for long life</li><li>
Eastern pattern, hollow-back, plain blade</li><li>
Steel and wood D-grip for added leverage and control</li>","Strength and durability make Razor-Back tools the choice of professionals. This lightweight aluminum scoop is perfect for moving and scooping grain, seed, feed, fertilizers, and other granulated materials. It's also a useful and versatile garden tool sturdy enough for general clean-up or for moving mulch, sand, or soil.
","","Razor-Back #2 Eastern Pattern Aluminum Scoop with D-grip","Razor-Back #2 Eastern Pattern Aluminum Scoop with D-grip",,,,,,,,1,0,1,0,0,1,1,1,0,1,1,,,1,0,1,0,1,0,1,0,,0,simple,,
admin,base,Default,simple,"27943","Square Point Shovels",447488,"40184",,"Square Point Shovel","","Square Point Shovel","",/\4\0\union-tools-40184-square-point-shovel.jpg,/\4\0\union-tools-40184-square-point-shovel.jpg,http://www.48ws.com/images/product/4/0/union-tools-40184-square-point-shovel.jpg,union-tools-40184-square-point-shovel,union-tools-40184-square-point-shovel,,No layout updates.,Block after Info Column,,"Square Point Shovel","Square Point Shovel",Use config,"http://www.uniontools.com/products/detail.aspx?ProductId=1924&SubFamilyId=424&FamilyId=423&LineId=398",0,,,0,"Union Tools",149,,Enabled,"Catalog, Search",Taxable Goods,Yes,No,"48-inch sturdy, stained North American hardwood handle for long life<br>Industrial gauge open-back blade<br>Forward turned-step for secure foot placement<br>9-inch socket for stronger connection between handle and blade","","The Union Tools long-handle square point shovel has so many uses that it's an essential part of any tool assortment. It's perfect for moving loose garden material, sand, top soil or debris. It can also be used to shape beds, mix concrete, level off areas that need to be flat or to scrape stubborn material off driveways or other hard surfaces.","","Width: 9.5; Length: 4.5; Height: 59.125","Square Point Shovel",,,,,,,,1,0,1,0,0,1,1,1,0,1,1,,,1,0,1,0,1,0,1,0,,0,simple,,
admin,base,Default,simple,"24000","Spade Shovels",447489,"40191",,"Round Point Shovel","","Round Point Shovel","",/\4\0\union-tools-40191-round-point-shovel.jpg,/\4\0\union-tools-40191-round-point-shovel.jpg,http://www.48ws.com/images/product/4/0/union-tools-40191-round-point-shovel.jpg,union-tools-40191-round-point-shovel,union-tools-40191-round-point-shovel,,No layout updates.,Block after Info Column,,"Round Point Shovel","Round Point Shovel",Use config,"http://www.uniontools.com/products/detail.aspx?ProductId=1852&SubFamilyId=412&FamilyId=411&LineId=398",0,,,0,"Union Tools",149,,Enabled,"Catalog, Search",Taxable Goods,Yes,No,"Ideal for digging in light, sandy soils<br>9.25-inch by 11.5-inch open back blade<br>48-inch North American hardwood handle for strength<br>Forward turned step for secure foot placement","","The Union Tools round point digging shovel is ideal for digging in sandy and light soils. It features a forward turned step that prevents material build-up. The open-back blade with a 9-inch socket fits the premium 48-inch white hardwood handle for strength.","","Width: 7.375; Length: 4; Height: 59","Round Point Shovel",,,,,,,,1,0,1,0,0,1,1,1,0,1,1,,,1,0,1,0,1,0,1,0,,0,simple,,
admin,base,Default,simple,"21762","Concrete Tamps and Placers",447491,"83154",,"Concrete Mover With Rebar Hook","","Concrete Mover With Rebar Hook","",/\8\3\union-tools-83154-concrete-mover-with-rebar-hook.jpg,/\8\3\union-tools-83154-concrete-mover-with-rebar-hook.jpg,http://www.48ws.com/images/product/8/3/union-tools-83154-concrete-mover-with-rebar-hook.jpg,union-tools-83154-concrete-mover-with-rebar-hook,union-tools-83154-concrete-mover-with-rebar-hook,,No layout updates.,Block after Info Column,,"Concrete Mover With Rebar Hook","Concrete Mover With Rebar Hook",Use config,"http://www.razorbackprofessional.com/products/detail.aspx?ProductId=266&FamilyId=149&LineId=148",0,,,0,"Union Tools",149,,Enabled,"Catalog, Search",Taxable Goods,Yes,No,"Strong wide head<br>North American hardwood handle for strength and durability<br>Contoured handle provides a comfortable grip<br>Strong head connection for years of use","","The Razor-Back concrete mover is designed to move and level concrete. The wide design helps spread the material evenly. The hook allows you to position rebar as concrete is forming. It is a heavy-duty rake that is great for contractor and professional use, as well as serious homeowners.","","Width: 4.625; Height: 60.5; Length: 1.25","Concrete Mover With Rebar Hook",,,,,,,,1,0,1,0,0,1,1,1,0,1,1,,,1,0,1,0,1,0,1,0,,0,simple,,
admin,base,Default,simple,"24000","Spade Shovels",456984,"DHRP43516",,"Ar2Ud Dhrp Shovel W-Torque Band","","Ar2Ud Dhrp Shovel W-Torque Band","",/\D\H\union-tools-dhrp43516-ar2ud-dhrp-shovel-w-torque-band.jpg,/\D\H\union-tools-dhrp43516-ar2ud-dhrp-shovel-w-torque-band.jpg,http://www.48ws.com/images/product/D/H/union-tools-dhrp43516-ar2ud-dhrp-shovel-w-torque-band.jpg,union-tools-DHRP43516-ar2ud-dhrp-shovel-w-torque-band,union-tools-DHRP43516-ar2ud-dhrp-shovel-w-torque-band,,No layout updates.,Block after Info Column,,"Ar2Ud Dhrp Shovel W-Torque Band","Ar2Ud Dhrp Shovel W-Torque Band",Use config,"",0,,,0,"Union Tools",149,,Enabled,"Catalog, Search",Taxable Goods,Yes,No,"","","","","","Ar2Ud Dhrp Shovel W-Torque Band",,,,,,,,1,0,1,0,0,1,1,1,0,1,1,,,1,0,1,0,1,0,1,0,,0,simple,,
