﻿store,websites,attribute_set,Type,category_ids,category_names,48WS_product_id,sku,has_options,name,Group_Name,meta_title,meta_description,Image,small_image,thumbnail,url_key,url_path,custom_design,page_layout,options_container,image_label,small_image_label,thumbnail_label,gift_message_available,manufacturer_url,price,special_price,cost,weight,manufacturer,manufacturer_id,color,status,visibility,tax_class_id,enable_googlecheckout,is_recurring,description,short_description,summary,upc,size_info,meta_keyword,custom_layout_update,news_from_date,news_to_date,special_from_date,special_to_date,custom_design_from,custom_design_to,qty,min_qty,use_config_min_qty,is_qty_decimal,backorders,use_config_backorders,min_sale_qty,use_config_min_sale_qty,max_sale_qty,use_config_max_sale_qty,is_in_stock,low_stock_date,notify_stock_qty,use_config_notify_stock_qty,manage_stock,use_config_manage_stock,stock_status_changed_automatically,use_config_qty_increments,qty_increments,use_config_enable_qty_increments,enable_qty_increments,product_name,store_id,product_type_id,product_status_changed,product_changed_websites
admin,base,Default,simple,"1973|22660","Lubricant Products|Penetrants and Lubricants",13461,"10110WD",,"BLK LIQ 1 Gallon","","BLK LIQ 1 Gallon","WD-40 BLK LIQ 1 Gallon",/\1\0\WD-40-BLK-LIQ-1.jpg,/\1\0\WD-40-BLK-LIQ-1.jpg,http://www.48ws.com/images/product/1/0/WD-40-BLK-LIQ-1.jpg,WD-40-BLK-LIQ-1-Gallon,WD-40-BLK-LIQ-1-Gallon,,No layout updates.,Block after Info Column,,"BLK LIQ 1 Gallon","BLK LIQ 1 Gallon",Use config,"http://wd40.com/products/one-gallon/",0,,,0,"WD-40",266,,Enabled,"Catalog, Search",Taxable Goods,Yes,No,"","<b><u>Features / Specifications</u></b><br><br>
<li>Penetrates, loosens and frees stuck, frozen or rusted parts</li>
<li>Protects metal against moisture and corrosive elements</li>
<li>Removes grease, grime, water deposits and much more</li>
<li>Lubricates moving parts</li><br>","With literally thousands of uses, WD-40&reg; is the #1 multi-purpose problem solver. It cleans, protects, penetrates, lubricates and displaces moisture like no other product on earth. In sizes and applications for every need.","","WD-40 BLK LIQ 1 Gallon","BLK LIQ 1 Gallon",,,,,,,,1,0,1,0,0,1,1,1,0,1,1,,,1,0,1,0,1,0,1,0,,0,simple,,
admin,base,Default,simple,"1973|22660","Lubricant Products|Penetrants and Lubricants",13464,"110078WD",,"Smart Straw 11 oz.","","Smart Straw 11 oz.","WD-40 Smart Straw 11 oz.",/\1\1\WD-40-Smart-Straw-11.jpg,/\1\1\WD-40-Smart-Straw-11.jpg,http://www.48ws.com/images/product/1/1/WD-40-Smart-Straw-11.jpg,WD-40-Smart-Straw-11-oz,WD-40-Smart-Straw-11-oz,,No layout updates.,Block after Info Column,,"Smart Straw 11 oz.","Smart Straw 11 oz.",Use config,"https://www.wd40.com/",0,,,0,"WD-40",266,,Enabled,"Catalog, Search",Taxable Goods,Yes,No,"","<b><u>Features / Specifications</u></b><br><br>
<li>WD-40&reg; can with built-in straw</li>
<li>Smart new design allows for one-handed operation.</li>
<li>360° Valve - Flip it up for precision stream and down for regular spray action.</li><br>","Protect, clean and lubricate thousands upon thousands of items - without ever losing the straw again! The WD-40&reg; Smart Straw Aerosol features a permanently attached straw that sprays two ways. Flip it up for a precision stream and down for regular spray action. This design allows for one-handed application and puts an exciting twist on this true American original.","","WD-40 Smart Straw 11 oz.","Smart Straw 11 oz.",,,,,,,,1,0,1,0,0,1,1,1,0,1,1,,,1,0,1,0,1,0,1,0,,0,simple,,
admin,base,Default,simple,"22660","Penetrants and Lubricants",550945,"110108",,"WD-48 Lubricating Spray 3oz.","","WD-48 Lubricating Spray 3oz.","All of the handy uses in one small can, the WD-40 3 oz handy can is always ready to tackle your toughest jams. From small to medium sized jobs, never fear, your problem solver is here",/\1\1\WD-48-Lubricating-Spray.jpg,/\1\1\WD-48-Lubricating-Spray.jpg,http://www.48ws.com/images/product/1/1/WD-48-Lubricating-Spray.jpg,110108-WD-40-WD-48-Lubricating-Spray-3oz,110108-WD-40-WD-48-Lubricating-Spray-3oz,,No layout updates.,Block after Info Column,,"WD-48 Lubricating Spray 3oz.","WD-48 Lubricating Spray 3oz.",Use config,"",0,,,0,"WD-40",266,,Enabled,"Catalog, Search",Taxable Goods,Yes,No,"All of the handy uses in one small can, the WD-40 3 oz handy can is always ready to tackle your toughest jams. From small to medium sized jobs, never fear, your problem solver is here","Brand: WD-40
Percentage VOC: 49.5 %
Composition: Aliphatic Hydrocarbon, Petroleum Base Oil, LVP Aliphatic Hydrocarbon, Surfactant
Pour Point: -63 deg C
Container Size: 3 oz
Form: Liquid
Viscosity: 2.79 - 2.96 cst
Flash Point: 122 deg F
Standards: ASTM Specified
Specific Gravity: .82
Container Type: Handy Can
Application Method: Spray
Special Features: Light Amber Mild Odor","","","3oz.","WD-48 Lubricating Spray 3oz.",,,,,,,,1,0,1,0,0,1,1,1,0,1,1,,,1,0,1,0,1,0,1,0,,0,simple,,
admin,base,Default,simple,"22660","Penetrants and Lubricants",550946,"110054",,"WD-40 Smart Straw 8oz.","","WD-40 Smart Straw 8oz.","Spray, Never lose the straw again
Permanently attached straw flip upwards for precision stream and downwards for regular spray action 8 and 11 oz",/\1\1\WD-40-Smart-Straw.jpg,/\1\1\WD-40-Smart-Straw.jpg,http://www.48ws.com/images/product/1/1/WD-40-Smart-Straw.jpg,110054-WD-40-WD-40-Smart-Straw-8oz,110054-WD-40-WD-40-Smart-Straw-8oz,,No layout updates.,Block after Info Column,,"WD-40 Smart Straw 8oz.","WD-40 Smart Straw 8oz.",Use config,"",0,,,0,"WD-40",266,,Enabled,"Catalog, Search",Taxable Goods,Yes,No,"Spray, Never lose the straw again
Permanently attached straw flip upwards for precision stream and downwards for regular spray action 8 and 11 oz","Brand: WD-40
Pour Point: -63 deg C
Application Method: Spray
Percentage VOC: 49.5 %
Container Size: 8 oz
Composition: Aliphatic Hydrocarbon, Petroleum Base Oil, LVP Aliphatic Hydrocarbon, Surfactant
Container Type: Aerosol
Form: Liquid
Specific Gravity: .82
Flash Point: 122 deg F
Viscosity: 2.79 - 2.96 cst
Standards: ASTM Specified
Special Features: Light Amber Mild Odor","","","WD-40 Smart Straw 8oz.","WD-40 Smart Straw 8oz.",,,,,,,,1,0,1,0,0,1,1,1,0,1,1,,,1,0,1,0,1,0,1,0,,0,simple,,
admin,base,Default,simple,"22660","Penetrants and Lubricants",550947,"10116",,"WD-40 Lubricating Spray 16oz.","","WD-40 Lubricating Spray 16oz.","WD-40 general lubricant for multi purpose moving parts",/\1\0\WD-40-Lubricating-Spray.jpg,/\1\0\WD-40-Lubricating-Spray.jpg,http://www.48ws.com/images/product/1/0/WD-40-Lubricating-Spray.jpg,10116-WD-40-WD-40-Lubricating-Spray-16oz,10116-WD-40-WD-40-Lubricating-Spray-16oz,,No layout updates.,Block after Info Column,,"WD-40 Lubricating Spray 16oz.","WD-40 Lubricating Spray 16oz.",Use config,"",0,,,0,"WD-40",266,,Enabled,"Catalog, Search",Taxable Goods,Yes,No,"WD-40 general lubricant for multi purpose moving parts","Excellent corrosion prohibitor - protects metal against moisture and corrosive elements
Removes grease, grime, water deposits, and much more
Long lasting multi purpose lubricant for moving parts
Displaces moisture - non-conductive
Low surface tension - penetrates, loosens and frees stuck, frozen or rusted parts","Brand: WD-40
Specific Gravity: .817
Container Size: 16 oz
Flash Point: 131 deg F
Container Type: Aerosol
Composition: Aliphatic Petroleum Distillates, Petroleum Base Oil, LVP Hydrocarbon Fluid, Carbon Dioxide
Application Method: Spray
Type: Multi-Purpose
Percentage VOC: 49.5 %
Special Features: Light Amber
Usage: For Gears, Tools","","WD-40 Lubricating Spray 16oz.","WD-40 Lubricating Spray 16oz.",,,,,,,,1,0,1,0,0,1,1,1,0,1,1,,,1,0,1,0,1,0,1,0,,0,simple,,
admin,base,Default,simple,"22660","Penetrants and Lubricants",550948,"110184",,"WD-40 Non Aersol Trigger Pro 20oz.","","WD-40 Non Aersol Trigger Pro 20oz.","Created especially for Industrial users, WD-40 Trigger Pro has the same great WD-40 formula, now in a Non-Aerosol can. Multi-purpose lubricant, remover, protector, moisture displacer and more. WD-40 non-aerosol formulas also dissolve adhesives, allowing e",/\1\1\WD-40-Non-Aersol-Trigger-Pro.jpg,/\1\1\WD-40-Non-Aersol-Trigger-Pro.jpg,http://www.48ws.com/images/product/1/1/WD-40-Non-Aersol-Trigger-Pro.jpg,110184-WD-40-WD-40-Non-Aersol-Trigger-Pro-20oz,110184-WD-40-WD-40-Non-Aersol-Trigger-Pro-20oz,,No layout updates.,Block after Info Column,,"WD-40 Non Aersol Trigger Pro 20oz.","WD-40 Non Aersol Trigger Pro 20oz.",Use config,"",0,,,0,"WD-40",266,,Enabled,"Catalog, Search",Taxable Goods,Yes,No,"Created especially for Industrial users, WD-40 Trigger Pro has the same great WD-40 formula, now in a Non-Aerosol can. Multi-purpose lubricant, remover, protector, moisture displacer and more. WD-40 non-aerosol formulas also dissolve adhesives, allowing easy removal of labels, tape, stickers, and excess bonding materia","No overspray
Heavy duty spray trigger withstands abuse and does not leak (compared to other non-aerosol lubricants on the market)
Off position on the nozzle means no accidental spraying in your truck, tool box or storage cabinet","Brand: WD-40
Form: Liquid
Percentage VOC: 49.5 %
Flash Point: 131 deg F
Composition: Aliphatic Hydrocarbon, Petroleum Base Oil
Container Size: 20 oz
Container Type: Non-Aerosol Can
Specific Gravity: .817
Special Features: Light Amber Mild Odor
Usage: For Gears, Hinges, Moving Parts, Sliding Doors, Tools","","WD-40 Non Aersol Trigger Pro 20oz.","WD-40 Non Aersol Trigger Pro 20oz.",,,,,,,,1,0,1,0,0,1,1,1,0,1,1,,,1,0,1,0,1,0,1,0,,0,simple,,
admin,base,Default,simple,"22660","Penetrants and Lubricants",628388,"10000",,"WD40 10000 SPRAY APPLICATOR","","WD40 10000 SPRAY APPLICATOR","",/\1\0\wd-40-10000-wd40-10000-spray-applicator.jpg,/\1\0\wd-40-10000-wd40-10000-spray-applicator.jpg,http://www.48ws.com/images/product/1/0/wd-40-10000-wd40-10000-spray-applicator.jpg,wd-40-10000-wd40-10000-spray-applicator,wd-40-10000-wd40-10000-spray-applicator,,No layout updates.,Block after Info Column,,"WD40 10000 SPRAY APPLICATOR","WD40 10000 SPRAY APPLICATOR",Use config,"https://www.wd40.com/products/",0,,,0,"WD-40",266,,Enabled,"Catalog, Search",Taxable Goods,Yes,No,"","","This multi-use product is best dispensed from the Heavy Duty Empty Plastic Spray Applicator.The one-pint heavy-duty sprayer is meant for use with WD-40 bulk liquid. The adjustable spray nozzle converts the liquid to steam or spray for all sorts of uses. The durable plastic is specially treated on the inside to add stability for use.It's the perfect applicator for heavy users of WD-40. One pint heavy-duty sprayer for use with WD-40 bulk liquid. Adjustable spray nozzle for stream or spray. Durable plastic. Specially treated on inside to add stability for use with penetrating quality of the formula.","7956710000","","WD40 10000 SPRAY APPLICATOR",,,,,,,,1,0,1,0,0,1,1,1,0,1,1,,,1,0,1,0,1,0,1,0,,0,simple,,
admin,base,Default,simple,"22660","Penetrants and Lubricants",628389,"10100",,"WD40 10100 SPRAY APPLICATOR 4/PK","","WD40 10100 SPRAY APPLICATOR 4/PK","",/\1\0\wd-40-10100-wd40-10100-spray-applicator-4pk.jpg,/\1\0\wd-40-10100-wd40-10100-spray-applicator-4pk.jpg,http://www.48ws.com/images/product/1/0/wd-40-10100-wd40-10100-spray-applicator-4pk.jpg,wd-40-10100-wd40-10100-spray-applicator-4pk,wd-40-10100-wd40-10100-spray-applicator-4pk,,No layout updates.,Block after Info Column,,"WD40 10100 SPRAY APPLICATOR 4/PK","WD40 10100 SPRAY APPLICATOR 4/PK",Use config,"https://www.wd40.com/products/",0,,,0,"WD-40",266,,Enabled,"Catalog, Search",Taxable Goods,Yes,No,"","","This multi-use product is best dispensed from the Heavy Duty Empty Plastic Spray Applicator.The one-pint heavy-duty sprayer is meant for use with WD-40 bulk liquid. The adjustable spray nozzle converts the liquid to steam or spray for all sorts of uses. The durable plastic is specially treated on the inside to add stability for use.It's the perfect applicator for heavy users of WD-40. One pint heavy-duty sprayer for use with WD-40 bulk liquid. Adjustable spray nozzle for stream or spray. Durable plastic. Specially treated on inside to add stability for use with penetrating quality of the formula.","","","WD40 10100 SPRAY APPLICATOR 4/PK",,,,,,,,1,0,1,0,0,1,1,1,0,1,1,,,1,0,1,0,1,0,1,0,,0,simple,,
admin,base,Default,simple,"22660","Penetrants and Lubricants",628390,"300004",,"WD40 300004 11OZ SPECIALIST PENETRANT 6/CS","","WD40 300004 11OZ SPECIALIST PENETRANT 6/CS","",/\3\0\wd-40-300004-wd40-300004-11oz-specialist-penetrant-6cs.jpg,/\3\0\wd-40-300004-wd40-300004-11oz-specialist-penetrant-6cs.jpg,http://www.48ws.com/images/product/3/0/wd-40-300004-wd40-300004-11oz-specialist-penetrant-6cs.jpg,wd-40-300004-wd40-300004-11oz-specialist-penetrant-6cs,wd-40-300004-wd40-300004-11oz-specialist-penetrant-6cs,,No layout updates.,Block after Info Column,,"WD40 300004 11OZ SPECIALIST PENETRANT 6/CS","WD40 300004 11OZ SPECIALIST PENETRANT 6/CS",Use config,"https://www.wd40.com/products/penetrating-oil/",0,,,0,"WD-40",266,,Enabled,"Catalog, Search",Taxable Goods,Yes,No,"","","A fast-acting penetrant that gets deep into crevices, threads and seams to break the bonds that hold stuck parts together.. WD-40® Specialist® Rust Release Penetrant Spray is a fast-acting penetrant that quickly goes to work on rusted nuts, bolts, threads, locks and chains, and also leaves behind a protective layer to help prevent rust and corrosion from re-forming. Containing Blu Torch® Technology, a proprietary blend of synthetic additives, it is safe to use on plastics, rubber and metal. Extra-penetrating Blu Torch technology
Ideal for use on nuts, bolts, threads and locks
50-state VOC compliant","7956730000","","WD40 300004 11OZ SPECIALIST PENETRANT 6/CS",,,,,,,,1,0,1,0,0,1,1,1,0,1,1,,,1,0,1,0,1,0,1,0,,0,simple,,
admin,base,Default,simple,"22660","Penetrants and Lubricants",628391,"300059",,"WD40 300059 SPECIALIST DIRT AND DUST RESISTANT DRY LUBE PTFE SPRAY 10O","","WD40 300059 SPECIALIST DIRT AND DUST RESISTANT DRY LUBE PTFE SPRAY 10O","",/\3\0\wd-40-300059-wd40-300059-specialist-dirt-and-dust-resistant-dry-lube-ptfe-spray-10o.jpg,/\3\0\wd-40-300059-wd40-300059-specialist-dirt-and-dust-resistant-dry-lube-ptfe-spray-10o.jpg,http://www.48ws.com/images/product/3/0/wd-40-300059-wd40-300059-specialist-dirt-and-dust-resistant-dry-lube-ptfe-spray-10o.jpg,wd-40-300059-wd40-300059-specialist-dirt-and-dust-resistant-dry-lube-ptfe-spray-10o,wd-40-300059-wd40-300059-specialist-dirt-and-dust-resistant-dry-lube-ptfe-spray-10o,,No layout updates.,Block after Info Column,,"WD40 300059 SPECIALIST DIRT AND DUST RESISTANT DRY LUBE PTFE SPRAY 10O","WD40 300059 SPECIALIST DIRT AND DUST RESISTANT DRY LUBE PTFE SPRAY 10O",Use config,"https://www.wd40.com/products/dry-lube/",0,,,0,"WD-40",266,,Enabled,"Catalog, Search",Taxable Goods,Yes,No,"","","A dry lubricant that provides long-lasting lubrication and protection without attracting dirt and dust.

WD-40® Specialist® Dirt and Dust Resistant Dry Lube PTFE spray is ideal for reducing friction, providing long-lasting lubrication and corrosion protection with no oily residue. It dries quickly and resists dirt, dust and oil. Great for reducing friction and wear on blades and bits, door and window tracks, slides, conveyor belts, rollers, hinges, power tools and equipment. Effective in temperatures ranging from -100° F to 500° F. Safe on metals, plastic and rubber.

Won't attract dirt, dust or oil
50-state VOC compliant","7956730005","","WD40 300059 SPECIALIST DIRT AND DUST RESISTANT DRY LUBE PTFE SPRAY 10O",,,,,,,,1,0,1,0,0,1,1,1,0,1,1,,,1,0,1,0,1,0,1,0,,0,simple,,
admin,base,Default,simple,"22660","Penetrants and Lubricants",628392,"300070",,"WD40 300070 SPECIALIST DEGREASER 18OZ 4/CS","","WD40 300070 SPECIALIST DEGREASER 18OZ 4/CS","",/\3\0\wd-40-300070-wd40-300070-specialist-degreaser-18oz-4cs.jpg,/\3\0\wd-40-300070-wd40-300070-specialist-degreaser-18oz-4cs.jpg,http://www.48ws.com/images/product/3/0/wd-40-300070-wd40-300070-specialist-degreaser-18oz-4cs.jpg,wd-40-300070-wd40-300070-specialist-degreaser-18oz-4cs,wd-40-300070-wd40-300070-specialist-degreaser-18oz-4cs,,No layout updates.,Block after Info Column,,"WD40 300070 SPECIALIST DEGREASER 18OZ 4/CS","WD40 300070 SPECIALIST DEGREASER 18OZ 4/CS",Use config,"https://www.wd40.com/products/degreaser/?specialist=GoogleBrand&gclid=EAIaIQobChMIwZ7gu4z55AIVka_sCh3uMgTmEAAYASAAEgIvCvD_BwE",0,,,0,"WD-40",266,,Enabled,"Catalog, Search",Taxable Goods,Yes,No,"","","A foaming degreaser with deep penetrating action and a powerful stream that sprays up to 5 feet.

WD-40® Specialist ® Machine & Engine Degreaser Foaming Spray makes equipment run smoother, last longer and look like new. This aerosol has deep foaming penetrating action and a powerful stream that sprays up to 5 feet to quickly remove grease, oil, dirt and grime without engine disassembly. Great for auto and truck engines, tractors, forklifts, gears and chains, industrial machinery, farm and power equipment, and other metal tools. Safe for use on most metal when used as directed.

Water-based formula products deep foaming penetrating action
50-state VOC compliant
","7956730007","","WD40 300070 SPECIALIST DEGREASER 18OZ 4/CS",,,,,,,,1,0,1,0,0,1,1,1,0,1,1,,,1,0,1,0,1,0,1,0,,0,simple,,
admin,base,Default,simple,"22660","Penetrants and Lubricants",628393,"300103",,"WD40 300103 SPECIALIST GEL LUBRICANT 10OZ 6/CS","","WD40 300103 SPECIALIST GEL LUBRICANT 10OZ 6/CS","",/\3\0\wd-40-300103-wd40-300103-specialist-gel-lubricant-10oz-6cs.jpg,/\3\0\wd-40-300103-wd40-300103-specialist-gel-lubricant-10oz-6cs.jpg,http://www.48ws.com/images/product/3/0/wd-40-300103-wd40-300103-specialist-gel-lubricant-10oz-6cs.jpg,wd-40-300103-wd40-300103-specialist-gel-lubricant-10oz-6cs,wd-40-300103-wd40-300103-specialist-gel-lubricant-10oz-6cs,,No layout updates.,Block after Info Column,,"WD40 300103 SPECIALIST GEL LUBRICANT 10OZ 6/CS","WD40 300103 SPECIALIST GEL LUBRICANT 10OZ 6/CS",Use config,"https://www.wd40.com/products/spray-gel/",0,,,0,"WD-40",266,,Enabled,"Catalog, Search",Taxable Goods,Yes,No,"","","A thick gel lubricant that provides long-lasting lubrication that won't run or drip.

WD-40® Specialist® Spray & Stay Gel Lubricant No-Drip Formula offers 12 times longer-lasting lubrication compared to WD-40 Multi-Use Product. This unique spray gel lubricant stays where you spray, making it ideal for use on vertical surfaces and moving parts. This thick formula also prevents rust for up to one year.* Great for gears, bearings, cables, chains, rollers and more without making a mess. Effective in-use temperatures ranging from -100° F to 500° F. Safe on multiple surfaces including metals, plastic and rubber.

*Independent tests conducted in salt spray and humidity chamber. Results may vary depending on extreme conditions.

Thick formula prevents rust for up to one year
Ideal for vertical suraces","7956730010","","WD40 300103 SPECIALIST GEL LUBRICANT 10OZ 6/CS",,,,,,,,1,0,1,0,0,1,1,1,0,1,1,,,1,0,1,0,1,0,1,0,,0,simple,,
admin,base,Default,simple,"22660","Penetrants and Lubricants",628394,"490026",,"WD40 490026 110054 8OZ SMART STRAW LUBRICANT 12/CS","","WD40 490026 110054 8OZ SMART STRAW LUBRICANT 12/CS","",/\4\9\wd-40-490026-wd40-490026-110054-8oz-smart-straw-lubricant-12cs.jpg,/\4\9\wd-40-490026-wd40-490026-110054-8oz-smart-straw-lubricant-12cs.jpg,http://www.48ws.com/images/product/4/9/wd-40-490026-wd40-490026-110054-8oz-smart-straw-lubricant-12cs.jpg,wd-40-490026-wd40-490026-110054-8oz-smart-straw-lubricant-12cs,wd-40-490026-wd40-490026-110054-8oz-smart-straw-lubricant-12cs,,No layout updates.,Block after Info Column,,"WD40 490026 110054 8OZ SMART STRAW LUBRICANT 12/CS","WD40 490026 110054 8OZ SMART STRAW LUBRICANT 12/CS",Use config,"https://www.wd40.com/products/",0,,,0,"WD-40",266,,Enabled,"Catalog, Search",Taxable Goods,Yes,No,"","","","7956711005","","WD40 490026 110054 8OZ SMART STRAW LUBRICANT 12/CS",,,,,,,,1,0,1,0,0,1,1,1,0,1,1,,,1,0,1,0,1,0,1,0,,0,simple,,
admin,base,Default,simple,"22660","Penetrants and Lubricants",628395,"490040",,"WD40 490040 11007 11OZ SMART STRAW AEROSOL CAN REPLACES 10011 12/CS","","WD40 490040 11007 11OZ SMART STRAW AEROSOL CAN REPLACES 10011 12/CS","",/\4\9\wd-40-490040-wd40-490040-11007-11oz-smart-straw-aerosol-can-replaces-10011-12cs.jpg,/\4\9\wd-40-490040-wd40-490040-11007-11oz-smart-straw-aerosol-can-replaces-10011-12cs.jpg,http://www.48ws.com/images/product/4/9/wd-40-490040-wd40-490040-11007-11oz-smart-straw-aerosol-can-replaces-10011-12cs.jpg,wd-40-490040-wd40-490040-11007-11oz-smart-straw-aerosol-can-replaces-10011-12cs,wd-40-490040-wd40-490040-11007-11oz-smart-straw-aerosol-can-replaces-10011-12cs,,No layout updates.,Block after Info Column,,"WD40 490040 11007 11OZ SMART STRAW AEROSOL CAN REPLACES 10011 12/CS","WD40 490040 11007 11OZ SMART STRAW AEROSOL CAN REPLACES 10011 12/CS",Use config,"https://www.wd40.com/products/smart-straw-12-oz/",0,,,0,"WD-40",266,,Enabled,"Catalog, Search",Taxable Goods,Yes,No,"","","WD-40® Multi-Use Product protects metal from rust and corrision, penetrates stuck parts, displaces moisture and lubricates almost anything. Its permanently attached Smart Straw sprays 2 ways. Available in 8 oz., 11 oz., and 12 oz. can sizes.

Smart Straw Sprays 2 Ways 
Flip up for stream, down for spray
50-state VOC compliant","7956711007","","WD40 490040 11007 11OZ SMART STRAW AEROSOL CAN REPLACES 10011 12/CS",,,,,,,,1,0,1,0,0,1,1,1,0,1,1,,,1,0,1,0,1,0,1,0,,0,simple,,
admin,base,Default,simple,"22660","Penetrants and Lubricants",628396,"490057",,"WD40 490057 10152 12OZ SMART STRAW AEROSOL CAN 12/CS 126CS/PL","","WD40 490057 10152 12OZ SMART STRAW AEROSOL CAN 12/CS 126CS/PL","",/\4\9\wd-40-490057-wd40-490057-10152-12oz-smart-straw-aerosol-can-12cs-126cspl.jpg,/\4\9\wd-40-490057-wd40-490057-10152-12oz-smart-straw-aerosol-can-12cs-126cspl.jpg,http://www.48ws.com/images/product/4/9/wd-40-490057-wd40-490057-10152-12oz-smart-straw-aerosol-can-12cs-126cspl.jpg,wd-40-490057-wd40-490057-10152-12oz-smart-straw-aerosol-can-12cs-126cspl,wd-40-490057-wd40-490057-10152-12oz-smart-straw-aerosol-can-12cs-126cspl,,No layout updates.,Block after Info Column,,"WD40 490057 10152 12OZ SMART STRAW AEROSOL CAN 12/CS 126CS/PL","WD40 490057 10152 12OZ SMART STRAW AEROSOL CAN 12/CS 126CS/PL",Use config,"https://www.wd40.com/products/",0,,,0,"WD-40",266,,Enabled,"Catalog, Search",Taxable Goods,Yes,No,"","","","7956710152","","WD40 490057 10152 12OZ SMART STRAW AEROSOL CAN 12/CS 126CS/PL",,,,,,,,1,0,1,0,0,1,1,1,0,1,1,,,1,0,1,0,1,0,1,0,,0,simple,,
admin,base,Default,simple,"22660","Penetrants and Lubricants",628397,"490088",,"WD40 490088 10116 16OZ AEROSOL CAN","","WD40 490088 10116 16OZ AEROSOL CAN","",/\4\9\wd-40-490088-wd40-490088-10116-16oz-aerosol-can.jpg,/\4\9\wd-40-490088-wd40-490088-10116-16oz-aerosol-can.jpg,http://www.48ws.com/images/product/4/9/wd-40-490088-wd40-490088-10116-16oz-aerosol-can.jpg,wd-40-490088-wd40-490088-10116-16oz-aerosol-can,wd-40-490088-wd40-490088-10116-16oz-aerosol-can,,No layout updates.,Block after Info Column,,"WD40 490088 10116 16OZ AEROSOL CAN","WD40 490088 10116 16OZ AEROSOL CAN",Use config,"https://www.wd40.com/products/industrial-size/",0,,,0,"WD-40",266,,Enabled,"Catalog, Search",Taxable Goods,Yes,No,"","","WD-40® Multi-Use Product protects metal from rust and corrision, penetrates stuck parts, displaces moisture and lubricates almost anything.WD-40® Industrial Size is perfect for big jobs that reqire a large amount of WD-40® in one place.

Traditional spray nozzle
Unique size for industrial use
50-state VOC compliant","7956710116","","WD40 490088 10116 16OZ AEROSOL CAN",,,,,,,,1,0,1,0,0,1,1,1,0,1,1,,,1,0,1,0,1,0,1,0,,0,simple,,
admin,base,Default,simple,"22660","Penetrants and Lubricants",628398,"490118",,"WD40 490118 10010 1GL CAN 4/CS","","WD40 490118 10010 1GL CAN 4/CS","",/\4\9\wd-40-490118-wd40-490118-10010-1gl-can-4cs.jpg,/\4\9\wd-40-490118-wd40-490118-10010-1gl-can-4cs.jpg,http://www.48ws.com/images/product/4/9/wd-40-490118-wd40-490118-10010-1gl-can-4cs.jpg,wd-40-490118-wd40-490118-10010-1gl-can-4cs,wd-40-490118-wd40-490118-10010-1gl-can-4cs,,No layout updates.,Block after Info Column,,"WD40 490118 10010 1GL CAN 4/CS","WD40 490118 10010 1GL CAN 4/CS",Use config,"https://www.wd40.com/products/one-gallon/",0,,,0,"WD-40",266,,Enabled,"Catalog, Search",Taxable Goods,Yes,No,"","","WD-40® Multi-Use Product protects metal from rust and corrosion, penetrates stuck parts, displaces moisture and lubricates almost anything. WD-40® One Gallon is ideal for heavy jobs that require soaking and dipping.

Ideal for soaking and dipping
Heavy-duty use
50-state VOC compliant","7956710110","","WD40 490118 10010 1GL CAN 4/CS",,,,,,,,1,0,1,0,0,1,1,1,0,1,1,,,1,0,1,0,1,0,1,0,,0,simple,,
admin,base,Default,simple,"22660","Penetrants and Lubricants",628399,"490194",,"WD40 490194 14.4OZ EZ REACH","","WD40 490194 14.4OZ EZ REACH","",/\4\9\wd-40-490194-wd40-490194-144oz-ez-reach.jpg,/\4\9\wd-40-490194-wd40-490194-144oz-ez-reach.jpg,http://www.48ws.com/images/product/4/9/wd-40-490194-wd40-490194-144oz-ez-reach.jpg,wd-40-490194-wd40-490194-144oz-ez-reach,wd-40-490194-wd40-490194-144oz-ez-reach,,No layout updates.,Block after Info Column,,"WD40 490194 14.4OZ EZ REACH","WD40 490194 14.4OZ EZ REACH",Use config,"https://www.wd40.com/products/ez-reach/",0,,,0,"WD-40",266,,Enabled,"Catalog, Search",Taxable Goods,Yes,No,"","","WD-40® Multi-Use Product protects metal from rust and corrosion, penetrates stuck parts, displaces moisture and lubricates almost anything.WD-40® EZ-REACH™ features an attached 8-inch flexible straw that bends and keeps its shape to get into hard-to-reach places.

8&quot; straw bends and keeps its shape
Sprays 2 Ways®
50-state VOC compliant","7956749019","","WD40 490194 14.4OZ EZ REACH",,,,,,,,1,0,1,0,0,1,1,1,0,1,1,,,1,0,1,0,1,0,1,0,,0,simple,,
admin,base,Default,simple,"22660","Penetrants and Lubricants",648480,"49091",,"EZ-REACH™ 14.4 oz.","","EZ-REACH™ 14.4 oz.","",/\4\9\wd-40-49091-ez-reach-144-oz.jpg,/\4\9\wd-40-49091-ez-reach-144-oz.jpg,http://www.48ws.com/images/product/4/9/wd-40-49091-ez-reach-144-oz.jpg,wd-40-49091-ez-reach-144-oz,wd-40-49091-ez-reach-144-oz,,No layout updates.,Block after Info Column,,"EZ-REACH™ 14.4 oz.","EZ-REACH™ 14.4 oz.",Use config,"https://www.wd40.com/",0,,,0,"WD-40",266,,Enabled,"Catalog, Search",Taxable Goods,Yes,No,"WD-40 EZ-REACH, which features an attached, 8-inch flexible straw that bends and keeps its shape, allows users to get around corners and crevices to deliver the same WD-40 Multi-Use Product that trade professionals and DIYers know and trust.","","<ul>
<li>8-Inch Flexible Straw</li>
<li>Straw Bends And Keeps Its Shape</li>
<li>Same Great Formula</li>
<li>Sprays 2 Ways</li>
<li>50-State VOC Compliant</li>
</ul>","","","EZ-REACH™ 14.4 oz.",,,,,,,,1,0,1,0,0,1,1,1,0,1,1,,,1,0,1,0,1,0,1,0,,0,simple,,
admin,base,Default,simple,"22660","Penetrants and Lubricants",648481,"49002",,"Smart Straw 8 oz.","Smart Straw","Smart Straw 8 oz.","",/\4\9\wd-40-49002-smart-straw-8-oz.jpg,/\4\9\wd-40-49002-smart-straw-8-oz.jpg,http://www.48ws.com/images/product/4/9/wd-40-49002-smart-straw-8-oz.jpg,wd-40-49002-smart-straw-8-oz,wd-40-49002-smart-straw-8-oz,,No layout updates.,Block after Info Column,,"Smart Straw 8 oz.","Smart Straw 8 oz.",Use config,"https://www.wd40.com/",0,,,0,"WD-40",266,,Enabled,"Catalog, Search",Taxable Goods,Yes,No,"","WD-40 Multi-Use Product with the Smart Straw cap ensures you never lose the straw again and sprays 2 ways: In a stream when the straw is up and as a spray when the straw is down.
<ul>
<li>Smart Straw that Sprays 2 Ways</li>
<li>Drives out moisture</li>
<li>Protects</li>
<li>Frees sticky mechanisms</li>
<li>Loosens rusted parts</li>
</ul>","","","<ul><li>8 oz.</li></ul>","Smart Straw 8 oz.",,,,,,,,1,0,1,0,0,1,1,1,0,1,1,,,1,0,1,0,1,0,1,0,,0,simple,,
admin,base,Default,simple,"22660","Penetrants and Lubricants",648482,"49004",,"Smart Straw 11 oz.","Smart Straw","Smart Straw 11 oz.","",/\4\9\wd-40-49004-smart-straw-11-oz.jpg,/\4\9\wd-40-49004-smart-straw-11-oz.jpg,http://www.48ws.com/images/product/4/9/wd-40-49004-smart-straw-11-oz.jpg,wd-40-49004-smart-straw-11-oz,wd-40-49004-smart-straw-11-oz,,No layout updates.,Block after Info Column,,"Smart Straw 11 oz.","Smart Straw 11 oz.",Use config,"https://www.wd40.com/",0,,,0,"WD-40",266,,Enabled,"Catalog, Search",Taxable Goods,Yes,No,"","WD-40 Multi-Use Product with the Smart Straw cap ensures you never lose the straw again and sprays 2 ways: In a stream when the straw is up and as a spray when the straw is down.
<ul>
<li>Smart Straw that Sprays 2 Ways</li>
<li>Drives out moisture</li>
<li>Protects</li>
<li>Frees sticky mechanisms</li>
<li>Loosens rusted parts</li>
</ul>","","","<ul><li>11 oz.</li></ul>","Smart Straw 11 oz.",,,,,,,,1,0,1,0,0,1,1,1,0,1,1,,,1,0,1,0,1,0,1,0,,0,simple,,
admin,base,Default,simple,"22660","Penetrants and Lubricants",648483,"49005",,"Smart Straw 12 oz.","Smart Straw","Smart Straw 12 oz.","",/\4\9\wd-40-49005-smart-straw-12-oz.jpg,/\4\9\wd-40-49005-smart-straw-12-oz.jpg,http://www.48ws.com/images/product/4/9/wd-40-49005-smart-straw-12-oz.jpg,wd-40-49005-smart-straw-12-oz,wd-40-49005-smart-straw-12-oz,,No layout updates.,Block after Info Column,,"Smart Straw 12 oz.","Smart Straw 12 oz.",Use config,"https://www.wd40.com/",0,,,0,"WD-40",266,,Enabled,"Catalog, Search",Taxable Goods,Yes,No,"","WD-40 Multi-Use Product with the Smart Straw cap ensures you never lose the straw again and sprays 2 ways: In a stream when the straw is up and as a spray when the straw is down.
<ul>
<li>Smart Straw that Sprays 2 Ways</li>
<li>Drives out moisture</li>
<li>Protects</li>
<li>Frees sticky mechanisms</li>
<li>Loosens rusted parts</li>
</ul>","","","<ul><li>12 oz.</li></ul>","Smart Straw 12 oz.",,,,,,,,1,0,1,0,0,1,1,1,0,1,1,,,1,0,1,0,1,0,1,0,,0,simple,,
admin,base,Default,simple,"22660","Penetrants and Lubricants",648484,"49000",,"Multi-Use Product 3 oz.","Multi-Use Product","Multi-Use Product 3 oz.","",/\4\9\wd-40-49000-multi-use-product-3-oz.jpg,/\4\9\wd-40-49000-multi-use-product-3-oz.jpg,http://www.48ws.com/images/product/4/9/wd-40-49000-multi-use-product-3-oz.jpg,wd-40-49000-multi-use-product-3-oz,wd-40-49000-multi-use-product-3-oz,,No layout updates.,Block after Info Column,,"Multi-Use Product 3 oz.","Multi-Use Product 3 oz.",Use config,"https://www.wd40.com/",0,,,0,"WD-40",266,,Enabled,"Catalog, Search",Taxable Goods,Yes,No,"","WD-40 Multi-Use Product in gallons and drums is ideal for soaking, refilling and providing versatility for heavy use jobs.
<ul>
<li>Drives out moisture</li>
<li>Protects</li>
<li>Frees sticky mechanisms</li>
<li>Loosens rusted parts</li>
</ul>","","","<ul><li>3 oz.</li></ul>","Multi-Use Product 3 oz.",,,,,,,,1,0,1,0,0,1,1,1,0,1,1,,,1,0,1,0,1,0,1,0,,0,simple,,
admin,base,Default,simple,"22660","Penetrants and Lubricants",648485,"49009",,"Big Blast 18 oz.","","Big Blast 18 oz.","",/\4\9\wd-40-49009-big-blast-18-oz.jpg,/\4\9\wd-40-49009-big-blast-18-oz.jpg,http://www.48ws.com/images/product/4/9/wd-40-49009-big-blast-18-oz.jpg,wd-40-49009-big-blast-18-oz,wd-40-49009-big-blast-18-oz,,No layout updates.,Block after Info Column,,"Big Blast 18 oz.","Big Blast 18 oz.",Use config,"https://www.wd40.com/",0,,,0,"WD-40",266,,Enabled,"Catalog, Search",Taxable Goods,Yes,No,"WD-40 Big Blast can covers large surfaces fast to protect surfaces from rust and corrosion, remove tree sap, road tar and other sticky stuff, displace moisture, and more!","","<ul>
<li>Wide-area Spray Nozzle</li>
<li>Drives out moisture</li>
<li>Protects</li>
<li>Frees sticky mechanisms</li>
<li>Loosens rusted parts</li>
</ul>","","","Big Blast 18 oz.",,,,,,,,1,0,1,0,0,1,1,1,0,1,1,,,1,0,1,0,1,0,1,0,,0,simple,,
admin,base,Default,simple,"22660","Penetrants and Lubricants",648486,"49010",,"Trigger Pro  20 oz.","","Trigger Pro  20 oz.","",/\4\9\wd-40-49010-trigger-pro-20-oz.jpg,/\4\9\wd-40-49010-trigger-pro-20-oz.jpg,http://www.48ws.com/images/product/4/9/wd-40-49010-trigger-pro-20-oz.jpg,wd-40-49010-trigger-pro-20-oz,wd-40-49010-trigger-pro-20-oz,,No layout updates.,Block after Info Column,,"Trigger Pro  20 oz.","Trigger Pro  20 oz.",Use config,"https://www.wd40.com/",0,,,0,"WD-40",266,,Enabled,"Catalog, Search",Taxable Goods,Yes,No,"WD-40 Trigger Pro is a Non-Aerosol product that lubricates, prevents rust, displaces moisture, and more! The Trigger Pro is designed to allow you to control the spray. Delivering product quickly and efficiently over large areas as well as just the right a","","<ul>
<li>Non-aerosol formula</li>
<li>Two Settings - Spray or Stream</li>
<li>Precise application - No overspray</li>
<li>Drives out moisture</li>
<li>Protects</li>
<li>Frees sticky mechanisms</li>
<li>Loosens rusted parts</li>
</ul>","","","Trigger Pro  20 oz.",,,,,,,,1,0,1,0,0,1,1,1,0,1,1,,,1,0,1,0,1,0,1,0,,0,simple,,
admin,base,Default,simple,"22660","Penetrants and Lubricants",648487,"49011",,"Multi-Use Product 1 Gallon","Multi-Use Product","Multi-Use Product 1 Gallon","",/\4\9\wd-40-49011-multi-use-product-1-gallon.jpg,/\4\9\wd-40-49011-multi-use-product-1-gallon.jpg,http://www.48ws.com/images/product/4/9/wd-40-49011-multi-use-product-1-gallon.jpg,wd-40-49011-multi-use-product-1-gallon,wd-40-49011-multi-use-product-1-gallon,,No layout updates.,Block after Info Column,,"Multi-Use Product 1 Gallon","Multi-Use Product 1 Gallon",Use config,"https://www.wd40.com/",0,,,0,"WD-40",266,,Enabled,"Catalog, Search",Taxable Goods,Yes,No,"","WD-40 Multi-Use Product in gallons and drums is ideal for soaking, refilling and providing versatility for heavy use jobs.
<ul>
<li>Drives out moisture</li>
<li>Protects</li>
<li>Frees sticky mechanisms</li>
<li>Loosens rusted parts</li>
</ul>","","","<ul><li>1 Gallon</li></ul>","Multi-Use Product 1 Gallon",,,,,,,,1,0,1,0,0,1,1,1,0,1,1,,,1,0,1,0,1,0,1,0,,0,simple,,
admin,base,Default,simple,"22660","Penetrants and Lubricants",648488,"49012",,"Multi-Use Product 5 Gallon","Multi-Use Product","Multi-Use Product 5 Gallon","",/\4\9\wd-40-49012-multi-use-product-5-gallon.jpg,/\4\9\wd-40-49012-multi-use-product-5-gallon.jpg,http://www.48ws.com/images/product/4/9/wd-40-49012-multi-use-product-5-gallon.jpg,wd-40-49012-multi-use-product-5-gallon,wd-40-49012-multi-use-product-5-gallon,,No layout updates.,Block after Info Column,,"Multi-Use Product 5 Gallon","Multi-Use Product 5 Gallon",Use config,"https://www.wd40.com/",0,,,0,"WD-40",266,,Enabled,"Catalog, Search",Taxable Goods,Yes,No,"","WD-40 Multi-Use Product in gallons and drums is ideal for soaking, refilling and providing versatility for heavy use jobs.
<ul>
<li>Drives out moisture</li>
<li>Protects</li>
<li>Frees sticky mechanisms</li>
<li>Loosens rusted parts</li>
</ul>","","","<ul><li>5 Gallon</li></ul>","Multi-Use Product 5 Gallon",,,,,,,,1,0,1,0,0,1,1,1,0,1,1,,,1,0,1,0,1,0,1,0,,0,simple,,
admin,base,Default,simple,"22660","Penetrants and Lubricants",648489,"49013",,"Multi-Use Product 55 Gallon","Multi-Use Product","Multi-Use Product 55 Gallon","",/\4\9\wd-40-49013-multi-use-product-55-gallon.jpg,/\4\9\wd-40-49013-multi-use-product-55-gallon.jpg,http://www.48ws.com/images/product/4/9/wd-40-49013-multi-use-product-55-gallon.jpg,wd-40-49013-multi-use-product-55-gallon,wd-40-49013-multi-use-product-55-gallon,,No layout updates.,Block after Info Column,,"Multi-Use Product 55 Gallon","Multi-Use Product 55 Gallon",Use config,"https://www.wd40.com/",0,,,0,"WD-40",266,,Enabled,"Catalog, Search",Taxable Goods,Yes,No,"","WD-40 Multi-Use Product in gallons and drums is ideal for soaking, refilling and providing versatility for heavy use jobs.
<ul>
<li>Drives out moisture</li>
<li>Protects</li>
<li>Frees sticky mechanisms</li>
<li>Loosens rusted parts</li>
</ul>","","","<ul><li>55 Gallon</li></ul>","Multi-Use Product 55 Gallon",,,,,,,,1,0,1,0,0,1,1,1,0,1,1,,,1,0,1,0,1,0,1,0,,0,simple,,
