﻿category_ids,category_names,sku,meta_title,meta_description,Image,manufacturer,description,short_description,summary,upc,size_info,meta_keyword
2664|26225,Door Surface Protection|Door Protectors,P3070,Door Protection System,,E:\IMAGES\ITEMS\product\P\3\1-2-3-Door-Shield-P3070-Door-Protection.jpg,1-2-3 Door Shield,,"Nomar® liner, packaged in 5-pack cartons","Door protection that is easy to use, cost-effective and reusable. Each Door Shield has an anti-static and abrasion resistant inner liner, a Velcro fastening system and pre-perforated knockouts for most hardware and closer configurations. Simply unfold the Door Shield and drape and center it over the top of the door. Attach the hook-and-loop fasteners and adjust for the hardware. Allows the door to be closed and secured without removing the Door Shield. Installs in less than one minute and is easily moved.",,"Protector Series, 2-ply, 50units/pallet, fits 3070, 21070, 21068 Doors, 430 lbs",Door Protection System
2664|26225,Door Surface Protection|Door Protectors,P3080,Door Protection System,,E:\IMAGES\ITEMS\product\P\3\1-2-3-Door-Shield-P3070-Door-Protection.jpg,1-2-3 Door Shield,1-2-3 Door Shield P3080 Door Protection System,"Nomar® liner, packaged in 5-pack cartons","Door protection that is easy to use, cost-effective and reusable. Each Door Shield has an anti-static and abrasion resistant inner liner, a Velcro fastening system and pre-perforated knockouts for most hardware and closer configurations. Simply unfold the Door Shield and drape and center it over the top of the door. Attach the hook-and-loop fasteners and adjust for the hardware. Allows the door to be closed and secured without removing the Door Shield. Installs in less than one minute and is easily moved.",,"Protector Series, 2-ply, 50units/pallet, fits 3080, 30710, 3076, 3070 Doors, 485 lbs",Door Protection System
2664|26225,Door Surface Protection|Door Protectors,2S3070,Door Protection System,,E:\IMAGES\ITEMS\product\P\3\1-2-3-Door-Shield-P3070-Door-Protection.jpg,1-2-3 Door Shield,1-2-3 Door Shield 2S3070 Door Protection System,"Nomar® liner, packaged in 5-pack cartons","Door protection that is easy to use, cost-effective and reusable. Each Door Shield has an anti-static and abrasion resistant inner liner, a Velcro fastening system and pre-perforated knockouts for most hardware and closer configurations. Simply unfold the Door Shield and drape and center it over the top of the door. Attach the hook-and-loop fasteners and adjust for the hardware. Allows the door to be closed and secured without removing the Door Shield. Installs in less than one minute and is easily moved.",,"200 Series, 80units/pallet, fits 3070, 3068, 21070, 21068 doors, 476 lbs",Door Protection System
2664|26225,Door Surface Protection|Door Protectors,2S3080,Door Protection System,,E:\IMAGES\ITEMS\product\P\3\1-2-3-Door-Shield-P3070-Door-Protection.jpg,1-2-3 Door Shield,1-2-3 Door Shield 2S3080 Door Protection System,"Nomar® liner, packaged in 5-pack cartons","Door protection that is easy to use, cost-effective and reusable. Each Door Shield has an anti-static and abrasion resistant inner liner, a Velcro fastening system and pre-perforated knockouts for most hardware and closer configurations. Simply unfold the Door Shield and drape and center it over the top of the door. Attach the hook-and-loop fasteners and adjust for the hardware. Allows the door to be closed and secured without removing the Door Shield. Installs in less than one minute and is easily moved.",,"200 Series, 80units/pallet, fits 3080, 30710, 3076, 3070 Doors. 520 lbs",Door Protection System
2663|24124,General Surface Protection|Surface Protection Films,JP2-069,PVC Jamb Protection,"2 jamb protectors, 4.5"" - 9"" x 3.25"" x 69"", 9 lbs",E:\IMAGES\ITEMS\product\J\P\1-2-3-Door-Shield-JP2-069-PVC-Jamb.jpg,1-2-3 Door Shield,,,"PVC Jamb Protectors Guard against gouges, nicks and scratches during construction. These preformed snap-on sections are rigid and durable offering heavy duty protection for wood or steel jambs and window sills. Prevents damage to vulnerable door jambs and trim on the job site. They are made of heavy duty PVC and completely reusable. Excellent for protecting window sills and jambs while bringing in drywall.  FPB Jamb Protectors For temporary protection against gouges, nicks and scratches during construction, use these sturdy cardboard counterparts. Prevent damage to vulnerable door jambs and trim on the work site. Recyclable.",,"2 jamb protectors, 4.5"" - 9"" x 3.25"" x 69"", 9 lbs",PVC Jamb Protection
2663|24124,General Surface Protection|Surface Protection Films,FJP60-10,"Jamb Protector 4.5"" - 8"" x 60""","2 jamb protectors, 4.5"" - 9"" x 3.25"" x 69"", 9 lbs",E:\IMAGES\ITEMS\product\J\P\1-2-3-Door-Shield-JP2-069-PVC-Jamb.jpg,1-2-3 Door Shield,"1-2-3 Door Shield FJP60-10 Jamb Protector 4.5"" - 8"" x 60""",,"PVC Jamb Protectors Guard against gouges, nicks and scratches during construction. These preformed snap-on sections are rigid and durable offering heavy duty protection for wood or steel jambs and window sills. Prevents damage to vulnerable door jambs and trim on the job site. They are made of heavy duty PVC and completely reusable. Excellent for protecting window sills and jambs while bringing in drywall.  FPB Jamb Protectors For temporary protection against gouges, nicks and scratches during construction, use these sturdy cardboard counterparts. Prevent damage to vulnerable door jambs and trim on the work site. Recyclable.",,"10 FPB Jamb Protectors, 4.5"" - 8"" x 60""","Jamb Protector 4.5"" - 8"" x 60"""
2663|24124,General Surface Protection|Surface Protection Films,FJP60-56,"4.5"" - 8"" x 60""","2 jamb protectors, 4.5"" - 9"" x 3.25"" x 69"", 9 lbs",E:\IMAGES\ITEMS\product\J\P\1-2-3-Door-Shield-JP2-069-PVC-Jamb.jpg,1-2-3 Door Shield,"1-2-3 Door Shield FJP60-56 4.5"" - 8"" x 60""",,"PVC Jamb Protectors Guard against gouges, nicks and scratches during construction. These preformed snap-on sections are rigid and durable offering heavy duty protection for wood or steel jambs and window sills. Prevents damage to vulnerable door jambs and trim on the job site. They are made of heavy duty PVC and completely reusable. Excellent for protecting window sills and jambs while bringing in drywall.  FPB Jamb Protectors For temporary protection against gouges, nicks and scratches during construction, use these sturdy cardboard counterparts. Prevent damage to vulnerable door jambs and trim on the work site. Recyclable.",,"1 Case (56) FPB Jamb Protectors 4.5"" - 8"" x 60""","4.5"" - 8"" x 60"""
628|24124,Carpet|Surface Protection Films,Carpet Film 400sf,"Carpet Film 24” x 200’ roll, 400 sf",,E:\IMAGES\ITEMS\product\C\a\1-2-3-Door-Shield-Carpet-Film-24-x-200-roll-400.jpg,1-2-3 Door Shield,,"Standard 45-day carpet protection, water-based adhesive","Our carpet film can be left in place for up to 45 days on all grades of carpet. Its self-adhering clear poly-film protects against damage from spills, dirt and foot traffic and is highly resistant to tears and punctures. Each roll is reverse wound for easy installation. The water-based adhesive is safe for use on all grades of carpet. Available in multiple sizes.  The Carpet Film Dispenser * is the fastest way to apply this product. Use our smaller dispenser for the 24”, 30” and 36” roll widths and our larger dispenser for the 36”, 48” and 60” roll widths.",,"24” x 200’ roll, 400 sf","Carpet Film 24” x 200’ roll, 400 sf"
628|24124,Carpet|Surface Protection Films,Carpet Film 500sf,"Carpet Film 30” x 200’ roll, 500 sf",,E:\IMAGES\ITEMS\product\C\a\1-2-3-Door-Shield-Carpet-Film-24-x-200-roll-400.jpg,1-2-3 Door Shield,"1-2-3 Door Shield Carpet Film 30” x 200’ roll, 500 sf","Standard 45-day carpet protection, water-based adhesive","Our carpet film can be left in place for up to 45 days on all grades of carpet. Its self-adhering clear poly-film protects against damage from spills, dirt and foot traffic and is highly resistant to tears and punctures. Each roll is reverse wound for easy installation. The water-based adhesive is safe for use on all grades of carpet. Available in multiple sizes.  The Carpet Film Dispenser * is the fastest way to apply this product. Use our smaller dispenser for the 24”, 30” and 36” roll widths and our larger dispenser for the 36”, 48” and 60” roll widths.",,"30” x 200’ roll, 500 sf","Carpet Film 30” x 200’ roll, 500 sf"
628|24124,Carpet|Surface Protection Films,Carpet Film 600sf,"Carpet Film 36” x 200’ roll, 600 sf",,E:\IMAGES\ITEMS\product\C\a\1-2-3-Door-Shield-Carpet-Film-24-x-200-roll-400.jpg,1-2-3 Door Shield,"1-2-3 Door Shield Carpet Film 36” x 200’ roll, 600 sf","Standard 45-day carpet protection, water-based adhesive","Our carpet film can be left in place for up to 45 days on all grades of carpet. Its self-adhering clear poly-film protects against damage from spills, dirt and foot traffic and is highly resistant to tears and punctures. Each roll is reverse wound for easy installation. The water-based adhesive is safe for use on all grades of carpet. Available in multiple sizes.  The Carpet Film Dispenser * is the fastest way to apply this product. Use our smaller dispenser for the 24”, 30” and 36” roll widths and our larger dispenser for the 36”, 48” and 60” roll widths.",,"36” x 200’ roll, 600 sf","Carpet Film 36” x 200’ roll, 600 sf"
628|24124,Carpet|Surface Protection Films,Carpet Film 800 sf,"Carpet Film 48” x 200’ roll, 800 sf",,E:\IMAGES\ITEMS\product\C\a\1-2-3-Door-Shield-Carpet-Film-24-x-200-roll-400.jpg,1-2-3 Door Shield,"1-2-3 Door Shield Carpet Film 48” x 200’ roll, 800 sf","Standard 45-day carpet protection, water-based adhesive","Our carpet film can be left in place for up to 45 days on all grades of carpet. Its self-adhering clear poly-film protects against damage from spills, dirt and foot traffic and is highly resistant to tears and punctures. Each roll is reverse wound for easy installation. The water-based adhesive is safe for use on all grades of carpet. Available in multiple sizes.  The Carpet Film Dispenser * is the fastest way to apply this product. Use our smaller dispenser for the 24”, 30” and 36” roll widths and our larger dispenser for the 36”, 48” and 60” roll widths.",,"48” x 200’ roll, 800 sf","Carpet Film 48” x 200’ roll, 800 sf"
628|24124,Carpet|Surface Protection Films,Carpet Film 1000sf,"Carpet Film 24” x 500’ roll, 1000 sf",,E:\IMAGES\ITEMS\product\C\a\1-2-3-Door-Shield-Carpet-Film-24-x-200-roll-400.jpg,1-2-3 Door Shield,"1-2-3 Door Shield Carpet Film 24” x 500’ roll, 1000 sf","Standard 45-day carpet protection, water-based adhesive","Our carpet film can be left in place for up to 45 days on all grades of carpet. Its self-adhering clear poly-film protects against damage from spills, dirt and foot traffic and is highly resistant to tears and punctures. Each roll is reverse wound for easy installation. The water-based adhesive is safe for use on all grades of carpet. Available in multiple sizes.  The Carpet Film Dispenser * is the fastest way to apply this product. Use our smaller dispenser for the 24”, 30” and 36” roll widths and our larger dispenser for the 36”, 48” and 60” roll widths.",,"24” x 500’ roll, 1000 sf","Carpet Film 24” x 500’ roll, 1000 sf"
628|24124,Carpet|Surface Protection Films,Carpet Film 1500sf,"Carpet Film 36” x 500’ roll, 1500 sf",,E:\IMAGES\ITEMS\product\C\a\1-2-3-Door-Shield-Carpet-Film-24-x-200-roll-400.jpg,1-2-3 Door Shield,"1-2-3 Door Shield Carpet Film 36” x 500’ roll, 1500 sf","Standard 45-day carpet protection, water-based adhesive","Our carpet film can be left in place for up to 45 days on all grades of carpet. Its self-adhering clear poly-film protects against damage from spills, dirt and foot traffic and is highly resistant to tears and punctures. Each roll is reverse wound for easy installation. The water-based adhesive is safe for use on all grades of carpet. Available in multiple sizes.  The Carpet Film Dispenser * is the fastest way to apply this product. Use our smaller dispenser for the 24”, 30” and 36” roll widths and our larger dispenser for the 36”, 48” and 60” roll widths.",,"36” x 500’ roll, 1500 sf","Carpet Film 36” x 500’ roll, 1500 sf"
628|24124,Carpet|Surface Protection Films,Carpet Film 2000sf,"Carpet Film 48” x 500’ roll, 2000 sf",,E:\IMAGES\ITEMS\product\C\a\1-2-3-Door-Shield-Carpet-Film-24-x-200-roll-400.jpg,1-2-3 Door Shield,"1-2-3 Door Shield Carpet Film 48” x 500’ roll, 2000 sf","Standard 45-day carpet protection, water-based adhesive","Our carpet film can be left in place for up to 45 days on all grades of carpet. Its self-adhering clear poly-film protects against damage from spills, dirt and foot traffic and is highly resistant to tears and punctures. Each roll is reverse wound for easy installation. The water-based adhesive is safe for use on all grades of carpet. Available in multiple sizes.  The Carpet Film Dispenser * is the fastest way to apply this product. Use our smaller dispenser for the 24”, 30” and 36” roll widths and our larger dispenser for the 36”, 48” and 60” roll widths.",,"48” x 500’ roll, 2000 sf","Carpet Film 48” x 500’ roll, 2000 sf"
2663|24124,General Surface Protection|Surface Protection Films,"Multi 24”, 30”, 36” Dispenser","Multi 24”, 30”, 36” Dispenser",,E:\IMAGES\ITEMS\product\C\a\1-2-3-Door-Shield-Carpet-Film-24-x-200-roll-400.jpg,1-2-3 Door Shield,"1-2-3 Door Shield Multi 24”, 30”, 36” Dispenser","Standard 45-day carpet protection, water-based adhesive","Our carpet film can be left in place for up to 45 days on all grades of carpet. Its self-adhering clear poly-film protects against damage from spills, dirt and foot traffic and is highly resistant to tears and punctures. Each roll is reverse wound for easy installation. The water-based adhesive is safe for use on all grades of carpet. Available in multiple sizes.  The Carpet Film Dispenser * is the fastest way to apply this product. Use our smaller dispenser for the 24”, 30” and 36” roll widths and our larger dispenser for the 36”, 48” and 60” roll widths.",,"24”, 30”, 36” Dispenser","Multi 24”, 30”, 36” Dispenser"
2663|24124,General Surface Protection|Surface Protection Films,"Multi 36”, 48”, 60” Dispenser","Multi 36”, 48”, 60” Dispenser",,E:\IMAGES\ITEMS\product\C\a\1-2-3-Door-Shield-Carpet-Film-24-x-200-roll-400.jpg,1-2-3 Door Shield,"1-2-3 Door Shield Multi 36”, 48”, 60” Dispenser","Standard 45-day carpet protection, water-based adhesive","Our carpet film can be left in place for up to 45 days on all grades of carpet. Its self-adhering clear poly-film protects against damage from spills, dirt and foot traffic and is highly resistant to tears and punctures. Each roll is reverse wound for easy installation. The water-based adhesive is safe for use on all grades of carpet. Available in multiple sizes.  The Carpet Film Dispenser * is the fastest way to apply this product. Use our smaller dispenser for the 24”, 30” and 36” roll widths and our larger dispenser for the 36”, 48” and 60” roll widths.",,"36”, 48”, 60” Dispenser","Multi 36”, 48”, 60” Dispenser"
2663|24124,General Surface Protection|Surface Protection Films,Runner 200sf,"Runner 24"" x 100', 200 sf",,E:\IMAGES\ITEMS\product\R\u\1-2-3-Door-Shield-Runner-24-x-100-200.jpg,1-2-3 Door Shield,,Runner For Hard Surfaces 1-Roll,"The Runner is designed for heavy traffic areas and high quality floor surfaces and counter tops that need extra protection. It protects hardwood floors, hard tile, granite, marble, as well as resilient tile and linoleum floors.  This product stays in place and the non-porous fabric with rubber backing helps protect finished surfaces from moisture and spills. Also allows surfaces to breathe while being protected. The Runner is reusable.",,"24"" x 100', 200 sf","Runner 24"" x 100', 200 sf"
2663|24124,General Surface Protection|Surface Protection Films,Runner 300sf,"Runner 36"" x 100', 300 sf",,E:\IMAGES\ITEMS\product\R\u\1-2-3-Door-Shield-Runner-24-x-100-200.jpg,1-2-3 Door Shield,"1-2-3 Door Shield Runner 36"" x 100', 300 sf",Runner For Hard Surfaces 1-Roll,"The Runner is designed for heavy traffic areas and high quality floor surfaces and counter tops that need extra protection. It protects hardwood floors, hard tile, granite, marble, as well as resilient tile and linoleum floors.  This product stays in place and the non-porous fabric with rubber backing helps protect finished surfaces from moisture and spills. Also allows surfaces to breathe while being protected. The Runner is reusable.",,"36"" x 100', 300 sf","Runner 36"" x 100', 300 sf"
2663|24124,General Surface Protection|Surface Protection Films,Runner 400sf,"Runner 48"" x 100', 400 sf",,E:\IMAGES\ITEMS\product\R\u\1-2-3-Door-Shield-Runner-24-x-100-200.jpg,1-2-3 Door Shield,"1-2-3 Door Shield Runner 48"" x 100', 400 sf",Runner For Hard Surfaces 1-Roll,"The Runner is designed for heavy traffic areas and high quality floor surfaces and counter tops that need extra protection. It protects hardwood floors, hard tile, granite, marble, as well as resilient tile and linoleum floors.  This product stays in place and the non-porous fabric with rubber backing helps protect finished surfaces from moisture and spills. Also allows surfaces to breathe while being protected. The Runner is reusable.",,"48"" x 100', 400 sf","Runner 48"" x 100', 400 sf"
2661|24124,Floor Surface Protection|Surface Protection Films,Floor Runner 200sf,"Floor Runner 24"" x 100', 200 sf",,E:\IMAGES\ITEMS\product\F\l\1-2-3-Door-Shield-Floor-Runner-24-x-100-200.jpg,1-2-3 Door Shield,,1-Roll,"Floor Runner is perfect for finished hardwood floors, tile, granite, marble, counter tops, and stair protection. It provides up to 100 days of protection that stays in place and helps protect from scratches, paint spills and foot traffic. Durable, reusable and perfect for indoor use; designed for high-traffic areas and high-risk floors surfaces that need extra protection. Reverse wound for easy installation. Simply cut to size and lay in place.",,"24"" x 100', 200 sf","Floor Runner 24"" x 100', 200 sf"
2661|24124,Floor Surface Protection|Surface Protection Films,Floor Runner 300sf,"Floor Runner 36"" x 100', 300 sf",,E:\IMAGES\ITEMS\product\F\l\1-2-3-Door-Shield-Floor-Runner-24-x-100-200.jpg,1-2-3 Door Shield,"1-2-3 Door Shield Floor Runner 36"" x 100', 300 sf",1-Roll,"Floor Runner is perfect for finished hardwood floors, tile, granite, marble, counter tops, and stair protection. It provides up to 100 days of protection that stays in place and helps protect from scratches, paint spills and foot traffic. Durable, reusable and perfect for indoor use; designed for high-traffic areas and high-risk floors surfaces that need extra protection. Reverse wound for easy installation. Simply cut to size and lay in place.",,"36"" x 100', 300 sf","Floor Runner 36"" x 100', 300 sf"
2661|24124,Floor Surface Protection|Surface Protection Films,Floor Runner 400sf,"Floor Runner 48"" x 100', 400 sf",,E:\IMAGES\ITEMS\product\F\l\1-2-3-Door-Shield-Floor-Runner-24-x-100-200.jpg,1-2-3 Door Shield,"1-2-3 Door Shield Floor Runner 48"" x 100', 400 sf",1-Roll,"Floor Runner is perfect for finished hardwood floors, tile, granite, marble, counter tops, and stair protection. It provides up to 100 days of protection that stays in place and helps protect from scratches, paint spills and foot traffic. Durable, reusable and perfect for indoor use; designed for high-traffic areas and high-risk floors surfaces that need extra protection. Reverse wound for easy installation. Simply cut to size and lay in place.",,"48"" x 100', 400 sf","Floor Runner 48"" x 100', 400 sf"
2663|24124,General Surface Protection|Surface Protection Films,Construction Board,"38"" x 100'","1-2-3 Door Shield Construction Board 38"" x 100'",E:\IMAGES\ITEMS\product\C\o\1-2-3-Door-Shield-Construction-Board-38-x.jpg,1-2-3 Door Shield,,"1-roll, 45 mil flexible board, 38"" x 100', 316 sf","Don’t spend all your time taping cardboard together; Construction Board allows you to cover and protect the surface in half the time. Construction Board is tough as nails. This heavy-duty product is cost-effective and safe for all surfaces. It does not stain, can be reused, and is durable for any jobsite, large or small. This tough covering is perfect for concrete and epoxy floors. You can even drive a forklift over it! A green product, Construction Board is made from 100% recycled material, and can also be recycled itself.",,"1-2-3 Door Shield Construction Board 38"" x 100'","38"" x 100'"
2048|24124,Surface Traction|Surface Protection Films,PTM-2-3624,Tacky Mat 2 Sets of 30 Sheets Measuring 3' x 2',,E:\IMAGES\ITEMS\product\P\T\1-2-3-Door-Shield-PTM-2-3624-Tacky-Mat-2-Sets-of-30-Sheets.jpg,1-2-3 Door Shield,,,"Stop dust and dirt from being tracked through your jobsite, models or home. Tacky Mats® come with thirty (30) disposable tacky sheets per mat and two (2) mats per box. When the top sheet becomes soiled, simply peel away (sheets are numbered for easy reordering). They are excellent for stopping drywall dust and light dirt from entering or leaving your jobsite. There is also a tacky mat dispenser available for the 3’ x 2’ mat. Available in blue or white.",,2 Sets of 30 Sheets Measuring 3' x 2',Tacky Mat 2 Sets of 30 Sheets Measuring 3' x 2'
2048|23956,Surface Traction|Tractor Accessories,PTM-4-2445,Tacky Mat 4 sets of 30 sheets measuring 2' x 3.75',,E:\IMAGES\ITEMS\product\P\T\1-2-3-Door-Shield-PTM-2-3624-Tacky-Mat-2-Sets-of-30-Sheets.jpg,1-2-3 Door Shield,1-2-3 Door Shield PTM-4-2445 Tacky Mat 4 sets of 30 sheets measuring 2' x 3.75',,"Stop dust and dirt from being tracked through your jobsite, models or home. Tacky Mats® come with thirty (30) disposable tacky sheets per mat and two (2) mats per box. When the top sheet becomes soiled, simply peel away (sheets are numbered for easy reordering). They are excellent for stopping drywall dust and light dirt from entering or leaving your jobsite. There is also a tacky mat dispenser available for the 3’ x 2’ mat. Available in blue or white.",,4 Sets of 30 Sheets Measuring 2' x 3.75',Tacky Mat 4 sets of 30 sheets measuring 2' x 3.75'
2048|23956,Surface Traction|Tractor Accessories,PTMM-1-2537,Tacky Mat Mount,,E:\IMAGES\ITEMS\product\P\T\1-2-3-Door-Shield-PTM-2-3624-Tacky-Mat-2-Sets-of-30-Sheets.jpg,1-2-3 Door Shield,1-2-3 Door Shield Tacky Mat Mount,,"Stop dust and dirt from being tracked through your jobsite, models or home. Tacky Mats® come with thirty (30) disposable tacky sheets per mat and two (2) mats per box. When the top sheet becomes soiled, simply peel away (sheets are numbered for easy reordering). They are excellent for stopping drywall dust and light dirt from entering or leaving your jobsite. There is also a tacky mat dispenser available for the 3’ x 2’ mat. Available in blue or white.",,"Mat Mount: fit 24""x 36"" mat",Tacky Mat Mount
2663|24124,General Surface Protection|Surface Protection Films,Hard Surface Film 400sf,"Hard Surface Film 24"" x 200' - 400 s.f.",,E:\IMAGES\ITEMS\product\H\a\1-2-3-Door-Shield-Hard-Surface-Film-24-x-200-400.jpg,1-2-3 Door Shield,,1-Roll,"Hard Surface Film is a 2-mil polyethylene film with slip-resistant protection for almost any hard surface. This surface protection product protects your finished surface from dirt, grime and spills and is resistant to scuffs and abrasions. This product is excellent for protecting laminated plastic tile, vinyl, granite counter tops, appliances, glass or almost any factory finished surface and is reverse wound for easy application. FIVE convenient builder sizes are available.",,"24"" x 200' - 400 s.f.","Hard Surface Film 24"" x 200' - 400 s.f."
2663|24124,General Surface Protection|Surface Protection Films,Hard Surface Film 600sf,"Hard Surface Film 36"" x 200' - 600 s.f.",,E:\IMAGES\ITEMS\product\H\a\1-2-3-Door-Shield-Hard-Surface-Film-24-x-200-400.jpg,1-2-3 Door Shield,"1-2-3 Door Shield Hard Surface Film 36"" x 200' - 600 s.f.",1-Roll,"Hard Surface Film is a 2-mil polyethylene film with slip-resistant protection for almost any hard surface. This surface protection product protects your finished surface from dirt, grime and spills and is resistant to scuffs and abrasions. This product is excellent for protecting laminated plastic tile, vinyl, granite counter tops, appliances, glass or almost any factory finished surface and is reverse wound for easy application. FIVE convenient builder sizes are available.",,"36"" x 200' - 600 s.f.","Hard Surface Film 36"" x 200' - 600 s.f."
2663|24124,General Surface Protection|Surface Protection Films,Hard Surface Film 800sf,"Hard Surface Film 48"" x 200' - 800 s.f.",,E:\IMAGES\ITEMS\product\H\a\1-2-3-Door-Shield-Hard-Surface-Film-24-x-200-400.jpg,1-2-3 Door Shield,"1-2-3 Door Shield Hard Surface Film 48"" x 200' - 800 s.f.",1-Roll,"Hard Surface Film is a 2-mil polyethylene film with slip-resistant protection for almost any hard surface. This surface protection product protects your finished surface from dirt, grime and spills and is resistant to scuffs and abrasions. This product is excellent for protecting laminated plastic tile, vinyl, granite counter tops, appliances, glass or almost any factory finished surface and is reverse wound for easy application. FIVE convenient builder sizes are available.",,"48"" x 200' - 800 s.f.","Hard Surface Film 48"" x 200' - 800 s.f."
2663|24124,General Surface Protection|Surface Protection Films,Hard Surface Film 1000sf,"Hard Surface Film 24"" x 500' - 1,000 s.f",,E:\IMAGES\ITEMS\product\H\a\1-2-3-Door-Shield-Hard-Surface-Film-24-x-200-400.jpg,1-2-3 Door Shield,"1-2-3 Door Shield Hard Surface Film 24"" x 500' - 1,000 s.f",1-Roll,"Hard Surface Film is a 2-mil polyethylene film with slip-resistant protection for almost any hard surface. This surface protection product protects your finished surface from dirt, grime and spills and is resistant to scuffs and abrasions. This product is excellent for protecting laminated plastic tile, vinyl, granite counter tops, appliances, glass or almost any factory finished surface and is reverse wound for easy application. FIVE convenient builder sizes are available.",,"24"" x 500' - 1,000 s.f","Hard Surface Film 24"" x 500' - 1,000 s.f"
2663|24124,General Surface Protection|Surface Protection Films,Hard Surface Film 1500sf,"Hard Surface Film 36"" x 500' - 1,500 s.f.",,E:\IMAGES\ITEMS\product\H\a\1-2-3-Door-Shield-Hard-Surface-Film-24-x-200-400.jpg,1-2-3 Door Shield,"1-2-3 Door Shield Hard Surface Film 36"" x 500' - 1,500 s.f.",1-Roll,"Hard Surface Film is a 2-mil polyethylene film with slip-resistant protection for almost any hard surface. This surface protection product protects your finished surface from dirt, grime and spills and is resistant to scuffs and abrasions. This product is excellent for protecting laminated plastic tile, vinyl, granite counter tops, appliances, glass or almost any factory finished surface and is reverse wound for easy application. FIVE convenient builder sizes are available.",,"36"" x 500' - 1,500 s.f.","Hard Surface Film 36"" x 500' - 1,500 s.f."
2665|24124,Window Surface Protection|Surface Protection Films,Window Film 1200sf 30day,"Window Film 24"" x 600', 1200 sf, 30-day",,E:\IMAGES\ITEMS\product\W\i\1-2-3-Door-Shield-Window-Film-24-x-600-1200-sf-30.jpg,1-2-3 Door Shield,,Saves clean-up time and expense! Protects window glass and frames; keeps them clean! Tear resistant film!,"Window Film is a specially designed, fully laminated self-adhering film for temporary protection of glass windows and frames. This surface protection product is easy to apply by hand without using cumbersome masking or duct tape; simply roll on the product for maximum, durable protection and avoid costly clean up and repairs.Window Film stays in place to protect your windows, window frames and glass from overspray, mortar stains, muriatic acid, stucco and more.",,"24"" x 600', 1200 sf, 30-day","Window Film 24"" x 600', 1200 sf, 30-day"
2665|24124,Window Surface Protection|Surface Protection Films,Window Film 1500sf 30day,"Window Film 36"" x 500', 1500 sf, 30-day",,E:\IMAGES\ITEMS\product\W\i\1-2-3-Door-Shield-Window-Film-24-x-600-1200-sf-30.jpg,1-2-3 Door Shield,"1-2-3 Door Shield Window Film 36"" x 500', 1500 sf, 30-day",Saves clean-up time and expense! Protects window glass and frames; keeps them clean! Tear resistant film!,"Window Film is a specially designed, fully laminated self-adhering film for temporary protection of glass windows and frames. This surface protection product is easy to apply by hand without using cumbersome masking or duct tape; simply roll on the product for maximum, durable protection and avoid costly clean up and repairs.Window Film stays in place to protect your windows, window frames and glass from overspray, mortar stains, muriatic acid, stucco and more.",,"36"" x 500', 1500 sf, 30-day","Window Film 36"" x 500', 1500 sf, 30-day"
2665|24124,Window Surface Protection|Surface Protection Films,Window Film 400sf 45day,"Window Film 24"" x 200', 400 sf, 45-day",,E:\IMAGES\ITEMS\product\W\i\1-2-3-Door-Shield-Window-Film-24-x-600-1200-sf-30.jpg,1-2-3 Door Shield,"1-2-3 Door Shield Window Film 24"" x 200', 400 sf,  45-day",Saves clean-up time and expense! Protects window glass and frames; keeps them clean! Tear resistant film!,"Window Film is a specially designed, fully laminated self-adhering film for temporary protection of glass windows and frames. This surface protection product is easy to apply by hand without using cumbersome masking or duct tape; simply roll on the product for maximum, durable protection and avoid costly clean up and repairs.Window Film stays in place to protect your windows, window frames and glass from overspray, mortar stains, muriatic acid, stucco and more.",,"24"" x 200', 400 sf,  45-day","Window Film 24"" x 200', 400 sf, 45-day"
2665|24124,Window Surface Protection|Surface Protection Films,Window Film 1000sf 45day,"Window Film 24"" x 500', 1000 sf, 45-day",,E:\IMAGES\ITEMS\product\W\i\1-2-3-Door-Shield-Window-Film-24-x-600-1200-sf-30.jpg,1-2-3 Door Shield,"1-2-3 Door Shield Window Film 24"" x 500', 1000 sf, 45-day",Saves clean-up time and expense! Protects window glass and frames; keeps them clean! Tear resistant film!,"Window Film is a specially designed, fully laminated self-adhering film for temporary protection of glass windows and frames. This surface protection product is easy to apply by hand without using cumbersome masking or duct tape; simply roll on the product for maximum, durable protection and avoid costly clean up and repairs.Window Film stays in place to protect your windows, window frames and glass from overspray, mortar stains, muriatic acid, stucco and more.",,"24"" x 500', 1000 sf, 45-day","Window Film 24"" x 500', 1000 sf, 45-day"
2665|24124,Window Surface Protection|Surface Protection Films,Window Film 600sf 45day,"Window Film 36"" x 200', 600 sf, 45-day",,E:\IMAGES\ITEMS\product\W\i\1-2-3-Door-Shield-Window-Film-24-x-600-1200-sf-30.jpg,1-2-3 Door Shield,"1-2-3 Door Shield Window Film 36"" x 200', 600 sf, 45-day",Saves clean-up time and expense! Protects window glass and frames; keeps them clean! Tear resistant film!,"Window Film is a specially designed, fully laminated self-adhering film for temporary protection of glass windows and frames. This surface protection product is easy to apply by hand without using cumbersome masking or duct tape; simply roll on the product for maximum, durable protection and avoid costly clean up and repairs.Window Film stays in place to protect your windows, window frames and glass from overspray, mortar stains, muriatic acid, stucco and more.",,"36"" x 200', 600 sf, 45-day","Window Film 36"" x 200', 600 sf, 45-day"
2665|24124,Window Surface Protection|Surface Protection Films,Window Film 1500sf 45day,"Window Film 36"" x 500', 1500 sf, 45-day",,E:\IMAGES\ITEMS\product\W\i\1-2-3-Door-Shield-Window-Film-24-x-600-1200-sf-30.jpg,1-2-3 Door Shield,"1-2-3 Door Shield Window Film 36"" x 500', 1500 sf, 45-day",Saves clean-up time and expense! Protects window glass and frames; keeps them clean! Tear resistant film!,"Window Film is a specially designed, fully laminated self-adhering film for temporary protection of glass windows and frames. This surface protection product is easy to apply by hand without using cumbersome masking or duct tape; simply roll on the product for maximum, durable protection and avoid costly clean up and repairs.Window Film stays in place to protect your windows, window frames and glass from overspray, mortar stains, muriatic acid, stucco and more.",,"36"" x 500', 1500 sf, 45-day","Window Film 36"" x 500', 1500 sf, 45-day"
2665|24124,Window Surface Protection|Surface Protection Films,Window Film 1200sf 60day,"Window Film 24"" x 600', 1200 sf, 60-day",,E:\IMAGES\ITEMS\product\W\i\1-2-3-Door-Shield-Window-Film-24-x-600-1200-sf-30.jpg,1-2-3 Door Shield,"1-2-3 Door Shield Window Film 24"" x 600', 1200 sf, 60-day",Saves clean-up time and expense! Protects window glass and frames; keeps them clean! Tear resistant film!,"Window Film is a specially designed, fully laminated self-adhering film for temporary protection of glass windows and frames. This surface protection product is easy to apply by hand without using cumbersome masking or duct tape; simply roll on the product for maximum, durable protection and avoid costly clean up and repairs.Window Film stays in place to protect your windows, window frames and glass from overspray, mortar stains, muriatic acid, stucco and more.",,"24"" x 600', 1200 sf, 60-day","Window Film 24"" x 600', 1200 sf, 60-day"
2665|24124,Window Surface Protection|Surface Protection Films,Window Film 600sf 150day,"Window Film 24"" x 500', 1000 sf, 150-day",,E:\IMAGES\ITEMS\product\W\i\1-2-3-Door-Shield-Window-Film-24-x-600-1200-sf-30.jpg,1-2-3 Door Shield,"1-2-3 Door Shield Window Film 24"" x 500', 1000 sf, 150-day",Saves clean-up time and expense! Protects window glass and frames; keeps them clean! Tear resistant film!,"Window Film is a specially designed, fully laminated self-adhering film for temporary protection of glass windows and frames. This surface protection product is easy to apply by hand without using cumbersome masking or duct tape; simply roll on the product for maximum, durable protection and avoid costly clean up and repairs.Window Film stays in place to protect your windows, window frames and glass from overspray, mortar stains, muriatic acid, stucco and more.",,"24"" x 500', 1000 sf, 150-day","Window Film 24"" x 500', 1000 sf, 150-day"
2665|24124,Window Surface Protection|Surface Protection Films,Window Film 1500sf HWday,"Window Film 36"" x 500', 1500 sf, HW-Day",,E:\IMAGES\ITEMS\product\W\i\1-2-3-Door-Shield-Window-Film-24-x-600-1200-sf-30.jpg,1-2-3 Door Shield,"1-2-3 Door Shield Window Film 36"" x 500', 1500 sf, HW-Day",Saves clean-up time and expense! Protects window glass and frames; keeps them clean! Tear resistant film!,"Window Film is a specially designed, fully laminated self-adhering film for temporary protection of glass windows and frames. This surface protection product is easy to apply by hand without using cumbersome masking or duct tape; simply roll on the product for maximum, durable protection and avoid costly clean up and repairs.Window Film stays in place to protect your windows, window frames and glass from overspray, mortar stains, muriatic acid, stucco and more.",,"36"" x 500', 1500 sf, HW-Day","Window Film 36"" x 500', 1500 sf, HW-Day"
2665|24124,Window Surface Protection|Surface Protection Films,Window Film PVC 600sf 360day,"Window Film 24"" x 300', 600 sf, PVC, 360-day",,E:\IMAGES\ITEMS\product\W\i\1-2-3-Door-Shield-Window-Film-24-x-600-1200-sf-30.jpg,1-2-3 Door Shield,"1-2-3 Door Shield Window Film 24"" x 300', 600 sf, PVC, 360-day",Saves clean-up time and expense! Protects window glass and frames; keeps them clean! Tear resistant film!,"Window Film is a specially designed, fully laminated self-adhering film for temporary protection of glass windows and frames. This surface protection product is easy to apply by hand without using cumbersome masking or duct tape; simply roll on the product for maximum, durable protection and avoid costly clean up and repairs.Window Film stays in place to protect your windows, window frames and glass from overspray, mortar stains, muriatic acid, stucco and more.",,"24"" x 300', 600 sf, PVC, 360-day","Window Film 24"" x 300', 600 sf, PVC, 360-day"
2665|24124,Window Surface Protection|Surface Protection Films,Window Film PVC 900sf 360day,"Window Film 36"" x 300', 900 sf, PVC, 360-day",,E:\IMAGES\ITEMS\product\W\i\1-2-3-Door-Shield-Window-Film-24-x-600-1200-sf-30.jpg,1-2-3 Door Shield,"1-2-3 Door Shield Window Film 36"" x 300', 900 sf, PVC, 360-day",Saves clean-up time and expense! Protects window glass and frames; keeps them clean! Tear resistant film!,"Window Film is a specially designed, fully laminated self-adhering film for temporary protection of glass windows and frames. This surface protection product is easy to apply by hand without using cumbersome masking or duct tape; simply roll on the product for maximum, durable protection and avoid costly clean up and repairs.Window Film stays in place to protect your windows, window frames and glass from overspray, mortar stains, muriatic acid, stucco and more.",,"36"" x 300', 900 sf, PVC, 360-day","Window Film 36"" x 300', 900 sf, PVC, 360-day"
2663|24124,General Surface Protection|Surface Protection Films,Belt Dispenser,"Multi-size 24"" - 36""",,E:\IMAGES\ITEMS\product\W\i\1-2-3-Door-Shield-Window-Film-24-x-600-1200-sf-30.jpg,1-2-3 Door Shield,"1-2-3 Door Shield Multi-size 24"" - 36"" Belt Dispenser",Saves clean-up time and expense! Protects window glass and frames; keeps them clean! Tear resistant film!,"Window Film is a specially designed, fully laminated self-adhering film for temporary protection of glass windows and frames. This surface protection product is easy to apply by hand without using cumbersome masking or duct tape; simply roll on the product for maximum, durable protection and avoid costly clean up and repairs.Window Film stays in place to protect your windows, window frames and glass from overspray, mortar stains, muriatic acid, stucco and more.",,"Multi-size 24"" - 36"" Belt Dispenser","Multi-size 24"" - 36"""
2663|24124,General Surface Protection|Surface Protection Films,Shoe Bootie,Shoe Bootie,,E:\IMAGES\ITEMS\product\S\h\1-2-3-Door-Shield-Shoe.jpg,1-2-3 Door Shield,,,"Shoe Bootie  These aren't your old cloth booties. Our booties are made of 3-mil plastic which makes them slip resistant and able to hold moisture from your shoe inside the bootie for the ultimate surface protection. Helps prevent scuffs, heel marks, and foot traffic dirt at the source. This simple but effective plastic cover fits over shoes and larger work boots to protect carpet, hard surface floors and other walking areas.  Diamond Grip Shoe Bootie This heavier version is made of lint-free 9 mil poly-latex film and its seamless design allows outstanding liquid protection with a better grip. Fits over all shoes and work boots to protect carpet and hard surface floors. This product is the preferred bootie in most GC's arsenal of surface protection tools.",,"Shoe Booties, 100 Pairs, One Size Fits All",Shoe Bootie
2663|24124,General Surface Protection|Surface Protection Films,Diamond Grip Shoe Bootie,Diamond Grip Shoe Bootie,,E:\IMAGES\ITEMS\product\S\h\1-2-3-Door-Shield-Shoe.jpg,1-2-3 Door Shield,1-2-3 Door Shield Diamond Grip Shoe Bootie,,"Shoe Bootie  These aren't your old cloth booties. Our booties are made of 3-mil plastic which makes them slip resistant and able to hold moisture from your shoe inside the bootie for the ultimate surface protection. Helps prevent scuffs, heel marks, and foot traffic dirt at the source. This simple but effective plastic cover fits over shoes and larger work boots to protect carpet, hard surface floors and other walking areas.  Diamond Grip Shoe Bootie This heavier version is made of lint-free 9 mil poly-latex film and its seamless design allows outstanding liquid protection with a better grip. Fits over all shoes and work boots to protect carpet and hard surface floors. This product is the preferred bootie in most GC's arsenal of surface protection tools.",,"Diamond Grip Shoe Booties, 50 Pairs, 9-mil, One Size Fits All",Diamond Grip Shoe Bootie
