﻿category_ids,category_names,sku,meta_title,meta_description,Image,manufacturer,description,short_description,summary,upc,size_info,meta_keyword
44|24933|28319,Rebar Equipment|Electric Rebar Cutters and Benders|Rental Reinforcement,DCC-1618,Cordless Rebar Cutter,Benner-Nawman DCC-1618 Cordless Rebar Cutter,E:\IMAGES\ITEMS\product\D\C\Benner-Nauman-DCC-1618-Cordless-Rebar.jpg,Benner-Nawman,Benner-Nawman DCC-1618 Cordless Rebar Cutter,"Maximum Cutting Diameter:	5/8""  #5 Rebar (16mm) Grade 60 Cuts per battery /Cutting speed:	75  cuts on full charge / 7 seconds NiCad Battery (EB12B)/Charger (UC14YFA): 12 Volt DC, 2000 mAh / 120 Volt  60 Hz Charger Tool Weight:	12.4 lbs.(5.6 kg) with battery Dimensions (w/o side handle) L x W x H:	12.9""(330mm) x 3.6""(93mm) x  10.9""(280mm)","The DCC-1618 cordless rebar cutter will safely and cleanly cut rebar up to 5/8""diameter grade 60.  This self-contained electric/hydraulic unit will also cut other items like chain, bolts, and rod.  The DCC-1618 can be used in rescue operations, cut in close proximity to a trapped victim, does not throw sparks or heat.  The cutting head quickly rotates up to 345 degrees for using in vertical, horizontal, or difficult applications.   A safety relief valve for retracting the piston and a cutting guard are standard features.  This tool ships complete with (2) each 18 volt DC batteries, 30-60 minute fast battery charger, removable side handle, plastic carrying case, and a tool kit.",,Benner-Nawman DCC-1618 Cordless Rebar Cutter,Cordless Rebar Cutter
44|24933|28319,Rebar Equipment|Electric Rebar Cutters and Benders|Rental Reinforcement,DC-16LZ,Medium-Duty Rebar Cutter,Benner-Nawman DC-16LZ Medium-Duty Rebar Cutter,E:\IMAGES\ITEMS\product\D\C\Benner-Nawman-DC-16LZ-Medium-Duty-Rebar.jpg,Benner-Nawman,Benner-Nawman DC-16LZ Medium-Duty Rebar Cutter,"Maximum Cutting Diameter:	5/8""  #5 Rebar (16mm) Grade 60 Cuts per battery /Cutting speed:	2 seconds NiCad Battery (EB12B)/Charger (UC14YFA): 115V 50/60Hz 9 Amps Tool Weight:	15 lbs.(6.8 kg) with battery Dimensions L x W x H:	14.8""(380mm) x 6.8""(175mm) x  4.1""(105mm)","The DC-16LZ is a medium-duty rebar cutter that will safely, efficiently, and cleanly cut rebar up to #5 (5/8"") diameter grade 60.  This self-contained electric/hydraulic unit will also cut other items like chain, bolts and rod but is specifically designed for rebar.  The DC-16LZ is intended for effortless medium-duty applications on vertical and horizontal rebar cutting applications.  This tool would be a great asset for swimming pool, masonry, and ICF contractors.  The DC-16LZ is a cold-cutting shear, unlike saws with abrasive blades and cutting torches, there are no sparks or flame. A safety relief valve for retracting the piston and a cutting guard are standard features.  Ships complete in a carrying case with hydraulic oil and a tool kit.",,Benner-Nawman DC-16LZ Medium-Duty Rebar Cutter,Medium-Duty Rebar Cutter
44|24933|28319,Rebar Equipment|Electric Rebar Cutters and Benders|Rental Reinforcement,DC-16W,Portable Heavy-Duty Rebar Cutter,Benner-Nawman DC-16W Portable Heavy-Duty Rebar Cutter,E:\IMAGES\ITEMS\product\D\C\Benner-Nawman-DC-16W-Portable-Heavy-Duty-Rebar.jpg,Benner-Nawman,Benner-Nawman DC-16W Portable Heavy-Duty Rebar Cutter,"Maximum Cutting Diameter:	5/8"" #5 Rebar (16mm) Grade 60 Cuts per battery /Cutting speed:	2.5 Seconds Voltage/Amperage:	115V 50/60Hz / 10 amps Tool Weight:	17.6 lbs (8 kg) Dimensions (w/ side handle) L x W x H:	18"" (460mm) x 10.5"" (270mm) x 4.5"" (115mm)","The DC-16W portable heavy-duty rebar cutter will safely, efficiently, and cleanly cut rebar up to #5 (5/8"") diameter grade 60.  This self-contained electric/hydraulic unit will also cut other items like chain, bolts and rod but is specifically designed for rebar. The DC-16W cutter is designed for effortless vertical and horizontal cutting applications.  The DC-16W is a cold-cutting shear unlike saws with abrasive blades and cutting torches.  There are no sparks or flame and no trailing hoses to snare equipment or worker' feet.  A safety relief valve for retracting the piston and a cutting guard are standard features.  Ships complete in a carrying case with hydraulic oil and a tool kit.",,Benner-Nawman DC-16W Portable Heavy-Duty Rebar Cutter,Portable Heavy-Duty Rebar Cutter
44|24933|28319,Rebar Equipment|Electric Rebar Cutters and Benders|Rental Reinforcement,DC-20WH,Portable Heavy-Duty Rebar Cutter,Benner-Nawman DC-20WH Portable Heavy-Duty Rebar Cutter,E:\IMAGES\ITEMS\product\D\C\Benner-Nawman-DC-20WH-Portable-Heavy-Duty-Rebar.jpg,Benner-Nawman,Benner-Nawman DC-20WH Portable Heavy-Duty Rebar Cutter,"Maximum Cutting Diameter:	3/4"" #6 Rebar (169mm) Grade 60 Cuts per battery /Cutting speed:	3 Seconds Voltage/Amperage:	115V 50/60Hz / 10 amps Tool Weight:	25.4 lbs (11.5 kg) Dimensions (w/ side handle) L x W x H:	16"" (410mm) x 4.3"" (110mm) x 8.2"" (210mm)","The DC-20WH portable heavy-duty rebar cutter will safely, efficiently, and cleanly cut rebar up to #6 (3/4"") diameter grade 60.  DIAMOND originated this concept in 1972; continuous development has led to higher output, lower weight, and even greater toughness and durability.  The DC-20WH is a cold-cutting shear unlike saws with abrasive blades and cutting torches.  There are no sparks or flame and no trailing hoses to snare equipment or worker' feet.  Ideal for cutting epoxy-coated rebar.  Fastest, safest, and most economical way to cut rebar on the job.  A safety relief valve for retracting the piston and a cutting guard are standard features.    Ships complete in a carrying case with hydraulic oil and a tool kit.",,Benner-Nawman DC-20WH Portable Heavy-Duty Rebar Cutter,Portable Heavy-Duty Rebar Cutter
24933,Electric Rebar Cutters and Benders,DC-25X,Portable Heavy-Duty Rebar Cutter,Benner-Nawman DC-25X Portable Heavy-Duty Rebar Cutter,E:\IMAGES\ITEMS\product\D\C\Benner-Nawman-DC-25X-Portable-Heavy-Duty-Rebar.jpg,Benner-Nawman,Benner-Nawman DC-25X Portable Heavy-Duty Rebar Cutter,"Maximum Cutting Diameter:	1"" #8 Rebar (25mm) Grade 60 Cuts per battery /Cutting speed:	5 Seconds Voltage/Amperage:	115V 50/60Hz / 12 amps Tool Weight:	49.6 lbs (22.5 kg) Dimensions (w/ side handle) L x W x H:	20"" (515mm) x 5.9"" (150mm) x 9.8"" (250mm)","The DC-25X portable heavy-duty rebar cutter will safely, efficiently, and cleanly cut rebar up to #8 (1"") diameter grade 60.  The DC-25X cutter is ideal for a small fabrication shop, especially if used with our CWS-2025 WorkStation.  Because our rebar cutters feature a locking trigger switch, the cutter can be operated with a foot pedal switch and our GFI protected electrical outlet.  There are no sparks or flame so it also works great on epoxy-coated rebar.  It's the fastest, safest, and most economical way to cut rebar on the job.  A safety relief valve for retracting the piston and a cutting guard are standard features.  Ships complete in a steel carrying case with hydraulic oil and a tool kit.",,Benner-Nawman DC-25X Portable Heavy-Duty Rebar Cutter,Portable Heavy-Duty Rebar Cutter
44|24933|28319,Rebar Equipment|Electric Rebar Cutters and Benders|Rental Reinforcement,DC-32WH,Portable Heavy-Duty Rebar Cutter,Benner-Nawman DC-32WH Portable Heavy-Duty Rebar Cutter,E:\IMAGES\ITEMS\product\D\C\Benner-Nawman-DC-32WH-Portable-Heavy-Duty-Rebar.jpg,Benner-Nawman,Benner-Nawman DC-32WH Portable Heavy-Duty Rebar Cutter,"Maximum Cutting Diameter:	1-1/4"" #10 Rebar (32mm) Grade 60 Cuts per battery /Cutting speed:	7 Seconds Voltage/Amperage:	115V 50/60Hz / 18 amps Tool Weight:	79 lbs (8 kg) Dimensions (w/ side handle) L x W x H:	23.1"" (591mm) x 7"" (180mm) x 10.6"" (272mm)","The DC-32WH portable heavy-duty rebar cutter will safely, efficiently, and cleanly cut rebar up to #10 (1 ¼"") diameter grade 60.  The DC-32WH cutter is ideal for bridge and highway work, and in small rebar fabrication shops.  This unit is available in combination with a DBD-32X bender on a stand, in a WorkStation table and on a trailer.  There are no sparks or flame so it also works great on epoxy-coated rebar.  It's the fastest, safest, and most economical way to cut rebar on the job.  A safety relief valve for retracting the piston and a cutting guard are standard features.  Ships complete in a wooden carrying case with hydraulic oil and a tool kit.",,Benner-Nawman DC-32WH Portable Heavy-Duty Rebar Cutter,Portable Heavy-Duty Rebar Cutter
44|24933|28319,Rebar Equipment|Electric Rebar Cutters and Benders|Rental Reinforcement,HB-16W,Portable Heavy-Duty Electric/Hydraulic Rebar Bender,Benner-Nawman HB-16W Portable Heavy-Duty Electric/Hydraulic Rebar Bender,E:\IMAGES\ITEMS\product\H\B\Benner-Nawman-HB-16W-Portable-Heavy-Duty-ElectricHydraulic.jpg,Benner-Nawman,Benner-Nawman HB-16W Portable Heavy-Duty Electric/Hydraulic Rebar Bender,"Maximum Bending Diameter:	5/8"" #5 Rebar (16mm) Grade 60 Bending Angle/Speed:	0-135 degrees / 8 Seconds Voltage/Amperage:	115V 50/60Hz / 10 amps Tool Weight:	33 lbs (15 kg) Dimensions L x W x H:	22.8"" (585mm) x 7.6"" (195mm) x 8"" (205mm)","The HB-16W portable heavy-duty electric/hydraulic rebar bender helps save valuable man-hours by bending rebar up to 5/8"" (#5) grade 60 from 0-135 degrees in-place at the job site.  Other features include a double insulated electric motor and a removable bending guide for repeating the same angle bend.  The optional 90 degree bending shoe and collar make it simple to repeat 90 degree bends without a guide.  The optional bending collar increases the bending radius and minimizes rebar breakage, especially on #5 grade 60.  This portable electric/ hydraulic rebar bender ships complete in a steel carrying case with hydraulic oil and a tool kit.  Solves bending applications other tools can't even attempt.",,Benner-Nawman HB-16W Portable Heavy-Duty Electric/Hydraulic Rebar Bender,Portable Heavy-Duty Electric/Hydraulic Rebar Bender
44|24933|28319,Rebar Equipment|Electric Rebar Cutters and Benders|Rental Reinforcement,DBR-25WH,Portable Heavy-Duty Electric/Hydraulic Rebar Bender and Straightener,Benner-Nawman DBR-25WH Portable Heavy-Duty Electric/Hydraulic Rebar Bender and Straightener,E:\IMAGES\ITEMS\product\D\B\Benner-Nawman-DBR-25WH-Portable-Heavy-Duty.jpg,Benner-Nawman,Benner-Nawman DBR-25WH Portable Heavy-Duty Electric/Hydraulic Rebar Bender and Straightener,"Maximum Bending Diameter:	1"" #8 Rebar (25mm) Grade 60 Bending Angle:	0-94 degrees (1/2"") - 0-90 degrees (1"") Voltage/Amperage:	115V 50/60Hz / 12 amps Tool Weight:	57.3 lbs (26 kg) Dimensions L x W x H:	25.75"" (660mm) x 10.5"" (270mm) x 7.8"" (200mm)",The DBR-25WH is a portable heavy-duty electric/hydraulic rebar bender and straightener.  It helps save valuable man-hours by cleanly and efficiently bending or straightening bent rebar.  It functions as a simple 90-degree portable electric rebar bender.  The interchangeable bending hook covers rebar diameters from #4 to #8 grade 60.  Maximum pressure for bending and straightening ranges from 8.5 to 11 tons.  It's portable and versatile enough to bend or straighten rebar in-place with its push/pull hydraulic capabilities.  It will bend a 90-degree angle in only (4) seconds.  The bending head also rotates 360 degrees.  Ships complete in a wooden carrying case with hydraulic oil and a tool kit.  Solves bending applications other tools can't even attempt.,,Benner-Nawman DBR-25WH Portable Heavy-Duty Electric/Hydraulic Rebar Bender and Straightener,Portable Heavy-Duty Electric/Hydraulic Rebar Bender and Straightener
44|24933|28319,Rebar Equipment|Electric Rebar Cutters and Benders|Rental Reinforcement,DBD-16X,Heavy-Duty Portable Rebar Bender,Benner-Nawman DBD-16X Heavy-Duty Portable Rebar Bender,E:\IMAGES\ITEMS\product\D\B\Benner-Nawman-DBD-16X-Heavy-Duty-Portable-Rebar.jpg,Benner-Nawman,Benner-Nawman DBD-16X Heavy-Duty Portable Rebar Bender,"Maximum Bending Diameter:	5/8"" #5 Rebar (16mm) Grade 60 Bending Angle/Speed:	Up to 180 degrees / 8 Seconds Voltage/Amperage:	115V 50/60Hz / 10 amps Tool Weight:	90 lbs (40.8 kg) Dimensions L x W x H:	16.6"" (425mm) x 12.5"" (320mm) x 16.2"" (415mm)","The DBD-16X heavy-duty portable rebar bender helps save valuable man-hours by bending rebar up to #5 (5/8"") grade 60 at the job site or in your shop.  This strong electrical-mechanical bender has two preset angle locks for repeating the same angle bend.  The dial-type angle selector can be set to accurately bend any angle from 0-180 degrees.  Bends (3) each #3 rebar or (2) each #4 rebar or (1) each #5 rebar at one time.  An emergency stop switch and two side lifting handles are standard features.  Ships complete with set of (6) bending rollers in a steel carrying case, a tool kit, and a standard foot pedal control switch for hands-free bending.",,Benner-Nawman DBD-16X Heavy-Duty Portable Rebar Bender,Heavy-Duty Portable Rebar Bender
44|24933|28319,Rebar Equipment|Electric Rebar Cutters and Benders|Rental Reinforcement,DBD-20X,Heavy-Duty Portable Rebar Bender,Benner-Nawman DBD-20X Heavy-Duty Portable Rebar Bender,E:\IMAGES\ITEMS\product\D\B\Benner-Nawman-DBD-20X-Heavy-Duty-Portable-Rebar.jpg,Benner-Nawman,Benner-Nawman DBD-20X Heavy-Duty Portable Rebar Bender,"Maximum Bending Diameter:	3/4"" #6 Rebar (19mm) Grade 60 Bending Angle/Speed:	Up to 180 degrees / 7 Seconds Voltage/Amperage:	115V 50/60Hz / 15 amps Tool Weight:	134.5 lbs (61 kg) Dimensions L x W x H:	16.4"" (420mm) x 18"" (462mm) x 16.2"" (415mm)","The DBD-20X heavy-duty portable rebar bender helps save valuable man-hours by bending rebar up to #6 (3/4"") grade 60 at the job site or in your shop. This strong electrical-mechanical bender has two preset angle locks for repeating the same angle bend. The dial-type angle selector can be set to accurately bend any angle from 0-180 degrees. An emergency stop switch and two side lifting handles are standard features. The DBD-20X portable rebar bender comes complete with set of (6) bending rollers in a steel carrying case, a tool kit, and a standard foot pedal control switch for hands-free bending.",,Benner-Nawman DBD-20X Heavy-Duty Portable Rebar Bender,Heavy-Duty Portable Rebar Bender
44|24933|28319,Rebar Equipment|Electric Rebar Cutters and Benders|Rental Reinforcement,DBD-25X,Heavy-Duty Portable Rebar Bender,Benner-Nawman DBD-25X Heavy-Duty Portable Rebar Bender,E:\IMAGES\ITEMS\product\D\B\Benner-Nawman-DBD-25X-Heavy-Duty-Portable-Rebar.jpg,Benner-Nawman,Benner-Nawman DBD-25X Heavy-Duty Portable Rebar Bender,"Maximum Bending Diameter:	7/8"" #7 Rebar (22mm) Grade 60 Bending Angle/Speed:	Up to 180 degrees / 6 Seconds Voltage/Amperage:	115V 50/60Hz / 12 amps Tool Weight:	190 lbs (86 kg) Dimensions L x W x H:	19"" (490mm) x 21.5"" (550mm) x 17.2"" (440mm)","The DBD-25X heavy-duty portable rebar bender helps save valuable man-hours by bending rebar up to #7 (7/8"") grade 60 at the job site or in your shop.  This strong electrical-mechanical bender has two preset angle locks for repeating the same angle bend.  The lever-type angle selector can be set to accurately bend any angle from 0-180 degrees.  An emergency stop switch and two lifting handles are standard features.  The DBD-25X portable rebar bender comes complete with a set of (6) bending rollers in a steel carrying case, a tool kit, a bender cover, and a standard foot pedal control switch for hands-free bending.  Optional stands, circular pattern rollers, and a highway trailer unit are available.",,Benner-Nawman DBD-25X Heavy-Duty Portable Rebar Bender,Heavy-Duty Portable Rebar Bender
44|24933|28319,Rebar Equipment|Electric Rebar Cutters and Benders|Rental Reinforcement,DBD-32X,Heavy-Duty Portable Rebar Bender,Benner-Nawman DBD-32X Heavy-Duty Portable Rebar Bender,E:\IMAGES\ITEMS\product\D\B\Benner-Nawman-DBD-32X-Heavy-Duty-Portable-Rebar.jpg,Benner-Nawman,Benner-Nawman DBD-32X Heavy-Duty Portable Rebar Bender,"Maximum Bending Diameter:	1-1/8"" #9 Rebar (29mm) Grade 60 Bending Angle/Speed:	Up to 180 degrees / 8 Seconds Voltage/Amperage:	115V 50/60Hz / 12 amps Tool Weight:	397 lbs (180 kg) Dimensions L x W x H:	23"" (590mm) x 24.2"" (620mm) x 18.7"" (480mm)","The DBD-32X heavy-duty portable rebar bender helps save valuable man-hours by bending rebar up to #9 (1-1/8"") grade 60 at the job site or in your shop.  This strong electrical-mechanical bender has two preset angle locks for repeating the same angle bend.  The lever-type angle selector can be set to accurately bend any angle from 0-180 degrees.  A bend counter with reset, a voltage meter, and two lifting handles are standard features.  The DBD-32X portable rebar bender comes complete with set of (7) bending rollers in two steel carrying cases, a tool kit, a bender plastic cover, and a standard foot pedal control switch for hands-free bending.  Optional stands and a highway trailer unit are available.",,Benner-Nawman DBD-32X Heavy-Duty Portable Rebar Bender,Heavy-Duty Portable Rebar Bender
44|24933|28319,Rebar Equipment|Electric Rebar Cutters and Benders|Rental Reinforcement,HTBC-16CU,Combination Bender and Cutter,Benner-Nawman HTBC-16CU Combination Bender and Cutter,E:\IMAGES\ITEMS\product\H\T\Benner-Nawman-HTBC-16CU-Combination-Bender-and.jpg,Benner-Nawman,Benner-Nawman HTBC-16CU Combination Bender and Cutter,"Maximum Capacity:	5/8"" #5 Rebar (16mm) Grade 60 Cutting Speed/Bending Speed:	2.5 Seconds / 5 Seconds(180°) Voltage/Amperage:	115V 50/60Hz / 10 amps Tool Weight:	171.5 lbs (77.7 kg) Dimensions L x W x H:	21.5"" (546mm) x 26"" (660mm) x 37"" (940mm)","The HTBC-16CU combination bender and cutter are rated for 5/8"" grade 60 rebar.  Quickly and safely bend rebar from 0 to 180 degrees.  The rebar cutter can be removed for portable in-place applications or mounted in a stationary position.  Both the bender and cutter can be operated hands free with the standard foot pedal.  The hand truck features 10"" pneumatic tires for use on rough terrain, an adjustable handle for greater maneuverability and a storage bin for accessories.  Standard electrical outlets and a toggle switch let you change operations from bending to cutting, the GFI plug is a standard safety feature.  Unit includes a DBD-16X bender, a foot pedal switch, a DC-16W cutter and HTC-16X hand truck assembly.",,Benner-Nawman HTBC-16CU Combination Bender and Cutter,Combination Bender and Cutter
44|24933|28319,Rebar Equipment|Electric Rebar Cutters and Benders|Rental Reinforcement,DBC-20X,Combination Bender and Cutter,Benner-Nawman DBC-20X Combination Bender and Cutter,E:\IMAGES\ITEMS\product\D\B\Benner-Nawman-DBC-20X-Combination-Bender-and.jpg,Benner-Nawman,Benner-Nawman DBC-20X Combination Bender and Cutter,"Maximum Capacity:	3/4"" #6 Rebar (16mm) Grade 60 Cutting Speed/Bending Speed:	3 Seconds / 7 Seconds(180°) Voltage/Amperage:	115V 50/60Hz / 10amp cutter 15 amp bender Tool Weight:	212 lbs (96 kg) Dimensions L x W x H:	28"" (711mm) x 18"" (457mm) x 21.5"" (546mm)with lifting handles","The DBC-20X combination bender and cutter is rated for 3/4"" grade 60 rebar. This ultimate combination unit combines the very popular DC-20WH rebar cutter and the DBD-20X rebar bender together on a heavy-duty powder-coated skidded housing.  The bender and cutter are simply plugged into the weather-protective electrical outlets, no hard wiring.  The DC-20WH cutter can be removed and used in a portable application or secured in the stationary position with U-bolts and operated hands-free by a standard foot pedal switch.  A toggle switch allows you to go from bending to cutting, the GFI plug is a standard safety feature.  This unit is shipped fully assembled and includes a steel case with six bending rollers and a foot pedal control switch.",,Benner-Nawman DBC-20X Combination Bender and Cutter,Combination Bender and Cutter
44|24933|28319,Rebar Equipment|Electric Rebar Cutters and Benders|Rental Reinforcement,DBC-25X,Combination Rebar Bender and Cutter,Benner-Nawman DBC-25X Combination Rebar Bender and Cutter,E:\IMAGES\ITEMS\product\D\B\Benner-Nawman-DBC-25X-Combination-Rebar-Bender-and.jpg,Benner-Nawman,Benner-Nawman DBC-25X Combination Rebar Bender and Cutter,"Maximum Capacity:	1"" #8 Rebar (Cutter)/ 7/8"" #7 (Bender) Grade 60 Cutting Speed/Bending Speed:	5 Seconds / 6 Seconds(180°) Voltage/Amperage:	115V 50/60Hz / 12amp Tool Weight:	260 lbs (118 kg) Dimensions L x W x H:	27.5"" (699mm) x 26.75"" (680mm) x 17.2"" (437mm)with lifting handles","The DBC-25X combination rebar bender and cutter was designed for the contractor who wants an all-in-one unit.  Here are two super tools in one great package; essentially this unit is a DBD-25X bender with a built-in DC-25X cutter.  The rebar bender is rated for #7 grade 60 and the rebar cutter is rated for 1"" grade 60.  A toggle switch allows you to go from bending to cutting.  The DBC-25X portable rebar bender comes complete with a set of (6) bending rollers in a steel carrying case, a tool kit, and a standard foot pedal control switch for hands-free bending.  The picture above is shown with the optional bender stand part #1BR51312.",,Benner-Nawman DBC-25X Combination Rebar Bender and Cutter,Combination Rebar Bender and Cutter
44|24933|28319,Rebar Equipment|Electric Rebar Cutters and Benders|Rental Reinforcement,DBC-2025 & DBC-2525,Combination Rebar Bender and Cutter Units,Benner-Nawman DBC-2025 & DBC-2525 Combination Rebar Bender and Cutter Units,E:\IMAGES\ITEMS\product\D\B\Benner-Nawman-DBC-2025-DBC-2525-Combination-Rebar-Bender.jpg,Benner-Nawman,Benner-Nawman DBC-2025 & DBC-2525 Combination Rebar Bender and Cutter Units,"Model #'s       DBC-2520       DBC-2525                 Max. Cutting       #6 or ¾"" Grade 60       #8 or 1"" Grade 60                 Max. Bending       #7 or 7/8"" Grade 60       #7 or 7/8"" Grade 60                 Cutter Power       115 Volt 50/60 Hz -10 amps       115 Volt 50/60 Hz -12 amps                 Bender Power       115 Volt 50/60 Hz -12 amps       115 Volt 50/60 Hz -12 amps                 Total Weight (kg)       250 lbs. (113.5)       274 lbs. (124.5)                 Dimensions (mm)       19.25"" (490) L x 24.75"" (629) W x 37.25 (946) H       19.25"" (490) L x 24.75"" (629) W x 37.25 (946) H",These are essential combination rebar bender and cutter units.  They simply combine the very popular DBD-25X bender with the DC-20WH or DC-25X rebar cutter both together on a stationary stand.  The main advantage to owning this versatile combination unit is that the rebar cutter can be simply removed and used in any portable application or locked into a stationary position and then operated by a standard foot pedal switch.  The other advantage is production; the bender table is at the ideal working height and the DBD-25X bends rebar from 0 -180 degrees.  The BCSE-25X combination stand joins the bender & cutter both together.,,Benner-Nawman DBC-2025 & DBC-2525 Combination Rebar Bender and Cutter Units,Combination Rebar Bender and Cutter Units
44|24933|28319,Rebar Equipment|Electric Rebar Cutters and Benders|Rental Reinforcement,DBC-3225 & DBC-3232,Combination Rebar Bender and Cutter Units,Benner-Nawman DBC-3225 & DBC-3232 Combination Rebar Bender and Cutter Units,E:\IMAGES\ITEMS\product\D\B\Benner-Nawman-DBC-3225-DBC-3232-Combination-Rebar-Bender.jpg,Benner-Nawman,Benner-Nawman DBC-3225 & DBC-3232 Combination Rebar Bender and Cutter Units,"Model #'s       DBC-3225       DBC-3232                 Max. Cutting       #8 or 1"" Grade 60       #10 or 1-1/4"" Grade 60                 Max. Bending       #9 or 1-1/8"" Grade 60       #9 or 1-1/8"" Grade 60                 Cutter Power       115 Volt 50/60 Hz -12 amps       115 Volt 50/60 Hz -18 amps                 Bender Power       115 Volt 50/60 Hz -12 amps       115 Volt 50/60 Hz -12 amps                 Total Weight (kg)       482 lbs. (113.5)       511 lbs. (124.5)                 Dimensions (mm)       23"" (590) L x 27"" (686) W x 37.25 (946) H       23"" (590) L x 27"" (686) W x 37.25 (946) H",These are essential combination rebar bender and cutter units.  They simply combine the very popular DBD-32X bender with the DC-25WH or DC-32X rebar cutter both together on a stationary stand.  The main advantage to owning this versatile combination unit is that the rebar cutter can be easily removed and used in any portable application or locked into a stationary position and then operated by a standard foot pedal switch.  The other advantage is production; the bender table is at the ideal working height and the DBD-32X bends rebar from 0 -180 degrees.  The BCSE-32X combination stand joins the bender & cutter both together.,,Benner-Nawman DBC-3225 & DBC-3232 Combination Rebar Bender and Cutter Units,Combination Rebar Bender and Cutter Units
44|24933|28319,Rebar Equipment|Electric Rebar Cutters and Benders|Rental Reinforcement,CWS-2025,Workstation,Benner-Nawman CWS-2025 Workstation,E:\IMAGES\ITEMS\product\C\W\Benner-Nawman-CWS-2025.jpg,Benner-Nawman,Benner-Nawman CWS-2025 Workstation,"Model Number       CWS-2025                 Rebar Cutter Mounting       Two Heavy-duty U-bolts and Hardware Included                 Power Box Supplied       Electrical Outlet 115V -15 amp Duplex                 Assembled Weight (kg)       125 lbs. (57 kg) Some assembly required                 Overall Dimensions (mm)       48"" L x 38"" W x 35"" H (1220 x 965 x 889)","The CWS-2025 Workstation is the perfect height for increasing your rebar cutting production.  It's designed to securely hold the DIAMOND model DC-20WH or DC-25X rebar cutter.  Now you can operate your portable rebar cutter hands free with just a foot switch.  The DC-20WH or DC-25X rebar cutter can be removed for use in portable applications. This Workstation includes an electrical outlet for plugging in the rebar cutter, a GFI plug and a foot pedal switch.  This is a sturdy design with a 12-gauge heavy-duty galvanized sheet metal worktop.  Modular design allows for other Workstations to be bolted together.  Shipped partially assembled complete with hardware and instructions.  (Rebar cutters and foot operated switch are sold separately).",,Benner-Nawman CWS-2025 Workstation,Workstation
44|24933|28319,Rebar Equipment|Electric Rebar Cutters and Benders|Rental Reinforcement,BWS-25X & BWS-32X,Workstations,Benner-Nawman BWS-25X & BWS-32X Workstations,E:\IMAGES\ITEMS\product\B\W\Benner-Nawman-BWS-25X-BWS-32X.jpg,Benner-Nawman,Benner-Nawman BWS-25X & BWS-32X Workstations,"Model Number's       BWS-25X       BWS-32X                 Designed to fit Bender       Model #DBD-25X        Model #DBD-32X                 Bender Option Required       #1BR51311 Stand       #BCS-32X Stand                 Assembled Weight (kg)       210 lbs. (95 kg)       225 lbs. (102 kg)                 Overall Dimensions (mm)       77"" L x 38"" W x 35"" H (1956 x 965 x 889)       79"" L x 38"" W x 35"" H (2007 x 965 x 889)","The BWS-25X and BWS-32X Workstations are the perfect height for increasing your rebar bending production.  They're designed to fit around the DIAMOND model DBD-25X or DBD-32X rebar bender on a stand.  The DBD-25X or DBD-32X rebar bender can be easily removed for use in any portable application, it simply slides in and out.  This is a sturdy design with a 12-gauge heavy-duty galvanized sheet metal worktop.  Modular design allows for other Workstations to be bolted together. Shipped partially assembled complete with hardware and instructions. (DBD-25X and DBD-32X rebar benders, stands & foot operated switches sold separately)",,Benner-Nawman BWS-25X & BWS-32X Workstations,Workstations
44|24933|28319,Rebar Equipment|Electric Rebar Cutters and Benders|Rental Reinforcement,TUBC-25X,Combination Rebar Bender and Cutter,Benner-Nawman TUBC-25X Combination Rebar Bender and Cutter,E:\IMAGES\ITEMS\product\T\U\Benner-Nawman-TUBC-25X-Combination-Rebar-Bender-and.jpg,Benner-Nawman,Benner-Nawman TUBC-25X Combination Rebar Bender and Cutter,"Rebar Cutter Capacity:	Grade 60 Up to 1"" (#8)	 Rebar Bender Capacity: Grade 60 Up to 7/8 "" (#7) Power Supply:	Electric motor 115 Volts, 50/60 Hz, Cutter & Bender both 12 amps  #BCS-32X Stand Weight:	700 lbs. without the generator (450 lbs. trailer only)    Dimensions:	Overall 125"" L x 63"" W x 34"" H, trailer bed height -16.50""","The TUBC-25X simply combines the very reliable DBD-25X rebar bender and the DC-25X rebar cutter.  This heavy-duty highway-ready trailer unit comes standard with a weather protected electrical control box, 24""storage tool box, 4"" heavy duty workshop vise, one front jack stand, two rear stabilizer jack stands, 2"" diameter ball hitch coupler, running lights, wiring harness, safety chains, 14-gauge diamond thread steel bed, 46""x 60"" bed size, a rebar cutter guide roller, a space for securing and transporting up to a 6 KW gasoline generator, six tie-down hooks and straps, two ST175/80D13 tires, 2,200 lb. capacity axle, rust-resistant finish, and the DBD-25X bender & DC-25X  cutter.  Spare tire holder & spare tire are optional.",,Benner-Nawman TUBC-25X Combination Rebar Bender and Cutter,Combination Rebar Bender and Cutter
24933,Electric Rebar Cutters and Benders,322094,Rebar Cutter Elec,,E:\IMAGES\ITEMS\product\3\2\benner-nawman-322094-rebar-cutter-elec.jpg,Benner-Nawman,Portable Rebar Cutter,,"The DC-20WH portable heavy-duty rebar cutter will safely, efficiently, and cleanly cut rebar up to #6 (3/4”) diameter grade 60. - See more at: http://www.bnproducts.com/tools/dc-20wh-34-portable-rebar-cutter/#sthash.tTlFhsa8.dpuf",,"Maximum Cutting Diameter: 3/4""; Cutting Speed: 3 Secondsdimensions L X W X H: 16"" (410Mm) X 4.3"" (110Mm) X 8.2"" (210Mm)Tool Weight: 25.4 Lbs",Rebar Cutter Elec
24962,Chop Saws and Cut-Off Machines,1BNCE20,Cutting Edge Saw,,E:\IMAGES\ITEMS\product\1\B\benner-nawman-1bnce20-cutting-edge-saw.jpg,Benner-Nawman,Cutting Edge Saw,,This compact and lightweight tool has a 3-position removable side handle and a rotating trigger handle that provides the operator with multiple cutting positions and increased maneuverability in tight areas. This amazing tool can cut a variety of materials.,,"Blade Size: 4.375""; Length: 20.3""; Width: 5.5""; Height: 3.9""; Weight: 7.6 Lbs",Cutting Edge Saw
24964,Circular Saw Blades,1BNCESB,Cutting Edge Saw Blade,,E:\IMAGES\ITEMS\product\1\B\benner-nawman-1bncesb-cutting-edge-saw-blade.jpg,Benner-Nawman,Replacement Blade,,Replacement blade for BNCE-20 Cutting Edge Saw,,"Blade Size: 4.375""; Blade Type: Tungsten Carbide Tipped; Weight: 1 Lb",Cutting Edge Saw Blade
24717|28340,Air Nailers|Nailers and Staplers (American Fastening Systems),BNARHF9021N,Nail Gun Benner-Nawman Air Fram,,E:\IMAGES\ITEMS\product\B\N\benner-nawman-bnarhf9021n-nail-gun-benner-nawman-air-fram.jpg,Benner-Nawman,Air Framing Nailer,The open nose design makes for easy problem solvingLarge piston offers increased powerDepth adjusting knobContact and tripper safety system protects the operatorA tool hook can be installed<,,,"Measures: 20-3/4"" X 10-1/4"" X 4-1/4"" (530 X 260 X S108Mm); Weight: 7.93 Lbs. (3.96 Kg); Nail Capacity: 2 X 30 Pieces; Fastener Length: 2"" - 3-1/2"" (50-83Mm); Fastener Diameter: .113-.131"" (2.87-3.33Mm); Plastic Air Inlet: 3/8”",Nail Gun Benner-Nawman Air Fram
24963,Circular Saw Accessories,BNCE-P,Cutting Edge Replacement Cord,,E:\IMAGES\ITEMS\product\B\N\benner-nawman-bnce-p-cutting-edge-replacement-cord.jpg,Benner-Nawman,Replacement Cord,,Replacement cord for Cutting Edge Saw,,Voltage: 120V 60Hz; Gauge: 18; Length: 10 Ft,Cutting Edge Replacement Cord
24897,End Brushes,BNCEP-50,Carbon Brushe Set,,E:\IMAGES\ITEMS\product\B\N\benner-nawman-bncep-50-carbon-brushe-set.jpg,Benner-Nawman,Carbon Brush Set,,Carbon brush set for Cutting Edge Saw,,,Carbon Brushe Set
24963,Circular Saw Accessories,BNCEP56,Switch Replacement,,E:\IMAGES\ITEMS\product\B\N\benner-nawman-bncep56-switch-replacement.jpg,Benner-Nawman,Switch Replacement,,Switch Replacement for Cutting Edge Saw,,Switch Replacement,Switch Replacement
21768,Mortar Hoes,BNHH50,Hydro Hoe,,E:\IMAGES\ITEMS\product\B\N\benner-nawman-bnhh50-hydro-hoe.jpg,Benner-Nawman,Hydro Hoe,"A heavy-duty steel 3/4"" galvanized pipeIndustrial brass fittings for the hose connectionAn easy to use flow valve to control water and pressureA unique spray nozzle that delivers water to the head of the tool</li",Making small batches of concrete is now fast and easy with the BNHH-50 Hydro Hoe from BN Products-USA. The Hydro Hoe connects to a standard water hose to more affectively mix concrete in a wheel barrow.,,,Hydro Hoe
24933,Electric Rebar Cutters and Benders,DBC16H,Rebar Cutter/Bender,,E:\IMAGES\ITEMS\product\D\B\benner-nawman-dbc16h-rebar-cutterbender.jpg,Benner-Nawman,Rebar Cutter/Bender,,"The DBC-16H Combination Rebar Cutter/Bender is another innovative & quality tool from Benner-Nawman, Inc. This portable combination tool provides jobsite cutting and bending of rebar (reinforcing steel) all in one tool. The unique design of this combination unit provides the operator the ability to cut and bend rebar for in-place rebar or stationary fabrication applications. Now you have the ability to cut and bend rebar protruding from a wall or column or just fabricate what you need on a table.",,"Cut / Bend Speed: 3 Seconds /180 Degree Bend In 7 Seconds; Bending Roller: 2.42"" (62 Mm) Diameter (R 31); Clearance (In-Place) Cutting: 1-3/4"" (44.5 Mm) From Surface; Clearance (In-Place) Bending: 4.5"" (115 Mm) From Surface; Rebar Capacity: Up To #5 (16Mm",Rebar Cutter/Bender
24933,Electric Rebar Cutters and Benders,DC16LZ,Rebar Cutter Portable Dc16,,E:\IMAGES\ITEMS\product\D\C\benner-nawman-dc16lz-rebar-cutter-portable-dc16.jpg,Benner-Nawman,Rebar Cutter,,"The DC-16LZ is a medium-duty rebar cutter that will safely, efficiently, and cleanly cut rebar up to #5 (5/8”) diameter grade 60. This self-contained electric/hydraulic unit will also cut other items like chain, bolts and rod but is specifically designed for rebar.",,"Maximum Cutting Diameter: 5/8"" #5 Rebar (16Mm) - Grade 60; Cutting Speed / Pressure: 2 Seconds / 13 Tons Tool; Weight: 15 Lbs. (6.8 Kg); Dimensions L X W X H: 14.8"" (380 Mm) X 6.8"" (175 Mm) X 4.1"" (105 Mm)",Rebar Cutter Portable Dc16
24933,Electric Rebar Cutters and Benders,DC25X,Rebar Cutter Portable Dc25,,E:\IMAGES\ITEMS\product\D\C\benner-nawman-dc25x-rebar-cutter-portable-dc25.jpg,Benner-Nawman,Rebar Cutter,,"The DC-25X portable heavy-duty rebar cutter will safely, efficiently, and cleanly cut rebar up to #8 (1”) diameter grade 60. The DC-25X cutter is ideal for a small fabrication shop",,"Maximum Cutting Diameter: 1"" #8 Rebar (25Mm) Grade 60; Cutting Speed / Pressure: 5 Seconds / 30 Tons; Voltage/Amperage: 115V 50/60Hz / 12 Amps; Tool Weight: 49.6 Lbs (22.5 Kg); Dimensions L X W X H: 20"" (515Mm) X 5.9"" (150Mm) X 9.8"" (250Mm)",Rebar Cutter Portable Dc25
21668,Manual Rebar Cutters and Benders,MCB-16B,Cutter Bender B/N,,E:\IMAGES\ITEMS\product\M\C\benner-nawman-mcb-16b-cutter-bender-bn.jpg,Benner-Nawman,Manual Rebar Cutter/Bender,,"When comparing similar products, this tool has a longer handle and a cam mechanism that provides greater leverage when cutting and bending grade 60 rebar. It features an adjustable 2-1/2? (63.5mm) diameter bending roller and replaceable cutting jaws that incorporate two open slots with innovative shaped blades to prevent chipping. The sturdy frame design is firmly mounted on a 2? x 8? x 60? wooden board and is ready to use. Other features include a comfortable 12? long no-slip handle grip and a lifting chain and ring to make it easier to carry to and from the job site",,Size: 5Gl,Cutter Bender B/N
24964,Circular Saw Blades,RB-BNCE-NH,Cutting Edge Blade Only (New),,E:\IMAGES\ITEMS\product\R\B\benner-nawman-rb-bnce-nh-cutting-edge-blade-only-new.jpg,Benner-Nawman,Replacement Blade,,Replacement blade for BNCE-20 Cutting Edge Saw,,"Blade Size: 4.375""; Blade Type: Tungsten Carbide Tipped; Weight: 1 Lb",Cutting Edge Blade Only (New)
24933,Electric Rebar Cutters and Benders,TU20K,Rebar Cutter Tune Up Kit,,E:\IMAGES\ITEMS\product\T\U\benner-nawman-tu20k-rebar-cutter-tune-up-kit.jpg,Benner-Nawman,Rebar Cutter Tune-Up Kit,,Tune up kit for Benner Nawman rebar cutters,,"Includes: Cutting Block Set, Cap Bolts, Washers, Carbon Brush Set, Stopper Bolt And Hydraulic Oil",Rebar Cutter Tune Up Kit
