﻿category_ids,category_names,sku,meta_title,meta_description,Image,manufacturer,description,short_description,summary,upc,size_info,meta_keyword
1743|26136,Belt|Tool and Work Belts,4019-1006,Suspenders,,E:\IMAGES\ITEMS\product\4\0\Blaklader-4019-1006.jpg,Blaklader,,One size fits all Color: Black,,,Blaklader 4019-1006 Suspenders,Suspenders
1740|26144,Hats|Hats,2050-9222,Heavy Duty Cap,,E:\IMAGES\ITEMS\product\2\0\Blaklader-2050-9222-Heavy-Duty.jpg,Blaklader,,One size fits all Color: Black/Tan,,,Blaklader 2050-9222 Heavy Duty Cap,Heavy Duty Cap
1740|26144,Hats|Hats,2051-8900,Blaklader Cap,,E:\IMAGES\ITEMS\product\2\0\Blaklader-2051-8900-Blaklader.jpg,Blaklader,,One size fits all Color: Navy Blue,,,Blaklader 2051-8900 Blaklader Cap,Blaklader Cap
1743|26136,Belt|Tool and Work Belts,4013-9900,Black/Bronze Stretch Web Belt,"Black Stretch web belt with bronze buckle fits up to 46"" waist.",E:\IMAGES\ITEMS\product\4\0\Blaklader-4013-9900-BlackBronze-Stretch-Web.jpg,Blaklader,"Black Stretch web belt with bronze buckle fits up to 46"" waist.",One size fits all Color: Bronze/Black Black stretch web belt with bronze blaklader buckle,,,Blaklader 4013-9900 Black/Bronze Stretch Web Belt,Black/Bronze Stretch Web Belt
1743|26136,Belt|Tool and Work Belts,4014-9900,Black/Silver Stretch Web Belt,"Black stretch web belt with silver buckle fits up to a 46"" waist.",E:\IMAGES\ITEMS\product\4\0\Blaklader-4014-9900-BlackSilver-Stretch-Web.jpg,Blaklader,"Black stretch web belt with silver buckle fits up to a 46"" waist.","One size fits up to a 46"" waist Colors: Silver/Black Stretch web belt with silver blaklader buckle",,,Blaklader 4014-9900 Black/Silver Stretch Web Belt,Black/Silver Stretch Web Belt
1743|26136,Belt|Tool and Work Belts,4017-3900-9900,Black Heavy Leather Belt,"Black heavy leather belt that fits from 32"" to 46"" waist.",E:\IMAGES\ITEMS\product\4\0\Blaklader-4017-3900-9900-Black-Heavy-Leather.jpg,Blaklader,"Black heavy leather belt that fits from 32"" to 46"" waist.",One size fits all Colors: Black Black heavy leather belt,,,Blaklader 4017-3900-9900 Black Heavy Leather Belt,Black Heavy Leather Belt
1743|26136,Belt|Tool and Work Belts,4017-3900,Brown Heavy Leather Belt,"Heavy Leather Belt that fits from 32"" to 46"" waists.",E:\IMAGES\ITEMS\product\4\0\Blaklader-4017-3900-Brown-Heavy-Leather.jpg,Blaklader,"Heavy Leather Belt that fits from 32"" to 46"" waists.","Fits 32"" to 46"" waist Color: Brown Brown Heavy Leather Belt",,,Blaklader 4017-3900 Brown Heavy Leather Belt,Brown Heavy Leather Belt
160|25618,Knee Pads|Protective Elbow and Knee Pads,4012-9900,Heavy Duty Knee Pad,"Extra durable, shock absorbing memory gel cradles your knees in the ultimate cushion.",E:\IMAGES\ITEMS\product\4\0\Blaklader-4012-9900-Heavy-Duty-Knee.jpg,Blaklader,"Extra durable, shock absorbing memory gel cradles your knees in the ultimate cushion.","One size fits all Colors: Black Extra durable, shock absorbing memory gel cradles your knees in the ultimate cushion",,,Blaklader 4012-9900 Heavy Duty Knee Pad,Heavy Duty Knee Pad
160|25618,Knee Pads|Protective Elbow and Knee Pads,4011-1200,Light Duty Knee Pad,Super lightweight foam that won't weigh you down yet provides protective cushioning when you need it.,E:\IMAGES\ITEMS\product\4\0\Blaklader-4011-1200-Light-Duty-Knee.jpg,Blaklader,Super lightweight foam that won't weigh you down yet provides protective cushioning when you need it.,One size fits all Color: Grey,,,Blaklader 4011-1200 Light Duty Knee Pad,Light Duty Knee Pad
1738|26146,Jackets | Outerwear|Heated Outerwear,4062-1320,Brawny Canvas Jacket,Heavy weight durable 100% 12 oz. cotton is breathable and comfortable while providing excellent durability.,E:\IMAGES\ITEMS\product\4\0\Blaklader-4062-1320-Brawny-Canvas.jpg,Blaklader,Heavy weight durable 100% 12 oz. cotton is breathable and comfortable while providing excellent durability.,"Sizes: Available in S-XXXL Colors: Steel Blue, Khaki, And Black 8 front pockets allow for great organization Two breast pockets with zip, one with telephone pocket and one with pen pocket Front pockets with extra tool pockets Side pockets Sleeve pocket with three pen pockets and zip Two inner pockets",Adjustable waist Adjustable cuffs Extended back Bellows in the back Mesh lined Garment wash,,Blaklader 4062-1320 Brawny Canvas Jacket,Brawny Canvas Jacket
1738|26146,Jackets | Outerwear|Heated Outerwear,4882-1380,Heavy Worker Lined Canvas,Durable 12 oz. 78-22% poly-cotton canvas combined with extra strength Cordura reinforcements,E:\IMAGES\ITEMS\product\4\8\Blaklader-4882-1380-Heavy-Worker-Lined.jpg,Blaklader,Durable 12 oz. 78-22% poly-cotton canvas combined with extra strength Cordura reinforcements,"Size: Available in S - XXXL Colors: Khaki/Black, Black/Black Fleece inside collar CorduraÂ® reinforced in exposed areas Adjustable waist width Extended back with bellows Key loop",Pockets: Breast pockets with flaps and bellows Front pockets with bellows Phone pocket Chisel pocket with double pencil holders Bar tacks and no bottom seams prevent rip outs,,Blaklader 4882-1380 Heavy Worker Lined Canvas,Heavy Worker Lined Canvas
1738|26146,Jackets | Outerwear|Heated Outerwear,4082-1380,Heavy Worker Unlined Canvas,Durable 12 oz. 78-22% poly-cotton canvas combined with extra strength Cordura reinforcements,E:\IMAGES\ITEMS\product\4\0\Blaklader-4082-1380-Heavy-Worker-Unlined.jpg,Blaklader,Durable 12 oz. 78-22% poly-cotton canvas combined with extra strength Cordura reinforcements,"Sizes: Available in S - XXXL Colors: Navy/Blue, Khaki/Black CorduraÂ® reinforced in exposed areas Adjustable waist width Extended back with bellows Key loop",Pockets: Breast pockets with flaps and bellows Front pockets with bellows Phone pocket Chisel pocket with double pencil holders Bar tacks and no bottom seams prevent rip outs,,Blaklader 4082-1380 Heavy Worker Unlined Canvas,Heavy Worker Unlined Canvas
1738|26146,Jackets | Outerwear|Heated Outerwear,4816-1370,Toughguy Pile Line Jacket,"Heavyweight 100% cotton 13 oz. shell with a soft, comfortable 11 oz. polyester lining",E:\IMAGES\ITEMS\product\4\8\Blaklader-4816-1370-Toughguy-Pile-Line.jpg,Blaklader,"Heavyweight 100% cotton 13 oz. shell with a soft, comfortable 11 oz. polyester lining","Size: Available in S - XXXL Colors: Black, Navy Blue Quilted lined sleeves Lined with 300 gm pile in the torso Extended back Adjustable waist Key loop",Pockets: Two breast pockets Two side pockets Sleeve pocket with zip and pen pockets Phone pocket,,Blaklader 4816-1370 Toughguy Pile Line Jacket,Toughguy Pile Line Jacket
1738|26146,Jackets | Outerwear|Heated Outerwear,4855-2520,Two Fisted Fleece Jacket,Combines a 460 gm 100% polyester shell with a wind and water resistant membrane and breathable mesh lining,E:\IMAGES\ITEMS\product\4\8\Blaklader-4855-2520-Two-Fisted-Fleece.jpg,Blaklader,Combines a 460 gm 100% polyester shell with a wind and water resistant membrane and breathable mesh lining,"Sizes: Available in S - XXXL Colors: Black, Black/Grey Cordura reinforcement on the shoulders and sleeves Full length zip up to collar Full velcro secured zipper flap Drawstring waist Reinforced front sleeve sections Wind and water resistant membrane Key Loop Thumb grip",Pockets: Zipped breast pocket and side front pockets Phone pocket Document pocket in back,,Blaklader 4855-2520 Two Fisted Fleece Jacket,Two Fisted Fleece Jacket
1742|26165,Vests|Work Vests,3845-2520,Two Fisted Fleece Vest,Combines a 460 gm 100% polyester shell with a wind and water resistant membrane and breathable mesh lining,E:\IMAGES\ITEMS\product\3\8\Blaklader-3845-2520-Two-Fisted-Fleece.jpg,Blaklader,Combines a 460 gm 100% polyester shell with a wind and water resistant membrane and breathable mesh lining,Sizes: Available in S - XXXL Colors: Black Cordura reinforcement on the shoulders Full length zip up to collar Full velcro secured zipper flap Drawstring waist Wind and water resistant membrane Key loop,Pockets: Zipped breast pocket and side front pockets Document pocket in back,,Blaklader 3845-2520 Two Fisted Fleece Vest,Two Fisted Fleece Vest
1738|26146,Jackets | Outerwear|Heated Outerwear,4856-2525,Two Fisted Storm Jacket,370gm 100% polyester wind and water proof fleece,E:\IMAGES\ITEMS\product\4\8\Blaklader-4856-2525-Two-Fisted-Storm.jpg,Blaklader,370gm 100% polyester wind and water proof fleece,"Sizes: Available in M - XXXL Colors: Black, Carmel 370 gm 100% polyester fleece Wind and waterproof breathable laminate and mesh lining Three font zip pockets Quality YKK zippers",,,Blaklader 4856-2525 Two Fisted Storm Jacket,Two Fisted Storm Jacket
1740|26144,Hats|Hats,2061-9900,Black Wool Watch Hat,100% wool black watch hat,E:\IMAGES\ITEMS\product\2\0\Blaklader-2061-9900-Black-Wool-Watch.jpg,Blaklader,100% wool black watch hat,100% wool cap Small Blaklader logo Colors: Black,,,Blaklader 2061-9900 Black Wool Watch Hat,Black Wool Watch Hat
1740|26144,Hats|Hats,2062-B,Black Winter Hardware Hats,"One size fits all - 95% cotton, 5% Elastan, 100% polyester fleece lining",E:\IMAGES\ITEMS\product\2\0\Blaklader-2062-Winter-Hardware.jpg,Blaklader,Blaklader 2062-B Black Winter Hardware Hats,95% cotton 5% Elastan 100% polyester fleece lining,,,Black,Black Winter Hardware Hats
1739|26164,Pants | Shorts|Work Shorts,2399-30,Khaki/Black Heavy Worker Shorts with Utility Pocket,12 oz. 78-22% poly-cotton canvas combined with extra strength Cordura reinforcements,E:\IMAGES\ITEMS\product\1\6\Blaklader-1640-1380-Heavy-Worker-Shorts-with-Utility.jpg,Blaklader,Blaklader 2399-30 Khaki/Black Heavy Worker Shorts with Utility Pocket,"Colors: Khaki/Black, Black 7 wide and thin belt loops strategically placed so pants won't pull down Heavy-duty webbed hammer loop & detached screwdriver pocket Strong metal fly zipper Triple-stitched seams prevent rip outs","Utility and Accessory Pockets:  2 reinforced utility pockets Easy access, even when kneeling or squatting Tuck into front pockets when not in use Angled pocket corners make it easy to grab screws and nails Bellowed pockets (2 in front; 2 in back) carry more and keep contents from cutting into legs Leg pocket w/ pencil holder & security pocket Phone pocket Bar tacks and no bottom seams prevent rip outs",,"Khaki/Black, Waist: 30""",Khaki/Black Heavy Worker Shorts with Utility Pocket
1739|20919,Pants | Shorts|Pants and Shorts,1634-1310-2700-30,Stone Bantam Shorts with Utility Pockets,13 oz. 100% twill with extra-strength Cordura® reinforcements,E:\IMAGES\ITEMS\product\1\6\Blaklader-1634-1310-Bantam-Shorts-with-Utility.jpg,Blaklader,"Blaklader 1634-1310-2700-30 Stone Bantam Shorts with Utility Pockets-Waist 30""","Colors: Stone, Khaki, Navy Blue 7 wide and thin belt loops strategically placed so pants won't pull down Heavy-duty webbed hammer loop and detached screwdriver pocket Strong metal fly zipper Triple-stitched seams prevent rip outs","Utility and Accessory Pockets:  2 reinforced utility pockets Easy access, even when kneeling or squatting Tuck into front pockets when not in use Angled pocket corners make it easy to get out screws and nails Bellow pockets (2 in front; 2 in back) carry more and keep contents from cutting into legs Leg pocket with pencil holder and security pocket Phone pockets",,"Stone, Waist 30""",Stone Bantam Shorts with Utility Pockets
1739|20919,Pants | Shorts|Pants and Shorts,1634-1210-30,"White Toughguy Painter Shorts with Utility Pockets-Waist 30""",Toughguy Painter Shorts,E:\IMAGES\ITEMS\product\1\6\Blaklader-1634-1210-Toughguy-Painter-Shorts-with-Utility.jpg,Blaklader,"Blaklader 1634-1210-30 White Toughguy Painter Shorts with Utility Pockets-Waist 30""","Sizes: Waist from 30"" - 44"" Colors: White 11 oz. cotton that provides high performance durability 7 wide and thin belt loops strategically placed so pants won't pull down Heavy-duty webbed hammer loop and detached screwdriver pocket Strong metal fly zipper Triple-stitched seams prevent rip outs","Utility and Accessory Pockets:  2 reinforced utility pockets Easy access, even when kneelingor squatting Tuck into front pockets when not in use Angled pocket corners make it easy to get out screws and nails Bellow pockets (2 in front; 2 in back) carry more and keep contents from cutting into legs Leg pocket with pencil holder and security pocket Phone pockets Bar tacks and no bottom seams prevent rip outs",,"Waist: 30""","White Toughguy Painter Shorts with Utility Pockets-Waist 30"""
1742|26165,Vests|Work Vests,3110-1860,Roughneck Kangaroo Vest,Endurance-tested 11 oz. 65/35% poly/cotton blend provides excellent durability in a lightweight fabric,E:\IMAGES\ITEMS\product\3\1\Blaklader-3110-1860-Roughneck-Kangaroo.jpg,Blaklader,Endurance-tested 11 oz. 65/35% poly/cotton blend provides excellent durability in a lightweight fabric,Sizes: Available in S - XXXL Colors: Black Concealed front zipper Extra long back for added protection Triple-stitched seams prevent rip outs,Pockets:  2 breast pockets with safety straps and phone pocket 4 utility pockets front and back Bar tacks and no bottom seams prevent rip outs,,Blaklader 3110-1860 Roughneck Kangaroo Vest,Roughneck Kangaroo Vest
1742|26165,Vests|Work Vests,3120-1310,Bantam Kangaroo Vest,100% 8 oz. cotton is lightweight and comfortable,E:\IMAGES\ITEMS\product\3\1\Blaklader-3120-1310-Bantam-Kangaroo.jpg,Blaklader,100% 8 oz. cotton is lightweight and comfortable,Sizes: Available in S - XXXL Colors: Stone Concealed front zipper Extra long back for added protection Triple-stitched seams prevent rip outs,Pockets: 2 breast pockets with safety straps and phone pocket 3 front utility pockets Bar tacks and no bottom seams prevent rip outs,,Blaklader 3120-1310 Bantam Kangaroo Vest,Bantam Kangaroo Vest
1742|26158,Vests|T-Shirts,3308-1030-9400-S,Grey Fleet Long Sleeve Tee-Small,Soft and durable 100% cotton that wicks away moisture and dries quickly,E:\IMAGES\ITEMS\product\3\3\Blaklader-3308-1030-Fleet-Long-Sleeve.jpg,Blaklader,Blaklader 3308-1030-9400-S Grey Fleet Long Sleeve Tee-Small,"Sizes: Available in S - XXL Colors: Grey, Black 100% cotton long sleeve tee",,,"Grey, Size: Small",Grey Fleet Long Sleeve Tee-Small
1741|20918,Shirts|Shirts,3309-1030,309-1030 Fleet Short Sleeve Tee,Soft and durable 100% cotton that wicks away moisture and dries quickly,E:\IMAGES\ITEMS\product\3\3\Blaklader-309-1030-Fleet-Short-Sleeve.jpg,Blaklader,Soft and durable 100% cotton that wicks away moisture and dries quickly,"Sizes: Available in S - XXL Colors: Grey, Black 100% cotton short sleeve tee",,,Blaklader 309-1030 Fleet Short Sleeve Tee,309-1030 Fleet Short Sleeve Tee
1741|20918,Shirts|Shirts,3450-1710,Base Performance Tee,Soft and durable 100% polyester that wicks away moisture and dries quickly,E:\IMAGES\ITEMS\product\3\4\Blaklader-3450-1710-Base-Performance.jpg,Blaklader,Blaklader 3450-1710 Base Performance Tee,"Sizes: Available in S - XXL Colors: Black, Grey, and White 100% polyester wicks away moisture Quick drying",,,"Black, Size: Small",Base Performance Tee
1739|20919,Pants | Shorts|Pants and Shorts,1680-1380,Heavy Worker with Utility Pockets,12 oz. 78-22% poly-cotton canvas combined with extra strength Cordura® reinforcements.,E:\IMAGES\ITEMS\product\1\6\Blaklader-1680-1380-Heavy-Worker-with-Utility.jpg,Blaklader,12 oz. 78-22% poly-cotton canvas combined with extra strength Cordura® reinforcements.,"Colors: Khaki/Black, Navy Blue/Black, Black/Black 7 wide and thin belt loops strategically placed so pants won't pull down Heavy-duty webbed hammer loop & detached screwdriver pocket Strong metal fly zipper Triple-stitched seams prevent rip outs","Utility Pockets:  2 reinforced utility pockets Easy access, even when kneeling or squatting Tuck into front pockets when not in use Angled pocket corners make it easy to grab screws and nails Kneepad Pockets:  Constructed of lightweight, extra-strength CorduraÂ® fabric Cushiony foam or gel inserts provide the right knee protection Lightweight, not bulky No constricting straps All-day comfort Accessory Pockets: Bellowed pockets (2 in front; 2 in back) carry more and keep contents from cutting into legs Leg pocket w/ pencil holder & security pocket Phone pocket Bar tacks and no bottom seams prevent rip outs",,Blaklader 1680-1380 Heavy Worker with Utility Pockets,Heavy Worker with Utility Pockets
1739|20919,Pants | Shorts|Pants and Shorts,1630-1310,Bantam Pant with Utility Pocket,8 oz. 100% cotton with CorduraÂ® knee pockets and accessory pockets.,E:\IMAGES\ITEMS\product\1\6\Blaklader-1630-1310-Bantam-Pant-with-Utility.jpg,Blaklader,8 oz. 100% cotton with CorduraÂ® knee pockets and accessory pockets.,"Colors: Stone, Khaki, Navy Blue, and Black 7 wide and thin belt loops strategically placed so pants won't pull down Heavy-duty webbed hammer loop & detached screwdriver pocket Strong metal fly zipper Triple-stitched seams prevent rip outs","Utility Pockets: 2 reinforced utility pockets Easy access, even when kneeling or squatting Tuck into front pockets when not in use Angled pocket corners make it easy to grab screws and nails Kneepad Pockets:  Constructed of lightweight, extra-strength CorduraÂ® fabric Cushiony foam or gel inserts provide the right knee protection Lightweight, not bulky No constricting straps All-day comfort Accessory Pockets: Bellowed pockets (2 in front; 2 in back) carry more and keep contents from cutting into legs Leg pocket w/ pencil holder & security pocket Phone pocket Bar tacks and no bottom seams prevent rip outs",,Blaklader 1630-1310 Bantam Pant with Utility Pocket,Bantam Pant with Utility Pocket
1739|20919,Pants | Shorts|Pants and Shorts,1670-1310,Bantam Pant Without Utility Pockets,8 oz. 100% cotton with CorduraÂ® knee pockets and accessory pockets.,E:\IMAGES\ITEMS\product\1\6\Blaklader-1670-1310-Bantam-Pant-Without-Utility.jpg,Blaklader,8 oz. 100% cotton with CorduraÂ® knee pockets and accessory pockets.,"Colors: Khaki, Navy Blue, Stone, and Black 7 wide and thin belt loops strategically placed so pants won't pull down Heavy-duty webbed hammer loop & detached screwdriver pocket Strong metal fly zipper Triple-stitched seams prevent rip outs","Kneepad Pockets: Constructed of lightweight, extra-strength CorduraÂ® fabric Cushiony foam or gel inserts provide the right knee protection Lightweight, not bulky No constricting straps All-day comfort Accessory Pockets:  Bellowed pockets (2 in front; 2 in back) carry more and keep contents from cutting into legs Leg pocket w/ pencil holder & security pocket Phone pocket Bar tacks and no bottom seams prevent rip outs",,Blaklader 1670-1310 Bantam Pant Without Utility Pockets,Bantam Pant Without Utility Pockets
1739|20919,Pants | Shorts|Pants and Shorts,1630-1320,Brawny Pant with Utility Pockets,12 oz. 100% cotton with CorduraÂ® knee pockets and accessory pockets.,E:\IMAGES\ITEMS\product\1\6\Blaklader-1630-1320-Brawny-Pant-with-Utility.jpg,Blaklader,12 oz. 100% cotton with CorduraÂ® knee pockets and accessory pockets.,"Colors: Khaki, Navy Blue, Moss, and Black 7 wide and thin belt loops strategically placed so pants won't pull down Heavy-duty webbed hammer loop & detached screwdriver pocket Strong metal fly zipper Triple-stitched seams prevent rip outs","Utility Pockets: 2 reinforced utility pockets Easy access, even when kneeling or squatting Tuck into front pockets when not in use Angled pocket corners make it easy to grab screws and nails Kneepad Pockets: Constructed of lightweight, extra-strength CorduraÂ® fabric Cushiony foam or gel inserts provide the right knee protection Lightweight, not bulky No constricting straps All-day comfort Accessory Pockets: Bellowed pockets (2 in front; 2 in back) carry more and keep contents from cutting into legs Leg pocket w/ pencil holder & security pocket Phone pocket Bar tacks and no bottom seams prevent rip outs",,Blaklader 1630-1320 Brawny Pant with Utility Pockets,Brawny Pant with Utility Pockets
1739|20919,Pants | Shorts|Pants and Shorts,1670-1320,Brawny Pant Without Utility Pockets,12 oz. 100% cotton with CorduraÂ® knee pockets and accessory pockets.,E:\IMAGES\ITEMS\product\1\6\Blaklader-1670-1320-Brawny-Pant-Without-Utility.jpg,Blaklader,12 oz. 100% cotton with Cordura ® knee pockets and accessory pockets.,"Colors: Khaki, Navy Blue, Moss, and Black 7 wide and thin belt loops strategically placed so pants won't pull down Heavy-duty webbed hammer loop & detached screwdriver pocket Strong metal fly zipper Triple-stitched seams prevent rip outs","Kneepad Pockets: Constructed of lightweight, extra-strength CorduraÂ® fabric Cushiony foam or gel inserts provide the right knee protection Lightweight, not bulky No constricting straps All-day comfort Accessory Pockets: Bellowed pockets (2 in front; 2 in back) carry more and keep contents from cutting into legs Leg pocket w/ pencil holder & security pocket Phone pocket Bar tacks and no bottom seams prevent rip outs",,Blaklader 1670-1320 Brawny Pant Without Utility Pockets,Brawny Pant Without Utility Pockets
1739|20919,Pants | Shorts|Pants and Shorts,1634-1210-32,"White Toughguy Painter Shorts with Utility Pockets-Waist 32""",Toughguy Painter Shorts,E:\IMAGES\ITEMS\product\1\6\Blaklader-1634-1210-Toughguy-Painter-Shorts-with-Utility.jpg,Blaklader,"Blaklader 1634-1210-32 White Toughguy Painter Shorts with Utility Pockets-Waist 32""","Sizes: Waist from 30"" - 44"" Colors: White 11 oz. cotton that provides high performance durability 7 wide and thin belt loops strategically placed so pants won't pull down Heavy-duty webbed hammer loop and detached screwdriver pocket Strong metal fly zipper Triple-stitched seams prevent rip outs","Utility and Accessory Pockets:  2 reinforced utility pockets Easy access, even when kneelingor squatting Tuck into front pockets when not in use Angled pocket corners make it easy to get out screws and nails Bellow pockets (2 in front; 2 in back) carry more and keep contents from cutting into legs Leg pocket with pencil holder and security pocket Phone pockets Bar tacks and no bottom seams prevent rip outs",,"Waist: 32""","White Toughguy Painter Shorts with Utility Pockets-Waist 32"""
1739|20919,Pants | Shorts|Pants and Shorts,1634-1210-34,"White Toughguy Painter Shorts with Utility Pockets-Waist 34""",Toughguy Painter Shorts,E:\IMAGES\ITEMS\product\1\6\Blaklader-1634-1210-Toughguy-Painter-Shorts-with-Utility.jpg,Blaklader,"Blaklader 1634-1210-34 White Toughguy Painter Shorts with Utility Pockets-Waist 34""","Sizes: Waist from 30"" - 44"" Colors: White 11 oz. cotton that provides high performance durability 7 wide and thin belt loops strategically placed so pants won't pull down Heavy-duty webbed hammer loop and detached screwdriver pocket Strong metal fly zipper Triple-stitched seams prevent rip outs","Utility and Accessory Pockets:  2 reinforced utility pockets Easy access, even when kneelingor squatting Tuck into front pockets when not in use Angled pocket corners make it easy to get out screws and nails Bellow pockets (2 in front; 2 in back) carry more and keep contents from cutting into legs Leg pocket with pencil holder and security pocket Phone pockets Bar tacks and no bottom seams prevent rip outs",,"Waist: 34""","White Toughguy Painter Shorts with Utility Pockets-Waist 34"""
1739|20919,Pants | Shorts|Pants and Shorts,1634-1210-36,"White Toughguy Painter Shorts with Utility Pockets-Waist 36""",Toughguy Painter Shorts,E:\IMAGES\ITEMS\product\1\6\Blaklader-1634-1210-Toughguy-Painter-Shorts-with-Utility.jpg,Blaklader,"Blaklader 1634-1210-36 White Toughguy Painter Shorts with Utility Pockets-Waist 36""",Colors: White 11 oz. cotton that provides high performance durability 7 wide and thin belt loops strategically placed so pants won't pull down Heavy-duty webbed hammer loop and detached screwdriver pocket Strong metal fly zipper Triple-stitched seams prevent rip outs,"Utility and Accessory Pockets:  2 reinforced utility pockets Easy access, even when kneelingor squatting Tuck into front pockets when not in use Angled pocket corners make it easy to get out screws and nails Bellow pockets (2 in front; 2 in back) carry more and keep contents from cutting into legs Leg pocket with pencil holder and security pocket Phone pockets Bar tacks and no bottom seams prevent rip outs",,"Waist: 36""","White Toughguy Painter Shorts with Utility Pockets-Waist 36"""
1739|20919,Pants | Shorts|Pants and Shorts,1634-1210-38,"White Toughguy Painter Shorts with Utility Pockets-Waist 38""",Toughguy Painter Shorts,E:\IMAGES\ITEMS\product\1\6\Blaklader-1634-1210-Toughguy-Painter-Shorts-with-Utility.jpg,Blaklader,"Blaklader 1634-1210-38 White Toughguy Painter Shorts with Utility Pockets-Waist 38""","Sizes: Waist from 30"" - 44"" Colors: White 11 oz. cotton that provides high performance durability 7 wide and thin belt loops strategically placed so pants won't pull down Heavy-duty webbed hammer loop and detached screwdriver pocket Strong metal fly zipper Triple-stitched seams prevent rip outs","Utility and Accessory Pockets:  2 reinforced utility pockets Easy access, even when kneelingor squatting Tuck into front pockets when not in use Angled pocket corners make it easy to get out screws and nails Bellow pockets (2 in front; 2 in back) carry more and keep contents from cutting into legs Leg pocket with pencil holder and security pocket Phone pockets Bar tacks and no bottom seams prevent rip outs",,"Waist: 38""","White Toughguy Painter Shorts with Utility Pockets-Waist 38"""
1739|20919,Pants | Shorts|Pants and Shorts,1634-1210-40,"White Toughguy Painter Shorts with Utility Pockets-Waist 40""",Toughguy Painter Shorts,E:\IMAGES\ITEMS\product\1\6\Blaklader-1634-1210-Toughguy-Painter-Shorts-with-Utility.jpg,Blaklader,"Blaklader 1634-1210-40 White Toughguy Painter Shorts with Utility Pockets-Waist 40""","Sizes: Waist from 30"" - 44"" Colors: White 11 oz. cotton that provides high performance durability 7 wide and thin belt loops strategically placed so pants won't pull down Heavy-duty webbed hammer loop and detached screwdriver pocket Strong metal fly zipper Triple-stitched seams prevent rip outs","Utility and Accessory Pockets:  2 reinforced utility pockets Easy access, even when kneelingor squatting Tuck into front pockets when not in use Angled pocket corners make it easy to get out screws and nails Bellow pockets (2 in front; 2 in back) carry more and keep contents from cutting into legs Leg pocket with pencil holder and security pocket Phone pockets Bar tacks and no bottom seams prevent rip outs",,"Waist: 40""","White Toughguy Painter Shorts with Utility Pockets-Waist 40"""
1739|20919,Pants | Shorts|Pants and Shorts,1634-1210-42,"White Toughguy Painter Shorts with Utility Pockets-Waist 42""",Toughguy Painter Shorts,E:\IMAGES\ITEMS\product\1\6\Blaklader-1634-1210-Toughguy-Painter-Shorts-with-Utility.jpg,Blaklader,"Blaklader 1634-1210-42 White Toughguy Painter Shorts with Utility Pockets-Waist 42""","Sizes: Waist from 30"" - 44"" Colors: White 11 oz. cotton that provides high performance durability 7 wide and thin belt loops strategically placed so pants won't pull down Heavy-duty webbed hammer loop and detached screwdriver pocket Strong metal fly zipper Triple-stitched seams prevent rip outs","Utility and Accessory Pockets:  2 reinforced utility pockets Easy access, even when kneelingor squatting Tuck into front pockets when not in use Angled pocket corners make it easy to get out screws and nails Bellow pockets (2 in front; 2 in back) carry more and keep contents from cutting into legs Leg pocket with pencil holder and security pocket Phone pockets Bar tacks and no bottom seams prevent rip outs",,"Waist: 42""","White Toughguy Painter Shorts with Utility Pockets-Waist 42"""
1739|20919,Pants | Shorts|Pants and Shorts,1634-1210-44,"White Toughguy Painter Shorts with Utility Pockets-Waist 44""",Toughguy Painter Shorts,E:\IMAGES\ITEMS\product\1\6\Blaklader-1634-1210-Toughguy-Painter-Shorts-with-Utility.jpg,Blaklader,"Blaklader 1634-1210-44 White Toughguy Painter Shorts with Utility Pockets-Waist 44""","Sizes: Waist from 30"" - 44"" Colors: White 11 oz. cotton that provides high performance durability 7 wide and thin belt loops strategically placed so pants won't pull down Heavy-duty webbed hammer loop and detached screwdriver pocket Strong metal fly zipper Triple-stitched seams prevent rip outs","Utility and Accessory Pockets:  2 reinforced utility pockets Easy access, even when kneelingor squatting Tuck into front pockets when not in use Angled pocket corners make it easy to get out screws and nails Bellow pockets (2 in front; 2 in back) carry more and keep contents from cutting into legs Leg pocket with pencil holder and security pocket Phone pockets Bar tacks and no bottom seams prevent rip outs",,"Waist: 44""","White Toughguy Painter Shorts with Utility Pockets-Waist 44"""
1739|20919,Pants | Shorts|Pants and Shorts,1634-1310-2700-32,Stone Bantam Shorts with Utility Pockets,13 oz. 100% twill with extra-strength Cordura® reinforcements,E:\IMAGES\ITEMS\product\1\6\Blaklader-1634-1310-Bantam-Shorts-with-Utility.jpg,Blaklader,Blaklader 1634-1310-2700-32 Stone Bantam Shorts with Utility Pockets,"Colors: Stone, Khaki, Navy Blue 7 wide and thin belt loops strategically placed so pants won't pull down Heavy-duty webbed hammer loop and detached screwdriver pocket Strong metal fly zipper Triple-stitched seams prevent rip outs","Utility and Accessory Pockets:  2 reinforced utility pockets Easy access, even when kneeling or squatting Tuck into front pockets when not in use Angled pocket corners make it easy to get out screws and nails Bellow pockets (2 in front; 2 in back) carry more and keep contents from cutting into legs Leg pocket with pencil holder and security pocket Phone pockets",,"Stone, Waist: 32""",Stone Bantam Shorts with Utility Pockets
1739|20919,Pants | Shorts|Pants and Shorts,1634-1310-2700-34,Stone Bantam Shorts with Utility Pockets,13 oz. 100% twill with extra-strength Cordura® reinforcements,E:\IMAGES\ITEMS\product\1\6\Blaklader-1634-1310-Bantam-Shorts-with-Utility.jpg,Blaklader,Blaklader 1634-1310-2700-34 Stone Bantam Shorts with Utility Pockets,"Colors: Stone, Khaki, Navy Blue 7 wide and thin belt loops strategically placed so pants won't pull down Heavy-duty webbed hammer loop and detached screwdriver pocket Strong metal fly zipper Triple-stitched seams prevent rip outs","Utility and Accessory Pockets:  2 reinforced utility pockets Easy access, even when kneeling or squatting Tuck into front pockets when not in use Angled pocket corners make it easy to get out screws and nails Bellow pockets (2 in front; 2 in back) carry more and keep contents from cutting into legs Leg pocket with pencil holder and security pocket Phone pockets",,"Stone, Waist: 34""",Stone Bantam Shorts with Utility Pockets
1739|20919,Pants | Shorts|Pants and Shorts,1634-1310-2700-36,Stone Bantam Shorts with Utility Pockets,13 oz. 100% twill with extra-strength Cordura® reinforcements,E:\IMAGES\ITEMS\product\1\6\Blaklader-1634-1310-Bantam-Shorts-with-Utility.jpg,Blaklader,Blaklader 1634-1310-2700-36 Stone Bantam Shorts with Utility Pockets,"Colors: Stone, Khaki, Navy Blue 7 wide and thin belt loops strategically placed so pants won't pull down Heavy-duty webbed hammer loop and detached screwdriver pocket Strong metal fly zipper Triple-stitched seams prevent rip outs","Utility and Accessory Pockets:  2 reinforced utility pockets Easy access, even when kneeling or squatting Tuck into front pockets when not in use Angled pocket corners make it easy to get out screws and nails Bellow pockets (2 in front; 2 in back) carry more and keep contents from cutting into legs Leg pocket with pencil holder and security pocket Phone pockets",,"Stone, Waist: 36""",Stone Bantam Shorts with Utility Pockets
1739|20919,Pants | Shorts|Pants and Shorts,1634-1310-2700-38,Stone Bantam Shorts with Utility Pockets,13 oz. 100% twill with extra-strength Cordura® reinforcements,E:\IMAGES\ITEMS\product\1\6\Blaklader-1634-1310-Bantam-Shorts-with-Utility.jpg,Blaklader,Blaklader 1634-1310-2700-38 Stone Bantam Shorts with Utility Pockets,"Colors: Stone, Khaki, Navy Blue 7 wide and thin belt loops strategically placed so pants won't pull down Heavy-duty webbed hammer loop and detached screwdriver pocket Strong metal fly zipper Triple-stitched seams prevent rip outs","Utility and Accessory Pockets:  2 reinforced utility pockets Easy access, even when kneeling or squatting Tuck into front pockets when not in use Angled pocket corners make it easy to get out screws and nails Bellow pockets (2 in front; 2 in back) carry more and keep contents from cutting into legs Leg pocket with pencil holder and security pocket Phone pockets",,"Stone, Waist: 38""",Stone Bantam Shorts with Utility Pockets
1739|20919,Pants | Shorts|Pants and Shorts,1634-1310-2700-40,Stone Bantam Shorts with Utility Pockets,13 oz. 100% twill with extra-strength Cordura® reinforcements,E:\IMAGES\ITEMS\product\1\6\Blaklader-1634-1310-Bantam-Shorts-with-Utility.jpg,Blaklader,Blaklader 1634-1310-2700-40 Stone Bantam Shorts with Utility Pockets,"Colors: Stone, Khaki, Navy Blue 7 wide and thin belt loops strategically placed so pants won't pull down Heavy-duty webbed hammer loop and detached screwdriver pocket Strong metal fly zipper Triple-stitched seams prevent rip outs","Utility and Accessory Pockets:  2 reinforced utility pockets Easy access, even when kneeling or squatting Tuck into front pockets when not in use Angled pocket corners make it easy to get out screws and nails Bellow pockets (2 in front; 2 in back) carry more and keep contents from cutting into legs Leg pocket with pencil holder and security pocket Phone pockets",,"Stone, Waist: 40""",Stone Bantam Shorts with Utility Pockets
1739|20919,Pants | Shorts|Pants and Shorts,1634-1310-2700-42,Stone Bantam Shorts with Utility Pockets,13 oz. 100% twill with extra-strength Cordura® reinforcements,E:\IMAGES\ITEMS\product\1\6\Blaklader-1634-1310-Bantam-Shorts-with-Utility.jpg,Blaklader,Blaklader 1634-1310-2700-42 Stone Bantam Shorts with Utility Pockets,"Colors: Stone, Khaki, Navy Blue 7 wide and thin belt loops strategically placed so pants won't pull down Heavy-duty webbed hammer loop and detached screwdriver pocket Strong metal fly zipper Triple-stitched seams prevent rip outs","Utility and Accessory Pockets:  2 reinforced utility pockets Easy access, even when kneeling or squatting Tuck into front pockets when not in use Angled pocket corners make it easy to get out screws and nails Bellow pockets (2 in front; 2 in back) carry more and keep contents from cutting into legs Leg pocket with pencil holder and security pocket Phone pockets",,"Stone, Waist: 42""",Stone Bantam Shorts with Utility Pockets
1739|20919,Pants | Shorts|Pants and Shorts,1634-1310-2700-44,Stone Bantam Shorts with Utility Pocket,13 oz. 100% twill with extra-strength Cordura® reinforcements,E:\IMAGES\ITEMS\product\1\6\Blaklader-1634-1310-Bantam-Shorts-with-Utility.jpg,Blaklader,Blaklader 1634-1310-2700-44 Stone Bantam Shorts with Utility Pocket,"Colors: Stone, Khaki, Navy Blue 7 wide and thin belt loops strategically placed so pants won't pull down Heavy-duty webbed hammer loop and detached screwdriver pocket Strong metal fly zipper Triple-stitched seams prevent rip outs","Utility and Accessory Pockets:  2 reinforced utility pockets Easy access, even when kneeling or squatting Tuck into front pockets when not in use Angled pocket corners make it easy to get out screws and nails Bellow pockets (2 in front; 2 in back) carry more and keep contents from cutting into legs Leg pocket with pencil holder and security pocket Phone pockets",,"Stone, Waist: 44""",Stone Bantam Shorts with Utility Pocket
1739|26164,Pants | Shorts|Work Shorts,1634-1310-2800-30,Khaki Bantam Shorts with Utility Pockets,13 oz. 100% twill with extra-strength Cordura® reinforcements,E:\IMAGES\ITEMS\product\1\6\Blaklader-1634-1310-Bantam-Shorts-with-Utility.jpg,Blaklader,Blaklader 1634-1310-2800-30 Khaki Bantam Shorts with Utility Pockets,"Colors: Stone, Khaki, Navy Blue 7 wide and thin belt loops strategically placed so pants won't pull down Heavy-duty webbed hammer loop and detached screwdriver pocket Strong metal fly zipper Triple-stitched seams prevent rip outs","Utility and Accessory Pockets:  2 reinforced utility pockets Easy access, even when kneeling or squatting Tuck into front pockets when not in use Angled pocket corners make it easy to get out screws and nails Bellow pockets (2 in front; 2 in back) carry more and keep contents from cutting into legs Leg pocket with pencil holder and security pocket Phone pockets",,"Khaki, Waist: 30""",Khaki Bantam Shorts with Utility Pockets
1739|26164,Pants | Shorts|Work Shorts,1634-1310-2800-32,Khaki Bantam Shorts with Utility Pockets,13 oz. 100% twill with extra-strength Cordura® reinforcements,E:\IMAGES\ITEMS\product\1\6\Blaklader-1634-1310-Bantam-Shorts-with-Utility.jpg,Blaklader,Blaklader 1634-1310-2800-32 Khaki Bantam Shorts with Utility Pockets,"Colors: Stone, Khaki, Navy Blue 7 wide and thin belt loops strategically placed so pants won't pull down Heavy-duty webbed hammer loop and detached screwdriver pocket Strong metal fly zipper Triple-stitched seams prevent rip outs","Utility and Accessory Pockets:  2 reinforced utility pockets Easy access, even when kneeling or squatting Tuck into front pockets when not in use Angled pocket corners make it easy to get out screws and nails Bellow pockets (2 in front; 2 in back) carry more and keep contents from cutting into legs Leg pocket with pencil holder and security pocket Phone pockets",,"Khaki, Waist: 32""",Khaki Bantam Shorts with Utility Pockets
1739|26164,Pants | Shorts|Work Shorts,1634-1310-2800-34,Khaki Bantam Shorts with Utility Pockets,13 oz. 100% twill with extra-strength Cordura® reinforcements,E:\IMAGES\ITEMS\product\1\6\Blaklader-1634-1310-Bantam-Shorts-with-Utility.jpg,Blaklader,Blaklader 1634-1310-2800-34 Khaki Bantam Shorts with Utility Pockets,"Colors: Stone, Khaki, Navy Blue 7 wide and thin belt loops strategically placed so pants won't pull down Heavy-duty webbed hammer loop and detached screwdriver pocket Strong metal fly zipper Triple-stitched seams prevent rip outs","Utility and Accessory Pockets:  2 reinforced utility pockets Easy access, even when kneeling or squatting Tuck into front pockets when not in use Angled pocket corners make it easy to get out screws and nails Bellow pockets (2 in front; 2 in back) carry more and keep contents from cutting into legs Leg pocket with pencil holder and security pocket Phone pockets",,"Khaki, Waist: 34""",Khaki Bantam Shorts with Utility Pockets
1739|26164,Pants | Shorts|Work Shorts,1634-1310-2800-36,Khaki Bantam Shorts with Utility Pockets,13 oz. 100% twill with extra-strength Cordura® reinforcements,E:\IMAGES\ITEMS\product\1\6\Blaklader-1634-1310-Bantam-Shorts-with-Utility.jpg,Blaklader,Blaklader 1634-1310-2800-36 Khaki Bantam Shorts with Utility Pockets,"Colors: Stone, Khaki, Navy Blue 7 wide and thin belt loops strategically placed so pants won't pull down Heavy-duty webbed hammer loop and detached screwdriver pocket Strong metal fly zipper Triple-stitched seams prevent rip outs","Utility and Accessory Pockets:  2 reinforced utility pockets Easy access, even when kneeling or squatting Tuck into front pockets when not in use Angled pocket corners make it easy to get out screws and nails Bellow pockets (2 in front; 2 in back) carry more and keep contents from cutting into legs Leg pocket with pencil holder and security pocket Phone pockets",,"Khaki, Waist: 36""",Khaki Bantam Shorts with Utility Pockets
1739|26164,Pants | Shorts|Work Shorts,1634-1310-2800-38,Khaki Bantam Shorts with Utility Pockets,13 oz. 100% twill with extra-strength Cordura® reinforcements,E:\IMAGES\ITEMS\product\1\6\Blaklader-1634-1310-Bantam-Shorts-with-Utility.jpg,Blaklader,Blaklader 1634-1310-2800-38 Khaki Bantam Shorts with Utility Pockets,"Colors: Stone, Khaki, Navy Blue 7 wide and thin belt loops strategically placed so pants won't pull down Heavy-duty webbed hammer loop and detached screwdriver pocket Strong metal fly zipper Triple-stitched seams prevent rip outs","Utility and Accessory Pockets:  2 reinforced utility pockets Easy access, even when kneeling or squatting Tuck into front pockets when not in use Angled pocket corners make it easy to get out screws and nails Bellow pockets (2 in front; 2 in back) carry more and keep contents from cutting into legs Leg pocket with pencil holder and security pocket Phone pockets",,"Khaki, Waist: 38""",Khaki Bantam Shorts with Utility Pockets
1739|26164,Pants | Shorts|Work Shorts,1634-1310-2800-40,Khaki Bantam Shorts with Utility Pockets,13 oz. 100% twill with extra-strength Cordura® reinforcements,E:\IMAGES\ITEMS\product\1\6\Blaklader-1634-1310-Bantam-Shorts-with-Utility.jpg,Blaklader,Blaklader 1634-1310-2800-40 Khaki Bantam Shorts with Utility Pockets,"Colors: Stone, Khaki, Navy Blue 7 wide and thin belt loops strategically placed so pants won't pull down Heavy-duty webbed hammer loop and detached screwdriver pocket Strong metal fly zipper Triple-stitched seams prevent rip outs","Utility and Accessory Pockets:  2 reinforced utility pockets Easy access, even when kneeling or squatting Tuck into front pockets when not in use Angled pocket corners make it easy to get out screws and nails Bellow pockets (2 in front; 2 in back) carry more and keep contents from cutting into legs Leg pocket with pencil holder and security pocket Phone pockets",,"Khaki, Waist: 40""",Khaki Bantam Shorts with Utility Pockets
1739|26164,Pants | Shorts|Work Shorts,1634-1310-2800-42,Khaki Bantam Shorts with Utility Pockets,13 oz. 100% twill with extra-strength Cordura® reinforcements,E:\IMAGES\ITEMS\product\1\6\Blaklader-1634-1310-Bantam-Shorts-with-Utility.jpg,Blaklader,Blaklader 1634-1310-2800-42 Khaki Bantam Shorts with Utility Pockets,"Colors: Stone, Khaki, Navy Blue 7 wide and thin belt loops strategically placed so pants won't pull down Heavy-duty webbed hammer loop and detached screwdriver pocket Strong metal fly zipper Triple-stitched seams prevent rip outs","Utility and Accessory Pockets:  2 reinforced utility pockets Easy access, even when kneeling or squatting Tuck into front pockets when not in use Angled pocket corners make it easy to get out screws and nails Bellow pockets (2 in front; 2 in back) carry more and keep contents from cutting into legs Leg pocket with pencil holder and security pocket Phone pockets",,"Khaki, Waist: 42""",Khaki Bantam Shorts with Utility Pockets
1739|26164,Pants | Shorts|Work Shorts,1634-1310-2800-44,Khaki Bantam Shorts with Utility Pockets,13 oz. 100% twill with extra-strength Cordura® reinforcements,E:\IMAGES\ITEMS\product\1\6\Blaklader-1634-1310-Bantam-Shorts-with-Utility.jpg,Blaklader,Blaklader 1634-1310-2800-44 Khaki Bantam Shorts with Utility Pockets,"Colors: Stone, Khaki, Navy Blue 7 wide and thin belt loops strategically placed so pants won't pull down Heavy-duty webbed hammer loop and detached screwdriver pocket Strong metal fly zipper Triple-stitched seams prevent rip outs","Utility and Accessory Pockets:  2 reinforced utility pockets Easy access, even when kneeling or squatting Tuck into front pockets when not in use Angled pocket corners make it easy to get out screws and nails Bellow pockets (2 in front; 2 in back) carry more and keep contents from cutting into legs Leg pocket with pencil holder and security pocket Phone pockets",,"Khaki, Waist: 44""",Khaki Bantam Shorts with Utility Pockets
1739|20919,Pants | Shorts|Pants and Shorts,1634-1310-8300-30,Navy Blue Bantam Shorts with Utility Pockets,13 oz. 100% twill with extra-strength Cordura® reinforcements,E:\IMAGES\ITEMS\product\1\6\Blaklader-1634-1310-Bantam-Shorts-with-Utility.jpg,Blaklader,Blaklader 1634-1310-8300-30 Navy Blue Bantam Shorts with Utility Pockets,"Colors: Stone, Khaki, Navy Blue 7 wide and thin belt loops strategically placed so pants won't pull down Heavy-duty webbed hammer loop and detached screwdriver pocket Strong metal fly zipper Triple-stitched seams prevent rip outs","Utility and Accessory Pockets:  2 reinforced utility pockets Easy access, even when kneeling or squatting Tuck into front pockets when not in use Angled pocket corners make it easy to get out screws and nails Bellow pockets (2 in front; 2 in back) carry more and keep contents from cutting into legs Leg pocket with pencil holder and security pocket Phone pockets",,"Navy Blue, Waist: 30""",Navy Blue Bantam Shorts with Utility Pockets
1739|20919,Pants | Shorts|Pants and Shorts,1634-1310-8300-32,Navy Blue Bantam Shorts with Utility Pockets,13 oz. 100% twill with extra-strength Cordura® reinforcements,E:\IMAGES\ITEMS\product\1\6\Blaklader-1634-1310-Bantam-Shorts-with-Utility.jpg,Blaklader,Blaklader 1634-1310-8300-32 Navy Blue Bantam Shorts with Utility Pockets,"Colors: Stone, Khaki, Navy Blue 7 wide and thin belt loops strategically placed so pants won't pull down Heavy-duty webbed hammer loop and detached screwdriver pocket Strong metal fly zipper Triple-stitched seams prevent rip outs","Utility and Accessory Pockets:  2 reinforced utility pockets Easy access, even when kneeling or squatting Tuck into front pockets when not in use Angled pocket corners make it easy to get out screws and nails Bellow pockets (2 in front; 2 in back) carry more and keep contents from cutting into legs Leg pocket with pencil holder and security pocket Phone pockets",,"Navy Blue, Waist: 32""",Navy Blue Bantam Shorts with Utility Pockets
1739|20919,Pants | Shorts|Pants and Shorts,1634-1310-8300-34,Navy Blue Bantam Shorts with Utility Pockets,13 oz. 100% twill with extra-strength Cordura® reinforcements,E:\IMAGES\ITEMS\product\1\6\Blaklader-1634-1310-Bantam-Shorts-with-Utility.jpg,Blaklader,Blaklader 1634-1310-8300-34 Navy Blue Bantam Shorts with Utility Pockets,"Colors: Stone, Khaki, Navy Blue 7 wide and thin belt loops strategically placed so pants won't pull down Heavy-duty webbed hammer loop and detached screwdriver pocket Strong metal fly zipper Triple-stitched seams prevent rip outs","Utility and Accessory Pockets:  2 reinforced utility pockets Easy access, even when kneeling or squatting Tuck into front pockets when not in use Angled pocket corners make it easy to get out screws and nails Bellow pockets (2 in front; 2 in back) carry more and keep contents from cutting into legs Leg pocket with pencil holder and security pocket Phone pockets",,"Navy Blue, Waist: 34""",Navy Blue Bantam Shorts with Utility Pockets
1739|20919,Pants | Shorts|Pants and Shorts,1634-1310-8300-36,Navy Blue Bantam Shorts with Utility Pockets,13 oz. 100% twill with extra-strength Cordura® reinforcements,E:\IMAGES\ITEMS\product\1\6\Blaklader-1634-1310-Bantam-Shorts-with-Utility.jpg,Blaklader,Blaklader 1634-1310-8300-36 Navy Blue Bantam Shorts with Utility Pockets,"Colors: Stone, Khaki, Navy Blue 7 wide and thin belt loops strategically placed so pants won't pull down Heavy-duty webbed hammer loop and detached screwdriver pocket Strong metal fly zipper Triple-stitched seams prevent rip outs","Utility and Accessory Pockets:  2 reinforced utility pockets Easy access, even when kneeling or squatting Tuck into front pockets when not in use Angled pocket corners make it easy to get out screws and nails Bellow pockets (2 in front; 2 in back) carry more and keep contents from cutting into legs Leg pocket with pencil holder and security pocket Phone pockets",,"Navy Blue, Waist: 36""",Navy Blue Bantam Shorts with Utility Pockets
1739|20919,Pants | Shorts|Pants and Shorts,1634-1310-8300-38,Navy Blue Bantam Shorts with Utility Pockets,13 oz. 100% twill with extra-strength Cordura® reinforcements,E:\IMAGES\ITEMS\product\1\6\Blaklader-1634-1310-Bantam-Shorts-with-Utility.jpg,Blaklader,Blaklader 1634-1310-8300-38 Navy Blue Bantam Shorts with Utility Pockets,"Colors: Stone, Khaki, Navy Blue 7 wide and thin belt loops strategically placed so pants won't pull down Heavy-duty webbed hammer loop and detached screwdriver pocket Strong metal fly zipper Triple-stitched seams prevent rip outs","Utility and Accessory Pockets:  2 reinforced utility pockets Easy access, even when kneeling or squatting Tuck into front pockets when not in use Angled pocket corners make it easy to get out screws and nails Bellow pockets (2 in front; 2 in back) carry more and keep contents from cutting into legs Leg pocket with pencil holder and security pocket Phone pockets",,"Navy Blue, Waist: 38""",Navy Blue Bantam Shorts with Utility Pockets
1739|20919,Pants | Shorts|Pants and Shorts,1634-1310-8300-40,Navy Blue Bantam Shorts with Utility Pockets,13 oz. 100% twill with extra-strength Cordura® reinforcements,E:\IMAGES\ITEMS\product\1\6\Blaklader-1634-1310-Bantam-Shorts-with-Utility.jpg,Blaklader,Blaklader 1634-1310-8300-40 Navy Blue Bantam Shorts with Utility Pockets,"Colors: Stone, Khaki, Navy Blue 7 wide and thin belt loops strategically placed so pants won't pull down Heavy-duty webbed hammer loop and detached screwdriver pocket Strong metal fly zipper Triple-stitched seams prevent rip outs","Utility and Accessory Pockets:  2 reinforced utility pockets Easy access, even when kneeling or squatting Tuck into front pockets when not in use Angled pocket corners make it easy to get out screws and nails Bellow pockets (2 in front; 2 in back) carry more and keep contents from cutting into legs Leg pocket with pencil holder and security pocket Phone pockets",,"Navy Blue, Waist: 40""",Navy Blue Bantam Shorts with Utility Pockets
1739|20919,Pants | Shorts|Pants and Shorts,1634-1310-8300-42,Navy Blue Bantam Shorts with Utility Pockets,13 oz. 100% twill with extra-strength Cordura® reinforcements,E:\IMAGES\ITEMS\product\1\6\Blaklader-1634-1310-Bantam-Shorts-with-Utility.jpg,Blaklader,Blaklader 1634-1310-8300-42 Navy Blue Bantam Shorts with Utility Pockets,"Colors: Stone, Khaki, Navy Blue 7 wide and thin belt loops strategically placed so pants won't pull down Heavy-duty webbed hammer loop and detached screwdriver pocket Strong metal fly zipper Triple-stitched seams prevent rip outs","Utility and Accessory Pockets:  2 reinforced utility pockets Easy access, even when kneeling or squatting Tuck into front pockets when not in use Angled pocket corners make it easy to get out screws and nails Bellow pockets (2 in front; 2 in back) carry more and keep contents from cutting into legs Leg pocket with pencil holder and security pocket Phone pockets",,"Navy Blue, Waist: 42""",Navy Blue Bantam Shorts with Utility Pockets
1739|20919,Pants | Shorts|Pants and Shorts,1634-1310-8300-44,Navy Blue Bantam Shorts with Utility Pockets,13 oz. 100% twill with extra-strength Cordura® reinforcements,E:\IMAGES\ITEMS\product\1\6\Blaklader-1634-1310-Bantam-Shorts-with-Utility.jpg,Blaklader,Blaklader 1634-1310-8300-44 Navy Blue Bantam Shorts with Utility Pockets,"Colors: Stone, Khaki, Navy Blue 7 wide and thin belt loops strategically placed so pants won't pull down Heavy-duty webbed hammer loop and detached screwdriver pocket Strong metal fly zipper Triple-stitched seams prevent rip outs","Utility and Accessory Pockets:  2 reinforced utility pockets Easy access, even when kneeling or squatting Tuck into front pockets when not in use Angled pocket corners make it easy to get out screws and nails Bellow pockets (2 in front; 2 in back) carry more and keep contents from cutting into legs Leg pocket with pencil holder and security pocket Phone pockets",,"Navy Blue, Waist: 44""",Navy Blue Bantam Shorts with Utility Pockets
1739|26164,Pants | Shorts|Work Shorts,2399-32,Khaki/Black Heavy Worker Shorts with Utility Pocket,12 oz. 78-22% poly-cotton canvas combined with extra strength Cordura reinforcements,E:\IMAGES\ITEMS\product\1\6\Blaklader-1640-1380-Heavy-Worker-Shorts-with-Utility.jpg,Blaklader,Blaklader 2399-32 Khaki/Black Heavy Worker Shorts with Utility Pocket,"Colors: Khaki/Black, Black 7 wide and thin belt loops strategically placed so pants won't pull down Heavy-duty webbed hammer loop & detached screwdriver pocket Strong metal fly zipper Triple-stitched seams prevent rip outs","Utility and Accessory Pockets:  2 reinforced utility pockets Easy access, even when kneeling or squatting Tuck into front pockets when not in use Angled pocket corners make it easy to grab screws and nails Bellowed pockets (2 in front; 2 in back) carry more and keep contents from cutting into legs Leg pocket w/ pencil holder & security pocket Phone pocket Bar tacks and no bottom seams prevent rip outs",,"Khaki/Black, Waist: 32""",Khaki/Black Heavy Worker Shorts with Utility Pocket
1739|26164,Pants | Shorts|Work Shorts,2399-34,Khaki/Black Heavy Worker Shorts with Utility Pocket,12 oz. 78-22% poly-cotton canvas combined with extra strength Cordura reinforcements,E:\IMAGES\ITEMS\product\1\6\Blaklader-1640-1380-Heavy-Worker-Shorts-with-Utility.jpg,Blaklader,Blaklader 2399-34 Khaki/Black Heavy Worker Shorts with Utility Pocket,"Colors: Khaki/Black, Black 7 wide and thin belt loops strategically placed so pants won't pull down Heavy-duty webbed hammer loop & detached screwdriver pocket Strong metal fly zipper Triple-stitched seams prevent rip outs","Utility and Accessory Pockets:  2 reinforced utility pockets Easy access, even when kneeling or squatting Tuck into front pockets when not in use Angled pocket corners make it easy to grab screws and nails Bellowed pockets (2 in front; 2 in back) carry more and keep contents from cutting into legs Leg pocket w/ pencil holder & security pocket Phone pocket Bar tacks and no bottom seams prevent rip outs",,"Khaki/Black, Waist: 34""",Khaki/Black Heavy Worker Shorts with Utility Pocket
1739|26164,Pants | Shorts|Work Shorts,2399-36,Khaki/Black Heavy Worker Shorts with Utility Pocket,12 oz. 78-22% poly-cotton canvas combined with extra strength Cordura reinforcements,E:\IMAGES\ITEMS\product\1\6\Blaklader-1640-1380-Heavy-Worker-Shorts-with-Utility.jpg,Blaklader,Blaklader 2399-36 Khaki/Black Heavy Worker Shorts with Utility Pocket,"Colors: Khaki/Black, Black 7 wide and thin belt loops strategically placed so pants won't pull down Heavy-duty webbed hammer loop & detached screwdriver pocket Strong metal fly zipper Triple-stitched seams prevent rip outs","Utility and Accessory Pockets:  2 reinforced utility pockets Easy access, even when kneeling or squatting Tuck into front pockets when not in use Angled pocket corners make it easy to grab screws and nails Bellowed pockets (2 in front; 2 in back) carry more and keep contents from cutting into legs Leg pocket w/ pencil holder & security pocket Phone pocket Bar tacks and no bottom seams prevent rip outs",,"Khaki/Black, Waist: 36""",Khaki/Black Heavy Worker Shorts with Utility Pocket
1739|26164,Pants | Shorts|Work Shorts,2399-38,Khaki/Black Heavy Worker Shorts with Utility Pocket,12 oz. 78-22% poly-cotton canvas combined with extra strength Cordura reinforcements,E:\IMAGES\ITEMS\product\1\6\Blaklader-1640-1380-Heavy-Worker-Shorts-with-Utility.jpg,Blaklader,Blaklader 2399-38 Khaki/Black Heavy Worker Shorts with Utility Pocket,"Colors: Khaki/Black, Black 7 wide and thin belt loops strategically placed so pants won't pull down Heavy-duty webbed hammer loop & detached screwdriver pocket Strong metal fly zipper Triple-stitched seams prevent rip outs","Utility and Accessory Pockets:  2 reinforced utility pockets Easy access, even when kneeling or squatting Tuck into front pockets when not in use Angled pocket corners make it easy to grab screws and nails Bellowed pockets (2 in front; 2 in back) carry more and keep contents from cutting into legs Leg pocket w/ pencil holder & security pocket Phone pocket Bar tacks and no bottom seams prevent rip outs",,"Khaki/Black, Waist: 38""",Khaki/Black Heavy Worker Shorts with Utility Pocket
1739|26164,Pants | Shorts|Work Shorts,2399-40,Khaki/Black Heavy Worker Shorts with Utility Pocket,12 oz. 78-22% poly-cotton canvas combined with extra strength Cordura reinforcements,E:\IMAGES\ITEMS\product\1\6\Blaklader-1640-1380-Heavy-Worker-Shorts-with-Utility.jpg,Blaklader,Blaklader 2399-40 Khaki/Black Heavy Worker Shorts with Utility Pocket,"Colors: Khaki/Black, Black 7 wide and thin belt loops strategically placed so pants won't pull down Heavy-duty webbed hammer loop & detached screwdriver pocket Strong metal fly zipper Triple-stitched seams prevent rip outs","Utility and Accessory Pockets:  2 reinforced utility pockets Easy access, even when kneeling or squatting Tuck into front pockets when not in use Angled pocket corners make it easy to grab screws and nails Bellowed pockets (2 in front; 2 in back) carry more and keep contents from cutting into legs Leg pocket w/ pencil holder & security pocket Phone pocket Bar tacks and no bottom seams prevent rip outs",,"Khaki/Black, Waist: 40""",Khaki/Black Heavy Worker Shorts with Utility Pocket
1739|26164,Pants | Shorts|Work Shorts,2399-42,Khaki/Black Heavy Worker Shorts with Utility Pocket,12 oz. 78-22% poly-cotton canvas combined with extra strength Cordura reinforcements,E:\IMAGES\ITEMS\product\1\6\Blaklader-1640-1380-Heavy-Worker-Shorts-with-Utility.jpg,Blaklader,Blaklader 2399-42 Khaki/Black Heavy Worker Shorts with Utility Pocket,"Colors: Khaki/Black, Black 7 wide and thin belt loops strategically placed so pants won't pull down Heavy-duty webbed hammer loop & detached screwdriver pocket Strong metal fly zipper Triple-stitched seams prevent rip outs","Utility and Accessory Pockets:  2 reinforced utility pockets Easy access, even when kneeling or squatting Tuck into front pockets when not in use Angled pocket corners make it easy to grab screws and nails Bellowed pockets (2 in front; 2 in back) carry more and keep contents from cutting into legs Leg pocket w/ pencil holder & security pocket Phone pocket Bar tacks and no bottom seams prevent rip outs",,"Khaki/Black, Waist: 42""",Khaki/Black Heavy Worker Shorts with Utility Pocket
1739|26164,Pants | Shorts|Work Shorts,2399-44,Khaki/Black Heavy Worker Shorts with Utility Pocket,12 oz. 78-22% poly-cotton canvas combined with extra strength Cordura reinforcements,E:\IMAGES\ITEMS\product\1\6\Blaklader-1640-1380-Heavy-Worker-Shorts-with-Utility.jpg,Blaklader,Blaklader 2399-44 Khaki/Black Heavy Worker Shorts with Utility Pocket,"Colors: Khaki/Black, Black 7 wide and thin belt loops strategically placed so pants won't pull down Heavy-duty webbed hammer loop & detached screwdriver pocket Strong metal fly zipper Triple-stitched seams prevent rip outs","Utility and Accessory Pockets:  2 reinforced utility pockets Easy access, even when kneeling or squatting Tuck into front pockets when not in use Angled pocket corners make it easy to grab screws and nails Bellowed pockets (2 in front; 2 in back) carry more and keep contents from cutting into legs Leg pocket w/ pencil holder & security pocket Phone pocket Bar tacks and no bottom seams prevent rip outs",,"Khaki/Black, Waist: 44""",Khaki/Black Heavy Worker Shorts with Utility Pocket
1739|20919,Pants | Shorts|Pants and Shorts,9900-30,Black Heavy Worker Shorts with Utility Pocket,12 oz. 78-22% poly-cotton canvas combined with extra strength Cordura reinforcements,E:\IMAGES\ITEMS\product\1\6\Blaklader-1640-1380-Heavy-Worker-Shorts-with-Utility.jpg,Blaklader,Blaklader 9900-30 Black Heavy Worker Shorts with Utility Pocket,"Colors: Khaki/Black, Black 7 wide and thin belt loops strategically placed so pants won't pull down Heavy-duty webbed hammer loop & detached screwdriver pocket Strong metal fly zipper Triple-stitched seams prevent rip outs","Utility and Accessory Pockets:  2 reinforced utility pockets Easy access, even when kneeling or squatting Tuck into front pockets when not in use Angled pocket corners make it easy to grab screws and nails Bellowed pockets (2 in front; 2 in back) carry more and keep contents from cutting into legs Leg pocket w/ pencil holder & security pocket Phone pocket Bar tacks and no bottom seams prevent rip outs",,"Black, Waist: 30""",Black Heavy Worker Shorts with Utility Pocket
1739|20919,Pants | Shorts|Pants and Shorts,9900-32,Black Heavy Worker Shorts with Utility Pocket,12 oz. 78-22% poly-cotton canvas combined with extra strength Cordura reinforcements,E:\IMAGES\ITEMS\product\1\6\Blaklader-1640-1380-Heavy-Worker-Shorts-with-Utility.jpg,Blaklader,Blaklader 9900-32 Black Heavy Worker Shorts with Utility Pocket,"Colors: Khaki/Black, Black 7 wide and thin belt loops strategically placed so pants won't pull down Heavy-duty webbed hammer loop & detached screwdriver pocket Strong metal fly zipper Triple-stitched seams prevent rip outs","Utility and Accessory Pockets:  2 reinforced utility pockets Easy access, even when kneeling or squatting Tuck into front pockets when not in use Angled pocket corners make it easy to grab screws and nails Bellowed pockets (2 in front; 2 in back) carry more and keep contents from cutting into legs Leg pocket w/ pencil holder & security pocket Phone pocket Bar tacks and no bottom seams prevent rip outs",,"Black, Waist: 32""",Black Heavy Worker Shorts with Utility Pocket
1739|20919,Pants | Shorts|Pants and Shorts,9900-34,Black Heavy Worker Shorts with Utility Pocket,12 oz. 78-22% poly-cotton canvas combined with extra strength Cordura reinforcements,E:\IMAGES\ITEMS\product\1\6\Blaklader-1640-1380-Heavy-Worker-Shorts-with-Utility.jpg,Blaklader,Blaklader 9900-34 Black Heavy Worker Shorts with Utility Pocket,"Colors: Khaki/Black, Black 7 wide and thin belt loops strategically placed so pants won't pull down Heavy-duty webbed hammer loop & detached screwdriver pocket Strong metal fly zipper Triple-stitched seams prevent rip outs","Utility and Accessory Pockets:  2 reinforced utility pockets Easy access, even when kneeling or squatting Tuck into front pockets when not in use Angled pocket corners make it easy to grab screws and nails Bellowed pockets (2 in front; 2 in back) carry more and keep contents from cutting into legs Leg pocket w/ pencil holder & security pocket Phone pocket Bar tacks and no bottom seams prevent rip outs",,"Black, Waist: 34""",Black Heavy Worker Shorts with Utility Pocket
1739|20919,Pants | Shorts|Pants and Shorts,9900-36,Black Heavy Worker Shorts with Utility Pocket,12 oz. 78-22% poly-cotton canvas combined with extra strength Cordura reinforcements,E:\IMAGES\ITEMS\product\1\6\Blaklader-1640-1380-Heavy-Worker-Shorts-with-Utility.jpg,Blaklader,Blaklader 9900-36 Black Heavy Worker Shorts with Utility Pocket,"Colors: Khaki/Black, Black 7 wide and thin belt loops strategically placed so pants won't pull down Heavy-duty webbed hammer loop & detached screwdriver pocket Strong metal fly zipper Triple-stitched seams prevent rip outs","Utility and Accessory Pockets:  2 reinforced utility pockets Easy access, even when kneeling or squatting Tuck into front pockets when not in use Angled pocket corners make it easy to grab screws and nails Bellowed pockets (2 in front; 2 in back) carry more and keep contents from cutting into legs Leg pocket w/ pencil holder & security pocket Phone pocket Bar tacks and no bottom seams prevent rip outs",,"Black, Waist: 36""",Black Heavy Worker Shorts with Utility Pocket
1739|20919,Pants | Shorts|Pants and Shorts,9900-38,Black Heavy Worker Shorts with Utility Pocket,12 oz. 78-22% poly-cotton canvas combined with extra strength Cordura reinforcements,E:\IMAGES\ITEMS\product\1\6\Blaklader-1640-1380-Heavy-Worker-Shorts-with-Utility.jpg,Blaklader,Blaklader 9900-38 Black Heavy Worker Shorts with Utility Pocket,"Colors: Khaki/Black, Black 7 wide and thin belt loops strategically placed so pants won't pull down Heavy-duty webbed hammer loop & detached screwdriver pocket Strong metal fly zipper Triple-stitched seams prevent rip outs","Utility and Accessory Pockets:  2 reinforced utility pockets Easy access, even when kneeling or squatting Tuck into front pockets when not in use Angled pocket corners make it easy to grab screws and nails Bellowed pockets (2 in front; 2 in back) carry more and keep contents from cutting into legs Leg pocket w/ pencil holder & security pocket Phone pocket Bar tacks and no bottom seams prevent rip outs",,"Black, Waist: 38""",Black Heavy Worker Shorts with Utility Pocket
1739|20919,Pants | Shorts|Pants and Shorts,9900-40,Black Heavy Worker Shorts with Utility Pocket,12 oz. 78-22% poly-cotton canvas combined with extra strength Cordura reinforcements,E:\IMAGES\ITEMS\product\1\6\Blaklader-1640-1380-Heavy-Worker-Shorts-with-Utility.jpg,Blaklader,Blaklader 9900-40 Black Heavy Worker Shorts with Utility Pocket,"Colors: Khaki/Black, Black 7 wide and thin belt loops strategically placed so pants won't pull down Heavy-duty webbed hammer loop & detached screwdriver pocket Strong metal fly zipper Triple-stitched seams prevent rip outs","Utility and Accessory Pockets:  2 reinforced utility pockets Easy access, even when kneeling or squatting Tuck into front pockets when not in use Angled pocket corners make it easy to grab screws and nails Bellowed pockets (2 in front; 2 in back) carry more and keep contents from cutting into legs Leg pocket w/ pencil holder & security pocket Phone pocket Bar tacks and no bottom seams prevent rip outs",,"Black, Waist: 40""",Black Heavy Worker Shorts with Utility Pocket
1739|20919,Pants | Shorts|Pants and Shorts,9900-42,Black Heavy Worker Shorts with Utility Pocket,12 oz. 78-22% poly-cotton canvas combined with extra strength Cordura reinforcements,E:\IMAGES\ITEMS\product\1\6\Blaklader-1640-1380-Heavy-Worker-Shorts-with-Utility.jpg,Blaklader,Blaklader 9900-42 Black Heavy Worker Shorts with Utility Pocket,"Colors: Khaki/Black, Black 7 wide and thin belt loops strategically placed so pants won't pull down Heavy-duty webbed hammer loop & detached screwdriver pocket Strong metal fly zipper Triple-stitched seams prevent rip outs","Utility and Accessory Pockets:  2 reinforced utility pockets Easy access, even when kneeling or squatting Tuck into front pockets when not in use Angled pocket corners make it easy to grab screws and nails Bellowed pockets (2 in front; 2 in back) carry more and keep contents from cutting into legs Leg pocket w/ pencil holder & security pocket Phone pocket Bar tacks and no bottom seams prevent rip outs",,"Black, Waist: 42""",Black Heavy Worker Shorts with Utility Pocket
1739|20919,Pants | Shorts|Pants and Shorts,9900-44,Black Heavy Worker Shorts with Utility Pocket,12 oz. 78-22% poly-cotton canvas combined with extra strength Cordura reinforcements,E:\IMAGES\ITEMS\product\1\6\Blaklader-1640-1380-Heavy-Worker-Shorts-with-Utility.jpg,Blaklader,Blaklader 9900-44 Black Heavy Worker Shorts with Utility Pocket,"Colors: Khaki/Black, Black 7 wide and thin belt loops strategically placed so pants won't pull down Heavy-duty webbed hammer loop & detached screwdriver pocket Strong metal fly zipper Triple-stitched seams prevent rip outs","Utility and Accessory Pockets:  2 reinforced utility pockets Easy access, even when kneeling or squatting Tuck into front pockets when not in use Angled pocket corners make it easy to grab screws and nails Bellowed pockets (2 in front; 2 in back) carry more and keep contents from cutting into legs Leg pocket w/ pencil holder & security pocket Phone pocket Bar tacks and no bottom seams prevent rip outs",,"Black, Waist: 44""",Black Heavy Worker Shorts with Utility Pocket
1740|26144,Hats|Hats,2062-G,Green Winter Hardware Hats,"One size fits all - 95% cotton, 5% Elastan, 100% polyester fleece lining",E:\IMAGES\ITEMS\product\2\0\Blaklader-2062-Winter-Hardware.jpg,Blaklader,Blaklader 2062-G Green Winter Hardware Hats,95% cotton 5% Elastan 100% polyester fleece lining,,,Green,Green Winter Hardware Hats
1740|26144,Hats|Hats,2062-BLU,Blue Winter Hardware Hats,"One size fits all - 95% cotton, 5% Elastan, 100% polyester fleece lining",E:\IMAGES\ITEMS\product\2\0\Blaklader-2062-Winter-Hardware.jpg,Blaklader,Blaklader 2062-BLU Blue Winter Hardware Hats,95% cotton 5% Elastan 100% polyester fleece lining,,,Blue,Blue Winter Hardware Hats
1742|26158,Vests|T-Shirts,3308-1030-9400-M,Grey Fleet Long Sleeve Tee-Medium,Soft and durable 100% cotton that wicks away moisture and dries quickly,E:\IMAGES\ITEMS\product\3\3\Blaklader-3308-1030-Fleet-Long-Sleeve.jpg,Blaklader,Blaklader 3308-1030-9400-M Grey Fleet Long Sleeve Tee-Medium,"Sizes: Available in S - XXL Colors: Grey, Black 100% cotton long sleeve tee",,,"Grey, Size: Medium",Grey Fleet Long Sleeve Tee-Medium
1742|26158,Vests|T-Shirts,3308-1030-9400-L,Grey Fleet Long Sleeve Tee,Soft and durable 100% cotton that wicks away moisture and dries quickly,E:\IMAGES\ITEMS\product\3\3\Blaklader-3308-1030-Fleet-Long-Sleeve.jpg,Blaklader,Blaklader 3308-1030-9400-L Grey Fleet Long Sleeve Tee,"Sizes: Available in S - XXL Colors: Grey, Black 100% cotton long sleeve tee",,,"Grey, Size: Large",Grey Fleet Long Sleeve Tee
1742|26158,Vests|T-Shirts,3308-1030-9400-XL,Grey Fleet Long Sleeve Tee-Small,Soft and durable 100% cotton that wicks away moisture and dries quickly,E:\IMAGES\ITEMS\product\3\3\Blaklader-3308-1030-Fleet-Long-Sleeve.jpg,Blaklader,Blaklader 3308-1030-9400-XL Grey Fleet Long Sleeve Tee-Small,"Sizes: Available in S - XXL Colors: Grey, Black 100% cotton long sleeve tee",,,"Grey, Size: Extra Large",Grey Fleet Long Sleeve Tee-Small
1742|26158,Vests|T-Shirts,3308-1030-9400-XXL,Grey Fleet Long Sleeve Tee,Soft and durable 100% cotton that wicks away moisture and dries quickly,E:\IMAGES\ITEMS\product\3\3\Blaklader-3308-1030-Fleet-Long-Sleeve.jpg,Blaklader,Blaklader 3308-1030-9400-XXL Grey Fleet Long Sleeve Tee,"Sizes: Available in S - XXL Colors: Grey, Black 100% cotton long sleeve tee",,,"Grey, Size: 2x Large",Grey Fleet Long Sleeve Tee
1742|26158,Vests|T-Shirts,3308-1030-9900-S,Black Fleet Long Sleeve Tee-Small,Soft and durable 100% cotton that wicks away moisture and dries quickly,E:\IMAGES\ITEMS\product\3\3\Blaklader-3308-1030-Fleet-Long-Sleeve.jpg,Blaklader,Blaklader 3308-1030-9900-S Black Fleet Long Sleeve Tee-Small,"Sizes: Available in S - XXL Colors: Grey, Black 100% cotton long sleeve tee",,,"Black, Size: Small",Black Fleet Long Sleeve Tee-Small
1742|26158,Vests|T-Shirts,3308-1030-9900-M,Black Fleet Long Sleeve Tee-Small,Soft and durable 100% cotton that wicks away moisture and dries quickly,E:\IMAGES\ITEMS\product\3\3\Blaklader-3308-1030-Fleet-Long-Sleeve.jpg,Blaklader,Blaklader 3308-1030-9900-M Black Fleet Long Sleeve Tee-Small,"Sizes: Available in S - XXL Colors: Grey, Black 100% cotton long sleeve tee",,,"Black, Size: Medium",Black Fleet Long Sleeve Tee-Small
1742|26158,Vests|T-Shirts,3308-1030-9900-L,Black Fleet Long Sleeve Tee-Small,Soft and durable 100% cotton that wicks away moisture and dries quickly,E:\IMAGES\ITEMS\product\3\3\Blaklader-3308-1030-Fleet-Long-Sleeve.jpg,Blaklader,Blaklader 3308-1030-9900-L Black Fleet Long Sleeve Tee-Small,"Sizes: Available in S - XXL Colors: Grey, Black 100% cotton long sleeve tee",,,"Black, Size: Large",Black Fleet Long Sleeve Tee-Small
1742|26158,Vests|T-Shirts,3308-1030-9900-XL,Black Fleet Long Sleeve Tee-Small,Soft and durable 100% cotton that wicks away moisture and dries quickly,E:\IMAGES\ITEMS\product\3\3\Blaklader-3308-1030-Fleet-Long-Sleeve.jpg,Blaklader,Blaklader 3308-1030-9900-XL Black Fleet Long Sleeve Tee-Small,"Sizes: Available in S - XXL Colors: Grey, Black 100% cotton long sleeve tee",,,"Black, Size: Extra Large",Black Fleet Long Sleeve Tee-Small
1742|26158,Vests|T-Shirts,3308-1030-9900-XXL,Black Fleet Long Sleeve Tee-Small,Soft and durable 100% cotton that wicks away moisture and dries quickly,E:\IMAGES\ITEMS\product\3\3\Blaklader-3308-1030-Fleet-Long-Sleeve.jpg,Blaklader,Blaklader 3308-1030-9900-XXL Black Fleet Long Sleeve Tee-Small,"Sizes: Available in S - XXL Colors: Grey, Black 100% cotton long sleeve tee",,,"Black, Size: 2x Large",Black Fleet Long Sleeve Tee-Small
