﻿category_ids,category_names,sku,meta_title,meta_description,Image,manufacturer,description,short_description,summary,upc,size_info,meta_keyword
1729|28006,Abrasive Wheels|Flat Angle Grinder Wheels,CC1MC600,Bosch Abrasive Wheels,Abrasive Wheels,E:\IMAGES\ITEMS\product\C\C\Bosch-CC1MC600-Abrasive.jpg,Bosch Abrasives,Bosch CC1MC600 Abrasive Wheels,,Abrasive Wheels,,Bosch CC1MC600 Abrasive Wheels,Bosch Abrasive Wheels
1729|28006,Abrasive Wheels|Flat Angle Grinder Wheels,CC1S700,Bosch Abrasive Wheels,Abrasive Wheels,E:\IMAGES\ITEMS\product\C\C\Bosch-CC1S700-Abrasive.jpg,Bosch Abrasives,Bosch CC1S700 Abrasive Wheels,,Abrasive Wheels,,Bosch CC1S700 Abrasive Wheels,Bosch Abrasive Wheels
1729|28006,Abrasive Wheels|Flat Angle Grinder Wheels,CC1S600,Bosch Abrasive Wheels,Abrasive Wheels,E:\IMAGES\ITEMS\product\C\C\Bosch-CC1S600-Abrasive.jpg,Bosch Abrasives,Bosch CC1S600 Abrasive Wheels,,Abrasive Wheels,,Bosch CC1S600 Abrasive Wheels,Bosch Abrasive Wheels
1729|28006,Abrasive Wheels|Flat Angle Grinder Wheels,CC1M800,Bosch Abrasive Wheels,Abrasive Wheels,E:\IMAGES\ITEMS\product\C\C\Bosch-CC1M800-Abrasive.jpg,Bosch Abrasives,Bosch CC1M800 Abrasive Wheels,,Abrasive Wheels,,Bosch CC1M800 Abrasive Wheels,Bosch Abrasive Wheels
1729|28006,Abrasive Wheels|Flat Angle Grinder Wheels,CC1C800,Bosch Abrasive Wheels,Abrasive Wheels,E:\IMAGES\ITEMS\product\C\C\Bosch-CC1C800-Abrasive.jpg,Bosch Abrasives,Bosch CC1C800 Abrasive Wheels,,Abrasive Wheels,,Bosch CC1C800 Abrasive Wheels,Bosch Abrasive Wheels
1729|28006,Abrasive Wheels|Flat Angle Grinder Wheels,CC1C700,Bosch Abrasive Wheels,Abrasive Wheels,E:\IMAGES\ITEMS\product\C\C\Bosch-CC1C700-Abrasive.jpg,Bosch Abrasives,Bosch CC1C700 Abrasive Wheels,,Abrasive Wheels,,Bosch CC1C700 Abrasive Wheels,Bosch Abrasive Wheels
1729|28006,Abrasive Wheels|Flat Angle Grinder Wheels,CC1M700,Bosch Abrasive Wheels,Abrasive Wheels,E:\IMAGES\ITEMS\product\C\C\Bosch-CC1M700-Abrasive.jpg,Bosch Abrasives,Bosch CC1M700 Abrasive Wheels,,Abrasive Wheels,,Bosch CC1M700 Abrasive Wheels,Bosch Abrasive Wheels
1729|28006,Abrasive Wheels|Flat Angle Grinder Wheels,CC1M600,Bosch Abrasive Wheels,Abrasive Wheels,E:\IMAGES\ITEMS\product\C\C\Bosch-CC1M600-Abrasive.jpg,Bosch Abrasives,Bosch CC1M600 Abrasive Wheels,,Abrasive Wheels,,Bosch CC1M600 Abrasive Wheels,Bosch Abrasive Wheels
1728|19454,Grinding Wheels|Depressed Center Grinding Wheels,GW28M701,Bosch Type 28 Grinding Wheels,Type 28 Grinding Wheels,E:\IMAGES\ITEMS\product\G\W\Bosch-GW28M701-Type-28-Grinding.jpg,Bosch Abrasives,Bosch GW28M701 Type 28 Grinding Wheels,,Type 28 Grinding Wheels,,Bosch GW28M701 Type 28 Grinding Wheels,Bosch Type 28 Grinding Wheels
1728|19454,Grinding Wheels|Depressed Center Grinding Wheels,GW28M900,Bosch Type 28 Grinding Wheels,Type 28 Grinding Wheels,E:\IMAGES\ITEMS\product\G\W\Bosch-GW28M900-Type-28-Grinding.jpg,Bosch Abrasives,Bosch GW28M900 Type 28 Grinding Wheels,,Type 28 Grinding Wheels,,Bosch GW28M900 Type 28 Grinding Wheels,Bosch Type 28 Grinding Wheels
1728|19454,Grinding Wheels|Depressed Center Grinding Wheels,GW28M700,Bosch Type 28 Grinding Wheels,Type 28 Grinding Wheels,E:\IMAGES\ITEMS\product\G\W\Bosch-GW28M700-Type-28-Grinding.jpg,Bosch Abrasives,Bosch GW28M700 Type 28 Grinding Wheels,,Type 28 Grinding Wheels,,Bosch GW28M700 Type 28 Grinding Wheels,Bosch Type 28 Grinding Wheels
1728|19454,Grinding Wheels|Depressed Center Grinding Wheels,GW28C700,Bosch Type 28 Grinding Wheels,Type 28 Grinding Wheels,E:\IMAGES\ITEMS\product\G\W\Bosch-GW28C700-Type-28-Grinding.jpg,Bosch Abrasives,Bosch GW28C700 Type 28 Grinding Wheels,,Type 28 Grinding Wheels,,Bosch GW28C700 Type 28 Grinding Wheels,Bosch Type 28 Grinding Wheels
1728|19454,Grinding Wheels|Depressed Center Grinding Wheels,GW28C900,Bosch Type 28 Grinding Wheels,Type 28 Grinding Wheels,E:\IMAGES\ITEMS\product\G\W\Bosch-GW28C900-Type-28-Grinding.jpg,Bosch Abrasives,Bosch GW28C900 Type 28 Grinding Wheels,,Type 28 Grinding Wheels,,Bosch GW28C900 Type 28 Grinding Wheels,Bosch Type 28 Grinding Wheels
1728|19454,Grinding Wheels|Depressed Center Grinding Wheels,TCW27S600,Bosch Thin Cutting / Rapido Type 27A Grinding Wheels,Thin Cutting / Rapido Type 27A Grinding Wheels,E:\IMAGES\ITEMS\product\T\C\Bosch-TCW27S600-Thin-Cutting-Rapido-Type-27A-Grinding.jpg,Bosch Abrasives,Bosch TCW27S600 Thin Cutting / Rapido Type 27A Grinding Wheels,,Thin Cutting / Rapido Type 27A Grinding Wheels,,Bosch TCW27S600 Thin Cutting / Rapido Type 27A Grinding Wheels,Bosch Thin Cutting / Rapido Type 27A Grinding Wheels
1728|19454,Grinding Wheels|Depressed Center Grinding Wheels,TCW27S500,Bosch Thin Cutting / Rapido Type 27A Grinding Wheels,Thin Cutting / Rapido Type 27A Grinding Wheels,E:\IMAGES\ITEMS\product\T\C\Bosch-TCW27S500-Thin-Cutting-Rapido-Type-27A-Grinding.jpg,Bosch Abrasives,Bosch TCW27S500 Thin Cutting / Rapido Type 27A Grinding Wheels,,Thin Cutting / Rapido Type 27A Grinding Wheels,,Bosch TCW27S500 Thin Cutting / Rapido Type 27A Grinding Wheels,Bosch Thin Cutting / Rapido Type 27A Grinding Wheels
1728|19454,Grinding Wheels|Depressed Center Grinding Wheels,TCW27S900,Bosch Thin Cutting / Rapido Type 27A Grinding Wheels,Thin Cutting / Rapido Type 27A Grinding Wheels,E:\IMAGES\ITEMS\product\T\C\Bosch-TCW27S900-Thin-Cutting-Rapido-Type-27A-Grinding.jpg,Bosch Abrasives,Bosch TCW27S900 Thin Cutting / Rapido Type 27A Grinding Wheels,,Thin Cutting / Rapido Type 27A Grinding Wheels,,Bosch TCW27S900 Thin Cutting / Rapido Type 27A Grinding Wheels,Bosch Thin Cutting / Rapido Type 27A Grinding Wheels
1728|19454,Grinding Wheels|Depressed Center Grinding Wheels,TCW27S700,Bosch Thin Cutting / Rapido Type 27A Grinding Wheels,Thin Cutting / Rapido Type 27A Grinding Wheels,E:\IMAGES\ITEMS\product\T\C\Bosch-TCW27S700-Thin-Cutting-Rapido-Type-27A-Grinding.jpg,Bosch Abrasives,Bosch TCW27S700 Thin Cutting / Rapido Type 27A Grinding Wheels,,Thin Cutting / Rapido Type 27A Grinding Wheels,,Bosch TCW27S700 Thin Cutting / Rapido Type 27A Grinding Wheels,Bosch Thin Cutting / Rapido Type 27A Grinding Wheels
1728|19454,Grinding Wheels|Depressed Center Grinding Wheels,TCW27S450,Bosch Thin Cutting / Rapido Type 27A Grinding Wheels,Thin Cutting / Rapido Type 27A Grinding Wheels,E:\IMAGES\ITEMS\product\T\C\Bosch-TCW27S450-Thin-Cutting-Rapido-Type-27A-Grinding.jpg,Bosch Abrasives,Bosch TCW27S450 Thin Cutting / Rapido Type 27A Grinding Wheels,,Thin Cutting / Rapido Type 27A Grinding Wheels,,Bosch TCW27S450 Thin Cutting / Rapido Type 27A Grinding Wheels,Bosch Thin Cutting / Rapido Type 27A Grinding Wheels
1728|19454,Grinding Wheels|Depressed Center Grinding Wheels,TCW27C450,Bosch Thin Cutting / Rapido Type 27A Grinding Wheels,Thin Cutting / Rapido Type 27A Grinding Wheels,E:\IMAGES\ITEMS\product\T\C\Bosch-TCW27C450-Thin-Cutting-Rapido-Type-27A-Grinding.jpg,Bosch Abrasives,Bosch TCW27C450 Thin Cutting / Rapido Type 27A Grinding Wheels,,Thin Cutting / Rapido Type 27A Grinding Wheels,,Bosch TCW27C450 Thin Cutting / Rapido Type 27A Grinding Wheels,Bosch Thin Cutting / Rapido Type 27A Grinding Wheels
1728|19454,Grinding Wheels|Depressed Center Grinding Wheels,TCW27C400,Bosch Thin Cutting / Rapido Type 27A Grinding Wheels,Thin Cutting / Rapido Type 27A Grinding Wheels,E:\IMAGES\ITEMS\product\T\C\Bosch-TCW27C400-Thin-Cutting-Rapido-Type-27A-Grinding.jpg,Bosch Abrasives,Bosch TCW27C400 Thin Cutting / Rapido Type 27A Grinding Wheels,,Thin Cutting / Rapido Type 27A Grinding Wheels,,Bosch TCW27C400 Thin Cutting / Rapido Type 27A Grinding Wheels,Bosch Thin Cutting / Rapido Type 27A Grinding Wheels
1728|19454,Grinding Wheels|Depressed Center Grinding Wheels,TCW27S400,Bosch Thin Cutting / Rapido Type 27A Grinding Wheels,Thin Cutting / Rapido Type 27A Grinding Wheels,E:\IMAGES\ITEMS\product\T\C\Bosch-TCW27S400-Thin-Cutting-Rapido-Type-27A-Grinding.jpg,Bosch Abrasives,Bosch TCW27S400 Thin Cutting / Rapido Type 27A Grinding Wheels,,Thin Cutting / Rapido Type 27A Grinding Wheels,,Bosch TCW27S400 Thin Cutting / Rapido Type 27A Grinding Wheels,Bosch Thin Cutting / Rapido Type 27A Grinding Wheels
1728|19454,Grinding Wheels|Depressed Center Grinding Wheels,TCW27C500,Bosch Thin Cutting / Rapido Type 27A Grinding Wheels,Thin Cutting / Rapido Type 27A Grinding Wheels,E:\IMAGES\ITEMS\product\T\C\Bosch-TCW27C500-Thin-Cutting-Rapido-Type-27A-Grinding.jpg,Bosch Abrasives,Bosch TCW27C500 Thin Cutting / Rapido Type 27A Grinding Wheels,,Thin Cutting / Rapido Type 27A Grinding Wheels,,Bosch TCW27C500 Thin Cutting / Rapido Type 27A Grinding Wheels,Bosch Thin Cutting / Rapido Type 27A Grinding Wheels
1728|19454,Grinding Wheels|Depressed Center Grinding Wheels,CG27P500,Bosch Type 27A Grinding Wheels,Type 27A Grinding Wheels,E:\IMAGES\ITEMS\product\C\G\Bosch-CG27P500-Type-27A-Grinding.jpg,Bosch Abrasives,Bosch CG27P500 Type 27A Grinding Wheels,,Type 27A Grinding Wheels,,Bosch CG27P500 Type 27A Grinding Wheels,Bosch Type 27A Grinding Wheels
1728|19454,Grinding Wheels|Depressed Center Grinding Wheels,CG27P450,Bosch Type 27A Grinding Wheels,Type 27A Grinding Wheels,E:\IMAGES\ITEMS\product\C\G\Bosch-CG27P450-Type-27A-Grinding.jpg,Bosch Abrasives,Bosch CG27P450 Type 27A Grinding Wheels,,Type 27A Grinding Wheels,,Bosch CG27P450 Type 27A Grinding Wheels,Bosch Type 27A Grinding Wheels
1728|19454,Grinding Wheels|Depressed Center Grinding Wheels,CG27P600,Bosch Type 27A Grinding Wheels,Type 27A Grinding Wheels,E:\IMAGES\ITEMS\product\C\G\Bosch-CG27P600-Type-27A-Grinding.jpg,Bosch Abrasives,Bosch CG27P600 Type 27A Grinding Wheels,,Type 27A Grinding Wheels,,Bosch CG27P600 Type 27A Grinding Wheels,Bosch Type 27A Grinding Wheels
1728|19454,Grinding Wheels|Depressed Center Grinding Wheels,CG27P501,Bosch Type 27A Grinding Wheels,Type 27A Grinding Wheels,E:\IMAGES\ITEMS\product\C\G\Bosch-CG27P501-Type-27A-Grinding.jpg,Bosch Abrasives,Bosch CG27P501 Type 27A Grinding Wheels,,Type 27A Grinding Wheels,,Bosch CG27P501 Type 27A Grinding Wheels,Bosch Type 27A Grinding Wheels
1728|19454,Grinding Wheels|Depressed Center Grinding Wheels,CG27M901,Bosch Type 27A Grinding Wheels,Type 27A Grinding Wheels,E:\IMAGES\ITEMS\product\C\G\Bosch-CG27M901-Type-27A-Grinding.jpg,Bosch Abrasives,Bosch CG27M901 Type 27A Grinding Wheels,,Type 27A Grinding Wheels,,Bosch CG27M901 Type 27A Grinding Wheels,Bosch Type 27A Grinding Wheels
1728|19454,Grinding Wheels|Depressed Center Grinding Wheels,CG27M700,Bosch Type 27A Grinding Wheels,Type 27A Grinding Wheels,E:\IMAGES\ITEMS\product\C\G\Bosch-CG27M700-Type-27A-Grinding.jpg,Bosch Abrasives,Bosch CG27M700 Type 27A Grinding Wheels,,Type 27A Grinding Wheels,,Bosch CG27M700 Type 27A Grinding Wheels,Bosch Type 27A Grinding Wheels
1728|19454,Grinding Wheels|Depressed Center Grinding Wheels,CG27M600,Bosch Type 27A Grinding Wheels,Type 27A Grinding Wheels,E:\IMAGES\ITEMS\product\C\G\Bosch-CG27M600-Type-27A-Grinding.jpg,Bosch Abrasives,Bosch CG27M600 Type 27A Grinding Wheels,,Type 27A Grinding Wheels,,Bosch CG27M600 Type 27A Grinding Wheels,Bosch Type 27A Grinding Wheels
1728|19454,Grinding Wheels|Depressed Center Grinding Wheels,CG27M900,Bosch Type 27A Grinding Wheels,Type 27A Grinding Wheels,E:\IMAGES\ITEMS\product\C\G\Bosch-CG27M900-Type-27A-Grinding.jpg,Bosch Abrasives,Bosch CG27M900 Type 27A Grinding Wheels,,Type 27A Grinding Wheels,,Bosch CG27M900 Type 27A Grinding Wheels,Bosch Type 27A Grinding Wheels
1728|19454,Grinding Wheels|Depressed Center Grinding Wheels,CG27M701,Bosch Type 27A Grinding Wheels,Type 27A Grinding Wheels,E:\IMAGES\ITEMS\product\C\G\Bosch-CG27M701-Type-27A-Grinding.jpg,Bosch Abrasives,Bosch CG27M701 Type 27A Grinding Wheels,,Type 27A Grinding Wheels,,Bosch CG27M701 Type 27A Grinding Wheels,Bosch Type 27A Grinding Wheels
1728|19454,Grinding Wheels|Depressed Center Grinding Wheels,CG27S601,Bosch Type 27A Grinding Wheels,Type 27A Grinding Wheels,E:\IMAGES\ITEMS\product\C\G\Bosch-CG27S601-Type-27A-Grinding.jpg,Bosch Abrasives,Bosch CG27S601 Type 27A Grinding Wheels,,Type 27A Grinding Wheels,,Bosch CG27S601 Type 27A Grinding Wheels,Bosch Type 27A Grinding Wheels
1728|19454,Grinding Wheels|Depressed Center Grinding Wheels,CG27S600,Bosch Type 27A Grinding Wheels,Type 27A Grinding Wheels,E:\IMAGES\ITEMS\product\C\G\Bosch-CG27S600-Type-27A-Grinding.jpg,Bosch Abrasives,Bosch CG27S600 Type 27A Grinding Wheels,,Type 27A Grinding Wheels,,Bosch CG27S600 Type 27A Grinding Wheels,Bosch Type 27A Grinding Wheels
1728|19454,Grinding Wheels|Depressed Center Grinding Wheels,CG27S701,Bosch Type 27A Grinding Wheels,Type 27A Grinding Wheels,E:\IMAGES\ITEMS\product\C\G\Bosch-CG27S701-Type-27A-Grinding.jpg,Bosch Abrasives,Bosch CG27S701 Type 27A Grinding Wheels,,Type 27A Grinding Wheels,,Bosch CG27S701 Type 27A Grinding Wheels,Bosch Type 27A Grinding Wheels
1728|19454,Grinding Wheels|Depressed Center Grinding Wheels,CG27S700,Bosch Type 27A Grinding Wheels,Type 27A Grinding Wheels,E:\IMAGES\ITEMS\product\C\G\Bosch-CG27S700-Type-27A-Grinding.jpg,Bosch Abrasives,Bosch CG27S700 Type 27A Grinding Wheels,,Type 27A Grinding Wheels,,Bosch CG27S700 Type 27A Grinding Wheels,Bosch Type 27A Grinding Wheels
1728|19454,Grinding Wheels|Depressed Center Grinding Wheels,CG27S500,Bosch Type 27A Grinding Wheels,Type 27A Grinding Wheels,E:\IMAGES\ITEMS\product\C\G\Bosch-CG27S500-Type-27A-Grinding.jpg,Bosch Abrasives,Bosch CG27S500 Type 27A Grinding Wheels,,Type 27A Grinding Wheels,,Bosch CG27S500 Type 27A Grinding Wheels,Bosch Type 27A Grinding Wheels
1728|19454,Grinding Wheels|Depressed Center Grinding Wheels,CG27P701,Bosch Type 27A Grinding Wheels,Type 27A Grinding Wheels,E:\IMAGES\ITEMS\product\C\G\Bosch-CG27P701-Type-27A-Grinding.jpg,Bosch Abrasives,Bosch CG27P701 Type 27A Grinding Wheels,,Type 27A Grinding Wheels,,Bosch CG27P701 Type 27A Grinding Wheels,Bosch Type 27A Grinding Wheels
1728|19454,Grinding Wheels|Depressed Center Grinding Wheels,CG27P700,Bosch Type 27A Grinding Wheels,Type 27A Grinding Wheels,E:\IMAGES\ITEMS\product\C\G\Bosch-CG27P700-Type-27A-Grinding.jpg,Bosch Abrasives,Bosch CG27P700 Type 27A Grinding Wheels,,Type 27A Grinding Wheels,,Bosch CG27P700 Type 27A Grinding Wheels,Bosch Type 27A Grinding Wheels
1728|19454,Grinding Wheels|Depressed Center Grinding Wheels,CG27S450,Bosch Type 27A Grinding Wheels,Type 27A Grinding Wheels,E:\IMAGES\ITEMS\product\C\G\Bosch-CG27S450-Type-27A-Grinding.jpg,Bosch Abrasives,Bosch CG27S450 Type 27A Grinding Wheels,,Type 27A Grinding Wheels,,Bosch CG27S450 Type 27A Grinding Wheels,Bosch Type 27A Grinding Wheels
1728|19454,Grinding Wheels|Depressed Center Grinding Wheels,CG27P900,Bosch Type 27A Grinding Wheels,Type 27A Grinding Wheels,E:\IMAGES\ITEMS\product\C\G\Bosch-CG27P900-Type-27A-Grinding.jpg,Bosch Abrasives,Bosch CG27P900 Type 27A Grinding Wheels,,Type 27A Grinding Wheels,,Bosch CG27P900 Type 27A Grinding Wheels,Bosch Type 27A Grinding Wheels
117|1728|19454,Grinders | Polishers|Grinding Wheels|Depressed Center Grinding Wheels,CG27C701,Bosch Type 27A Grinding Wheels,Type 27A Grinding Wheels,E:\IMAGES\ITEMS\product\C\G\Bosch-CG27C701-Type-27A-Grinding.jpg,Bosch Abrasives,Bosch CG27C701 Type 27A Grinding Wheels,,Type 27A Grinding Wheels,,Bosch CG27C701 Type 27A Grinding Wheels,Bosch Type 27A Grinding Wheels
117|1728|19454,Grinders | Polishers|Grinding Wheels|Depressed Center Grinding Wheels,CG27C700,Bosch Type 27A Grinding Wheels,Type 27A Grinding Wheels,E:\IMAGES\ITEMS\product\C\G\Bosch-CG27C700-Type-27A-Grinding.jpg,Bosch Abrasives,Bosch CG27C700 Type 27A Grinding Wheels,,Type 27A Grinding Wheels,,Bosch CG27C700 Type 27A Grinding Wheels,Bosch Type 27A Grinding Wheels
1728|19454,Grinding Wheels|Depressed Center Grinding Wheels,CG27LM450,Bosch Type 27A Grinding Wheels,Type 27A Grinding Wheels,E:\IMAGES\ITEMS\product\C\G\Bosch-CG27LM450-Type-27A-Grinding.jpg,Bosch Abrasives,Bosch CG27LM450 Type 27A Grinding Wheels,,Type 27A Grinding Wheels,,Bosch CG27LM450 Type 27A Grinding Wheels,Bosch Type 27A Grinding Wheels
1728|19454,Grinding Wheels|Depressed Center Grinding Wheels,CG27C900,Bosch Type 27A Grinding Wheels,Type 27A Grinding Wheels,E:\IMAGES\ITEMS\product\C\G\Bosch-CG27C900-Type-27A-Grinding.jpg,Bosch Abrasives,Bosch CG27C900 Type 27A Grinding Wheels,,Type 27A Grinding Wheels,,Bosch CG27C900 Type 27A Grinding Wheels,Bosch Type 27A Grinding Wheels
117|1728|19454,Grinders | Polishers|Grinding Wheels|Depressed Center Grinding Wheels,CG27C600,Bosch Type 27A Grinding Wheels,Type 27A Grinding Wheels,E:\IMAGES\ITEMS\product\C\G\Bosch-CG27C600-Type-27A-Grinding.jpg,Bosch Abrasives,Bosch CG27C600 Type 27A Grinding Wheels,,Type 27A Grinding Wheels,,Bosch CG27C600 Type 27A Grinding Wheels,Bosch Type 27A Grinding Wheels
1728|19454,Grinding Wheels|Depressed Center Grinding Wheels,CG27C451,Bosch Type 27A Grinding Wheels,Type 27A Grinding Wheels,E:\IMAGES\ITEMS\product\C\G\Bosch-CG27C451-Type-27A-Grinding.jpg,Bosch Abrasives,Bosch CG27C451 Type 27A Grinding Wheels,,Type 27A Grinding Wheels,,Bosch CG27C451 Type 27A Grinding Wheels,Bosch Type 27A Grinding Wheels
1728|19454,Grinding Wheels|Depressed Center Grinding Wheels,CG27C450,Bosch Type 27A Grinding Wheels,Type 27A Grinding Wheels,E:\IMAGES\ITEMS\product\C\G\Bosch-CG27C450-Type-27A-Grinding.jpg,Bosch Abrasives,Bosch CG27C450 Type 27A Grinding Wheels,,Type 27A Grinding Wheels,,Bosch CG27C450 Type 27A Grinding Wheels,Bosch Type 27A Grinding Wheels
1728|19454,Grinding Wheels|Depressed Center Grinding Wheels,CG27C501,Bosch Type 27A Grinding Wheels,Type 27A Grinding Wheels,E:\IMAGES\ITEMS\product\C\G\Bosch-CG27C501-Type-27A-Grinding.jpg,Bosch Abrasives,Bosch CG27C501 Type 27A Grinding Wheels,,Type 27A Grinding Wheels,,Bosch CG27C501 Type 27A Grinding Wheels,Bosch Type 27A Grinding Wheels
1728|19454,Grinding Wheels|Depressed Center Grinding Wheels,CG27C500,Bosch Type 27A Grinding Wheels,Type 27A Grinding Wheels,E:\IMAGES\ITEMS\product\C\G\Bosch-CG27C500-Type-27A-Grinding.jpg,Bosch Abrasives,Bosch CG27C500 Type 27A Grinding Wheels,,Type 27A Grinding Wheels,,Bosch CG27C500 Type 27A Grinding Wheels,Bosch Type 27A Grinding Wheels
1728|19454,Grinding Wheels|Depressed Center Grinding Wheels,CG27M400,Bosch Type 27A Grinding Wheels,Type 27A Grinding Wheels,E:\IMAGES\ITEMS\product\C\G\Bosch-CG27M400-Type-27A-Grinding.jpg,Bosch Abrasives,Bosch CG27M400 Type 27A Grinding Wheels,,Type 27A Grinding Wheels,,Bosch CG27M400 Type 27A Grinding Wheels,Bosch Type 27A Grinding Wheels
1728|19454,Grinding Wheels|Depressed Center Grinding Wheels,CG27LM900,Bosch Type 27A Grinding Wheels,Type 27A Grinding Wheels,E:\IMAGES\ITEMS\product\C\G\Bosch-CG27LM900-Type-27A-Grinding.jpg,Bosch Abrasives,Bosch CG27LM900 Type 27A Grinding Wheels,,Type 27A Grinding Wheels,,Bosch CG27LM900 Type 27A Grinding Wheels,Bosch Type 27A Grinding Wheels
1728|19454,Grinding Wheels|Depressed Center Grinding Wheels,CG27M500,Bosch Type 27A Grinding Wheels,Type 27A Grinding Wheels,E:\IMAGES\ITEMS\product\C\G\Bosch-CG27M500-Type-27A-Grinding.jpg,Bosch Abrasives,Bosch CG27M500 Type 27A Grinding Wheels,,Type 27A Grinding Wheels,,Bosch CG27M500 Type 27A Grinding Wheels,Bosch Type 27A Grinding Wheels
1728|19454,Grinding Wheels|Depressed Center Grinding Wheels,CG27M450,Bosch Type 27A Grinding Wheels,Type 27A Grinding Wheels,E:\IMAGES\ITEMS\product\C\G\Bosch-CG27M450-Type-27A-Grinding.jpg,Bosch Abrasives,Bosch CG27M450 Type 27A Grinding Wheels,,Type 27A Grinding Wheels,,Bosch CG27M450 Type 27A Grinding Wheels,Bosch Type 27A Grinding Wheels
1728|19454,Grinding Wheels|Depressed Center Grinding Wheels,CG27LM701,Bosch Type 27A Grinding Wheels,Type 27A Grinding Wheels,E:\IMAGES\ITEMS\product\C\G\Bosch-CG27LM701-Type-27A-Grinding.jpg,Bosch Abrasives,Bosch CG27LM701 Type 27A Grinding Wheels,,Type 27A Grinding Wheels,,Bosch CG27LM701 Type 27A Grinding Wheels,Bosch Type 27A Grinding Wheels
1728|19454,Grinding Wheels|Depressed Center Grinding Wheels,CG27LM600,Bosch Type 27A Grinding Wheels,Type 27A Grinding Wheels,E:\IMAGES\ITEMS\product\C\G\Bosch-CG27LM600-Type-27A-Grinding.jpg,Bosch Abrasives,Bosch CG27LM600 Type 27A Grinding Wheels,,Type 27A Grinding Wheels,,Bosch CG27LM600 Type 27A Grinding Wheels,Bosch Type 27A Grinding Wheels
1728|19454,Grinding Wheels|Depressed Center Grinding Wheels,CG27LM500,Bosch Type 27A Grinding Wheels,Type 27A Grinding Wheels,E:\IMAGES\ITEMS\product\C\G\Bosch-CG27LM500-Type-27A-Grinding.jpg,Bosch Abrasives,Bosch CG27LM500 Type 27A Grinding Wheels,,Type 27A Grinding Wheels,,Bosch CG27LM500 Type 27A Grinding Wheels,Bosch Type 27A Grinding Wheels
1728|19454,Grinding Wheels|Depressed Center Grinding Wheels,CG27LM700,Bosch Type 27A Grinding Wheels,Type 27A Grinding Wheels,E:\IMAGES\ITEMS\product\C\G\Bosch-CG27LM700-Type-27A-Grinding.jpg,Bosch Abrasives,Bosch CG27LM700 Type 27A Grinding Wheels,,Type 27A Grinding Wheels,,Bosch CG27LM700 Type 27A Grinding Wheels,Bosch Type 27A Grinding Wheels
1728|19454,Grinding Wheels|Depressed Center Grinding Wheels,CG27LM601,Bosch Type 27A Grinding Wheels,Type 27A Grinding Wheels,E:\IMAGES\ITEMS\product\C\G\Bosch-CG27LM601-Type-27A-Grinding.jpg,Bosch Abrasives,Bosch CG27LM601 Type 27A Grinding Wheels,,Type 27A Grinding Wheels,,Bosch CG27LM601 Type 27A Grinding Wheels,Bosch Type 27A Grinding Wheels
1728,Grinding Wheels,TCW1S500,Bosch Thin Cutting / Rapido Type 1A (ISO 41) Grinding Wheels,Thin Cutting / Rapido Type 1A (ISO 41) Grinding Wheels,E:\IMAGES\ITEMS\product\T\C\Bosch-TCW1S500-Thin-Cutting-Rapido-Type-1A-ISO-41-Grinding.jpg,Bosch Abrasives,Bosch TCW1S500 Thin Cutting / Rapido Type 1A (ISO 41) Grinding Wheels,,Thin Cutting / Rapido Type 1A (ISO 41) Grinding Wheels,,Bosch TCW1S500 Thin Cutting / Rapido Type 1A (ISO 41) Grinding Wheels,Bosch Thin Cutting / Rapido Type 1A (ISO 41) Grinding Wheels
1733,Flexible Wheels,TCW1S450,Bosch Thin Cutting / Rapido Type 1A (ISO 41) Grinding Wheels,Thin Cutting / Rapido Type 1A (ISO 41) Grinding Wheels,E:\IMAGES\ITEMS\product\T\C\Bosch-TCW1S450-Thin-Cutting-Rapido-Type-1A-ISO-41-Grinding.jpg,Bosch Abrasives,Bosch TCW1S450 Thin Cutting / Rapido Type 1A (ISO 41) Grinding Wheels,,Thin Cutting / Rapido Type 1A (ISO 41) Grinding Wheels,,Bosch TCW1S450 Thin Cutting / Rapido Type 1A (ISO 41) Grinding Wheels,Bosch Thin Cutting / Rapido Type 1A (ISO 41) Grinding Wheels
1728,Grinding Wheels,TCW1S6XT,Bosch Thin Cutting / Rapido Type 1A (ISO 41) Grinding Wheels,Thin Cutting / Rapido Type 1A (ISO 41) Grinding Wheels,E:\IMAGES\ITEMS\product\T\C\Bosch-TCW1S6XT-Thin-Cutting-Rapido-Type-1A-ISO-41-Grinding.jpg,Bosch Abrasives,Bosch TCW1S6XT Thin Cutting / Rapido Type 1A (ISO 41) Grinding Wheels,,Thin Cutting / Rapido Type 1A (ISO 41) Grinding Wheels,,Bosch TCW1S6XT Thin Cutting / Rapido Type 1A (ISO 41) Grinding Wheels,Bosch Thin Cutting / Rapido Type 1A (ISO 41) Grinding Wheels
1728,Grinding Wheels,TCW1S600,Bosch Thin Cutting / Rapido Type 1A (ISO 41) Grinding Wheels,Thin Cutting / Rapido Type 1A (ISO 41) Grinding Wheels,E:\IMAGES\ITEMS\product\T\C\Bosch-TCW1S600-Thin-Cutting-Rapido-Type-1A-ISO-41-Grinding.jpg,Bosch Abrasives,Bosch TCW1S600 Thin Cutting / Rapido Type 1A (ISO 41) Grinding Wheels,,Thin Cutting / Rapido Type 1A (ISO 41) Grinding Wheels,,Bosch TCW1S600 Thin Cutting / Rapido Type 1A (ISO 41) Grinding Wheels,Bosch Thin Cutting / Rapido Type 1A (ISO 41) Grinding Wheels
1728,Grinding Wheels,TCW1C450R,Bosch Thin Cutting / Rapido Type 1A (ISO 41) Grinding Wheels,Thin Cutting / Rapido Type 1A (ISO 41) Grinding Wheels,E:\IMAGES\ITEMS\product\T\C\Bosch-TCW1C450-Thin-Cutting-Rapido-Type-1A-ISO-41-Grinding.jpg,Bosch Abrasives,Bosch TCW1C450 Thin Cutting / Rapido Type 1A (ISO 41) Grinding Wheels,,Thin Cutting / Rapido Type 1A (ISO 41) Grinding Wheels,,Bosch TCW1C450 Thin Cutting / Rapido Type 1A (ISO 41) Grinding Wheels,Bosch Thin Cutting / Rapido Type 1A (ISO 41) Grinding Wheels
1728,Grinding Wheels,TCW1C400,Bosch Thin Cutting / Rapido Type 1A (ISO 41) Grinding Wheels,Thin Cutting / Rapido Type 1A (ISO 41) Grinding Wheels,E:\IMAGES\ITEMS\product\T\C\Bosch-TCW1C400-Thin-Cutting-Rapido-Type-1A-ISO-41-Grinding.jpg,Bosch Abrasives,Bosch TCW1C400 Thin Cutting / Rapido Type 1A (ISO 41) Grinding Wheels,,Thin Cutting / Rapido Type 1A (ISO 41) Grinding Wheels,,Bosch TCW1C400 Thin Cutting / Rapido Type 1A (ISO 41) Grinding Wheels,Bosch Thin Cutting / Rapido Type 1A (ISO 41) Grinding Wheels
1733,Flexible Wheels,TCW1S400,Bosch Thin Cutting / Rapido Type 1A (ISO 41) Grinding Wheels,Thin Cutting / Rapido Type 1A (ISO 41) Grinding Wheels,E:\IMAGES\ITEMS\product\T\C\Bosch-TCW1S400-Thin-Cutting-Rapido-Type-1A-ISO-41-Grinding.jpg,Bosch Abrasives,Bosch TCW1S400 Thin Cutting / Rapido Type 1A (ISO 41) Grinding Wheels,,Thin Cutting / Rapido Type 1A (ISO 41) Grinding Wheels,,Bosch TCW1S400 Thin Cutting / Rapido Type 1A (ISO 41) Grinding Wheels,Bosch Thin Cutting / Rapido Type 1A (ISO 41) Grinding Wheels
1728,Grinding Wheels,TCW1C500,Bosch Thin Cutting / Rapido Type 1A (ISO 41) Grinding Wheels,Thin Cutting / Rapido Type 1A (ISO 41) Grinding Wheels,E:\IMAGES\ITEMS\product\T\C\Bosch-TCW1C500-Thin-Cutting-Rapido-Type-1A-ISO-41-Grinding.jpg,Bosch Abrasives,Bosch TCW1C500 Thin Cutting / Rapido Type 1A (ISO 41) Grinding Wheels,,Thin Cutting / Rapido Type 1A (ISO 41) Grinding Wheels,,Bosch TCW1C500 Thin Cutting / Rapido Type 1A (ISO 41) Grinding Wheels,Bosch Thin Cutting / Rapido Type 1A (ISO 41) Grinding Wheels
1733|28006,Flexible Wheels|Flat Angle Grinder Wheels,GW29M45036,Bosch Type 29 Flexible Wheels,Type 29 Flexible Wheels,E:\IMAGES\ITEMS\product\G\W\Bosch-GW29M45036-Type-29-Flexible.jpg,Bosch Abrasives,Bosch GW29M45036 Type 29 Flexible Wheels,,Type 29 Flexible Wheels,,Bosch GW29M45036 Type 29 Flexible Wheels,Bosch Type 29 Flexible Wheels
1733|28006,Flexible Wheels|Flat Angle Grinder Wheels,GW29M45024,Bosch Type 29 Flexible Wheels,Type 29 Flexible Wheels,E:\IMAGES\ITEMS\product\G\W\Bosch-GW29M45024-Type-29-Flexible.jpg,Bosch Abrasives,Bosch GW29M45024 Type 29 Flexible Wheels,,Type 29 Flexible Wheels,,Bosch GW29M45024 Type 29 Flexible Wheels,Bosch Type 29 Flexible Wheels
1733|28006,Flexible Wheels|Flat Angle Grinder Wheels,GW29M50036,Bosch Type 29 Flexible Wheels,Type 29 Flexible Wheels,E:\IMAGES\ITEMS\product\G\W\Bosch-GW29M50036-Type-29-Flexible.jpg,Bosch Abrasives,Bosch GW29M50036 Type 29 Flexible Wheels,,Type 29 Flexible Wheels,,Bosch GW29M50036 Type 29 Flexible Wheels,Bosch Type 29 Flexible Wheels
1733|28006,Flexible Wheels|Flat Angle Grinder Wheels,GW29M50024,Bosch Type 29 Flexible Wheels,Type 29 Flexible Wheels,E:\IMAGES\ITEMS\product\G\W\Bosch-GW29M50024-Type-29-Flexible.jpg,Bosch Abrasives,Bosch GW29M50024 Type 29 Flexible Wheels,,Type 29 Flexible Wheels,,Bosch GW29M50024 Type 29 Flexible Wheels,Bosch Type 29 Flexible Wheels
1733|28006,Flexible Wheels|Flat Angle Grinder Wheels,GW29C45036,Bosch Type 29 Flexible Wheels,Type 29 Flexible Wheels,E:\IMAGES\ITEMS\product\G\W\Bosch-GW29C45036-Type-29-Flexible.jpg,Bosch Abrasives,Bosch GW29C45036 Type 29 Flexible Wheels,,Type 29 Flexible Wheels,,Bosch GW29C45036 Type 29 Flexible Wheels,Bosch Type 29 Flexible Wheels
1733|28006,Flexible Wheels|Flat Angle Grinder Wheels,GW29C45024,Bosch Type 29 Flexible Wheels,Type 29 Flexible Wheels,E:\IMAGES\ITEMS\product\G\W\Bosch-GW29C45024-Type-29-Flexible.jpg,Bosch Abrasives,Bosch GW29C45024 Type 29 Flexible Wheels,,Type 29 Flexible Wheels,,Bosch GW29C45024 Type 29 Flexible Wheels,Bosch Type 29 Flexible Wheels
1733|28006,Flexible Wheels|Flat Angle Grinder Wheels,GW29C50036,Bosch Type 29 Flexible Wheels,Type 29 Flexible Wheels,E:\IMAGES\ITEMS\product\G\W\Bosch-GW29C50036-Type-29-Flexible.jpg,Bosch Abrasives,Bosch GW29C50036 Type 29 Flexible Wheels,,Type 29 Flexible Wheels,,Bosch GW29C50036 Type 29 Flexible Wheels,Bosch Type 29 Flexible Wheels
1733|28006,Flexible Wheels|Flat Angle Grinder Wheels,GW29C50024,Bosch Type 29 Flexible Wheels,Type 29 Flexible Wheels,E:\IMAGES\ITEMS\product\G\W\Bosch-GW29C50024-Type-29-Flexible.jpg,Bosch Abrasives,Bosch GW29C50024 Type 29 Flexible Wheels,,Type 29 Flexible Wheels,,Bosch GW29C50024 Type 29 Flexible Wheels,Bosch Type 29 Flexible Wheels
1728,Grinding Wheels,CW1M450,Bosch Type 1A (ISO 41) Grinding Wheels,Type 1A (ISO 41) Grinding Wheels,E:\IMAGES\ITEMS\product\C\W\Bosch-CW1M450-Type-1A-ISO-41-Grinding.jpg,Bosch Abrasives,Bosch CW1M450 Type 1A (ISO 41) Grinding Wheels,,Type 1A (ISO 41) Grinding Wheels,,Bosch CW1M450 Type 1A (ISO 41) Grinding Wheels,Bosch Type 1A (ISO 41) Grinding Wheels
1728,Grinding Wheels,CW1M400,Bosch Type 1A (ISO 41) Grinding Wheels,Type 1A (ISO 41) Grinding Wheels,E:\IMAGES\ITEMS\product\C\W\Bosch-CW1M400-Type-1A-ISO-41-Grinding.jpg,Bosch Abrasives,Bosch CW1M400 Type 1A (ISO 41) Grinding Wheels,,Type 1A (ISO 41) Grinding Wheels,,Bosch CW1M400 Type 1A (ISO 41) Grinding Wheels,Bosch Type 1A (ISO 41) Grinding Wheels
1728,Grinding Wheels,CW1M600,Bosch Type 1A (ISO 41) Grinding Wheels,Type 1A (ISO 41) Grinding Wheels,E:\IMAGES\ITEMS\product\C\W\Bosch-CW1M600-Type-1A-ISO-41-Grinding.jpg,Bosch Abrasives,Bosch CW1M600 Type 1A (ISO 41) Grinding Wheels,,Type 1A (ISO 41) Grinding Wheels,,Bosch CW1M600 Type 1A (ISO 41) Grinding Wheels,Bosch Type 1A (ISO 41) Grinding Wheels
1728,Grinding Wheels,CW1M500,Bosch Type 1A (ISO 41) Grinding Wheels,Type 1A (ISO 41) Grinding Wheels,E:\IMAGES\ITEMS\product\C\W\Bosch-CW1M500-Type-1A-ISO-41-Grinding.jpg,Bosch Abrasives,Bosch CW1M500 Type 1A (ISO 41) Grinding Wheels,,Type 1A (ISO 41) Grinding Wheels,,Bosch CW1M500 Type 1A (ISO 41) Grinding Wheels,Bosch Type 1A (ISO 41) Grinding Wheels
1728,Grinding Wheels,CW1C450,Bosch Type 1A (ISO 41) Grinding Wheels,Type 1A (ISO 41) Grinding Wheels,E:\IMAGES\ITEMS\product\C\W\Bosch-CW1C450-Type-1A-ISO-41-Grinding.jpg,Bosch Abrasives,Bosch CW1C450 Type 1A (ISO 41) Grinding Wheels,,Type 1A (ISO 41) Grinding Wheels,,Bosch CW1C450 Type 1A (ISO 41) Grinding Wheels,Bosch Type 1A (ISO 41) Grinding Wheels
1728,Grinding Wheels,CW1C400,Bosch Type 1A (ISO 41) Grinding Wheels,Type 1A (ISO 41) Grinding Wheels,E:\IMAGES\ITEMS\product\C\W\Bosch-CW1C400-Type-1A-ISO-41-Grinding.jpg,Bosch Abrasives,Bosch CW1C400 Type 1A (ISO 41) Grinding Wheels,,Type 1A (ISO 41) Grinding Wheels,,Bosch CW1C400 Type 1A (ISO 41) Grinding Wheels,Bosch Type 1A (ISO 41) Grinding Wheels
1728,Grinding Wheels,CW1C600,Bosch Type 1A (ISO 41) Grinding Wheels,Type 1A (ISO 41) Grinding Wheels,E:\IMAGES\ITEMS\product\C\W\Bosch-CW1C600-Type-1A-ISO-41-Grinding.jpg,Bosch Abrasives,Bosch CW1C600 Type 1A (ISO 41) Grinding Wheels,,Type 1A (ISO 41) Grinding Wheels,,Bosch CW1C600 Type 1A (ISO 41) Grinding Wheels,Bosch Type 1A (ISO 41) Grinding Wheels
1728,Grinding Wheels,CW1C500,Bosch Type 1A (ISO 41) Grinding Wheels,Type 1A (ISO 41) Grinding Wheels,E:\IMAGES\ITEMS\product\C\W\Bosch-CW1C500-Type-1A-ISO-41-Grinding.jpg,Bosch Abrasives,Bosch CW1C500 Type 1A (ISO 41) Grinding Wheels,,Type 1A (ISO 41) Grinding Wheels,,Bosch CW1C500 Type 1A (ISO 41) Grinding Wheels,Bosch Type 1A (ISO 41) Grinding Wheels
1732|19483,Flap Discs|Flap Discs,FD2960060,Bosch Type 29 Flap Discs,Type 29 Flap Discs,E:\IMAGES\ITEMS\product\F\D\Bosch-FD2960060-Type-29-Flap.jpg,Bosch Abrasives,Bosch FD2960060 Type 29 Flap Discs,,Type 29 Flap Discs,,Bosch FD2960060 Type 29 Flap Discs,Bosch Type 29 Flap Discs
1732|19483,Flap Discs|Flap Discs,FD2960080,Bosch Type 29 Flap Discs,Type 29 Flap Discs,E:\IMAGES\ITEMS\product\F\D\Bosch-FD2960080-Type-29-Flap.jpg,Bosch Abrasives,Bosch FD2960080 Type 29 Flap Discs,,Type 29 Flap Discs,,Bosch FD2960080 Type 29 Flap Discs,Bosch Type 29 Flap Discs
1732|19483,Flap Discs|Flap Discs,FD2960040,Bosch Type 29 Flap Discs,Type 29 Flap Discs,E:\IMAGES\ITEMS\product\F\D\Bosch-FD2960040-Type-29-Flap.jpg,Bosch Abrasives,Bosch FD2960040 Type 29 Flap Discs,,Type 29 Flap Discs,,Bosch FD2960040 Type 29 Flap Discs,Bosch Type 29 Flap Discs
1732|19483,Flap Discs|Flap Discs,FD2950160,Bosch Type 29 Flap Discs,Type 29 Flap Discs,E:\IMAGES\ITEMS\product\F\D\Bosch-FD2950160-Type-29-Flap.jpg,Bosch Abrasives,Bosch FD2950160 Type 29 Flap Discs,,Type 29 Flap Discs,,Bosch FD2950160 Type 29 Flap Discs,Bosch Type 29 Flap Discs
1732|19483,Flap Discs|Flap Discs,FD29600120,Bosch Type 29 Flap Discs,Type 29 Flap Discs,E:\IMAGES\ITEMS\product\F\D\Bosch-FD29600120-Type-29-Flap.jpg,Bosch Abrasives,Bosch FD29600120 Type 29 Flap Discs,,Type 29 Flap Discs,,Bosch FD29600120 Type 29 Flap Discs,Bosch Type 29 Flap Discs
1732|19483,Flap Discs|Flap Discs,FD2960160,Bosch Type 29 Flap Discs,Type 29 Flap Discs,E:\IMAGES\ITEMS\product\F\D\Bosch-FD2960160-Type-29-Flap.jpg,Bosch Abrasives,Bosch FD2960160 Type 29 Flap Discs,,Type 29 Flap Discs,,Bosch FD2960160 Type 29 Flap Discs,Bosch Type 29 Flap Discs
1732|19483,Flap Discs|Flap Discs,FD2970080,Bosch Type 29 Flap Discs,Type 29 Flap Discs,E:\IMAGES\ITEMS\product\F\D\Bosch-FD2970080-Type-29-Flap.jpg,Bosch Abrasives,Bosch FD2970080 Type 29 Flap Discs,,Type 29 Flap Discs,,Bosch FD2970080 Type 29 Flap Discs,Bosch Type 29 Flap Discs
1732|19483,Flap Discs|Flap Discs,FD2970160,Bosch Type 29 Flap Discs,Type 29 Flap Discs,E:\IMAGES\ITEMS\product\F\D\Bosch-FD2970160-Type-29-Flap.jpg,Bosch Abrasives,Bosch FD2970160 Type 29 Flap Discs,,Type 29 Flap Discs,,Bosch FD2970160 Type 29 Flap Discs,Bosch Type 29 Flap Discs
1732|19483,Flap Discs|Flap Discs,FD2970060,Bosch Type 29 Flap Discs,Type 29 Flap Discs,E:\IMAGES\ITEMS\product\F\D\Bosch-FD2970060-Type-29-Flap.jpg,Bosch Abrasives,Bosch FD2970060 Type 29 Flap Discs,,Type 29 Flap Discs,,Bosch FD2970060 Type 29 Flap Discs,Bosch Type 29 Flap Discs
1732|19483,Flap Discs|Flap Discs,FD29700120,Bosch Type 29 Flap Discs,Type 29 Flap Discs,E:\IMAGES\ITEMS\product\F\D\Bosch-FD29700120-Type-29-Flap.jpg,Bosch Abrasives,Bosch FD29700120 Type 29 Flap Discs,,Type 29 Flap Discs,,Bosch FD29700120 Type 29 Flap Discs,Bosch Type 29 Flap Discs
1732|19483,Flap Discs|Flap Discs,FD2970040,Bosch Type 29 Flap Discs,Type 29 Flap Discs,E:\IMAGES\ITEMS\product\F\D\Bosch-FD2970040-Type-29-Flap.jpg,Bosch Abrasives,Bosch FD2970040 Type 29 Flap Discs,,Type 29 Flap Discs,,Bosch FD2970040 Type 29 Flap Discs,Bosch Type 29 Flap Discs
1732|19483,Flap Discs|Flap Discs,FD2950080,Bosch Type 29 Flap Discs,Type 29 Flap Discs,E:\IMAGES\ITEMS\product\F\D\Bosch-FD2950080-Type-29-Flap.jpg,Bosch Abrasives,Bosch FD2950080 Type 29 Flap Discs,,Type 29 Flap Discs,,Bosch FD2950080 Type 29 Flap Discs,Bosch Type 29 Flap Discs
1732|19483,Flap Discs|Flap Discs,FD29450120,Bosch Type 29 Flap Discs,Type 29 Flap Discs,E:\IMAGES\ITEMS\product\F\D\Bosch-FD29450120-Type-29-Flap.jpg,Bosch Abrasives,Bosch FD29450120 Type 29 Flap Discs,,Type 29 Flap Discs,,Bosch FD29450120 Type 29 Flap Discs,Bosch Type 29 Flap Discs
1732|19483,Flap Discs|Flap Discs,FD2945040,Bosch Type 29 Flap Discs,Type 29 Flap Discs,E:\IMAGES\ITEMS\product\F\D\Bosch-FD2945040-Type-29-Flap.jpg,Bosch Abrasives,Bosch FD2945040 Type 29 Flap Discs,,Type 29 Flap Discs,,Bosch FD2945040 Type 29 Flap Discs,Bosch Type 29 Flap Discs
1732|19483,Flap Discs|Flap Discs,FD2940080,Bosch Type 29 Flap Discs,Type 29 Flap Discs,E:\IMAGES\ITEMS\product\F\D\Bosch-FD2940080-Type-29-Flap.jpg,Bosch Abrasives,Bosch FD2940080 Type 29 Flap Discs,,Type 29 Flap Discs,,Bosch FD2940080 Type 29 Flap Discs,Bosch Type 29 Flap Discs
1732|19483,Flap Discs|Flap Discs,FD2940040,Bosch Type 29 Flap Discs,Type 29 Flap Discs,E:\IMAGES\ITEMS\product\F\D\Bosch-FD2940040-Type-29-Flap.jpg,Bosch Abrasives,Bosch FD2940040 Type 29 Flap Discs,,Type 29 Flap Discs,,Bosch FD2940040 Type 29 Flap Discs,Bosch Type 29 Flap Discs
1732|19483,Flap Discs|Flap Discs,FD2940060,Bosch Type 29 Flap Discs,Type 29 Flap Discs,E:\IMAGES\ITEMS\product\F\D\Bosch-FD2940060-Type-29-Flap.jpg,Bosch Abrasives,Bosch FD2940060 Type 29 Flap Discs,,Type 29 Flap Discs,,Bosch FD2940060 Type 29 Flap Discs,Bosch Type 29 Flap Discs
1732|19483,Flap Discs|Flap Discs,FD2945060,Bosch Type 29 Flap Discs,Type 29 Flap Discs,E:\IMAGES\ITEMS\product\F\D\Bosch-FD2945060-Type-29-Flap.jpg,Bosch Abrasives,Bosch FD2945060 Type 29 Flap Discs,,Type 29 Flap Discs,,Bosch FD2945060 Type 29 Flap Discs,Bosch Type 29 Flap Discs
1732|19483,Flap Discs|Flap Discs,FD2950040,Bosch Type 29 Flap Discs,Type 29 Flap Discs,E:\IMAGES\ITEMS\product\F\D\Bosch-FD2950040-Type-29-Flap.jpg,Bosch Abrasives,Bosch FD2950040 Type 29 Flap Discs,,Type 29 Flap Discs,,Bosch FD2950040 Type 29 Flap Discs,Bosch Type 29 Flap Discs
1732|19483,Flap Discs|Flap Discs,FD2950060,Bosch Type 29 Flap Discs,Type 29 Flap Discs,E:\IMAGES\ITEMS\product\F\D\Bosch-FD2950060-Type-29-Flap.jpg,Bosch Abrasives,Bosch FD2950060 Type 29 Flap Discs,,Type 29 Flap Discs,,Bosch FD2950060 Type 29 Flap Discs,Bosch Type 29 Flap Discs
1732|19483,Flap Discs|Flap Discs,FD29500120,Bosch Type 29 Flap Discs,Type 29 Flap Discs,E:\IMAGES\ITEMS\product\F\D\Bosch-FD29500120-Type-29-Flap.jpg,Bosch Abrasives,Bosch FD29500120 Type 29 Flap Discs,,Type 29 Flap Discs,,Bosch FD29500120 Type 29 Flap Discs,Bosch Type 29 Flap Discs
1732|19483,Flap Discs|Flap Discs,FD2945080,Bosch Type 29 Flap Discs,Type 29 Flap Discs,E:\IMAGES\ITEMS\product\F\D\Bosch-FD2945080-Type-29-Flap.jpg,Bosch Abrasives,Bosch FD2945080 Type 29 Flap Discs,,Type 29 Flap Discs,,Bosch FD2945080 Type 29 Flap Discs,Bosch Type 29 Flap Discs
1732|19483,Flap Discs|Flap Discs,FD2945160,Bosch Type 29 Flap Discs,Type 29 Flap Discs,E:\IMAGES\ITEMS\product\F\D\Bosch-FD2945160-Type-29-Flap.jpg,Bosch Abrasives,Bosch FD2945160 Type 29 Flap Discs,,Type 29 Flap Discs,,Bosch FD2945160 Type 29 Flap Discs,Bosch Type 29 Flap Discs
1728|19458,Grinding Wheels|Flaring Cup Grinding Wheels,FCW11M401,Bosch Type 11 for Large Angle Grinders Only,Type 11 for Large Angle Grinders Only,E:\IMAGES\ITEMS\product\F\C\Bosch-FCW11M401-Type-11-for-Large-Angle-Grinders.jpg,Bosch Abrasives,Bosch FCW11M401 Type 11 for Large Angle Grinders Only,,Type 11 for Large Angle Grinders Only,,Bosch FCW11M401 Type 11 for Large Angle Grinders Only,Bosch Type 11 for Large Angle Grinders Only
1728|19458,Grinding Wheels|Flaring Cup Grinding Wheels,FCW11M501,Bosch Type 11 for Large Angle Grinders Only,Type 11 for Large Angle Grinders Only,E:\IMAGES\ITEMS\product\F\C\Bosch-FCW11M501-Type-11-for-Large-Angle-Grinders.jpg,Bosch Abrasives,Bosch FCW11M501 Type 11 for Large Angle Grinders Only,,Type 11 for Large Angle Grinders Only,,Bosch FCW11M501 Type 11 for Large Angle Grinders Only,Bosch Type 11 for Large Angle Grinders Only
1728|19458,Grinding Wheels|Flaring Cup Grinding Wheels,FCW11M601,Bosch Type 11 for Large Angle Grinders Only,Type 11 for Large Angle Grinders Only,E:\IMAGES\ITEMS\product\F\C\Bosch-FCW11M601-Type-11-for-Large-Angle-Grinders.jpg,Bosch Abrasives,Bosch FCW11M601 Type 11 for Large Angle Grinders Only,,Type 11 for Large Angle Grinders Only,,Bosch FCW11M601 Type 11 for Large Angle Grinders Only,Bosch Type 11 for Large Angle Grinders Only
1728|19458,Grinding Wheels|Flaring Cup Grinding Wheels,FCW11C401,Bosch Type 11 for Large Angle Grinders Only,Type 11 for Large Angle Grinders Only,E:\IMAGES\ITEMS\product\F\C\Bosch-FCW11C401-Type-11-for-Large-Angle-Grinders.jpg,Bosch Abrasives,Bosch FCW11C401 Type 11 for Large Angle Grinders Only,,Type 11 for Large Angle Grinders Only,,Bosch FCW11C401 Type 11 for Large Angle Grinders Only,Bosch Type 11 for Large Angle Grinders Only
1728|19458,Grinding Wheels|Flaring Cup Grinding Wheels,FCW11C501,Bosch Type 11 for Large Angle Grinders Only,Type 11 for Large Angle Grinders Only,E:\IMAGES\ITEMS\product\F\C\Bosch-FCW11C501-Type-11-for-Large-Angle-Grinders.jpg,Bosch Abrasives,Bosch FCW11C501 Type 11 for Large Angle Grinders Only,,Type 11 for Large Angle Grinders Only,,Bosch FCW11C501 Type 11 for Large Angle Grinders Only,Bosch Type 11 for Large Angle Grinders Only
1728|19458,Grinding Wheels|Flaring Cup Grinding Wheels,FCW11C601,Bosch Type 11 for Large Angle Grinders Only,Type 11 for Large Angle Grinders Only,E:\IMAGES\ITEMS\product\F\C\Bosch-FCW11C601-Type-11-for-Large-Angle-Grinders.jpg,Bosch Abrasives,Bosch FCW11C601 Type 11 for Large Angle Grinders Only,,Type 11 for Large Angle Grinders Only,,Bosch FCW11C601 Type 11 for Large Angle Grinders Only,Bosch Type 11 for Large Angle Grinders Only
1728|19454,Grinding Wheels|Depressed Center Grinding Wheels,GW27M501,Bosch Type 27 Grinding Wheels,Type 27 Grinding Wheels,E:\IMAGES\ITEMS\product\G\W\Bosch-GW27M501-Type-27-Grinding.jpg,Bosch Abrasives,Bosch GW27M501 Type 27 Grinding Wheels,,Type 27 Grinding Wheels,,Bosch GW27M501 Type 27 Grinding Wheels,Bosch Type 27 Grinding Wheels
1728|19454,Grinding Wheels|Depressed Center Grinding Wheels,GW27M500,Bosch Type 27 Grinding Wheels,Type 27 Grinding Wheels,E:\IMAGES\ITEMS\product\G\W\Bosch-GW27M500-Type-27-Grinding.jpg,Bosch Abrasives,Bosch GW27M500 Type 27 Grinding Wheels,,Type 27 Grinding Wheels,,Bosch GW27M500 Type 27 Grinding Wheels,Bosch Type 27 Grinding Wheels
1728|19454,Grinding Wheels|Depressed Center Grinding Wheels,GW27M600,Bosch Type 27 Grinding Wheels,Type 27 Grinding Wheels,E:\IMAGES\ITEMS\product\G\W\Bosch-GW27M600-Type-27-Grinding.jpg,Bosch Abrasives,Bosch GW27M600 Type 27 Grinding Wheels,,Type 27 Grinding Wheels,,Bosch GW27M600 Type 27 Grinding Wheels,Bosch Type 27 Grinding Wheels
1728|19454,Grinding Wheels|Depressed Center Grinding Wheels,GW27M700,Bosch Type 27 Grinding Wheels,Type 27 Grinding Wheels,E:\IMAGES\ITEMS\product\G\W\Bosch-GW27M700-Type-27-Grinding.jpg,Bosch Abrasives,Bosch GW27M700 Type 27 Grinding Wheels,,Type 27 Grinding Wheels,,Bosch GW27M700 Type 27 Grinding Wheels,Bosch Type 27 Grinding Wheels
1728|19454,Grinding Wheels|Depressed Center Grinding Wheels,GW27M601,Bosch Type 27 Grinding Wheels,Type 27 Grinding Wheels,E:\IMAGES\ITEMS\product\G\W\Bosch-GW27M601-Type-27-Grinding.jpg,Bosch Abrasives,Bosch GW27M601 Type 27 Grinding Wheels,,Type 27 Grinding Wheels,,Bosch GW27M601 Type 27 Grinding Wheels,Bosch Type 27 Grinding Wheels
1728|19454,Grinding Wheels|Depressed Center Grinding Wheels,GW27LM900,Bosch Type 27 Grinding Wheels,Type 27 Grinding Wheels,E:\IMAGES\ITEMS\product\G\W\Bosch-GW27LM900-Type-27-Grinding.jpg,Bosch Abrasives,Bosch GW27LM900 Type 27 Grinding Wheels,,Type 27 Grinding Wheels,,Bosch GW27LM900 Type 27 Grinding Wheels,Bosch Type 27 Grinding Wheels
1728|19454,Grinding Wheels|Depressed Center Grinding Wheels,GW27LM701,Bosch Type 27 Grinding Wheels,Type 27 Grinding Wheels,E:\IMAGES\ITEMS\product\G\W\Bosch-GW27LM701-Type-27-Grinding.jpg,Bosch Abrasives,Bosch GW27LM701 Type 27 Grinding Wheels,,Type 27 Grinding Wheels,,Bosch GW27LM701 Type 27 Grinding Wheels,Bosch Type 27 Grinding Wheels
1728|19454,Grinding Wheels|Depressed Center Grinding Wheels,GW27M400,Bosch Type 27 Grinding Wheels,Type 27 Grinding Wheels,E:\IMAGES\ITEMS\product\G\W\Bosch-GW27M400-Type-27-Grinding.jpg,Bosch Abrasives,Bosch GW27M400 Type 27 Grinding Wheels,,Type 27 Grinding Wheels,,Bosch GW27M400 Type 27 Grinding Wheels,Bosch Type 27 Grinding Wheels
1728|19454,Grinding Wheels|Depressed Center Grinding Wheels,GW27M451,Bosch Type 27 Grinding Wheels,Type 27 Grinding Wheels,E:\IMAGES\ITEMS\product\G\W\Bosch-GW27M451-Type-27-Grinding.jpg,Bosch Abrasives,Bosch GW27M451 Type 27 Grinding Wheels,,Type 27 Grinding Wheels,,Bosch GW27M451 Type 27 Grinding Wheels,Bosch Type 27 Grinding Wheels
1728|19454,Grinding Wheels|Depressed Center Grinding Wheels,GW27M450,Bosch Type 27 Grinding Wheels,Type 27 Grinding Wheels,E:\IMAGES\ITEMS\product\G\W\Bosch-GW27M450-Type-27-Grinding.jpg,Bosch Abrasives,Bosch GW27M450 Type 27 Grinding Wheels,,Type 27 Grinding Wheels,,Bosch GW27M450 Type 27 Grinding Wheels,Bosch Type 27 Grinding Wheels
1728|19454,Grinding Wheels|Depressed Center Grinding Wheels,GW27M701,Bosch Type 27 Grinding Wheels,Type 27 Grinding Wheels,E:\IMAGES\ITEMS\product\G\W\Bosch-GW27M701-Type-27-Grinding.jpg,Bosch Abrasives,Bosch GW27M701 Type 27 Grinding Wheels,,Type 27 Grinding Wheels,,Bosch GW27M701 Type 27 Grinding Wheels,Bosch Type 27 Grinding Wheels
1728|19454,Grinding Wheels|Depressed Center Grinding Wheels,GW27S600,Bosch Type 27 Grinding Wheels,Type 27 Grinding Wheels,E:\IMAGES\ITEMS\product\G\W\Bosch-GW27S600-Type-27-Grinding.jpg,Bosch Abrasives,Bosch GW27S600 Type 27 Grinding Wheels,,Type 27 Grinding Wheels,,Bosch GW27S600 Type 27 Grinding Wheels,Bosch Type 27 Grinding Wheels
1728|19454,Grinding Wheels|Depressed Center Grinding Wheels,GW27S501,Bosch Type 27 Grinding Wheels,Type 27 Grinding Wheels,E:\IMAGES\ITEMS\product\G\W\Bosch-GW27S501-Type-27-Grinding.jpg,Bosch Abrasives,Bosch GW27S501 Type 27 Grinding Wheels,,Type 27 Grinding Wheels,,Bosch GW27S501 Type 27 Grinding Wheels,Bosch Type 27 Grinding Wheels
1728|19454,Grinding Wheels|Depressed Center Grinding Wheels,GW27S700,Bosch Type 27 Grinding Wheels,Type 27 Grinding Wheels,E:\IMAGES\ITEMS\product\G\W\Bosch-GW27S700-Type-27-Grinding.jpg,Bosch Abrasives,Bosch GW27S700 Type 27 Grinding Wheels,,Type 27 Grinding Wheels,,Bosch GW27S700 Type 27 Grinding Wheels,Bosch Type 27 Grinding Wheels
1728|19454,Grinding Wheels|Depressed Center Grinding Wheels,GW27S900,Bosch Type 27 Grinding Wheels,Type 27 Grinding Wheels,E:\IMAGES\ITEMS\product\G\W\Bosch-GW27S900-Type-27-Grinding.jpg,Bosch Abrasives,Bosch GW27S900 Type 27 Grinding Wheels,,Type 27 Grinding Wheels,,Bosch GW27S900 Type 27 Grinding Wheels,Bosch Type 27 Grinding Wheels
1728|19454,Grinding Wheels|Depressed Center Grinding Wheels,GW27S701,Bosch Type 27 Grinding Wheels,Type 27 Grinding Wheels,E:\IMAGES\ITEMS\product\G\W\Bosch-GW27S701-Type-27-Grinding.jpg,Bosch Abrasives,Bosch GW27S701 Type 27 Grinding Wheels,,Type 27 Grinding Wheels,,Bosch GW27S701 Type 27 Grinding Wheels,Bosch Type 27 Grinding Wheels
1728|19454,Grinding Wheels|Depressed Center Grinding Wheels,GW27M901,Bosch Type 27 Grinding Wheels,Type 27 Grinding Wheels,E:\IMAGES\ITEMS\product\G\W\Bosch-GW27M901-Type-27-Grinding.jpg,Bosch Abrasives,Bosch GW27M901 Type 27 Grinding Wheels,,Type 27 Grinding Wheels,,Bosch GW27M901 Type 27 Grinding Wheels,Bosch Type 27 Grinding Wheels
1728|19454,Grinding Wheels|Depressed Center Grinding Wheels,GW27M900,Bosch Type 27 Grinding Wheels,Type 27 Grinding Wheels,E:\IMAGES\ITEMS\product\G\W\Bosch-GW27M900-Type-27-Grinding.jpg,Bosch Abrasives,Bosch GW27M900 Type 27 Grinding Wheels,,Type 27 Grinding Wheels,,Bosch GW27M900 Type 27 Grinding Wheels,Bosch Type 27 Grinding Wheels
1728|19454,Grinding Wheels|Depressed Center Grinding Wheels,GW27S450,Bosch Type 27 Grinding Wheels,Type 27 Grinding Wheels,E:\IMAGES\ITEMS\product\G\W\Bosch-GW27S450-Type-27-Grinding.jpg,Bosch Abrasives,Bosch GW27S450 Type 27 Grinding Wheels,,Type 27 Grinding Wheels,,Bosch GW27S450 Type 27 Grinding Wheels,Bosch Type 27 Grinding Wheels
1728|19454,Grinding Wheels|Depressed Center Grinding Wheels,GW27S500,Bosch Type 27 Grinding Wheels,Type 27 Grinding Wheels,E:\IMAGES\ITEMS\product\G\W\Bosch-GW27S500-Type-27-Grinding.jpg,Bosch Abrasives,Bosch GW27S500 Type 27 Grinding Wheels,,Type 27 Grinding Wheels,,Bosch GW27S500 Type 27 Grinding Wheels,Bosch Type 27 Grinding Wheels
1728|19454,Grinding Wheels|Depressed Center Grinding Wheels,GW27S451,Bosch Type 27 Grinding Wheels,Type 27 Grinding Wheels,E:\IMAGES\ITEMS\product\G\W\Bosch-GW27S451-Type-27-Grinding.jpg,Bosch Abrasives,Bosch GW27S451 Type 27 Grinding Wheels,,Type 27 Grinding Wheels,,Bosch GW27S451 Type 27 Grinding Wheels,Bosch Type 27 Grinding Wheels
1728|19454,Grinding Wheels|Depressed Center Grinding Wheels,GW27LM700,Bosch Type 27 Grinding Wheels,Type 27 Grinding Wheels,E:\IMAGES\ITEMS\product\G\W\Bosch-GW27LM700-Type-27-Grinding.jpg,Bosch Abrasives,Bosch GW27LM700 Type 27 Grinding Wheels,,Type 27 Grinding Wheels,,Bosch GW27LM700 Type 27 Grinding Wheels,Bosch Type 27 Grinding Wheels
1728|19454,Grinding Wheels|Depressed Center Grinding Wheels,GW27AL701,Bosch Type 27 Grinding Wheels,Type 27 Grinding Wheels,E:\IMAGES\ITEMS\product\G\W\Bosch-GW27AL701-Type-27-Grinding.jpg,Bosch Abrasives,Bosch GW27AL701 Type 27 Grinding Wheels,,Type 27 Grinding Wheels,,Bosch GW27AL701 Type 27 Grinding Wheels,Bosch Type 27 Grinding Wheels
1728|19454,Grinding Wheels|Depressed Center Grinding Wheels,GW27AL700,Bosch Type 27 Grinding Wheels,Type 27 Grinding Wheels,E:\IMAGES\ITEMS\product\G\W\Bosch-GW27AL700-Type-27-Grinding.jpg,Bosch Abrasives,Bosch GW27AL700 Type 27 Grinding Wheels,,Type 27 Grinding Wheels,,Bosch GW27AL700 Type 27 Grinding Wheels,Bosch Type 27 Grinding Wheels
1728|19454,Grinding Wheels|Depressed Center Grinding Wheels,GW27AL900,Bosch Type 27 Grinding Wheels,Type 27 Grinding Wheels,E:\IMAGES\ITEMS\product\G\W\Bosch-GW27AL900-Type-27-Grinding.jpg,Bosch Abrasives,Bosch GW27AL900 Type 27 Grinding Wheels,,Type 27 Grinding Wheels,,Bosch GW27AL900 Type 27 Grinding Wheels,Bosch Type 27 Grinding Wheels
1728|19454,Grinding Wheels|Depressed Center Grinding Wheels,GW27C451,Bosch Type 27 Grinding Wheels,Type 27 Grinding Wheels,E:\IMAGES\ITEMS\product\G\W\Bosch-GW27C451-Type-27-Grinding.jpg,Bosch Abrasives,Bosch GW27C451 Type 27 Grinding Wheels,,Type 27 Grinding Wheels,,Bosch GW27C451 Type 27 Grinding Wheels,Bosch Type 27 Grinding Wheels
1728|19454,Grinding Wheels|Depressed Center Grinding Wheels,GW27C450,Bosch Type 27 Grinding Wheels,Type 27 Grinding Wheels,E:\IMAGES\ITEMS\product\G\W\Bosch-GW27C450-Type-27-Grinding.jpg,Bosch Abrasives,Bosch GW27C450 Type 27 Grinding Wheels,,Type 27 Grinding Wheels,,Bosch GW27C450 Type 27 Grinding Wheels,Bosch Type 27 Grinding Wheels
1732|19454,Flap Discs|Depressed Center Grinding Wheels,GW27AL451,Bosch Type 27 Grinding Wheels,Type 27 Grinding Wheels,E:\IMAGES\ITEMS\product\G\W\Bosch-GW27AL451-Type-27-Grinding.jpg,Bosch Abrasives,Bosch GW27AL451 Type 27 Grinding Wheels,,Type 27 Grinding Wheels,,Bosch GW27AL451 Type 27 Grinding Wheels,Bosch Type 27 Grinding Wheels
1728|19454,Grinding Wheels|Depressed Center Grinding Wheels,GW27AL450,Bosch Type 27 Grinding Wheels,Type 27 Grinding Wheels,E:\IMAGES\ITEMS\product\G\W\Bosch-GW27AL450-Type-27-Grinding.jpg,Bosch Abrasives,Bosch GW27AL450 Type 27 Grinding Wheels,,Type 27 Grinding Wheels,,Bosch GW27AL450 Type 27 Grinding Wheels,Bosch Type 27 Grinding Wheels
1728|19454,Grinding Wheels|Depressed Center Grinding Wheels,GW27AL500,Bosch Type 27 Grinding Wheels,Type 27 Grinding Wheels,E:\IMAGES\ITEMS\product\G\W\Bosch-GW27AL500-Type-27-Grinding.jpg,Bosch Abrasives,Bosch GW27AL500 Type 27 Grinding Wheels,,Type 27 Grinding Wheels,,Bosch GW27AL500 Type 27 Grinding Wheels,Bosch Type 27 Grinding Wheels
1732|19454,Flap Discs|Depressed Center Grinding Wheels,GW27AL600,Bosch Type 27 Grinding Wheels,Type 27 Grinding Wheels,E:\IMAGES\ITEMS\product\G\W\Bosch-GW27AL600-Type-27-Grinding.jpg,Bosch Abrasives,Bosch GW27AL600 Type 27 Grinding Wheels,,Type 27 Grinding Wheels,,Bosch GW27AL600 Type 27 Grinding Wheels,Bosch Type 27 Grinding Wheels
1728|19454,Grinding Wheels|Depressed Center Grinding Wheels,GW27AL501,Bosch Type 27 Grinding Wheels,Type 27 Grinding Wheels,E:\IMAGES\ITEMS\product\G\W\Bosch-GW27AL501-Type-27-Grinding.jpg,Bosch Abrasives,Bosch GW27AL501 Type 27 Grinding Wheels,,Type 27 Grinding Wheels,,Bosch GW27AL501 Type 27 Grinding Wheels,Bosch Type 27 Grinding Wheels
1728|19454,Grinding Wheels|Depressed Center Grinding Wheels,GW27C500,Bosch Type 27 Grinding Wheels,Type 27 Grinding Wheels,E:\IMAGES\ITEMS\product\G\W\Bosch-GW27C500-Type-27-Grinding.jpg,Bosch Abrasives,Bosch GW27C500 Type 27 Grinding Wheels,,Type 27 Grinding Wheels,,Bosch GW27C500 Type 27 Grinding Wheels,Bosch Type 27 Grinding Wheels
1728|19454,Grinding Wheels|Depressed Center Grinding Wheels,GW27LM450,Bosch Type 27 Grinding Wheels,Type 27 Grinding Wheels,E:\IMAGES\ITEMS\product\G\W\Bosch-GW27LM450-Type-27-Grinding.jpg,Bosch Abrasives,Bosch GW27LM450 Type 27 Grinding Wheels,,Type 27 Grinding Wheels,,Bosch GW27LM450 Type 27 Grinding Wheels,Bosch Type 27 Grinding Wheels
1728|19454,Grinding Wheels|Depressed Center Grinding Wheels,GW27C901,Bosch Type 27 Grinding Wheels,Type 27 Grinding Wheels,E:\IMAGES\ITEMS\product\G\W\Bosch-GW27C901-Type-27-Grinding.jpg,Bosch Abrasives,Bosch GW27C901 Type 27 Grinding Wheels,,Type 27 Grinding Wheels,,Bosch GW27C901 Type 27 Grinding Wheels,Bosch Type 27 Grinding Wheels
1728|19454,Grinding Wheels|Depressed Center Grinding Wheels,GW27LM451,Bosch Type 27 Grinding Wheels,Type 27 Grinding Wheels,E:\IMAGES\ITEMS\product\G\W\Bosch-GW27LM451-Type-27-Grinding.jpg,Bosch Abrasives,Bosch GW27LM451 Type 27 Grinding Wheels,,Type 27 Grinding Wheels,,Bosch GW27LM451 Type 27 Grinding Wheels,Bosch Type 27 Grinding Wheels
1728|19454,Grinding Wheels|Depressed Center Grinding Wheels,GW27LM600,Bosch Type 27 Grinding Wheels,Type 27 Grinding Wheels,E:\IMAGES\ITEMS\product\G\W\Bosch-GW27LM600-Type-27-Grinding.jpg,Bosch Abrasives,Bosch GW27LM600 Type 27 Grinding Wheels,,Type 27 Grinding Wheels,,Bosch GW27LM600 Type 27 Grinding Wheels,Bosch Type 27 Grinding Wheels
1728|19454,Grinding Wheels|Depressed Center Grinding Wheels,GW27LM500,Bosch Type 27 Grinding Wheels,Type 27 Grinding Wheels,E:\IMAGES\ITEMS\product\G\W\Bosch-GW27LM500-Type-27-Grinding.jpg,Bosch Abrasives,Bosch GW27LM500 Type 27 Grinding Wheels,,Type 27 Grinding Wheels,,Bosch GW27LM500 Type 27 Grinding Wheels,Bosch Type 27 Grinding Wheels
1728|19454,Grinding Wheels|Depressed Center Grinding Wheels,GW27C600,Bosch Type 27 Grinding Wheels,Type 27 Grinding Wheels,E:\IMAGES\ITEMS\product\G\W\Bosch-GW27C600-Type-27-Grinding.jpg,Bosch Abrasives,Bosch GW27C600 Type 27 Grinding Wheels,,Type 27 Grinding Wheels,,Bosch GW27C600 Type 27 Grinding Wheels,Bosch Type 27 Grinding Wheels
1728|19454,Grinding Wheels|Depressed Center Grinding Wheels,GW27C501,Bosch Type 27 Grinding Wheels,Type 27 Grinding Wheels,E:\IMAGES\ITEMS\product\G\W\Bosch-GW27C501-Type-27-Grinding.jpg,Bosch Abrasives,Bosch GW27C501 Type 27 Grinding Wheels,,Type 27 Grinding Wheels,,Bosch GW27C501 Type 27 Grinding Wheels,Bosch Type 27 Grinding Wheels
1728|19454,Grinding Wheels|Depressed Center Grinding Wheels,GW27C700,Bosch Type 27 Grinding Wheels,Type 27 Grinding Wheels,E:\IMAGES\ITEMS\product\G\W\Bosch-GW27C700-Type-27-Grinding.jpg,Bosch Abrasives,Bosch GW27C700 Type 27 Grinding Wheels,,Type 27 Grinding Wheels,,Bosch GW27C700 Type 27 Grinding Wheels,Bosch Type 27 Grinding Wheels
1728|19454,Grinding Wheels|Depressed Center Grinding Wheels,GW27C900,Bosch Type 27 Grinding Wheels,Type 27 Grinding Wheels,E:\IMAGES\ITEMS\product\G\W\Bosch-GW27C900-Type-27-Grinding.jpg,Bosch Abrasives,Bosch GW27C900 Type 27 Grinding Wheels,,Type 27 Grinding Wheels,,Bosch GW27C900 Type 27 Grinding Wheels,Bosch Type 27 Grinding Wheels
1728|19454,Grinding Wheels|Depressed Center Grinding Wheels,GW27C701,Bosch Type 27 Grinding Wheels,Type 27 Grinding Wheels,E:\IMAGES\ITEMS\product\G\W\Bosch-GW27C701-Type-27-Grinding.jpg,Bosch Abrasives,Bosch GW27C701 Type 27 Grinding Wheels,,Type 27 Grinding Wheels,,Bosch GW27C701 Type 27 Grinding Wheels,Bosch Type 27 Grinding Wheels
1728|19465,Grinding Wheels|Bench Grinding Wheels,BGW160160,Bosch Bench Grinder Wheels,Bench Grinder Wheels,E:\IMAGES\ITEMS\product\B\G\Bosch-BGW160160-Bench-Grinder.jpg,Bosch Abrasives,Bosch BGW160160 Bench Grinder Wheels,,Bench Grinder Wheels,,Bosch BGW160160 Bench Grinder Wheels,Bosch Bench Grinder Wheels
1728|19465,Grinding Wheels|Bench Grinding Wheels,BGW160136,Bosch Bench Grinder Wheels,Bench Grinder Wheels,E:\IMAGES\ITEMS\product\B\G\Bosch-BGW160136-Bench-Grinder.jpg,Bosch Abrasives,Bosch BGW160136 Bench Grinder Wheels,,Bench Grinder Wheels,,Bosch BGW160136 Bench Grinder Wheels,Bosch Bench Grinder Wheels
1728|19465,Grinding Wheels|Bench Grinding Wheels,BGW1675100,Bosch Bench Grinder Wheels,Bench Grinder Wheels,E:\IMAGES\ITEMS\product\B\G\Bosch-BGW1675100-Bench-Grinder.jpg,Bosch Abrasives,Bosch BGW1675100 Bench Grinder Wheels,,Bench Grinder Wheels,,Bosch BGW1675100 Bench Grinder Wheels,Bosch Bench Grinder Wheels
1728|19465,Grinding Wheels|Bench Grinding Wheels,BGW167560,Bosch Bench Grinder Wheels,Bench Grinder Wheels,E:\IMAGES\ITEMS\product\B\G\Bosch-BGW167560-Bench-Grinder.jpg,Bosch Abrasives,Bosch BGW167560 Bench Grinder Wheels,,Bench Grinder Wheels,,Bosch BGW167560 Bench Grinder Wheels,Bosch Bench Grinder Wheels
1728|19465,Grinding Wheels|Bench Grinding Wheels,BGW167536,Bosch Bench Grinder Wheels,Bench Grinder Wheels,E:\IMAGES\ITEMS\product\B\G\Bosch-BGW167536-Bench-Grinder.jpg,Bosch Abrasives,Bosch BGW167536 Bench Grinder Wheels,,Bench Grinder Wheels,,Bosch BGW167536 Bench Grinder Wheels,Bosch Bench Grinder Wheels
1728|19465,Grinding Wheels|Bench Grinding Wheels,BGW155060,Bosch Bench Grinder Wheels,Bench Grinder Wheels,E:\IMAGES\ITEMS\product\B\G\Bosch-BGW155060-Bench-Grinder.jpg,Bosch Abrasives,Bosch BGW155060 Bench Grinder Wheels,,Bench Grinder Wheels,,Bosch BGW155060 Bench Grinder Wheels,Bosch Bench Grinder Wheels
1728|19465,Grinding Wheels|Bench Grinding Wheels,BGW155036,Bosch Bench Grinder Wheels,Bench Grinder Wheels,E:\IMAGES\ITEMS\product\B\G\Bosch-BGW155036-Bench-Grinder.jpg,Bosch Abrasives,Bosch BGW155036 Bench Grinder Wheels,,Bench Grinder Wheels,,Bosch BGW155036 Bench Grinder Wheels,Bosch Bench Grinder Wheels
1728|19465,Grinding Wheels|Bench Grinding Wheels,BGW1575100,Bosch Bench Grinder Wheels,Bench Grinder Wheels,E:\IMAGES\ITEMS\product\B\G\Bosch-BGW1575100-Bench-Grinder.jpg,Bosch Abrasives,Bosch BGW1575100 Bench Grinder Wheels,,Bench Grinder Wheels,,Bosch BGW1575100 Bench Grinder Wheels,Bosch Bench Grinder Wheels
1728|19465,Grinding Wheels|Bench Grinding Wheels,BGW1601100,Bosch Bench Grinder Wheels,Bench Grinder Wheels,E:\IMAGES\ITEMS\product\B\G\Bosch-BGW1601100-Bench-Grinder.jpg,Bosch Abrasives,Bosch BGW1601100 Bench Grinder Wheels,,Bench Grinder Wheels,,Bosch BGW1601100 Bench Grinder Wheels,Bosch Bench Grinder Wheels
1728|19465,Grinding Wheels|Bench Grinding Wheels,BGW157560,Bosch Bench Grinder Wheels,Bench Grinder Wheels,E:\IMAGES\ITEMS\product\B\G\Bosch-BGW157560-Bench-Grinder.jpg,Bosch Abrasives,Bosch BGW157560 Bench Grinder Wheels,,Bench Grinder Wheels,,Bosch BGW157560 Bench Grinder Wheels,Bosch Bench Grinder Wheels
1734|27764,Cut-Off Wheels|Cut-Off and Chop Wheels,CWCS1M14SC,Bosch Abrasive Wheels for Cutoff Machines,Abrasive Wheels for Cutoff Machines,E:\IMAGES\ITEMS\product\C\W\Bosch-CWCS1M14SC-Abrasive-Wheels-for-Cutoff.jpg,Bosch Abrasives,Bosch CWCS1M14SC Abrasive Wheels for Cutoff Machines,,Abrasive Wheels for Cutoff Machines,,Bosch CWCS1M14SC Abrasive Wheels for Cutoff Machines,Bosch Abrasive Wheels for Cutoff Machines
1734|27764,Cut-Off Wheels|Cut-Off and Chop Wheels,CWCS1S1200,Bosch Abrasive Wheels for Cutoff Machines,Abrasive Wheels for Cutoff Machines,E:\IMAGES\ITEMS\product\C\W\Bosch-CWCS1S1200-Abrasive-Wheels-for-Cutoff.jpg,Bosch Abrasives,Bosch CWCS1S1200 Abrasive Wheels for Cutoff Machines,,Abrasive Wheels for Cutoff Machines,,Bosch CWCS1S1200 Abrasive Wheels for Cutoff Machines,Bosch Abrasive Wheels for Cutoff Machines
1729|27764,Abrasive Wheels|Cut-Off and Chop Wheels,CWCS1S1400,Bosch Abrasive Wheels for Cutoff Machines,Abrasive Wheels for Cutoff Machines,E:\IMAGES\ITEMS\product\C\W\Bosch-CWCS1S1400-Abrasive-Wheels-for-Cutoff.jpg,Bosch Abrasives,Bosch CWCS1S1400 Abrasive Wheels for Cutoff Machines,,Abrasive Wheels for Cutoff Machines,,Bosch CWCS1S1400 Abrasive Wheels for Cutoff Machines,Bosch Abrasive Wheels for Cutoff Machines
1734|27764,Cut-Off Wheels|Cut-Off and Chop Wheels,CWCS1M1000,Bosch Abrasive Wheels for Cutoff Machines,Abrasive Wheels for Cutoff Machines,E:\IMAGES\ITEMS\product\C\W\Bosch-CWCS1M1000-Abrasive-Wheels-for-Cutoff.jpg,Bosch Abrasives,Bosch CWCS1M1000 Abrasive Wheels for Cutoff Machines,,Abrasive Wheels for Cutoff Machines,,Bosch CWCS1M1000 Abrasive Wheels for Cutoff Machines,Bosch Abrasive Wheels for Cutoff Machines
1734|27764,Cut-Off Wheels|Cut-Off and Chop Wheels,CWCS1M1200,Bosch Abrasive Wheels for Cutoff Machines,Abrasive Wheels for Cutoff Machines,E:\IMAGES\ITEMS\product\C\W\Bosch-CWCS1M1200-Abrasive-Wheels-for-Cutoff.jpg,Bosch Abrasives,Bosch CWCS1M1200 Abrasive Wheels for Cutoff Machines,,Abrasive Wheels for Cutoff Machines,,Bosch CWCS1M1200 Abrasive Wheels for Cutoff Machines,Bosch Abrasive Wheels for Cutoff Machines
1734|27764,Cut-Off Wheels|Cut-Off and Chop Wheels,CWCS1M1400,Bosch Abrasive Wheels for Cutoff Machines,Abrasive Wheels for Cutoff Machines,E:\IMAGES\ITEMS\product\C\W\Bosch-CWCS1M1400-Abrasive-Wheels-for-Cutoff.jpg,Bosch Abrasives,Bosch CWCS1M1400 Abrasive Wheels for Cutoff Machines,,Abrasive Wheels for Cutoff Machines,,Bosch CWCS1M1400 Abrasive Wheels for Cutoff Machines,Bosch Abrasive Wheels for Cutoff Machines
1731|28006,Portable | High Speed Wheels|Flat Angle Grinder Wheels,CWPS1D1400,Bosch Portable / High Speed Wheels,Portable / High Speed Wheels,E:\IMAGES\ITEMS\product\C\W\Bosch-CWPS1D1400-Portable-High-Speed.jpg,Bosch Abrasives,Bosch CWPS1D1400 Portable / High Speed Wheels,,Portable / High Speed Wheels,,Bosch CWPS1D1400 Portable / High Speed Wheels,Bosch Portable / High Speed Wheels
1731|28006,Portable | High Speed Wheels|Flat Angle Grinder Wheels,CWPS1D1420,Bosch Portable / High Speed Wheels,Portable / High Speed Wheels,E:\IMAGES\ITEMS\product\C\W\Bosch-CWPS1D1420-Portable-High-Speed.jpg,Bosch Abrasives,Bosch CWPS1D1420 Portable / High Speed Wheels,,Portable / High Speed Wheels,,Bosch CWPS1D1420 Portable / High Speed Wheels,Bosch Portable / High Speed Wheels
1731|28006,Portable | High Speed Wheels|Flat Angle Grinder Wheels,CWPS1D1200,Bosch Portable / High Speed Wheels,Portable / High Speed Wheels,E:\IMAGES\ITEMS\product\C\W\Bosch-CWPS1D1200-Portable-High-Speed.jpg,Bosch Abrasives,Bosch CWPS1D1200 Portable / High Speed Wheels,,Portable / High Speed Wheels,,Bosch CWPS1D1200 Portable / High Speed Wheels,Bosch Portable / High Speed Wheels
1731|28006,Portable | High Speed Wheels|Flat Angle Grinder Wheels,CWPS1D1220,Bosch Portable / High Speed Wheels,Portable / High Speed Wheels,E:\IMAGES\ITEMS\product\C\W\Bosch-CWPS1D1220-Portable-High-Speed.jpg,Bosch Abrasives,Bosch CWPS1D1220 Portable / High Speed Wheels,,Portable / High Speed Wheels,,Bosch CWPS1D1220 Portable / High Speed Wheels,Bosch Portable / High Speed Wheels
1731|28006,Portable | High Speed Wheels|Flat Angle Grinder Wheels,CWPS1M1400,Bosch Portable / High Speed Wheels,Portable / High Speed Wheels,E:\IMAGES\ITEMS\product\C\W\Bosch-CWPS1M1400-Portable-High-Speed.jpg,Bosch Abrasives,Bosch CWPS1M1400 Portable / High Speed Wheels,,Portable / High Speed Wheels,,Bosch CWPS1M1400 Portable / High Speed Wheels,Bosch Portable / High Speed Wheels
1731|28006,Portable | High Speed Wheels|Flat Angle Grinder Wheels,CWPS1M1420,Bosch Portable / High Speed Wheels,Portable / High Speed Wheels,E:\IMAGES\ITEMS\product\C\W\Bosch-CWPS1M1420-Portable-High-Speed.jpg,Bosch Abrasives,Bosch CWPS1M1420 Portable / High Speed Wheels,,Portable / High Speed Wheels,,Bosch CWPS1M1420 Portable / High Speed Wheels,Bosch Portable / High Speed Wheels
1731|28006,Portable | High Speed Wheels|Flat Angle Grinder Wheels,CWPS1M1200,Bosch Portable / High Speed Wheels,Portable / High Speed Wheels,E:\IMAGES\ITEMS\product\C\W\Bosch-CWPS1M1200-Portable-High-Speed.jpg,Bosch Abrasives,Bosch CWPS1M1200 Portable / High Speed Wheels,,Portable / High Speed Wheels,,Bosch CWPS1M1200 Portable / High Speed Wheels,Bosch Portable / High Speed Wheels
1731|28006,Portable | High Speed Wheels|Flat Angle Grinder Wheels,CWPS1M1220,Bosch Portable / High Speed Wheels,Portable / High Speed Wheels,E:\IMAGES\ITEMS\product\C\W\Bosch-CWPS1M1220-Portable-High-Speed.jpg,Bosch Abrasives,Bosch CWPS1M1220 Portable / High Speed Wheels,,Portable / High Speed Wheels,,Bosch CWPS1M1220 Portable / High Speed Wheels,Bosch Portable / High Speed Wheels
1731|28006,Portable | High Speed Wheels|Flat Angle Grinder Wheels,CWPS1A1400,Bosch Portable / High Speed Wheels,Portable / High Speed Wheels,E:\IMAGES\ITEMS\product\C\W\Bosch-CWPS1A1400-Portable-High-Speed.jpg,Bosch Abrasives,Bosch CWPS1A1400 Portable / High Speed Wheels,,Portable / High Speed Wheels,,Bosch CWPS1A1400 Portable / High Speed Wheels,Bosch Portable / High Speed Wheels
1731|28006,Portable | High Speed Wheels|Flat Angle Grinder Wheels,CWPS1A1420,Bosch Portable / High Speed Wheels,Portable / High Speed Wheels,E:\IMAGES\ITEMS\product\C\W\Bosch-CWPS1A1420-Portable-High-Speed.jpg,Bosch Abrasives,Bosch CWPS1A1420 Portable / High Speed Wheels,,Portable / High Speed Wheels,,Bosch CWPS1A1420 Portable / High Speed Wheels,Bosch Portable / High Speed Wheels
1731|28006,Portable | High Speed Wheels|Flat Angle Grinder Wheels,CWPS1A1200,Bosch Portable / High Speed Wheels,Portable / High Speed Wheels,E:\IMAGES\ITEMS\product\C\W\Bosch-CWPS1A1200-Portable-High-Speed.jpg,Bosch Abrasives,Bosch CWPS1A1200 Portable / High Speed Wheels,,Portable / High Speed Wheels,,Bosch CWPS1A1200 Portable / High Speed Wheels,Bosch Portable / High Speed Wheels
1731|28006,Portable | High Speed Wheels|Flat Angle Grinder Wheels,CWPS1A1220,Bosch Portable / High Speed Wheels,Portable / High Speed Wheels,E:\IMAGES\ITEMS\product\C\W\Bosch-CWPS1A1220-Portable-High-Speed- 1.jpg,Bosch Abrasives,Bosch CWPS1A1220 Portable / High Speed Wheels,,Portable / High Speed Wheels,,Bosch CWPS1A1220 Portable / High Speed Wheels,Bosch Portable / High Speed Wheels
1731|28006,Portable | High Speed Wheels|Flat Angle Grinder Wheels,CWPS1C1400,Bosch Portable / High Speed Wheels,Portable / High Speed Wheels,E:\IMAGES\ITEMS\product\C\W\Bosch-CWPS1C1400-Portable-High-Speed.jpg,Bosch Abrasives,Bosch CWPS1C1400 Portable / High Speed Wheels,,Portable / High Speed Wheels,,Bosch CWPS1C1400 Portable / High Speed Wheels,Bosch Portable / High Speed Wheels
1731|28006,Portable | High Speed Wheels|Flat Angle Grinder Wheels,CWPS1C1420,Bosch Portable / High Speed Wheels,Portable / High Speed Wheels,E:\IMAGES\ITEMS\product\C\W\Bosch-CWPS1C1420-Portable-High-Speed.jpg,Bosch Abrasives,Bosch CWPS1C1420 Portable / High Speed Wheels,,Portable / High Speed Wheels,,Bosch CWPS1C1420 Portable / High Speed Wheels,Bosch Portable / High Speed Wheels
1731|28006,Portable | High Speed Wheels|Flat Angle Grinder Wheels,CWPS1C1200,Bosch Portable / High Speed Wheels,Portable / High Speed Wheels,E:\IMAGES\ITEMS\product\C\W\Bosch-CWPS1C1200-Portable-High-Speed.jpg,Bosch Abrasives,Bosch CWPS1C1200 Portable / High Speed Wheels,,Portable / High Speed Wheels,,Bosch CWPS1C1200 Portable / High Speed Wheels,Bosch Portable / High Speed Wheels
1731|28006,Portable | High Speed Wheels|Flat Angle Grinder Wheels,CWPS1C1220,Bosch Portable / High Speed Wheels,Portable / High Speed Wheels,E:\IMAGES\ITEMS\product\C\W\Bosch-CWPS1C1220-Portable-High-Speed.jpg,Bosch Abrasives,Bosch CWPS1C1220 Portable / High Speed Wheels,,Portable / High Speed Wheels,,Bosch CWPS1C1220 Portable / High Speed Wheels,Bosch Portable / High Speed Wheels
1730|28001,Stationary Wheels|Stationary Wheels,CSS1M1200,Bosch Stationary Wheels,Stationary Wheels,E:\IMAGES\ITEMS\product\C\S\Bosch-CSS1M1200-Stationary.jpg,Bosch Abrasives,Bosch CSS1M1200 Stationary Wheels,,Stationary Wheels,,Bosch CSS1M1200 Stationary Wheels,Bosch Stationary Wheels
1730|28001,Stationary Wheels|Stationary Wheels,CSS1M1400,Bosch Stationary Wheels,Stationary Wheels,E:\IMAGES\ITEMS\product\C\S\Bosch-CSS1M1400-Stationary.jpg,Bosch Abrasives,Bosch CSS1M1400 Stationary Wheels,,Stationary Wheels,,Bosch CSS1M1400 Stationary Wheels,Bosch Stationary Wheels
1730|28001,Stationary Wheels|Stationary Wheels,CSS1M1600,Bosch Stationary Wheels,Stationary Wheels,E:\IMAGES\ITEMS\product\C\S\Bosch-CSS1M1600-Stationary.jpg,Bosch Abrasives,Bosch CSS1M1600 Stationary Wheels,,Stationary Wheels,,Bosch CSS1M1600 Stationary Wheels,Bosch Stationary Wheels
1730|28001,Stationary Wheels|Stationary Wheels,CSS1M1000,Bosch Stationary Wheels,Stationary Wheels,E:\IMAGES\ITEMS\product\C\S\Bosch-CSS1M1000-Stationary.jpg,Bosch Abrasives,Bosch CSS1M1000 Stationary Wheels,,Stationary Wheels,,Bosch CSS1M1000 Stationary Wheels,Bosch Stationary Wheels
1730|28001,Stationary Wheels|Stationary Wheels,CSS1C1000,Bosch Stationary Wheels,Stationary Wheels,E:\IMAGES\ITEMS\product\C\S\Bosch-CSS1C1000-Stationary.jpg,Bosch Abrasives,Bosch CSS1C1000 Stationary Wheels,,Stationary Wheels,,Bosch CSS1C1000 Stationary Wheels,Bosch Stationary Wheels
1730|28001,Stationary Wheels|Stationary Wheels,CSS1C1200,Bosch Stationary Wheels,Stationary Wheels,E:\IMAGES\ITEMS\product\C\S\Bosch-CSS1C1200-Stationary.jpg,Bosch Abrasives,Bosch CSS1C1200 Stationary Wheels,,Stationary Wheels,,Bosch CSS1C1200 Stationary Wheels,Bosch Stationary Wheels
1730|28001,Stationary Wheels|Stationary Wheels,CSS1C1400,Bosch Stationary Wheels,Stationary Wheels,E:\IMAGES\ITEMS\product\C\S\Bosch-CSS1C1400-Stationary.jpg,Bosch Abrasives,Bosch CSS1C1400 Stationary Wheels,,Stationary Wheels,,Bosch CSS1C1400 Stationary Wheels,Bosch Stationary Wheels
1728|28006,Grinding Wheels|Flat Angle Grinder Wheels,CWDG1M403,Bosch Die Grinder / Straight Grinder Wheels,Die Grinder / Straight Grinder Wheels,E:\IMAGES\ITEMS\product\C\W\Bosch-CWDG1M403-Die-Grinder-Straight-Grinder.jpg,Bosch Abrasives,Bosch CWDG1M403 Die Grinder / Straight Grinder Wheels,,Die Grinder / Straight Grinder Wheels,,Bosch CWDG1M403 Die Grinder / Straight Grinder Wheels,Bosch Die Grinder / Straight Grinder Wheels
1728|28006,Grinding Wheels|Flat Angle Grinder Wheels,CWDG1M313,Bosch Die Grinder / Straight Grinder Wheels,Die Grinder / Straight Grinder Wheels,E:\IMAGES\ITEMS\product\C\W\Bosch-CWDG1M313-Die-Grinder-Straight-Grinder.jpg,Bosch Abrasives,Bosch CWDG1M313 Die Grinder / Straight Grinder Wheels,,Die Grinder / Straight Grinder Wheels,,Bosch CWDG1M313 Die Grinder / Straight Grinder Wheels,Bosch Die Grinder / Straight Grinder Wheels
1728|28006,Grinding Wheels|Flat Angle Grinder Wheels,CWDG1M411,Bosch Die Grinder / Straight Grinder Wheels,Die Grinder / Straight Grinder Wheels,E:\IMAGES\ITEMS\product\C\W\Bosch-CWDG1M411-Die-Grinder-Straight-Grinder.jpg,Bosch Abrasives,Bosch CWDG1M411 Die Grinder / Straight Grinder Wheels,,Die Grinder / Straight Grinder Wheels,,Bosch CWDG1M411 Die Grinder / Straight Grinder Wheels,Bosch Die Grinder / Straight Grinder Wheels
1728|28006,Grinding Wheels|Flat Angle Grinder Wheels,CWDG1M415,Bosch Die Grinder / Straight Grinder Wheels,Die Grinder / Straight Grinder Wheels,E:\IMAGES\ITEMS\product\C\W\Bosch-CWDG1M415-Die-Grinder-Straight-Grinder.jpg,Bosch Abrasives,Bosch CWDG1M415 Die Grinder / Straight Grinder Wheels,,Die Grinder / Straight Grinder Wheels,,Bosch CWDG1M415 Die Grinder / Straight Grinder Wheels,Bosch Die Grinder / Straight Grinder Wheels
1728|28006,Grinding Wheels|Flat Angle Grinder Wheels,CWDG1M413,Bosch Die Grinder / Straight Grinder Wheels,Die Grinder / Straight Grinder Wheels,E:\IMAGES\ITEMS\product\C\W\Bosch-CWDG1M413-Die-Grinder-Straight-Grinder.jpg,Bosch Abrasives,Bosch CWDG1M413 Die Grinder / Straight Grinder Wheels,,Die Grinder / Straight Grinder Wheels,,Bosch CWDG1M413 Die Grinder / Straight Grinder Wheels,Bosch Die Grinder / Straight Grinder Wheels
1728|28006,Grinding Wheels|Flat Angle Grinder Wheels,CWDG1M252,Bosch Die Grinder / Straight Grinder Wheels,Die Grinder / Straight Grinder Wheels,E:\IMAGES\ITEMS\product\C\W\Bosch-CWDG1M252-Die-Grinder-Straight-Grinder.jpg,Bosch Abrasives,Bosch CWDG1M252 Die Grinder / Straight Grinder Wheels,,Die Grinder / Straight Grinder Wheels,,Bosch CWDG1M252 Die Grinder / Straight Grinder Wheels,Bosch Die Grinder / Straight Grinder Wheels
1728|28006,Grinding Wheels|Flat Angle Grinder Wheels,CWDG1M203,Bosch Die Grinder / Straight Grinder Wheels,Die Grinder / Straight Grinder Wheels,E:\IMAGES\ITEMS\product\C\W\Bosch-CWDG1M203-Die-Grinder-Straight-Grinder.jpg,Bosch Abrasives,Bosch CWDG1M203 Die Grinder / Straight Grinder Wheels,,Die Grinder / Straight Grinder Wheels,,Bosch CWDG1M203 Die Grinder / Straight Grinder Wheels,Bosch Die Grinder / Straight Grinder Wheels
1728|28006,Grinding Wheels|Flat Angle Grinder Wheels,CWDG1M253,Bosch Die Grinder / Straight Grinder Wheels,Die Grinder / Straight Grinder Wheels,E:\IMAGES\ITEMS\product\C\W\Bosch-CWDG1M253-Die-Grinder-Straight-Grinder.jpg,Bosch Abrasives,Bosch CWDG1M253 Die Grinder / Straight Grinder Wheels,,Die Grinder / Straight Grinder Wheels,,Bosch CWDG1M253 Die Grinder / Straight Grinder Wheels,Bosch Die Grinder / Straight Grinder Wheels
1728|28006,Grinding Wheels|Flat Angle Grinder Wheels,CWDG1M311,Bosch Die Grinder / Straight Grinder Wheels,Die Grinder / Straight Grinder Wheels,E:\IMAGES\ITEMS\product\C\W\Bosch-CWDG1M311-Die-Grinder-Straight-Grinder.jpg,Bosch Abrasives,Bosch CWDG1M311 Die Grinder / Straight Grinder Wheels,,Die Grinder / Straight Grinder Wheels,,Bosch CWDG1M311 Die Grinder / Straight Grinder Wheels,Bosch Die Grinder / Straight Grinder Wheels
1728|28006,Grinding Wheels|Flat Angle Grinder Wheels,CWDG1M303,Bosch Die Grinder / Straight Grinder Wheels,Die Grinder / Straight Grinder Wheels,E:\IMAGES\ITEMS\product\C\W\Bosch-CWDG1M303-Die-Grinder-Straight-Grinder.jpg,Bosch Abrasives,Bosch CWDG1M303 Die Grinder / Straight Grinder Wheels,,Die Grinder / Straight Grinder Wheels,,Bosch CWDG1M303 Die Grinder / Straight Grinder Wheels,Bosch Die Grinder / Straight Grinder Wheels
