﻿category_ids,category_names,sku,meta_title,meta_description,Image,manufacturer,description,short_description,summary,upc,size_info,meta_keyword
26920,Water Stops,DBCB-2518,Dumbbell with Center Bulb,,E:\IMAGES\ITEMS\product\D\B\bometals-inc-dbcb-2518-dumbbell-with-center-bulb- 2.jpg,BoMetals Inc,Dumbbell with center bulb PVC waterstops are used in expansion joints where longitudinal and transverse movement is anticipated.,,,,Head Pressure: 10',Dumbbell with Center Bulb
26920,Water Stops,DBCB-614,Dumbbell with Center Bulb,,E:\IMAGES\ITEMS\product\D\B\bometals-inc-dbcb-614-dumbbell-with-center-bulb- 2.jpg,BoMetals Inc,Dumbbell with center bulb PVC waterstops are used in expansion joints where longitudinal and transverse movement is anticipated.,,,,Head Pressure: 100',Dumbbell with Center Bulb
26920,Water Stops,DBCB-638,Dumbbell with Center Bulb,,E:\IMAGES\ITEMS\product\D\B\bometals-inc-dbcb-638-dumbbell-with-center-bulb- 2.jpg,BoMetals Inc,Dumbbell with center bulb PVC waterstops are used in expansion joints where longitudinal and transverse movement is anticipated.,,,,Head Pressure: 100',Dumbbell with Center Bulb
26920,Water Stops,DBCB-938,Dumbbell with Center Bulb,,E:\IMAGES\ITEMS\product\D\B\bometals-inc-dbcb-938-dumbbell-with-center-bulb- 2.jpg,BoMetals Inc,Dumbbell with center bulb PVC waterstops are used in expansion joints where longitudinal and transverse movement is anticipated.,,,,Head Pressure: 150',Dumbbell with Center Bulb
26920,Water Stops,DBCB-938L,Dumbbell with Center Bulb,,E:\IMAGES\ITEMS\product\D\B\bometals-inc-dbcb-938l-dumbbell-with-center-bulb- 2.jpg,BoMetals Inc,Dumbbell with center bulb PVC waterstops are used in expansion joints where longitudinal and transverse movement is anticipated.,,,,Head Pressure: 150',Dumbbell with Center Bulb
26920,Water Stops,RCB-4316,Ribbed Center Bulb,,E:\IMAGES\ITEMS\product\R\C\bometals-inc-rcb-4316-ribbed-center-bulb- 2.jpg,BoMetals Inc,Ribbed center bulb PVC waterstops are used in expansion joints where normal movement between members is anticipated and is also available in split shapes.,,,,Head Pressure: 65',Ribbed Center Bulb
26920,Water Stops,RCB-4316CA,Ribbed Center Bulb,,E:\IMAGES\ITEMS\product\R\C\bometals-inc-rcb-4316ca-ribbed-center-bulb- 2.jpg,BoMetals Inc,Ribbed center bulb PVC waterstops are used in expansion joints where normal movement between members is anticipated and is also available in split shapes.,,,,Head Pressure: 65',Ribbed Center Bulb
26920,Water Stops,RCB-4316LB,Ribbed Center Bulb,,E:\IMAGES\ITEMS\product\R\C\bometals-inc-rcb-4316lb-ribbed-center-bulb- 2.jpg,BoMetals Inc,Ribbed center bulb PVC waterstops are used in expansion joints where normal movement between members is anticipated and is also available in split shapes.,,,,Head Pressure: 65',Ribbed Center Bulb
26920,Water Stops,RCB-4316NT,Ribbed Center Bulb,,E:\IMAGES\ITEMS\product\R\C\bometals-inc-rcb-4316nt-ribbed-center-bulb- 2.jpg,BoMetals Inc,Ribbed center bulb PVC waterstops are used in expansion joints where normal movement between members is anticipated and is also available in split shapes.,,,,Head Pressure: 65',Ribbed Center Bulb
26920,Water Stops,RCB-6316,Ribbed Center Bulb,,E:\IMAGES\ITEMS\product\R\C\bometals-inc-rcb-6316-ribbed-center-bulb- 2.jpg,BoMetals Inc,Ribbed center bulb PVC waterstops are used in expansion joints where normal movement between members is anticipated and is also available in split shapes.,,,,Head Pressure: 100',Ribbed Center Bulb
26920,Water Stops,RCB-6316NT,Ribbed Center Bulb,,E:\IMAGES\ITEMS\product\R\C\bometals-inc-rcb-6316nt-ribbed-center-bulb- 2.jpg,BoMetals Inc,Ribbed center bulb PVC waterstops are used in expansion joints where normal movement between members is anticipated and is also available in split shapes.,,,,Head Pressure: 100',Ribbed Center Bulb
26920,Water Stops,RCB-6316T,Ribbed Center Bulb,,E:\IMAGES\ITEMS\product\R\C\bometals-inc-rcb-6316t-ribbed-center-bulb- 2.jpg,BoMetals Inc,Ribbed center bulb PVC waterstops are used in expansion joints where normal movement between members is anticipated and is also available in split shapes.,,,,Head Pressure: 100',Ribbed Center Bulb
26920,Water Stops,RCB-6316A,Ribbed Center Bulb,,E:\IMAGES\ITEMS\product\R\C\bometals-inc-rcb-6316a-ribbed-center-bulb- 2.jpg,BoMetals Inc,Ribbed center bulb PVC waterstops are used in expansion joints where normal movement between members is anticipated and is also available in split shapes.,,,,Head Pressure: 100',Ribbed Center Bulb
26920,Water Stops,RCB-612,Ribbed Center Bulb,,E:\IMAGES\ITEMS\product\R\C\bometals-inc-rcb-612-ribbed-center-bulb- 2.jpg,BoMetals Inc,Ribbed center bulb PVC waterstops are used in expansion joints where normal movement between members is anticipated and is also available in split shapes.,,,,Head Pressure: 150',Ribbed Center Bulb
26920,Water Stops,RCB-614,Ribbed Center Bulb,,E:\IMAGES\ITEMS\product\R\C\bometals-inc-rcb-614-ribbed-center-bulb- 2.jpg,BoMetals Inc,Ribbed center bulb PVC waterstops are used in expansion joints where normal movement between members is anticipated and is also available in split shapes.,,,,Head Pressure: 100',Ribbed Center Bulb
26920,Water Stops,RCB-638,Ribbed Center Bulb,,E:\IMAGES\ITEMS\product\R\C\bometals-inc-rcb-638-ribbed-center-bulb- 2.jpg,BoMetals Inc,Ribbed center bulb PVC waterstops are used in expansion joints where normal movement between members is anticipated and is also available in split shapes.,,,,Head Pressure: 125',Ribbed Center Bulb
26920,Water Stops,RCB-638BR,Ribbed Center Bulb,,E:\IMAGES\ITEMS\product\R\C\bometals-inc-rcb-638br-ribbed-center-bulb- 2.jpg,BoMetals Inc,Ribbed center bulb PVC waterstops are used in expansion joints where normal movement between members is anticipated and is also available in split shapes.,,,,Head Pressure: 125',Ribbed Center Bulb
26920,Water Stops,RCB-638LB,Ribbed Center Bulb,,E:\IMAGES\ITEMS\product\R\C\bometals-inc-rcb-638lb-ribbed-center-bulb- 2.jpg,BoMetals Inc,Ribbed center bulb PVC waterstops are used in expansion joints where normal movement between members is anticipated and is also available in split shapes.,,,,Head Pressure: 125',Ribbed Center Bulb
26920,Water Stops,RCB-638NT,Ribbed Center Bulb,,E:\IMAGES\ITEMS\product\R\C\bometals-inc-rcb-638nt-ribbed-center-bulb- 2.jpg,BoMetals Inc,Ribbed center bulb PVC waterstops are used in expansion joints where normal movement between members is anticipated and is also available in split shapes.,,,,Head Pressure: 125',Ribbed Center Bulb
26920,Water Stops,RCB-714,Ribbed Center Bulb,,E:\IMAGES\ITEMS\product\R\C\bometals-inc-rcb-714-ribbed-center-bulb- 2.jpg,BoMetals Inc,Ribbed center bulb PVC waterstops are used in expansion joints where normal movement between members is anticipated and is also available in split shapes.,,,,Head Pressure: 100',Ribbed Center Bulb
26920,Water Stops,RCB-912,Ribbed Center Bulb,,E:\IMAGES\ITEMS\product\R\C\bometals-inc-rcb-912-ribbed-center-bulb- 2.jpg,BoMetals Inc,Ribbed center bulb PVC waterstops are used in expansion joints where normal movement between members is anticipated and is also available in split shapes.,,,,Head Pressure: 200',Ribbed Center Bulb
26920,Water Stops,RCB-9316,Ribbed Center Bulb,,E:\IMAGES\ITEMS\product\R\C\bometals-inc-rcb-9316-ribbed-center-bulb- 2.jpg,BoMetals Inc,Ribbed center bulb PVC waterstops are used in expansion joints where normal movement between members is anticipated and is also available in split shapes.,,,,Head Pressure: 100',Ribbed Center Bulb
26920,Water Stops,RCB-938,Ribbed Center Bulb,,E:\IMAGES\ITEMS\product\R\C\bometals-inc-rcb-938-ribbed-center-bulb- 2.jpg,BoMetals Inc,Ribbed center bulb PVC waterstops are used in expansion joints where normal movement between members is anticipated and is also available in split shapes.,,,,Head Pressure: 175',Ribbed Center Bulb
26920,Water Stops,RCB-938BR,Ribbed Center Bulb,,E:\IMAGES\ITEMS\product\R\C\bometals-inc-rcb-938br-ribbed-center-bulb- 2.jpg,BoMetals Inc,Ribbed center bulb PVC waterstops are used in expansion joints where normal movement between members is anticipated and is also available in split shapes.,,,,Head Pressure: 175',Ribbed Center Bulb
26920,Water Stops,RCB-938LB,Ribbed Center Bulb,,E:\IMAGES\ITEMS\product\R\C\bometals-inc-rcb-938lb-ribbed-center-bulb- 2.jpg,BoMetals Inc,Ribbed center bulb PVC waterstops are used in expansion joints where normal movement between members is anticipated and is also available in split shapes.,,,,Head Pressure: 175',Ribbed Center Bulb
26920,Water Stops,RCB-938M,Ribbed Center Bulb,,E:\IMAGES\ITEMS\product\R\C\bometals-inc-rcb-938m-ribbed-center-bulb- 2.jpg,BoMetals Inc,Ribbed center bulb PVC waterstops are used in expansion joints where normal movement between members is anticipated and is also available in split shapes.,,,,Head Pressure: 125',Ribbed Center Bulb
26920,Water Stops,RCB-938NT,Ribbed Center Bulb,,E:\IMAGES\ITEMS\product\R\C\bometals-inc-rcb-938nt-ribbed-center-bulb- 2.jpg,BoMetals Inc,Ribbed center bulb PVC waterstops are used in expansion joints where normal movement between members is anticipated and is also available in split shapes.,,,,Head Pressure: 175',Ribbed Center Bulb
26920,Water Stops,RCB-938VLB,Ribbed Center Bulb,,E:\IMAGES\ITEMS\product\R\C\bometals-inc-rcb-938vlb-ribbed-center-bulb- 2.jpg,BoMetals Inc,Ribbed center bulb PVC waterstops are used in expansion joints where normal movement between members is anticipated and is also available in split shapes.,,,,Head Pressure: 150',Ribbed Center Bulb
26920,Water Stops,RCB-1212,Ribbed Center Bulb,,E:\IMAGES\ITEMS\product\R\C\bometals-inc-rcb-1212-ribbed-center-bulb- 2.jpg,BoMetals Inc,Ribbed center bulb PVC waterstops are used in expansion joints where normal movement between members is anticipated and is also available in split shapes.,,,,Head Pressure: 225',Ribbed Center Bulb
26920,Water Stops,RCB-1212BR,Ribbed Center Bulb,,E:\IMAGES\ITEMS\product\R\C\bometals-inc-rcb-1212br-ribbed-center-bulb- 2.jpg,BoMetals Inc,Ribbed center bulb PVC waterstops are used in expansion joints where normal movement between members is anticipated and is also available in split shapes.,,,,Head Pressure: 225',Ribbed Center Bulb
26920,Water Stops,RCB-1212T,Ribbed Center Bulb,,E:\IMAGES\ITEMS\product\R\C\bometals-inc-rcb-1212t-ribbed-center-bulb- 2.jpg,BoMetals Inc,Ribbed center bulb PVC waterstops are used in expansion joints where normal movement between members is anticipated and is also available in split shapes.,,,,Head Pressure: 225',Ribbed Center Bulb
26920,Water Stops,RCB-12316,Ribbed Center Bulb,,E:\IMAGES\ITEMS\product\R\C\bometals-inc-rcb-12316-ribbed-center-bulb- 2.jpg,BoMetals Inc,Ribbed center bulb PVC waterstops are used in expansion joints where normal movement between members is anticipated and is also available in split shapes.,,,,Head Pressure: 150',Ribbed Center Bulb
26920,Water Stops,SR-4316,Split Ribbed,,E:\IMAGES\ITEMS\product\S\R\bometals-inc-sr-4316-split-ribbed- 2.jpg,BoMetals Inc,"Split Ribbed PVC waterstops are used in expansion joints where movement between members is anticipated. They are generally used above grade, but since it is a universal design, they can be used below grade as well. The size of the joint and shear movement",,,,Head Pressure: 65',Split Ribbed
26920,Water Stops,SR-6316,Split Ribbed,,E:\IMAGES\ITEMS\product\S\R\bometals-inc-sr-6316-split-ribbed- 2.jpg,BoMetals Inc,"Split Ribbed PVC waterstops are used in expansion joints where movement between members is anticipated. They are generally used above grade, but since it is a universal design, they can be used below grade as well. The size of the joint and shear movement",,,,Head Pressure: 100',Split Ribbed
26920,Water Stops,SR-638,Split Ribbed,,E:\IMAGES\ITEMS\product\S\R\bometals-inc-sr-638-split-ribbed- 2.jpg,BoMetals Inc,"Split Ribbed PVC waterstops are used in expansion joints where movement between members is anticipated. They are generally used above grade, but since it is a universal design, they can be used below grade as well. The size of the joint and shear movement",,,,Head Pressure: 120',Split Ribbed
26920,Water Stops,SR-938,Split Ribbed,,E:\IMAGES\ITEMS\product\S\R\bometals-inc-sr-938-split-ribbed- 2.jpg,BoMetals Inc,"Split Ribbed PVC waterstops are used in expansion joints where movement between members is anticipated. They are generally used above grade, but since it is a universal design, they can be used below grade as well. The size of the joint and shear movement",,,,Head Pressure: 150',Split Ribbed
26920,Water Stops,SR-1212,Split Ribbed,,E:\IMAGES\ITEMS\product\S\R\bometals-inc-sr-1212-split-ribbed- 2.jpg,BoMetals Inc,"Split Ribbed PVC waterstops are used in expansion joints where movement between members is anticipated. They are generally used above grade, but since it is a universal design, they can be used below grade as well. The size of the joint and shear movement",,,,Head Pressure: 200',Split Ribbed
26920,Water Stops,CTW1-2,Tear Web,,E:\IMAGES\ITEMS\product\C\T\bometals-inc-ctw1-2-tear-web- 2.jpg,BoMetals Inc,Tear web PVC waterstops are used in expansion joints where large joint movements are expected.,,,,Head Pressure: 35',Tear Web
26920,Water Stops,TW-618,Tear Web,,E:\IMAGES\ITEMS\product\T\W\bometals-inc-tw-618-tear-web- 2.jpg,BoMetals Inc,Tear web PVC waterstops are used in expansion joints where large joint movements are expected.,,,,Head Pressure: 65',Tear Web
26920,Water Stops,TW-918,Tear Web,,E:\IMAGES\ITEMS\product\T\W\bometals-inc-tw-918-tear-web- 2.jpg,BoMetals Inc,Tear web PVC waterstops are used in expansion joints where large joint movements are expected.,,,,Head Pressure: 100',Tear Web
26920,Water Stops,TW-938,Tear Web,,E:\IMAGES\ITEMS\product\T\W\bometals-inc-tw-938-tear-web- 2.jpg,BoMetals Inc,Tear web PVC waterstops are used in expansion joints where large joint movements are expected.,,,,Head Pressure: 150',Tear Web
26920,Water Stops,TW-10316,Tear Web,,E:\IMAGES\ITEMS\product\T\W\bometals-inc-tw-10316-tear-web- 2.jpg,BoMetals Inc,Tear web PVC waterstops are used in expansion joints where large joint movements are expected.,,,,Head Pressure: 75',Tear Web
26920,Water Stops,ICB-15010,International Moving Joints,,E:\IMAGES\ITEMS\product\I\C\bometals-inc-icb-15010-international-moving-joints- 2.jpg,BoMetals Inc,Internal Style Expansion Joints,,,,Kg/LM: 1.14,International Moving Joints
26920,Water Stops,ICB-15020,International Moving Joints,,E:\IMAGES\ITEMS\product\I\C\bometals-inc-icb-15020-international-moving-joints- 2.jpg,BoMetals Inc,Internal Style Expansion Joints,,,,Kg/LM: 1.67,International Moving Joints
26920,Water Stops,ICB-20015,International Moving Joints,,E:\IMAGES\ITEMS\product\I\C\bometals-inc-icb-20015-international-moving-joints- 2.jpg,BoMetals Inc,Internal Style Expansion Joints,,,,Kg/LM: 1.38,International Moving Joints
26920,Water Stops,ICB-20020,International Moving Joints,,E:\IMAGES\ITEMS\product\I\C\bometals-inc-icb-20020-international-moving-joints- 2.jpg,BoMetals Inc,Internal Style Expansion Joints,,,,Kg/LM: 1.97,International Moving Joints
26920,Water Stops,ICB-25015,International Moving Joints,,E:\IMAGES\ITEMS\product\I\C\bometals-inc-icb-25015-international-moving-joints- 2.jpg,BoMetals Inc,Internal Style Expansion Joints,,,,Kg/LM: 1.75,International Moving Joints
26920,Water Stops,ICB-25025,International Moving Joints,,E:\IMAGES\ITEMS\product\I\C\bometals-inc-icb-25025-international-moving-joints- 2.jpg,BoMetals Inc,Internal Style Expansion Joints,,,,Kg/LM: 2.64,International Moving Joints
26920,Water Stops,ITW-15020,International Moving Joints,,E:\IMAGES\ITEMS\product\I\T\bometals-inc-itw-15020-international-moving-joints- 2.jpg,BoMetals Inc,External Style Expansion Joints,,,,Kg/LM: 1.51,International Moving Joints
26920,Water Stops,ITW-20020,International Moving Joints,,E:\IMAGES\ITEMS\product\I\T\bometals-inc-itw-20020-international-moving-joints- 2.jpg,BoMetals Inc,External Style Expansion Joints,,,,Kg/LM: 2.16,International Moving Joints
26920,Water Stops,ITW-20017,International Moving Joints,,E:\IMAGES\ITEMS\product\I\T\bometals-inc-itw-20017-international-moving-joints- 2.jpg,BoMetals Inc,External Style Expansion Joints,,,,Kg/LM: 1.74,International Moving Joints
26920,Water Stops,ITW-25019,International Moving Joints,,E:\IMAGES\ITEMS\product\I\T\bometals-inc-itw-25019-international-moving-joints- 2.jpg,BoMetals Inc,External Style Expansion Joints,,,,Kg/LM: 2.74,International Moving Joints
26920,Water Stops,ITW-25025,International Moving Joints,,E:\IMAGES\ITEMS\product\I\T\bometals-inc-itw-25025-international-moving-joints- 2.jpg,BoMetals Inc,External Style Expansion Joints,,,,Kg/LM: 2.74,International Moving Joints
26920,Water Stops,BS-618,Base Seals,,E:\IMAGES\ITEMS\product\B\S\bometals-inc-bs-618-base-seals- 2.jpg,BoMetals Inc,"Base seal waterstops are used on grade or below grade in joints between concrete walls and slabs, in backfilled retaining walls and in keyed construction joints in walls and slabs.",,,,Head Pressure: 100',Base Seals
26920,Water Stops,BS-618CI,Base Seals,,E:\IMAGES\ITEMS\product\B\S\bometals-inc-bs-618ci-base-seals- 2.jpg,BoMetals Inc,"Base seal waterstops are used on grade or below grade in joints between concrete walls and slabs, in backfilled retaining walls and in keyed construction joints in walls and slabs.",,,,Head Pressure: 100',Base Seals
26920,Water Stops,BS-718,Base Seals,,E:\IMAGES\ITEMS\product\B\S\bometals-inc-bs-718-base-seals- 2.jpg,BoMetals Inc,"Base seal waterstops are used on grade or below grade in joints between concrete walls and slabs, in backfilled retaining walls and in keyed construction joints in walls and slabs.",,,,Head Pressure: 100',Base Seals
26920,Water Stops,BS-718E,Base Seals,,E:\IMAGES\ITEMS\product\B\S\bometals-inc-bs-718e-base-seals- 2.jpg,BoMetals Inc,"Base seal waterstops are used on grade or below grade in joints between concrete walls and slabs, in backfilled retaining walls and in keyed construction joints in walls and slabs.",,,,Head Pressure: 100',Base Seals
26920,Water Stops,BS-72518,Base Seals,,E:\IMAGES\ITEMS\product\B\S\bometals-inc-bs-72518-base-seals- 2.jpg,BoMetals Inc,"Base seal waterstops are used on grade or below grade in joints between concrete walls and slabs, in backfilled retaining walls and in keyed construction joints in walls and slabs.",,,,Head Pressure: 75',Base Seals
26920,Water Stops,BS-9316,Base Seals,,E:\IMAGES\ITEMS\product\B\S\bometals-inc-bs-9316-base-seals- 2.jpg,BoMetals Inc,"Base seal waterstops are used on grade or below grade in joints between concrete walls and slabs, in backfilled retaining walls and in keyed construction joints in walls and slabs.",,,,Head Pressure: 100',Base Seals
26920,Water Stops,BS-9532,Base Seals,,E:\IMAGES\ITEMS\product\B\S\bometals-inc-bs-9532-base-seals- 2.jpg,BoMetals Inc,"Base seal waterstops are used on grade or below grade in joints between concrete walls and slabs, in backfilled retaining walls and in keyed construction joints in walls and slabs.",,,,Head Pressure: 100',Base Seals
26920,Water Stops,BS-13316,Base Seals,,E:\IMAGES\ITEMS\product\B\S\bometals-inc-bs-13316-base-seals- 2.jpg,BoMetals Inc,"Base seal waterstops are used on grade or below grade in joints between concrete walls and slabs, in backfilled retaining walls and in keyed construction joints in walls and slabs.",,,,Head Pressure: 175',Base Seals
26920,Water Stops,BS-17532,Base Seals,,E:\IMAGES\ITEMS\product\B\S\bometals-inc-bs-17532-base-seals- 2.jpg,BoMetals Inc,"Base seal waterstops are used on grade or below grade in joints between concrete walls and slabs, in backfilled retaining walls and in keyed construction joints in walls and slabs.",,,,Head Pressure: N/A,Base Seals
26920,Water Stops,CU-912,Base Seals,,E:\IMAGES\ITEMS\product\C\U\bometals-inc-cu-912-base-seals- 2.jpg,BoMetals Inc,"Base seal waterstops are used on grade or below grade in joints between concrete walls and slabs, in backfilled retaining walls and in keyed construction joints in walls and slabs.",,,,Head Pressure: N/A,Base Seals
26920,Water Stops,DB-4316,Dumbbell,,E:\IMAGES\ITEMS\product\D\B\bometals-inc-db-4316-dumbbell- 2.jpg,BoMetals Inc,Dumbbell PVC waterstops are used in construction joints where little or no movement is anticipated. Also available in split shapes.,,,,Head Pressure: 65',Dumbbell
26920,Water Stops,DB-6316,Dumbbell,,E:\IMAGES\ITEMS\product\D\B\bometals-inc-db-6316-dumbbell- 2.jpg,BoMetals Inc,Dumbbell PVC waterstops are used in construction joints where little or no movement is anticipated. Also available in split shapes.,,,,Head Pressure: 75',Dumbbell
26920,Water Stops,DB-6316LB,Dumbbell,,E:\IMAGES\ITEMS\product\D\B\bometals-inc-db-6316lb-dumbbell- 2.jpg,BoMetals Inc,Dumbbell PVC waterstops are used in construction joints where little or no movement is anticipated. Also available in split shapes.,,,,Head Pressure: 75',Dumbbell
26920,Water Stops,DB-614,Dumbbell,,E:\IMAGES\ITEMS\product\D\B\bometals-inc-db-614-dumbbell- 2.jpg,BoMetals Inc,Dumbbell PVC waterstops are used in construction joints where little or no movement is anticipated. Also available in split shapes.,,,,Head Pressure: 100',Dumbbell
26920,Water Stops,DB-638,Dumbbell,,E:\IMAGES\ITEMS\product\D\B\bometals-inc-db-638-dumbbell- 2.jpg,BoMetals Inc,Dumbbell PVC waterstops are used in construction joints where little or no movement is anticipated. Also available in split shapes.,,,,Head Pressure: 125',Dumbbell
26920,Water Stops,DB-9316,Dumbbell,,E:\IMAGES\ITEMS\product\D\B\bometals-inc-db-9316-dumbbell- 2.jpg,BoMetals Inc,Dumbbell PVC waterstops are used in construction joints where little or no movement is anticipated. Also available in split shapes.,,,,Head Pressure: 100',Dumbbell
26920,Water Stops,DB-912,Dumbbell,,E:\IMAGES\ITEMS\product\D\B\bometals-inc-db-912-dumbbell- 2.jpg,BoMetals Inc,Dumbbell PVC waterstops are used in construction joints where little or no movement is anticipated. Also available in split shapes.,,,,Head Pressure: 200',Dumbbell
26920,Water Stops,DB-938,Dumbbell,,E:\IMAGES\ITEMS\product\D\B\bometals-inc-db-938-dumbbell- 2.jpg,BoMetals Inc,Dumbbell PVC waterstops are used in construction joints where little or no movement is anticipated. Also available in split shapes.,,,,Head Pressure: 150',Dumbbell
26920,Water Stops,DB-938LB,Dumbbell,,E:\IMAGES\ITEMS\product\D\B\bometals-inc-db-938lb-dumbbell- 2.jpg,BoMetals Inc,Dumbbell PVC waterstops are used in construction joints where little or no movement is anticipated. Also available in split shapes.,,,,Head Pressure: 150',Dumbbell
26920,Water Stops,DB-1212,Dumbbell,,E:\IMAGES\ITEMS\product\D\B\bometals-inc-db-1212-dumbbell- 2.jpg,BoMetals Inc,Dumbbell PVC waterstops are used in construction joints where little or no movement is anticipated. Also available in split shapes.,,,,Head Pressure: 225',Dumbbell
26920,Water Stops,DB-1238,Dumbbell,,E:\IMAGES\ITEMS\product\D\B\bometals-inc-db-1238-dumbbell- 2.jpg,BoMetals Inc,Dumbbell PVC waterstops are used in construction joints where little or no movement is anticipated. Also available in split shapes.,,,,Head Pressure: 200',Dumbbell
26920,Water Stops,FR-4316,Flat Ribbed,,E:\IMAGES\ITEMS\product\F\R\bometals-inc-fr-4316-flat-ribbed- 2.jpg,BoMetals Inc,Flat ribbed PVC waterstops are used in construction joints where little or no movement is anticipated and where high bond strength is desired.,,,,Head Pressure: 65',Flat Ribbed
26920,Water Stops,FR-5316,Flat Ribbed,,E:\IMAGES\ITEMS\product\F\R\bometals-inc-fr-5316-flat-ribbed- 2.jpg,BoMetals Inc,Flat ribbed PVC waterstops are used in construction joints where little or no movement is anticipated and where high bond strength is desired.,,,,Head Pressure: 35',Flat Ribbed
26920,Water Stops,FR-538,Flat Ribbed,,E:\IMAGES\ITEMS\product\F\R\bometals-inc-fr-538-flat-ribbed- 2.jpg,BoMetals Inc,Flat ribbed PVC waterstops are used in construction joints where little or no movement is anticipated and where high bond strength is desired.,,,,Head Pressure: 125',Flat Ribbed
26920,Water Stops,FR-6316,Flat Ribbed,,E:\IMAGES\ITEMS\product\F\R\bometals-inc-fr-6316-flat-ribbed- 2.jpg,BoMetals Inc,Flat ribbed PVC waterstops are used in construction joints where little or no movement is anticipated and where high bond strength is desired.,,,,Head Pressure: 75',Flat Ribbed
26920,Water Stops,FR-638,Flat Ribbed,,E:\IMAGES\ITEMS\product\F\R\bometals-inc-fr-638-flat-ribbed- 2.jpg,BoMetals Inc,Flat ribbed PVC waterstops are used in construction joints where little or no movement is anticipated and where high bond strength is desired.,,,,Head Pressure: 125',Flat Ribbed
26920,Water Stops,FR-638T,Flat Ribbed,,E:\IMAGES\ITEMS\product\F\R\bometals-inc-fr-638t-flat-ribbed- 2.jpg,BoMetals Inc,Flat ribbed PVC waterstops are used in construction joints where little or no movement is anticipated and where high bond strength is desired.,,,,Head Pressure: 125',Flat Ribbed
26920,Water Stops,FR-638RT,Flat Ribbed,,E:\IMAGES\ITEMS\product\F\R\bometals-inc-fr-638rt-flat-ribbed- 2.jpg,BoMetals Inc,Flat ribbed PVC waterstops are used in construction joints where little or no movement is anticipated and where high bond strength is desired.,,,,Head Pressure: 125',Flat Ribbed
26920,Water Stops,FR-9316,Flat Ribbed,,E:\IMAGES\ITEMS\product\F\R\bometals-inc-fr-9316-flat-ribbed- 2.jpg,BoMetals Inc,Flat ribbed PVC waterstops are used in construction joints where little or no movement is anticipated and where high bond strength is desired.,,,,Head Pressure: 100',Flat Ribbed
26920,Water Stops,FR-938,Flat Ribbed,,E:\IMAGES\ITEMS\product\F\R\bometals-inc-fr-938-flat-ribbed- 2.jpg,BoMetals Inc,Flat ribbed PVC waterstops are used in construction joints where little or no movement is anticipated and where high bond strength is desired.,,,,Head Pressure: 175',Flat Ribbed
26920,Water Stops,FR-938T,Flat Ribbed,,E:\IMAGES\ITEMS\product\F\R\bometals-inc-fr-938t-flat-ribbed- 2.jpg,BoMetals Inc,Flat ribbed PVC waterstops are used in construction joints where little or no movement is anticipated and where high bond strength is desired.,,,,Head Pressure: 175',Flat Ribbed
26920,Water Stops,MR-314,Multi Rib,,E:\IMAGES\ITEMS\product\M\R\bometals-inc-mr-314-multi-rib- 2.jpg,BoMetals Inc,Multi rib PVC waterstops are used in construction joints where little or no movement is anticipated.,,,,Head Pressure: 25',Multi Rib
26920,Water Stops,MR-412,Multi Rib,,E:\IMAGES\ITEMS\product\M\R\bometals-inc-mr-412-multi-rib- 2.jpg,BoMetals Inc,Multi rib PVC waterstops are used in construction joints where little or no movement is anticipated.,,,,Head Pressure: 50',Multi Rib
26920,Water Stops,SD-638,Split Dumbbell,,E:\IMAGES\ITEMS\product\S\D\bometals-inc-sd-638-split-dumbbell- 2.jpg,BoMetals Inc,Split dumbbell PVC waterstops are used in construction joints where little or no movement is anticipated. Split profiles are meant for straight runs.,,,,Head Pressure: 125',Split Dumbbell
26920,Water Stops,SD-938,Split Dumbbell,,E:\IMAGES\ITEMS\product\S\D\bometals-inc-sd-938-split-dumbbell- 2.jpg,BoMetals Inc,Split dumbbell PVC waterstops are used in construction joints where little or no movement is anticipated. Split profiles are meant for straight runs.,,,,Head Pressure: 150',Split Dumbbell
26920,Water Stops,IFR-15010,International Non-Moving Joints,,E:\IMAGES\ITEMS\product\I\F\bometals-inc-ifr-15010-international-non-moving-joints- 2.jpg,BoMetals Inc,Internal Style Construction/Contraction Joints,,,,Kg/LM: .83,International Non-Moving Joints
26920,Water Stops,IFR-15020,International Non-Moving Joints,,E:\IMAGES\ITEMS\product\I\F\bometals-inc-ifr-15020-international-non-moving-joints- 2.jpg,BoMetals Inc,Internal Style Construction/Contraction Joints,,,,Kg/LM: 1.61,International Non-Moving Joints
26920,Water Stops,IFR-20020,International Non-Moving Joints,,E:\IMAGES\ITEMS\product\I\F\bometals-inc-ifr-20020-international-non-moving-joints- 2.jpg,BoMetals Inc,Internal Style Construction/Contraction Joints,,,,Kg/LM: 1.96,International Non-Moving Joints
26920,Water Stops,IFR-25025,International Non-Moving Joints,,E:\IMAGES\ITEMS\product\I\F\bometals-inc-ifr-25025-international-non-moving-joints- 2.jpg,BoMetals Inc,Internal Style Construction/Contraction Joints,,,,Kg/LM: 2.60,International Non-Moving Joints
26920,Water Stops,IBS-15020,International Non-Moving Joints,,E:\IMAGES\ITEMS\product\I\B\bometals-inc-ibs-15020-international-non-moving-joints- 2.jpg,BoMetals Inc,External Style Construction/Contraction Joints,,,,Kg/LM: 1.32,International Non-Moving Joints
26920,Water Stops,IBS-20020,International Non-Moving Joints,,E:\IMAGES\ITEMS\product\I\B\bometals-inc-ibs-20020-international-non-moving-joints- 2.jpg,BoMetals Inc,External Style Construction/Contraction Joints,,,,Kg/LM: 1.97,International Non-Moving Joints
26920,Water Stops,IBS-25019,International Non-Moving Joints,,E:\IMAGES\ITEMS\product\I\B\bometals-inc-ibs-25019-international-non-moving-joints- 2.jpg,BoMetals Inc,External Style Construction/Contraction Joints,,,,Kg/LM: 2.17,International Non-Moving Joints
26920,Water Stops,IBS-25025,International Non-Moving Joints,,E:\IMAGES\ITEMS\product\I\B\bometals-inc-ibs-25025-international-non-moving-joints- 2.jpg,BoMetals Inc,External Style Construction/Contraction Joints,,,,Kg/LM: 2.49,International Non-Moving Joints
26920,Water Stops,RF-4316,Retro Fit,,E:\IMAGES\ITEMS\product\R\F\bometals-inc-rf-4316-retro-fit- 2.jpg,BoMetals Inc,Retro fit PVC waterstops are used to provide a watertight seal when attaching a new construction project to an existing one.,,,,Head Pressure: N/A,Retro Fit
26920,Water Stops,RF-638,Retro Fit,,E:\IMAGES\ITEMS\product\R\F\bometals-inc-rf-638-retro-fit- 2.jpg,BoMetals Inc,Retro fit PVC waterstops are used to provide a watertight seal when attaching a new construction project to an existing one.,,,,Head Pressure: N/A,Retro Fit
26920,Water Stops,RF-814,Retro Fit,,E:\IMAGES\ITEMS\product\R\F\bometals-inc-rf-814-retro-fit- 2.jpg,BoMetals Inc,Retro fit PVC waterstops are used to provide a watertight seal when attaching a new construction project to an existing one.,,,,Head Pressure: N/A,Retro Fit
26920,Water Stops,RF-825,Retro Fit,,E:\IMAGES\ITEMS\product\R\F\bometals-inc-rf-825-retro-fit- 2.jpg,BoMetals Inc,Retro fit PVC waterstops are used to provide a watertight seal when attaching a new construction project to an existing one.,,,,Head Pressure: N/A,Retro Fit
26920,Water Stops,RF-912,Retro Fit,,E:\IMAGES\ITEMS\product\R\F\bometals-inc-rf-912-retro-fit- 2.jpg,BoMetals Inc,Retro fit PVC waterstops are used to provide a watertight seal when attaching a new construction project to an existing one.,,,,Head Pressure: N/A,Retro Fit
26920,Water Stops,RFL-3316,Retro Fit,,E:\IMAGES\ITEMS\product\R\F\bometals-inc-rfl-3316-retro-fit- 2.jpg,BoMetals Inc,Retro fit PVC waterstops are used to provide a watertight seal when attaching a new construction project to an existing one.,,,,Head Pressure: N/A,Retro Fit
26920,Water Stops,TDBCB-2518,Dumbbell with Center Bulb,,E:\IMAGES\ITEMS\product\T\D\bometals-inc-tdbcb-2518-dumbbell-with-center-bulb- 2.jpg,BoMetals Inc,Dumbbell with center bulb TPER waterstops are used in expansion joints where longitudinal and transverse movement is anticipated.,,,,,Dumbbell with Center Bulb
26920,Water Stops,TDBCB-614,Dumbbell with Center Bulb,,E:\IMAGES\ITEMS\product\T\D\bometals-inc-tdbcb-614-dumbbell-with-center-bulb- 2.jpg,BoMetals Inc,Dumbbell with center bulb TPER waterstops are used in expansion joints where longitudinal and transverse movement is anticipated.,,,,,Dumbbell with Center Bulb
26920,Water Stops,TDBCB-638,Dumbbell with Center Bulb,,E:\IMAGES\ITEMS\product\T\D\bometals-inc-tdbcb-638-dumbbell-with-center-bulb- 2.jpg,BoMetals Inc,Dumbbell with center bulb TPER waterstops are used in expansion joints where longitudinal and transverse movement is anticipated.,,,,,Dumbbell with Center Bulb
26920,Water Stops,TDBCB-938,Dumbbell with Center Bulb,,E:\IMAGES\ITEMS\product\T\D\bometals-inc-tdbcb-938-dumbbell-with-center-bulb- 2.jpg,BoMetals Inc,Dumbbell with center bulb TPER waterstops are used in expansion joints where longitudinal and transverse movement is anticipated.,,,,,Dumbbell with Center Bulb
26920,Water Stops,TDBCB-938L,Dumbbell with Center Bulb,,E:\IMAGES\ITEMS\product\T\D\bometals-inc-tdbcb-938l-dumbbell-with-center-bulb- 2.jpg,BoMetals Inc,Dumbbell with center bulb TPER waterstops are used in expansion joints where longitudinal and transverse movement is anticipated.,,,,,Dumbbell with Center Bulb
26920,Water Stops,TCB-4316,Ribbed Center Bulb,,E:\IMAGES\ITEMS\product\T\C\bometals-inc-tcb-4316-ribbed-center-bulb- 2.jpg,BoMetals Inc,Ribbed center bulb TPER waterstops are used in expansion joints where normal movement between members is anticipated.,,,,,Ribbed Center Bulb
26920,Water Stops,TCB-4316CA,Ribbed Center Bulb,,E:\IMAGES\ITEMS\product\T\C\bometals-inc-tcb-4316ca-ribbed-center-bulb- 2.jpg,BoMetals Inc,Ribbed center bulb TPER waterstops are used in expansion joints where normal movement between members is anticipated.,,,,,Ribbed Center Bulb
26920,Water Stops,TCB-4316LB,Ribbed Center Bulb,,E:\IMAGES\ITEMS\product\T\C\bometals-inc-tcb-4316lb-ribbed-center-bulb- 2.jpg,BoMetals Inc,Ribbed center bulb TPER waterstops are used in expansion joints where normal movement between members is anticipated.,,,,,Ribbed Center Bulb
26920,Water Stops,TCB-4316NT,Ribbed Center Bulb,,E:\IMAGES\ITEMS\product\T\C\bometals-inc-tcb-4316nt-ribbed-center-bulb- 2.jpg,BoMetals Inc,Ribbed center bulb TPER waterstops are used in expansion joints where normal movement between members is anticipated.,,,,,Ribbed Center Bulb
26920,Water Stops,TCB-6316,Ribbed Center Bulb,,E:\IMAGES\ITEMS\product\T\C\bometals-inc-tcb-6316-ribbed-center-bulb- 2.jpg,BoMetals Inc,Ribbed center bulb TPER waterstops are used in expansion joints where normal movement between members is anticipated.,,,,,Ribbed Center Bulb
26920,Water Stops,TCB-6316NT,Ribbed Center Bulb,,E:\IMAGES\ITEMS\product\T\C\bometals-inc-tcb-6316nt-ribbed-center-bulb- 2.jpg,BoMetals Inc,Ribbed center bulb TPER waterstops are used in expansion joints where normal movement between members is anticipated.,,,,,Ribbed Center Bulb
26920,Water Stops,TCB-6316T,Ribbed Center Bulb,,E:\IMAGES\ITEMS\product\T\C\bometals-inc-tcb-6316t-ribbed-center-bulb- 2.jpg,BoMetals Inc,Ribbed center bulb TPER waterstops are used in expansion joints where normal movement between members is anticipated.,,,,,Ribbed Center Bulb
26920,Water Stops,TCB-6316A,Ribbed Center Bulb,,E:\IMAGES\ITEMS\product\T\C\bometals-inc-tcb-6316a-ribbed-center-bulb- 2.jpg,BoMetals Inc,Ribbed center bulb TPER waterstops are used in expansion joints where normal movement between members is anticipated.,,,,,Ribbed Center Bulb
26920,Water Stops,TCB-612,Ribbed Center Bulb,,E:\IMAGES\ITEMS\product\T\C\bometals-inc-tcb-612-ribbed-center-bulb- 2.jpg,BoMetals Inc,Ribbed center bulb TPER waterstops are used in expansion joints where normal movement between members is anticipated.,,,,,Ribbed Center Bulb
26920,Water Stops,TCB-614,Ribbed Center Bulb,,E:\IMAGES\ITEMS\product\T\C\bometals-inc-tcb-614-ribbed-center-bulb- 2.jpg,BoMetals Inc,Ribbed center bulb TPER waterstops are used in expansion joints where normal movement between members is anticipated.,,,,,Ribbed Center Bulb
26920,Water Stops,TCB-638,Ribbed Center Bulb,,E:\IMAGES\ITEMS\product\T\C\bometals-inc-tcb-638-ribbed-center-bulb- 2.jpg,BoMetals Inc,Ribbed center bulb TPER waterstops are used in expansion joints where normal movement between members is anticipated.,,,,,Ribbed Center Bulb
26920,Water Stops,TCB-638BR,Ribbed Center Bulb,,E:\IMAGES\ITEMS\product\T\C\bometals-inc-tcb-638br-ribbed-center-bulb- 2.jpg,BoMetals Inc,Ribbed center bulb TPER waterstops are used in expansion joints where normal movement between members is anticipated.,,,,,Ribbed Center Bulb
26920,Water Stops,TCB-638LB,Ribbed Center Bulb,,E:\IMAGES\ITEMS\product\T\C\bometals-inc-tcb-638lb-ribbed-center-bulb- 2.jpg,BoMetals Inc,Ribbed center bulb TPER waterstops are used in expansion joints where normal movement between members is anticipated.,,,,,Ribbed Center Bulb
26920,Water Stops,TCB-638NT,Ribbed Center Bulb,,E:\IMAGES\ITEMS\product\T\C\bometals-inc-tcb-638nt-ribbed-center-bulb- 2.jpg,BoMetals Inc,Ribbed center bulb TPER waterstops are used in expansion joints where normal movement between members is anticipated.,,,,,Ribbed Center Bulb
26920,Water Stops,TCB-714,Ribbed Center Bulb,,E:\IMAGES\ITEMS\product\T\C\bometals-inc-tcb-714-ribbed-center-bulb- 2.jpg,BoMetals Inc,Ribbed center bulb TPER waterstops are used in expansion joints where normal movement between members is anticipated.,,,,,Ribbed Center Bulb
26920,Water Stops,TCB-9316,Ribbed Center Bulb,,E:\IMAGES\ITEMS\product\T\C\bometals-inc-tcb-9316-ribbed-center-bulb- 2.jpg,BoMetals Inc,Ribbed center bulb TPER waterstops are used in expansion joints where normal movement between members is anticipated.,,,,,Ribbed Center Bulb
26920,Water Stops,TCB-938,Ribbed Center Bulb,,E:\IMAGES\ITEMS\product\T\C\bometals-inc-tcb-938-ribbed-center-bulb- 2.jpg,BoMetals Inc,Ribbed center bulb TPER waterstops are used in expansion joints where normal movement between members is anticipated.,,,,,Ribbed Center Bulb
26920,Water Stops,TCB-938BR,Ribbed Center Bulb,,E:\IMAGES\ITEMS\product\T\C\bometals-inc-tcb-938br-ribbed-center-bulb- 2.jpg,BoMetals Inc,Ribbed center bulb TPER waterstops are used in expansion joints where normal movement between members is anticipated.,,,,,Ribbed Center Bulb
26920,Water Stops,TCB-938LB,Ribbed Center Bulb,,E:\IMAGES\ITEMS\product\T\C\bometals-inc-tcb-938lb-ribbed-center-bulb- 2.jpg,BoMetals Inc,Ribbed center bulb TPER waterstops are used in expansion joints where normal movement between members is anticipated.,,,,,Ribbed Center Bulb
26920,Water Stops,TCB-938M,Ribbed Center Bulb,,E:\IMAGES\ITEMS\product\T\C\bometals-inc-tcb-938m-ribbed-center-bulb- 2.jpg,BoMetals Inc,Ribbed center bulb TPER waterstops are used in expansion joints where normal movement between members is anticipated.,,,,,Ribbed Center Bulb
26920,Water Stops,TCB-938NT,Ribbed Center Bulb,,E:\IMAGES\ITEMS\product\T\C\bometals-inc-tcb-938nt-ribbed-center-bulb- 2.jpg,BoMetals Inc,Ribbed center bulb TPER waterstops are used in expansion joints where normal movement between members is anticipated.,,,,,Ribbed Center Bulb
26920,Water Stops,TCB-938VLB,Ribbed Center Bulb,,E:\IMAGES\ITEMS\product\T\C\bometals-inc-tcb-938vlb-ribbed-center-bulb- 2.jpg,BoMetals Inc,Ribbed center bulb TPER waterstops are used in expansion joints where normal movement between members is anticipated.,,,,,Ribbed Center Bulb
26920,Water Stops,TCB-1212,Ribbed Center Bulb,,E:\IMAGES\ITEMS\product\T\C\bometals-inc-tcb-1212-ribbed-center-bulb- 2.jpg,BoMetals Inc,Ribbed center bulb TPER waterstops are used in expansion joints where normal movement between members is anticipated.,,,,,Ribbed Center Bulb
26920,Water Stops,TCB-1212BR,Ribbed Center Bulb,,E:\IMAGES\ITEMS\product\T\C\bometals-inc-tcb-1212br-ribbed-center-bulb- 2.jpg,BoMetals Inc,Ribbed center bulb TPER waterstops are used in expansion joints where normal movement between members is anticipated.,,,,,Ribbed Center Bulb
26920,Water Stops,TCB-1212T,Ribbed Center Bulb,,E:\IMAGES\ITEMS\product\T\C\bometals-inc-tcb-1212t-ribbed-center-bulb- 2.jpg,BoMetals Inc,Ribbed center bulb TPER waterstops are used in expansion joints where normal movement between members is anticipated.,,,,,Ribbed Center Bulb
26920,Water Stops,TCB-12316,Ribbed Center Bulb,,E:\IMAGES\ITEMS\product\T\C\bometals-inc-tcb-12316-ribbed-center-bulb- 2.jpg,BoMetals Inc,Ribbed center bulb TPER waterstops are used in expansion joints where normal movement between members is anticipated.,,,,,Ribbed Center Bulb
26920,Water Stops,TSR-4316,Split Ribbed,,E:\IMAGES\ITEMS\product\T\S\bometals-inc-tsr-4316-split-ribbed- 2.jpg,BoMetals Inc,"Split Ribbed TPER waterstops are used in expansion joints where movement between members is anticipated. They are generally used above grade, but since it is a universal design, they can be used below grade as well. The size of the joint and shear movemen",,,,,Split Ribbed
26920,Water Stops,TSR-6316,Split Ribbed,,E:\IMAGES\ITEMS\product\T\S\bometals-inc-tsr-6316-split-ribbed- 2.jpg,BoMetals Inc,"Split Ribbed TPER waterstops are used in expansion joints where movement between members is anticipated. They are generally used above grade, but since it is a universal design, they can be used below grade as well. The size of the joint and shear movemen",,,,,Split Ribbed
26920,Water Stops,TSR-638,Split Ribbed,,E:\IMAGES\ITEMS\product\T\S\bometals-inc-tsr-638-split-ribbed- 2.jpg,BoMetals Inc,"Split Ribbed TPER waterstops are used in expansion joints where movement between members is anticipated. They are generally used above grade, but since it is a universal design, they can be used below grade as well. The size of the joint and shear movemen",,,,,Split Ribbed
26920,Water Stops,TSR-938,Split Ribbed,,E:\IMAGES\ITEMS\product\T\S\bometals-inc-tsr-938-split-ribbed- 2.jpg,BoMetals Inc,"Split Ribbed TPER waterstops are used in expansion joints where movement between members is anticipated. They are generally used above grade, but since it is a universal design, they can be used below grade as well. The size of the joint and shear movemen",,,,,Split Ribbed
26920,Water Stops,TCTW1-2,Tear Web,,E:\IMAGES\ITEMS\product\T\C\bometals-inc-tctw1-2-tear-web- 2.jpg,BoMetals Inc,Tear web TPER waterstops are used in expansion joints where large joint movements are expected.,,,,,Tear Web
26920,Water Stops,TTW-618,Tear Web,,E:\IMAGES\ITEMS\product\T\T\bometals-inc-ttw-618-tear-web- 2.jpg,BoMetals Inc,Tear web TPER waterstops are used in expansion joints where large joint movements are expected.,,,,,Tear Web
26920,Water Stops,TTW-918,Tear Web,,E:\IMAGES\ITEMS\product\T\T\bometals-inc-ttw-918-tear-web- 2.jpg,BoMetals Inc,Tear web TPER waterstops are used in expansion joints where large joint movements are expected.,,,,,Tear Web
26920,Water Stops,TTW-938,Tear Web,,E:\IMAGES\ITEMS\product\T\T\bometals-inc-ttw-938-tear-web- 2.jpg,BoMetals Inc,Tear web TPER waterstops are used in expansion joints where large joint movements are expected.,,,,,Tear Web
26920,Water Stops,TTW-10316,Tear Web,,E:\IMAGES\ITEMS\product\T\T\bometals-inc-ttw-10316-tear-web- 2.jpg,BoMetals Inc,Tear web TPER waterstops are used in expansion joints where large joint movements are expected.,,,,,Tear Web
26920,Water Stops,TICB-15010,International Moving Joints,,E:\IMAGES\ITEMS\product\T\I\bometals-inc-ticb-15010-international-moving-joints- 2.gif,BoMetals Inc,Internal Style Expansion Joints,,,,,International Moving Joints
26920,Water Stops,TICB-15020,International Moving Joints,,E:\IMAGES\ITEMS\product\T\I\bometals-inc-ticb-15020-international-moving-joints- 2.gif,BoMetals Inc,Internal Style Expansion Joints,,,,,International Moving Joints
26920,Water Stops,TICB-20015,International Moving Joints,,E:\IMAGES\ITEMS\product\T\I\bometals-inc-ticb-20015-international-moving-joints- 2.gif,BoMetals Inc,Internal Style Expansion Joints,,,,,International Moving Joints
26920,Water Stops,TICB-20020,International Moving Joints,,E:\IMAGES\ITEMS\product\T\I\bometals-inc-ticb-20020-international-moving-joints- 2.gif,BoMetals Inc,Internal Style Expansion Joints,,,,,International Moving Joints
26920,Water Stops,TICB-25015,International Moving Joints,,E:\IMAGES\ITEMS\product\T\I\bometals-inc-ticb-25015-international-moving-joints- 2.gif,BoMetals Inc,Internal Style Expansion Joints,,,,,International Moving Joints
26920,Water Stops,TICB-25025,International Moving Joints,,E:\IMAGES\ITEMS\product\T\I\bometals-inc-ticb-25025-international-moving-joints- 2.gif,BoMetals Inc,Internal Style Expansion Joints,,,,,International Moving Joints
26920,Water Stops,TITW-15020,International Moving Joints,,E:\IMAGES\ITEMS\product\T\I\bometals-inc-titw-15020-international-moving-joints- 2.gif,BoMetals Inc,External Style Expansion Joints,,,,,International Moving Joints
26920,Water Stops,TITW-20020,International Moving Joints,,E:\IMAGES\ITEMS\product\T\I\bometals-inc-titw-20020-international-moving-joints- 2.gif,BoMetals Inc,External Style Expansion Joints,,,,,International Moving Joints
26920,Water Stops,TITW-20017,International Moving Joints,,E:\IMAGES\ITEMS\product\T\I\bometals-inc-titw-20017-international-moving-joints- 2.gif,BoMetals Inc,External Style Expansion Joints,,,,,International Moving Joints
26920,Water Stops,TITW-25019,International Moving Joints,,E:\IMAGES\ITEMS\product\T\I\bometals-inc-titw-25019-international-moving-joints- 2.gif,BoMetals Inc,External Style Expansion Joints,,,,,International Moving Joints
26920,Water Stops,TITW-25025,International Moving Joints,,E:\IMAGES\ITEMS\product\T\I\bometals-inc-titw-25025-international-moving-joints- 2.gif,BoMetals Inc,External Style Expansion Joints,,,,,International Moving Joints
26920,Water Stops,TBS-618,Base Seals,,E:\IMAGES\ITEMS\product\T\B\bometals-inc-tbs-618-base-seals- 2.jpg,BoMetals Inc,"Base seal TPER waterstops are used on grade or below grade in joints between concrete walls and slabs, in backfilled retaining walls and in keyed construction joints in walls and slabs.",,,,,Base Seals
26920,Water Stops,TBS-618CI,Base Seals,,E:\IMAGES\ITEMS\product\T\B\bometals-inc-tbs-618ci-base-seals- 2.jpg,BoMetals Inc,"Base seal TPER waterstops are used on grade or below grade in joints between concrete walls and slabs, in backfilled retaining walls and in keyed construction joints in walls and slabs.",,,,,Base Seals
26920,Water Stops,TBS-718,Base Seals,,E:\IMAGES\ITEMS\product\T\B\bometals-inc-tbs-718-base-seals- 2.jpg,BoMetals Inc,"Base seal TPER waterstops are used on grade or below grade in joints between concrete walls and slabs, in backfilled retaining walls and in keyed construction joints in walls and slabs.",,,,,Base Seals
26920,Water Stops,TBS-718E,Base Seals,,E:\IMAGES\ITEMS\product\T\B\bometals-inc-tbs-718e-base-seals- 2.jpg,BoMetals Inc,"Base seal TPER waterstops are used on grade or below grade in joints between concrete walls and slabs, in backfilled retaining walls and in keyed construction joints in walls and slabs.",,,,,Base Seals
26920,Water Stops,TBS-72518,Base Seals,,E:\IMAGES\ITEMS\product\T\B\bometals-inc-tbs-72518-base-seals- 2.jpg,BoMetals Inc,"Base seal TPER waterstops are used on grade or below grade in joints between concrete walls and slabs, in backfilled retaining walls and in keyed construction joints in walls and slabs.",,,,,Base Seals
26920,Water Stops,TBS-9316,Base Seals,,E:\IMAGES\ITEMS\product\T\B\bometals-inc-tbs-9316-base-seals- 2.jpg,BoMetals Inc,"Base seal TPER waterstops are used on grade or below grade in joints between concrete walls and slabs, in backfilled retaining walls and in keyed construction joints in walls and slabs.",,,,,Base Seals
26920,Water Stops,TBS-9532,Base Seals,,E:\IMAGES\ITEMS\product\T\B\bometals-inc-tbs-9532-base-seals- 2.jpg,BoMetals Inc,"Base seal TPER waterstops are used on grade or below grade in joints between concrete walls and slabs, in backfilled retaining walls and in keyed construction joints in walls and slabs.",,,,,Base Seals
26920,Water Stops,TCU-912,Base Seals,,E:\IMAGES\ITEMS\product\T\C\bometals-inc-tcu-912-base-seals- 2.jpg,BoMetals Inc,"Base seal TPER waterstops are used on grade or below grade in joints between concrete walls and slabs, in backfilled retaining walls and in keyed construction joints in walls and slabs.",,,,,Base Seals
26920,Water Stops,TDB-4316,Dumbbell,,E:\IMAGES\ITEMS\product\T\D\bometals-inc-tdb-4316-dumbbell- 2.jpg,BoMetals Inc,Dumbbell TPER waterstops are used in construction joints where little or no movement is anticipated. Also available in split shapes.,,,,,Dumbbell
26920,Water Stops,TDB-6316,Dumbbell,,E:\IMAGES\ITEMS\product\T\D\bometals-inc-tdb-6316-dumbbell- 2.jpg,BoMetals Inc,Dumbbell TPER waterstops are used in construction joints where little or no movement is anticipated. Also available in split shapes.,,,,,Dumbbell
26920,Water Stops,TDB-6316LB,Dumbbell,,E:\IMAGES\ITEMS\product\T\D\bometals-inc-tdb-6316lb-dumbbell- 2.jpg,BoMetals Inc,Dumbbell TPER waterstops are used in construction joints where little or no movement is anticipated. Also available in split shapes.,,,,,Dumbbell
26920,Water Stops,TDB-614,Dumbbell,,E:\IMAGES\ITEMS\product\T\D\bometals-inc-tdb-614-dumbbell- 2.jpg,BoMetals Inc,Dumbbell TPER waterstops are used in construction joints where little or no movement is anticipated. Also available in split shapes.,,,,,Dumbbell
26920,Water Stops,TDB-638,Dumbbell,,E:\IMAGES\ITEMS\product\T\D\bometals-inc-tdb-638-dumbbell- 2.jpg,BoMetals Inc,Dumbbell TPER waterstops are used in construction joints where little or no movement is anticipated. Also available in split shapes.,,,,,Dumbbell
26920,Water Stops,TDB-9316,Dumbbell,,E:\IMAGES\ITEMS\product\T\D\bometals-inc-tdb-9316-dumbbell- 2.jpg,BoMetals Inc,Dumbbell TPER waterstops are used in construction joints where little or no movement is anticipated. Also available in split shapes.,,,,,Dumbbell
26920,Water Stops,TDB-912,Dumbbell,,E:\IMAGES\ITEMS\product\T\D\bometals-inc-tdb-912-dumbbell- 2.jpg,BoMetals Inc,Dumbbell TPER waterstops are used in construction joints where little or no movement is anticipated. Also available in split shapes.,,,,,Dumbbell
26920,Water Stops,TDB-938,Dumbbell,,E:\IMAGES\ITEMS\product\T\D\bometals-inc-tdb-938-dumbbell- 2.jpg,BoMetals Inc,Dumbbell TPER waterstops are used in construction joints where little or no movement is anticipated. Also available in split shapes.,,,,,Dumbbell
26920,Water Stops,TDB-938LB,Dumbbell,,E:\IMAGES\ITEMS\product\T\D\bometals-inc-tdb-938lb-dumbbell- 2.jpg,BoMetals Inc,Dumbbell TPER waterstops are used in construction joints where little or no movement is anticipated. Also available in split shapes.,,,,,Dumbbell
26920,Water Stops,TDB-1212,Dumbbell,,E:\IMAGES\ITEMS\product\T\D\bometals-inc-tdb-1212-dumbbell- 2.jpg,BoMetals Inc,Dumbbell TPER waterstops are used in construction joints where little or no movement is anticipated. Also available in split shapes.,,,,,Dumbbell
26920,Water Stops,TDB-1238,Dumbbell,,E:\IMAGES\ITEMS\product\T\D\bometals-inc-tdb-1238-dumbbell- 2.jpg,BoMetals Inc,Dumbbell TPER waterstops are used in construction joints where little or no movement is anticipated. Also available in split shapes.,,,,,Dumbbell
26920,Water Stops,TFR-4316,Flat Ribbed,,E:\IMAGES\ITEMS\product\T\F\bometals-inc-tfr-4316-flat-ribbed- 2.jpg,BoMetals Inc,Flat ribbed TPER waterstops are used in construction joints where little or no movement is anticipated and where high bond strength is desired.,,,,,Flat Ribbed
26920,Water Stops,TFR-5316,Flat Ribbed,,E:\IMAGES\ITEMS\product\T\F\bometals-inc-tfr-5316-flat-ribbed- 2.jpg,BoMetals Inc,Flat ribbed TPER waterstops are used in construction joints where little or no movement is anticipated and where high bond strength is desired.,,,,,Flat Ribbed
26920,Water Stops,TFR-538,Flat Ribbed,,E:\IMAGES\ITEMS\product\T\F\bometals-inc-tfr-538-flat-ribbed- 2.jpg,BoMetals Inc,Flat ribbed TPER waterstops are used in construction joints where little or no movement is anticipated and where high bond strength is desired.,,,,,Flat Ribbed
26920,Water Stops,TFR-6316,Flat Ribbed,,E:\IMAGES\ITEMS\product\T\F\bometals-inc-tfr-6316-flat-ribbed- 2.jpg,BoMetals Inc,Flat ribbed TPER waterstops are used in construction joints where little or no movement is anticipated and where high bond strength is desired.,,,,,Flat Ribbed
26920,Water Stops,TFR-638,Flat Ribbed,,E:\IMAGES\ITEMS\product\T\F\bometals-inc-tfr-638-flat-ribbed- 2.jpg,BoMetals Inc,Flat ribbed TPER waterstops are used in construction joints where little or no movement is anticipated and where high bond strength is desired.,,,,,Flat Ribbed
26920,Water Stops,TFR-638T,Flat Ribbed,,E:\IMAGES\ITEMS\product\T\F\bometals-inc-tfr-638t-flat-ribbed- 2.jpg,BoMetals Inc,Flat ribbed TPER waterstops are used in construction joints where little or no movement is anticipated and where high bond strength is desired.,,,,,Flat Ribbed
26920,Water Stops,TFR-638RT,Flat Ribbed,,E:\IMAGES\ITEMS\product\T\F\bometals-inc-tfr-638rt-flat-ribbed- 2.jpg,BoMetals Inc,Flat ribbed TPER waterstops are used in construction joints where little or no movement is anticipated and where high bond strength is desired.,,,,,Flat Ribbed
26920,Water Stops,TFR-9316,Flat Ribbed,,E:\IMAGES\ITEMS\product\T\F\bometals-inc-tfr-9316-flat-ribbed- 2.jpg,BoMetals Inc,Flat ribbed TPER waterstops are used in construction joints where little or no movement is anticipated and where high bond strength is desired.,,,,,Flat Ribbed
26920,Water Stops,TFR-938,Flat Ribbed,,E:\IMAGES\ITEMS\product\T\F\bometals-inc-tfr-938-flat-ribbed- 2.jpg,BoMetals Inc,Flat ribbed TPER waterstops are used in construction joints where little or no movement is anticipated and where high bond strength is desired.,,,,,Flat Ribbed
26920,Water Stops,TFR-938T,Flat Ribbed,,E:\IMAGES\ITEMS\product\T\F\bometals-inc-tfr-938t-flat-ribbed- 2.jpg,BoMetals Inc,Flat ribbed TPER waterstops are used in construction joints where little or no movement is anticipated and where high bond strength is desired.,,,,,Flat Ribbed
26920,Water Stops,TMR-314,Multi Rib,,E:\IMAGES\ITEMS\product\T\M\bometals-inc-tmr-314-multi-rib- 2.jpg,BoMetals Inc,Multi rib TPER waterstops are used in construction joints where little or no movement is anticipated.,,,,,Multi Rib
26920,Water Stops,TMR-412,Multi Rib,,E:\IMAGES\ITEMS\product\T\M\bometals-inc-tmr-412-multi-rib- 2.jpg,BoMetals Inc,Multi rib TPER waterstops are used in construction joints where little or no movement is anticipated.,,,,,Multi Rib
26920,Water Stops,TSD-638,Split Dumbbell,,E:\IMAGES\ITEMS\product\T\S\bometals-inc-tsd-638-split-dumbbell- 2.jpg,BoMetals Inc,Split dumbbell TPER waterstops are used in construction joints where little or no movement is anticipated. Split profiles are meant for straight runs.,,,,,Split Dumbbell
26920,Water Stops,TSD-938,Split Dumbbell,,E:\IMAGES\ITEMS\product\T\S\bometals-inc-tsd-938-split-dumbbell- 2.jpg,BoMetals Inc,Split dumbbell TPER waterstops are used in construction joints where little or no movement is anticipated. Split profiles are meant for straight runs.,,,,,Split Dumbbell
26920,Water Stops,TIFR-15010,International Non-Moving Joints,,E:\IMAGES\ITEMS\product\T\I\bometals-inc-tifr-15010-international-non-moving-joints- 2.gif,BoMetals Inc,Internal Style Construction/Contraction Joints,,,,,International Non-Moving Joints
26920,Water Stops,TIFR-15020,International Non-Moving Joints,,E:\IMAGES\ITEMS\product\T\I\bometals-inc-tifr-15020-international-non-moving-joints- 2.gif,BoMetals Inc,Internal Style Construction/Contraction Joints,,,,,International Non-Moving Joints
26920,Water Stops,TIFR-20020,International Non-Moving Joints,,E:\IMAGES\ITEMS\product\T\I\bometals-inc-tifr-20020-international-non-moving-joints- 2.gif,BoMetals Inc,Internal Style Construction/Contraction Joints,,,,,International Non-Moving Joints
26920,Water Stops,TIFR-25025,International Non-Moving Joints,,E:\IMAGES\ITEMS\product\T\I\bometals-inc-tifr-25025-international-non-moving-joints- 2.gif,BoMetals Inc,Internal Style Construction/Contraction Joints,,,,,International Non-Moving Joints
26920,Water Stops,TIBS-15020,International Non-Moving Joints,,E:\IMAGES\ITEMS\product\T\I\bometals-inc-tibs-15020-international-non-moving-joints- 2.gif,BoMetals Inc,External Style Construction/Contraction Joints,,,,,International Non-Moving Joints
26920,Water Stops,TIBS-20020,International Non-Moving Joints,,E:\IMAGES\ITEMS\product\T\I\bometals-inc-tibs-20020-international-non-moving-joints- 2.gif,BoMetals Inc,External Style Construction/Contraction Joints,,,,,International Non-Moving Joints
26920,Water Stops,TIBS-25019,International Non-Moving Joints,,E:\IMAGES\ITEMS\product\T\I\bometals-inc-tibs-25019-international-non-moving-joints- 2.gif,BoMetals Inc,External Style Construction/Contraction Joints,,,,,International Non-Moving Joints
26920,Water Stops,TIBS-25025,International Non-Moving Joints,,E:\IMAGES\ITEMS\product\T\I\bometals-inc-tibs-25025-international-non-moving-joints- 2.gif,BoMetals Inc,External Style Construction/Contraction Joints,,,,,International Non-Moving Joints
26920,Water Stops,TRF-4316,Retro Fit,,E:\IMAGES\ITEMS\product\T\R\bometals-inc-trf-4316-retro-fit- 2.jpg,BoMetals Inc,Retro fit TPER waterstops are used to provide a watertight seal when attaching a new construction project to an existing one.,,,,,Retro Fit
26920,Water Stops,TRF-638,Retro Fit,,E:\IMAGES\ITEMS\product\T\R\bometals-inc-trf-638-retro-fit- 2.jpg,BoMetals Inc,Retro fit TPER waterstops are used to provide a watertight seal when attaching a new construction project to an existing one.,,,,,Retro Fit
26920,Water Stops,TRF-814,Retro Fit,,E:\IMAGES\ITEMS\product\T\R\bometals-inc-trf-814-retro-fit- 2.jpg,BoMetals Inc,Retro fit TPER waterstops are used to provide a watertight seal when attaching a new construction project to an existing one.,,,,,Retro Fit
26920,Water Stops,TRF-825,Retro Fit,,E:\IMAGES\ITEMS\product\T\R\bometals-inc-trf-825-retro-fit- 2.jpg,BoMetals Inc,Retro fit TPER waterstops are used to provide a watertight seal when attaching a new construction project to an existing one.,,,,,Retro Fit
26920,Water Stops,TRF-912,Retro Fit,,E:\IMAGES\ITEMS\product\T\R\bometals-inc-trf-912-retro-fit- 2.jpg,BoMetals Inc,Retro fit TPER waterstops are used to provide a watertight seal when attaching a new construction project to an existing one.,,,,,Retro Fit
26920,Water Stops,TRFL-3316,Retro Fit,,E:\IMAGES\ITEMS\product\T\R\bometals-inc-trfl-3316-retro-fit- 2.jpg,BoMetals Inc,Retro fit TPER waterstops are used to provide a watertight seal when attaching a new construction project to an existing one.,,,,,Retro Fit
26920,Water Stops,PC-075200,B-SEAL Paving Cap Seal,,E:\IMAGES\ITEMS\product\P\C\bometals-inc-pc-075200-b-seal-paving-cap-seal- 2.jpg,BoMetals Inc,B-SEAL is one of the most advanced paving cap seal system in the industry. It uses specially formulated PVC to provide a durable sealing system for a maintenance free joint.,Protects against debris Can be used in the screeding process Same continuous look throughout joint,,,,B-SEAL Paving Cap Seal
26920,Water Stops,SF302,Synko-Flex® Waterstop SF302,,E:\IMAGES\ITEMS\product\S\F\bometals-inc-sf302-synko-flex-waterstop-sf302- 2.jpg,BoMetals Inc,,"Eliminates split forming, wiring to rebar, heat welding of splices Unaffected by rain or moisture during installation Offers excellent chemical resistance Bonds to most substrates Unaffected by cyclic wetting and drying Safe for use in","This self-sealing, non-swelling preformed joint sealant provides a lasting, watertight bond on both fresh and cured concrete surfaces. Synko-Flex® Waterstop achieves a watertight seal within cold joints at footings, walls and slabs. Rain and moisture resi",,,Synko-Flex® Waterstop SF302
26920,Water Stops,SF312,Synko-Flex® FR Waterstop SF312,,E:\IMAGES\ITEMS\product\S\F\bometals-inc-sf312-synko-flex-fr-waterstop-sf312- 2.jpg,BoMetals Inc,,"Eliminates split forming, wiring to rebar, heat welding of splices Unaffected by rain or moisture during installation Offers excellent chemical resistance Bonds to most substrates Unaffected by cyclic wetting and drying","Synko-Flex® Waterstop FR provides a water-tight seal around cold joints in concrete structures exposed to hydrocarbon liquids. Designed for ease of use, Synko-Flex® FR Waterstop is a preformed adhesive that may also be used to seal around concrete, steel,",,,Synko-Flex® FR Waterstop SF312
26920,Water Stops,SF311,Synko-Flex® Solvent Based Primer SF311,,E:\IMAGES\ITEMS\product\S\F\bometals-inc-sf311-synko-flex-solvent-based-primer-sf311- 2.jpg,BoMetals Inc,,Applies easily by brush Readily penetrates concrete pores and surfaces Covers approximately 200 lineal feet per gallon,"Synko-Flex® Solvent Based Primer penetrates concrete pores and seals concrete surfaces to provide an optimal surface for the adhesion and bonding of Synko-Flex®, Hydro-Flex® Waterstops and Ram-Nek®Concrete Joint Sealant Products. Formulated with a solutio",,,Synko-Flex® Solvent Based Primer SF311
26920,Water Stops,SF300,Synko-Flex® Emulsion Primer SF300,,E:\IMAGES\ITEMS\product\S\F\bometals-inc-sf300-synko-flex-emulsion-primer-sf300- 2.jpg,BoMetals Inc,,"Applies easily by brush Readily penetrates concrete pores and surfaces Odorless, eco-friendly and non-flammable when wet May be applied on damp or “green” concrete surfaces","Henry’s Synko-Flex® Emulsion Primer penetrates concrete surfaces to provide an optimal surface for the adhesion and bonding of Synko-Flex® or Hydro-Flex® preformed adhesive waterstops, and Ram-Nek®joint sealants. Formulated with a thin, environmentally sa",,,Synko-Flex® Emulsion Primer SF300
26920,Water Stops,HF302,Hydro-Flex® Waterstop HF302,,E:\IMAGES\ITEMS\product\H\F\bometals-inc-hf302-hydro-flex-waterstop-hf302- 2.jpg,BoMetals Inc,Available in .5 in. x 1.125 in. x 16.67 ft. coils – 6 per carton (HF-52),"Eliminates split forming, wiring to rebar, heat welding of splices Stays flexible in cold weather Offers excellent chemical resistance Bonds to most substrates","Henry’s Hydro-Flex® Waterstop is an easy to use, preformed, self-adhesive hydrophilic waterstop that provides a watertight seal in cold joints on concrete structures. Designed to swell into unconsolidated concrete surfaces upon contact with water, Hydro-F",,,Hydro-Flex® Waterstop HF302
26920,Water Stops,RN101,Ram-Nek Preformed Flexible Plastic Gasket Strips RN101,,E:\IMAGES\ITEMS\product\R\N\bometals-inc-rn101-ram-nek-preformed-flexible-plastic-gasket-strips-rn101- 2.jpg,BoMetals Inc,50 (.75 in. x 2.5 ft.) strips per case (RN-99) 35 (1 in. x 2.5 ft.) strips per case (RN-54) 28 (1.25 in. x 3.5 ft.) strips per case (RN-90) 20 (1.5 in. x 3.5 ft.) strips per case (RN-89) 13 (1.75 in. x 3.5 ft.) strips per case (RN-88),Easy-to-use Seals a wide range of precast products Suitable for vertical and horizontal applications,"RAM-NEK® Preformed Flexible Plastic Gasket (Strips) will seal everything from storm sewer pipes, box culverts and manholes to septic tanks, utility vaults and wet wells. Meets Federal Specification SS-S-210 (210-A), AASHTO M-198 75 1 and ASTM C990-09.",,,Ram-Nek Preformed Flexible Plastic Gasket Strips RN101
26920,Water Stops,RN103,Ram-Nek® Preformed Flexible Plastic Gasket Coils RN103,,E:\IMAGES\ITEMS\product\R\N\bometals-inc-rn103-ram-nek-preformed-flexible-plastic-gasket-coils-rn103- 2.jpg,BoMetals Inc,9 (.75 in. x 14.5 ft.) coils per case (RN-85) 8 (1 in. x 14.5 ft.) coils per case (RN-84) 5 (1.25 in. x 14.5 ft.) coils per case (RN-82) 5 (1.5 in. x 10.5 ft.) coils per case (RN-81),Seals a wide range of precast products Suitable for vertical and horizontal applications Extruded into convenient coil lengths,"RAM-NEK® Preformed Flexible Plastic Gasket (Coils) will seal everything from storm sewer pipes, box culverts and manholes to septic tanks, utility vaults and wet wells. Meets Federal Specification SS-S-210 (210-A), AASHTO M-198 75 1 and ASTM C990-09.",,,Ram-Nek® Preformed Flexible Plastic Gasket Coils RN103
26920,Water Stops,RN109,RAM-NEK® FR RN109,,E:\IMAGES\ITEMS\product\R\N\bometals-inc-rn109-ram-nek-fr-rn109- 2.jpg,BoMetals Inc,4 (1.5 in. x 10.5 ft.) coils per case (RN-67) 6 (1 in. x 14.5 ft.) coils per case (RN-96),"Fuel and oil-resistant Sealed joints will not shrink, harden, or oxidize Does not require a designed control joint to function Offers excellent chemical and mechanical adhesion","RAM-NEK® FR is ideal for sealing joints in utility vaults, fuel containment structures, airport projects, grease pits and other high-risk applications. RAM-NEK® FR provides a permanently flexible, watertight seal in environments where gasoline, jet fuel,",,,RAM-NEK® FR RN109
26920,Water Stops,BN109,Butyl-Nek® Joint Sealant BN109,,E:\IMAGES\ITEMS\product\B\N\bometals-inc-bn109-butyl-nek-joint-sealant-bn109- 2.jpg,BoMetals Inc,Seals a wide range of precast products Designed for vertical and horizontal applications Extruded into convenient coil lengths,9 (.75 in. x 14.5 ft.) coils per case (BN-85) 8 (1 in. x 14.5 ft.) coils per case (BN-84) 5 (1.25 in. x 14.5 ft.) coils per case (BN-82),"Formulated with a special blend of butyl and asphalt, Butyl-Nek® Joint Sealant is a preformed plastic joint sealant for pipes, vaults and manholes. Meets or exceeds Federal Specification SS-S-210 (210-A), AASHTO M-198B and ASTM C-990-09.",,,Butyl-Nek® Joint Sealant BN109
26920,Water Stops,RU106,Rub’R-Nek® LTM RU106,,E:\IMAGES\ITEMS\product\R\U\bometals-inc-ru106-rubr-nek-ltm-ru106- 2.jpg,BoMetals Inc,12 (1/2 in. x 21.75 ft.) coils per case (RU-98) 8 (.75 in. x 18 ft.) coils per case (RU-97) 6 (1 in. x 14.5 ft.) coils per case (RU-96) 4 (1.5 in. x 10 ft. x 11 in.) coils per case (RU-80) 5 (1.25 in. x 14.5 ft.) coils per case (RU-95),"Applies easily in temperatures as low as 30°F Won’t shrink, harden, or oxidize Retains compressibility through a range of deflections","Rub’R Nek® LTM is a flexible, gasket-type sealant for utility vaults, sewer manholes, wastewater structures, storm sewer pipe and culverts, and more. Formulated with 100% solids and partially vulcanized butyl rubber, Rub’R Nek LTM provides exceptional fle",,,Rub’R-Nek® LTM RU106
26920,Water Stops,RU116,Rub’R-Nek® External Concrete Joint Wrap RU116,,E:\IMAGES\ITEMS\product\R\U\bometals-inc-ru116-rubr-nek-external-concrete-joint-wrap-ru116- 2.gif,BoMetals Inc,4 (6 in. x 50 ft.) rolls per case (RU-93) 4 (9 in. x 50 ft.) rolls per case (RU-92) 4 (12 in. x 50 ft.) rolls per case (RU-91),"Easy, cold application by hand over a wide temperature range Offers excellent mechanical properties and chemical resistance Excellent chemical and mechanical bond adhesion to concrete surfaces Will not shrink, harden or oxidize","Rub’R Nek® External Concrete Joint Wrap delivers a permanent, flexible watertight seal on external concrete joints. Manufactured with a unique process that blends, extrudes and bonds synthetic elastomers and resins into a high-strength plastic film, Rub’R",,,Rub’R-Nek® External Concrete Joint Wrap RU116
26920,Water Stops,P-201,ADEKA ULTRASEAL® P-201,,E:\IMAGES\ITEMS\product\P\2\bometals-inc-p-201-adeka-ultraseal-p-201- 2.jpg,BoMetals Inc,Available in 24 each ~11oz cartridges / case.,Good chemical resistance and durability pH range 3~11 Easy to use ONE part hydrophilic urethane Easy to apply Temperature / humidity cure Excellent adhesive strength Excellent Durability,"ADEKA ULTRASEAL® P-201 is a water swelling, single component, elastic sealant which expands up to 2 times by volume (100%). It is used in variety of places such as cold/construction joints, expanded metal forms, piping penetrations, etc. P-201 is used as",,,ADEKA ULTRASEAL® P-201
26920,Water Stops,MC-2010MN,ADEKA ULTRASEAL® MC-2010MN,,E:\IMAGES\ITEMS\product\M\C\bometals-inc-mc-2010mn-adeka-ultraseal-mc-2010mn- 2.jpg,BoMetals Inc,Available in 1 roll of 82 feet / case.,Permanent Waterstopping Function Easier and More Economical to Install NSF 61 Certified,ADEKA ULTRASEAL® MC-2010MN is a 20mm x 10mm (approx. 0.8? x 0.4?) chemical modified natural rubber (non-vulcanized) product. The manufacturing process chemically bonds a hydrophilic agent to the rubber. This permits the seal to undergo controlled expansio,,,ADEKA ULTRASEAL® MC-2010MN
26920,Water Stops,KBA-1510FP,ADEKA ULTRASEAL® KBA-1510FP,,E:\IMAGES\ITEMS\product\K\B\bometals-inc-kba-1510fp-adeka-ultraseal-kba-1510fp- 2.jpg,BoMetals Inc,Available in 1 roll of 82 feet / case.,Minimum of 1? of good quality concrete coverage Easier and More Economical to Install Hydrostatic Head of 25 feet or less,ADEKA ULTRASEAL® KBA-1510FP is a 15mm x 10mm (approx. 0.6? x 0.4?) chemical modified natural rubber (vulcanized) product. The manufacturing process chemically bonds a hydrophilic agent to the rubber. This permits the seal to undergo controlled expansion w,,,ADEKA ULTRASEAL® KBA-1510FP
26920,Water Stops,MC-2005T,ADEKA ULTRASEAL® MC-2005T,,E:\IMAGES\ITEMS\product\M\C\bometals-inc-mc-2005t-adeka-ultraseal-mc-2005t- 2.jpg,BoMetals Inc,Available in 10 rolls of 33 feet / case.,Permanent Waterstopping Function Easier and More Economical to Install Adhesive on back to aid with installation,,,,ADEKA ULTRASEAL® MC-2005T
26920,Water Stops,KM-String,ADEKA ULTRASEAL® KM-String,,E:\IMAGES\ITEMS\product\K\M\bometals-inc-km-string-adeka-ultraseal-km-string- 2.jpg,BoMetals Inc,Waterstop Repair in sheet pile interlocks and other applications,KM4mm (5 rolls of 33 feet / case) KM6mm (5 rolls of 33 feet / case) Also available 8mm-24mm by special order.,ADEKA ULTRASEAL® KM-String is a chemical modified natural rubber (vulcanized) product. The manufacturing process chemically bonds a hydrophilic agent to the rubber. This permits the seal to undergo controlled expansion when exposed to moisture. This expan,,,ADEKA ULTRASEAL® KM-String
26920,Water Stops,KM-3030M,ADEKA ULTRASEAL® KM-3030M,,E:\IMAGES\ITEMS\product\K\M\bometals-inc-km-3030m-adeka-ultraseal-km-3030m- 2.jpg,BoMetals Inc,Easier and More Economical to Install,ADEKA P-201 Hydrophilic Sealant Available in 1 roll of 33 feet / case.,ADEKA ULTRASEAL® KM-3030M is a 30mm x 30mm (approx. 1.18? x 1.18?) chemical modified natural rubber (vulcanized) product. The manufacturing process chemically bonds a hydrophilic agent to the rubber. This permits the seal to undergo controlled expansion w,,,ADEKA ULTRASEAL® KM-3030M
26920,Water Stops,A-30,ADEKA ULTRASEAL® A-30,,E:\IMAGES\ITEMS\product\A\3\bometals-inc-a-30-adeka-ultraseal-a-30- 2.jpg,BoMetals Inc,Available in 3.77gal of A-30 Resin and 0.97 quarts of A-30 Hardener which equal 4 gallons of product.,Good chemical resistance and durability pH range 3~11 Easy to use two part urethane. Packaged in ratio amounts Chemical cure- will cure at low temperatures Excellent adhesive strength- difficult to remove during driving Withstand 160 foot,"ADEKA ULTRASEAL® A-30 is a  two component liquid hydrophilic (water swelling) waterstop. It is used as a waterstop in steel, plastic or composite sheet pile interlocks which ideally suited for preventing water migration due to its ability to expand up to",,,ADEKA ULTRASEAL® A-30
26920,Water Stops,CS,Custom Splices,,E:\IMAGES\ITEMS\product\C\S\bometals-inc-cs-custom-splices- 2.gif,BoMetals Inc,"An important factor in the watertightness of any waterstop system is the reliability of splices. With BoMetals custom fittings, you are guaranteed greater strength and efficiency with ease of field installation. The following factory made splices are avai",,"To have BoMetals make your Custom Splices, please download and fill out our approval sheet that corresponds to your needs (because these are custom items and are non-refundable) and send to your Distributor. Give us a call if you need circular, square, an",,,Custom Splices
26920,Water Stops,WI,Welding Iron,,E:\IMAGES\ITEMS\product\W\I\bometals-inc-wi-welding-iron- 2.jpg,BoMetals Inc,BoMetals Splicing Irons are specifically designed for welding PVC & TPER Waterstop as outlined in Corp of Engineer Specification CRD C-572-74. The temperature control can be adjusted from 250º-500º Fahrenheit. BoMetals thermoplastic welding irons are cons,Peel & Stick Teflon Cover 100% Factory Tested Heavy Duty Vinyl Grip 8 Foot Grounded Cord Standard 110-120 VAC/8 AMP Adjustable Temperature Individually Boxed,,,,Welding Iron
26920,Water Stops,HRI,Hog Ring Installation,,E:\IMAGES\ITEMS\product\H\R\bometals-inc-hri-hog-ring-installation- 2.jpg,BoMetals Inc,Suspending PVC or TPER Waterstop can be a tedious undertaking without help. That is why factory installed Hog rings are used. The factory installed Hog rings allow you to easily attach a Waterstop to your tie wire. BoMetals can install Hog rings in virtua,,"Hog rings can also be installed manually on the job site by using Hog ring pliers. BoMetals offers 100 count boxes, 50lb boxes of Hog rings for field installation and pliers.",,,Hog Ring Installation
26920,Water Stops,EI,Eyelet Installation,,E:\IMAGES\ITEMS\product\E\I\bometals-inc-ei-eyelet-installation- 2.jpg,BoMetals Inc,,,Suspending TPER or PVC Waterstop can be a tedious undertaking without help. That is why factory installed Eyelets are used. The factory installed Eyelet allows you to easily attach the Waterstop to your tie wire. BoMetals can install Eyelets in virtually,,,Eyelet Installation
26755,Concrete Metal Stakes,QK35,&#8232;QuicKey™,,E:\IMAGES\ITEMS\product\Q\K\bometals-inc-qk35-quickey- 2.jpg,BoMetals Inc,,"QuicKey™ [Patent No. 6502359] is the only galvanized joint system that features knockouts for square dowels, which provide better load transfer over round dowels and also reduce edge curl on the slab. Knockout sizes meet both ACI and PCA recommendatio",,,7/8?x1 3/8?,&#8232;QuicKey™
26755,Concrete Metal Stakes,QK45,QuicKey™,,E:\IMAGES\ITEMS\product\Q\K\bometals-inc-qk45-quickey- 2.jpg,BoMetals Inc,,"QuicKey™ [Patent No. 6502359] is the only galvanized joint system that features knockouts for square dowels, which provide better load transfer over round dowels and also reduce edge curl on the slab. Knockout sizes meet both ACI and PCA recommendatio",,,7/8?x1 3/8?,QuicKey™
26755,Concrete Metal Stakes,QK55,QuicKey™,,E:\IMAGES\ITEMS\product\Q\K\bometals-inc-qk55-quickey- 2.jpg,BoMetals Inc,,"QuicKey™ [Patent No. 6502359] is the only galvanized joint system that features knockouts for square dowels, which provide better load transfer over round dowels and also reduce edge curl on the slab. Knockout sizes meet both ACI and PCA recommendatio",,,1 1/4?x1 1/2?,QuicKey™
26755,Concrete Metal Stakes,QK75,QuicKey™,,E:\IMAGES\ITEMS\product\Q\K\bometals-inc-qk75-quickey- 2.jpg,BoMetals Inc,,"QuicKey™ [Patent No. 6502359] is the only galvanized joint system that features knockouts for square dowels, which provide better load transfer over round dowels and also reduce edge curl on the slab. Knockout sizes meet both ACI and PCA recommendatio",,,1 1/4?x1 1/2?,QuicKey™
26755,Concrete Metal Stakes,QK95,QuicKey™,,E:\IMAGES\ITEMS\product\Q\K\bometals-inc-qk95-quickey- 2.jpg,BoMetals Inc,,"QuicKey™ [Patent No. 6502359] is the only galvanized joint system that features knockouts for square dowels, which provide better load transfer over round dowels and also reduce edge curl on the slab. Knockout sizes meet both ACI and PCA recommendatio",,,1 1/4?x1 1/2?,QuicKey™
26755,Concrete Metal Stakes,3500,&#8232;PRO-KEY™,,E:\IMAGES\ITEMS\product\3\5\bometals-inc-3500-pro-key- 2.jpg,BoMetals Inc,,Positive stake-to-key lock of PRO-KEY™ [Patent No. 5380122] prevents costly delays associated with resetting key joint when floating concrete. Stakes interlock with slots to prevent the key from rising off the stakes. Location of the key is 1/2 depth,,,7/8,&#8232;PRO-KEY™
26755,Concrete Metal Stakes,4500,PRO-KEY™,,E:\IMAGES\ITEMS\product\4\5\bometals-inc-4500-pro-key- 2.jpg,BoMetals Inc,,Positive stake-to-key lock of PRO-KEY™ [Patent No. 5380122] prevents costly delays associated with resetting key joint when floating concrete. Stakes interlock with slots to prevent the key from rising off the stakes. Location of the key is 1/2 depth,,,7/8,PRO-KEY™
26755,Concrete Metal Stakes,5500,PRO-KEY™,,E:\IMAGES\ITEMS\product\5\5\bometals-inc-5500-pro-key- 2.jpg,BoMetals Inc,,Positive stake-to-key lock of PRO-KEY™ [Patent No. 5380122] prevents costly delays associated with resetting key joint when floating concrete. Stakes interlock with slots to prevent the key from rising off the stakes. Location of the key is 1/2 depth,,,7/8,PRO-KEY™
26755,Concrete Metal Stakes,7500,PRO-KEY™,,E:\IMAGES\ITEMS\product\7\5\bometals-inc-7500-pro-key- 2.jpg,BoMetals Inc,,Positive stake-to-key lock of PRO-KEY™ [Patent No. 5380122] prevents costly delays associated with resetting key joint when floating concrete. Stakes interlock with slots to prevent the key from rising off the stakes. Location of the key is 1/2 depth,,,1 1/4,PRO-KEY™
26755,Concrete Metal Stakes,9500,PRO-KEY™,,E:\IMAGES\ITEMS\product\9\5\bometals-inc-9500-pro-key- 2.jpg,BoMetals Inc,,Positive stake-to-key lock of PRO-KEY™ [Patent No. 5380122] prevents costly delays associated with resetting key joint when floating concrete. Stakes interlock with slots to prevent the key from rising off the stakes. Location of the key is 1/2 depth,,,1 1/4,PRO-KEY™
28389,Joints-Waterproofing,RK 5,Universal Key & Universal Key with Leg,,E:\IMAGES\ITEMS\product\R\K\Universal-Key-Universal-Key-with.gif,BoMetals Inc,,"Universal Key (RK) is made in 10' pieces from 24 gauge, hot dipped, mill galvanized steel with holes  on 6? center.  — All RK Products are 2,500' / skid        The Universal Key with Leg (RKL) has 3ea 20 gauge legs  — All R",,,,Universal Key & Universal Key with Leg
28389,Joints-Waterproofing,RKM 5,MO-Key & MO-Key with Leg,,E:\IMAGES\ITEMS\product\R\K\MO-Key-MO-Key-with.gif,BoMetals Inc,,"MO-Key (RKM) is made in 10' pieces from 24 gauge, hot dipped, mill galvanized steel with circular holes on 30? center with first hole 15? from end of piece.  — All RKM Products are 2,500' / skid           The MO-Key with Leg (RKML)",,,,MO-Key & MO-Key with Leg
28389,Joints-Waterproofing,RKI 5,IA-Key & IA-Key with Leg,,E:\IMAGES\ITEMS\product\R\K\IA-Key-IA-Key-with.gif,BoMetals Inc,,"IA-Key (RKI) is made in 10’6? pieces from 24 gauge, hot dipped, mill galvanized steel with circular holes on 30? centers with first hole 3? from end.  — All RKI Products are 2,500' / skid           The IA-Key with Leg (RKIL) has 3e",,,,IA-Key & IA-Key with Leg
28389,Joints-Waterproofing,HK,Highway Center Strip Metal Keyway (HK),,E:\IMAGES\ITEMS\product\H\K\Highway-Center-Strip-Metal-Keyway.gif,BoMetals Inc,,Channel stakes double as a splice. Radius formed key eliminates the sharp angles that produce a spalling tendency. Tongue and groove design provide excellent load transfer characteristics for heavy wheeled traffic and prevents uneven settling asso,"Highway Center Strip is manufactured of 20 gauge, hot dipped, galvanized steel by BoMetals, Inc., in Carrollton, GA. It is furnished in 10' lengths for 5?, 6?, 7?, 8?, 9? and 10? slabs. Each piece is punched on 6? centers with dowel rod knockouts and each",,,Highway Center Strip Metal Keyway (HK)
28389,Joints-Waterproofing,MNOK,Metal Nail-On Keyway,,E:\IMAGES\ITEMS\product\M\N\bometals-inc-mnok-metal-nail-on-keyway- 2.gif,BoMetals Inc,,Folded over to eliminate sharp edges A 1:4 slope that meets both ACI & PCI recommendations Made of 30 gauge high quality hot dipped mill galvanized steel All knockouts are on 6? center and are 9/16? 5000’/skid BoMetals quality that you,,,,Metal Nail-On Keyway
28389,Joints-Waterproofing,PNOK,Plastic Nail-On Keyway,,E:\IMAGES\ITEMS\product\P\N\bometals-inc-pnok-plastic-nail-on-keyway- 2.gif,BoMetals Inc,,"Plastic Nail-On Keyway is nailed to a form prior to pouring Installed in tilt-up work, industrial floors, curbs or wherever specified Simple to use, lightweight and reusable BoMetals quality that you’ve come to recognize 10-foot lengths, 4",,,,Plastic Nail-On Keyway
28389,Joints-Waterproofing,NKLWMF,NO-Key (Light Weight Metal Form),,E:\IMAGES\ITEMS\product\N\K\bometals-inc-nklwmf-no-key-light-weight-metal-form- 2.jpg,BoMetals Inc,,Manufactured from 24 gauge Steel Used with 13 gauge QuicKey™ Stakes Available in all our most popular sizes Rolled Bottom Edge for your Protection Use on smaller jobs when a Keyed Control Joint is not required More reliable than a saw-,,,,NO-Key (Light Weight Metal Form)
27684,Dowels,QL-05005,QuicLoad Round Dowel System,,E:\IMAGES\ITEMS\product\Q\L\bometals-inc-ql-05005-quicload-round-dowel-system- 2.jpg,BoMetals Inc,,Quick Installation Saves Time & Money Single Component System Continuous Pour Automatic Locking System Proper Dowel Alignment,,,Round Dowel Size: 1/2? X 10?; Sleeve Length: 5?,QuicLoad Round Dowel System
27684,Dowels,QL-05009,QuicLoad Round Dowel System,,E:\IMAGES\ITEMS\product\Q\L\bometals-inc-ql-05009-quicload-round-dowel-system- 2.jpg,BoMetals Inc,,Quick Installation Saves Time & Money Single Component System Continuous Pour Automatic Locking System Proper Dowel Alignment,,,Round Dowel Size: 1/2? X 18?; Sleeve Length: 9?,QuicLoad Round Dowel System
27684,Dowels,QL-07505,QuicLoad Round Dowel System,,E:\IMAGES\ITEMS\product\Q\L\bometals-inc-ql-07505-quicload-round-dowel-system- 2.jpg,BoMetals Inc,,Quick Installation Saves Time & Money Single Component System Continuous Pour Automatic Locking System Proper Dowel Alignment,,,Round Dowel Size: 3/4? X 10?; Sleeve Length: 5?,QuicLoad Round Dowel System
27684,Dowels,QL-07509,QuicLoad Round Dowel System,,E:\IMAGES\ITEMS\product\Q\L\bometals-inc-ql-07509-quicload-round-dowel-system- 2.jpg,BoMetals Inc,,Quick Installation Saves Time & Money Single Component System Continuous Pour Automatic Locking System Proper Dowel Alignment,,,Round Dowel Size: 3/4? X 18?; Sleeve Length: 9?,QuicLoad Round Dowel System
27684,Dowels,QL-07512,QuicLoad Round Dowel System,,E:\IMAGES\ITEMS\product\Q\L\bometals-inc-ql-07512-quicload-round-dowel-system- 2.jpg,BoMetals Inc,,Quick Installation Saves Time & Money Single Component System Continuous Pour Automatic Locking System Proper Dowel Alignment,,,Round Dowel Size: 3/4? X 24?; Sleeve Length: 12?,QuicLoad Round Dowel System
27684,Dowels,QL-10009,QuicLoad Round Dowel System,,E:\IMAGES\ITEMS\product\Q\L\bometals-inc-ql-10009-quicload-round-dowel-system- 2.jpg,BoMetals Inc,,Quick Installation Saves Time & Money Single Component System Continuous Pour Automatic Locking System Proper Dowel Alignment,,,Round Dowel Size: 1? X 18?; Sleeve Length: 9?,QuicLoad Round Dowel System
27684,Dowels,QL-12509,QuicLoad Round Dowel System,,E:\IMAGES\ITEMS\product\Q\L\bometals-inc-ql-12509-quicload-round-dowel-system- 2.jpg,BoMetals Inc,,Quick Installation Saves Time & Money Single Component System Continuous Pour Automatic Locking System Proper Dowel Alignment,,,Round Dowel Size: 1 1/4? X 18?; Sleeve Length: 9?,QuicLoad Round Dowel System
27684,Dowels,FPDS,Flat Plate Dowel System,,E:\IMAGES\ITEMS\product\F\P\bometals-inc-fpds-flat-plate-dowel-system- 2.jpg,BoMetals Inc,Most Advanced Design in Doweling Systems,"A consistent cross-sectional area provides increased capacity at wider joints openings Instead of a wider plate, a thicker plate allows a more economical use of steel to provide increased bending capacity Bearing Stress between steel and concrete",Durable Polystyrene Tapered Sleeve for increased lateral movement to prohibit lateral restraint Ribs on the sleeve provide anchorage in concrete and increase the rigidity of the sleeve Internal Supports prevent the sleeve compressing during in,,,Flat Plate Dowel System
27684,Dowels,UDS,UDS (Universal Dowel Sleeve) System,,E:\IMAGES\ITEMS\product\U\D\bometals-inc-uds-uds-universal-dowel-sleeve-system- 2.jpg,BoMetals Inc,,Full length sleeve ensures no concrete to dowel bonding Injection moulded for accurate tolerances and maximum straightness Stiffening ribs to minimize distortion Simply twist & turn into knock-outs in BoMetals QuicKey™ System Can be used a,,,,UDS (Universal Dowel Sleeve) System
27684,Dowels,SRD,Smooth Round Dowels,,E:\IMAGES\ITEMS\product\S\R\bometals-inc-srd-smooth-round-dowels- 2.jpg,BoMetals Inc,BoMetals Smooth Rod Dowels are manufactured for standard stock diameter and computerized length for your job needs. All Smooth Round Dowels are sawn per ACI 302.1r-04 3.2.7! Please call us at 800-862-4835 for availability!,,,,,Smooth Round Dowels
26736,Concrete Expansion Joint,CCNCLP,"Closed Cell, Non Cross-linked Polyethylene Foam",,E:\IMAGES\ITEMS\product\C\C\bometals-inc-ccnclp-closed-cell-non-cross-linked-polyethylene-foam- 2.jpg,BoMetals Inc,"Available in Black, Grey or White, and can be used in all standard concrete construction applications.  It is widely used and accepted in residential, commercial and industrial construction.","Extruded from high quality polyethylene foam Peel off Strip – Standard on each roll, but can be special ordered without Flexibility – Will not break or crack when used around curves or columns Lightweight – Approximately 10 times lighter than","Your setup is all the same, no special equipment is required. Simply install Non-Cross Linked Foam with the peel strip either up or down, depending on if the joint will be sealed or not. Install using spray on adhesive, mechanical fastners, or dep",,,"Closed Cell, Non Cross-linked Polyethylene Foam"
26736,Concrete Expansion Joint,CCCLPF,"Closed Cell, Cross-linked Polyethylene Foam",,E:\IMAGES\ITEMS\product\C\C\bometals-inc-ccclpf-closed-cell-cross-linked-polyethylene-foam- 2.jpg,BoMetals Inc,"Available in Black, Grey or Cream rolls or Grey sheets.  Cross-linked PE Foam can be used in all standard concrete construction applications.  It is widely used and accepted in residential, commercial, industrial and State DOT construction.","HT (Chemically) or HTI (Irradiation) Crosslinked Types Extruded as high quality closed cell, cross linked polyethylene foam Peel off Strip – Can be added to certain thicknesses, please inquire Flexibility – Will not break or crack when used ar",,,,"Closed Cell, Cross-linked Polyethylene Foam"
29039,Backer Rod,BR,Backer Rod,,E:\IMAGES\ITEMS\product\B\R\bometals-inc-br-backer-rod- 2.jpg,BoMetals Inc,Standard Backer Rod is an ideal non absorbent compressible material inserted into a joint to control sealant depth. It creates a backstop to allow for proper sealant tooling. Available in Soft and Hot Type Backer Rod.,"Backer Rod is commonly used in glazing operations, window and door applications, expansion joints, curtain wall joints, partitions, log construction, pavement joints and repair, precast units and copings and any number of other job applications.",,,Backer Rod,Backer Rod
26736,Concrete Expansion Joint,CCNSRJF,Closed Cell Neoprene Sponge Rubber Joint Filler,,E:\IMAGES\ITEMS\product\C\C\bometals-inc-ccnsrjf-closed-cell-neoprene-sponge-rubber-joint-filler- 2.jpg,BoMetals Inc,,Neoprene helps prevent clogging of expansion joints with mortar and is the accepted material for brick and block expansion joint fillers. Can be precut and shipped direct to your jobsite. Available with or without PSA (Pressure Sensitive Adhesive),Neoprene is available in roll or sheet form and in Multiple Densities / Grades / Types to meet a wide range of specifications.  Please inquire about your specific needs.,,,Closed Cell Neoprene Sponge Rubber Joint Filler
26736,Concrete Expansion Joint,FRRJM,Flexible Rebonded Rubber Joint Material,,E:\IMAGES\ITEMS\product\F\R\bometals-inc-frrjm-flexible-rebonded-rubber-joint-material- 2.jpg,BoMetals Inc,,"Rebonded Rubber is a widely accepted form of expansion joint filler today. It can be used in almost any type of residential or commerical application including Corps of Engineers projects such as dams, levees and water treatment facilities. Conforms t","Formed from pieces of a high quality rubber, bonded securely with resin.  It is highly reslient and will compress with little extrusion and recover to 90% of its original thickness.",,,Flexible Rebonded Rubber Joint Material
26736,Concrete Expansion Joint,SCT2,Standard Cork Type II,,E:\IMAGES\ITEMS\product\S\C\Standard-Cork-Type.jpg,BoMetals Inc,Standard Cork is a resin bonded cork filler for building and civil engineering.,"Standard Cork Type II consists of extremely selected cork granules securely bound together by a synthetic resin of a soluble nature and molded under heat and pressure. Conforms to ASTM D-1752-84 TYPE II Recommended wherever joints in concrete, bri",,,,Standard Cork Type II
26736,Concrete Expansion Joint,SECT3,Self Expanding Cork Type III,,E:\IMAGES\ITEMS\product\S\E\Self-Expanding-Cork-Type.jpg,BoMetals Inc,Self Expanding Cork is produced with clean granulated cork particles securely bound together with a synthetic resin. The product expands upon exposure to moisture and weather to develop an interface pressure seal within the concrete joint.,"Self Expanding Cork Type III is particularly used for sealing the expansion joint in water structures, water treatment facilities and storage structures among others. Conforms to ASTM D-1752-84 TYPE III Available in full 24? x 36? sheets or can be",,,,Self Expanding Cork Type III
26736,Concrete Expansion Joint,1018,Expansion Board Cap,,E:\IMAGES\ITEMS\product\1\0\bometals-inc-1018-expansion-board-cap- 2.jpg,BoMetals Inc,"Expansion Board Caps provide clean, sharp lines for sealants. They eliminate the difficulty of removing wooden formers.",,,,5/16?,Expansion Board Cap
26736,Concrete Expansion Joint,1019,Expansion Board Cap,,E:\IMAGES\ITEMS\product\1\0\bometals-inc-1019-expansion-board-cap- 2.jpg,BoMetals Inc,,,,,5/16?,Expansion Board Cap
26736,Concrete Expansion Joint,1020,Expansion Board Cap,,E:\IMAGES\ITEMS\product\1\0\bometals-inc-1020-expansion-board-cap- 2.jpg,BoMetals Inc,,,,,7/16?,Expansion Board Cap
26736,Concrete Expansion Joint,1021,Expansion Board Cap,,E:\IMAGES\ITEMS\product\1\0\bometals-inc-1021-expansion-board-cap- 2.jpg,BoMetals Inc,,,,,5/8?,Expansion Board Cap
26736,Concrete Expansion Joint,1022,Expansion Board Cap,,E:\IMAGES\ITEMS\product\1\0\bometals-inc-1022-expansion-board-cap- 2.jpg,BoMetals Inc,,,,,7/8?,Expansion Board Cap
26736,Concrete Expansion Joint,1010,Zip Joint,,E:\IMAGES\ITEMS\product\1\0\bometals-inc-1010-zip-joint- 2.jpg,BoMetals Inc,"Zip Joints are easily installed joint formers designed to provide positive control of transverse construction or expansion joints. The two-part assembly is designed to permit removal of the top portion after the concrete has hardened, thereby creating a c",,,,1?,Zip Joint
26736,Concrete Expansion Joint,1011,Zip Joint,,E:\IMAGES\ITEMS\product\1\0\bometals-inc-1011-zip-joint- 2.jpg,BoMetals Inc,"Zip Joints are easily installed joint formers designed to provide positive control of transverse construction or expansion joints. The two-part assembly is designed to permit removal of the top portion after the concrete has hardened, thereby creating a c",,,,1 1/2?,Zip Joint
26736,Concrete Expansion Joint,1012,Zip Joint,,E:\IMAGES\ITEMS\product\1\0\bometals-inc-1012-zip-joint- 2.jpg,BoMetals Inc,"Zip Joints are easily installed joint formers designed to provide positive control of transverse construction or expansion joints. The two-part assembly is designed to permit removal of the top portion after the concrete has hardened, thereby creating a c",,,,2?,Zip Joint
26736,Concrete Expansion Joint,SNRBP,Solid Neoprene Rubber Bearing Pad,,E:\IMAGES\ITEMS\product\S\N\bometals-inc-snrbp-solid-neoprene-rubber-bearing-pad- 2.jpg,BoMetals Inc,"Solid Rubber Neoprene Bearing Pads are available in both Commercial Grade and AASHTO Grade.  Bearing Pads available in many different grades and densities to meet the many different specifications, please inquire about availability and pricing per your de",,,,,Solid Neoprene Rubber Bearing Pad
26736,Concrete Expansion Joint,CJ,Control Joints,,E:\IMAGES\ITEMS\product\C\J\bometals-inc-cj-control-joints- 2.jpg,BoMetals Inc,BoMetals masonry control joints are available in both PVC and Rubber compounds. They are standard black in color in 4' lengths. Special lengths are available on request.,"Control joints are typically located at  wall openings changes in wall height or thickness construction joints in foundations, roofs and floors wall intersections a distance of not over one-half the allowable joint spacing from all","Cracking in block walls normally results from restrained movement. This movement may originate within a building material due to temperature change or shrinkage, or may result from movement of adjacent building elements. In most cases, movement is inevita",,,Control Joints
26831,Anchoring Systems,PSDAS,Pro-Slot™ & Dovetail Anchor Slot,,E:\IMAGES\ITEMS\product\P\S\bometals-inc-psdas-pro-slot-dovetail-anchor-slot- 2.gif,BoMetals Inc,"PRO-SLOT™ Anchor Slot is a stay-in-place concrete form used in forming a channel into the face of any cast in place wall or column. By installing Dovetail Anchors into the PRO-SLOT™, you can then anchor brick, block or stone to the concrete surface.","Dovetail Anchors are manufactured in 16 gauge hot dipped, galvanized steel and are furnished in 3 1/2?, 5 1/2? and 7 1/2? lengths with a 1? overall width.  Advantages PRO-SLOTTM Anchor Slot and Dovetail Anchors provide a permanent, fast, flexi","BoMetals galvanized PRO-SLOT™ Anchor Slot is manufactured of G60 hot dipped mill galvanized steel in 26/28, 24, 22, 20 and 18 gage. PRO-SLOT™ is offered standard in 10' lengths with custom lengths available on a special order basis. BoMetals PRO-SLOT™ is",,,Pro-Slot™ & Dovetail Anchor Slot
26848,Specialty Masonry Products,WT,Weep Tubes,,E:\IMAGES\ITEMS\product\W\T\bometals-inc-wt-weep-tubes- 2.jpg,BoMetals Inc,The location and embedment of the weep tubes shall be as shown on the drawings or called for in the specifications. BoMetals Weep Tubes are manufactured from clear rigid PVC.,,"During progress of work all weep tubes shall be protected from damage and should be free of oil, dirt and concrete spatter. Weep Tubes should be kept free from internal obstructions. Broken or damaged weep tubes should not be used. All weep tubes shall be",,,Weep Tubes
26736,Concrete Expansion Joint,DSF,Drip Strip Formers,,E:\IMAGES\ITEMS\product\D\S\bometals-inc-dsf-drip-strip-formers- 2.gif,BoMetals Inc,The Drip Strip is nailed to the form. Then it is easily removed from the concrete to be reused in your next application.,,"Simple, elegant and functional. The simple design defeats the tenacity and strength of complex surface tension. Breaking the surface tension of water as it seeps off the exposed surface of overhead walkways. Forces the water to drip clear of the walkways",,,Drip Strip Formers
26736,Concrete Expansion Joint,CRF,Chamfer and Radius Formers,,E:\IMAGES\ITEMS\product\C\R\bometals-inc-crf-chamfer-and-radius-formers- 2.jpg,BoMetals Inc,"Those beautiful lines on concrete buildings aren’t by accident. Chamfer and radius form clean, smooth finished edges on the outside of columns, piers, beams or walls. They provide pleasing lines as well as safer corners for pedestrian traffic.",,,,,Chamfer and Radius Formers
26885,Bar Chairs,FC,Foundation Chair,,E:\IMAGES\ITEMS\product\F\C\bometals-inc-fc-foundation-chair- 2.jpg,BoMetals Inc,"Foundation Chairs are widely used to support rebar when pouring footers. They are simple to use, inexpensive, and convenient. Offered in a 2-Bar and a 3-Bar design. Manufactured from 12 gauge wire.",,,,,Foundation Chair
26755,Concrete Metal Stakes,WBS,Wire Bar Stakes,,E:\IMAGES\ITEMS\product\W\B\bometals-inc-wbs-wire-bar-stakes- 2.jpg,BoMetals Inc,,Made from 3/16? Nominal Wire 100 ea per box,,,,Wire Bar Stakes
26755,Concrete Metal Stakes,NS,Nail Stakes,,E:\IMAGES\ITEMS\product\N\S\bometals-inc-ns-nail-stakes- 2.jpg,BoMetals Inc,"BoMetals, Inc supply of nail stakes are primarily used to secure wood or metal forms for concrete placement jobs and in outside concrete forming.",,,,,Nail Stakes
26755,Concrete Metal Stakes,GS,Grade Stakes,,E:\IMAGES\ITEMS\product\G\S\bometals-inc-gs-grade-stakes- 2.jpg,BoMetals Inc,,"Pre-drilled holes for tie wire Termite proof Each stake has a pointed, sharp tip for easy installation Will not split like wood Can be used as rebar support Available in 12?, 18?, 24?, or 30? lengths 100 pieces per box Made fro",,,,Grade Stakes
26755,Concrete Metal Stakes,RS,Rebar Stakes,,E:\IMAGES\ITEMS\product\R\S\bometals-inc-rs-rebar-stakes- 2.gif,BoMetals Inc,BoMetals Rebar Stake is used to hold one end of a tie-bar or dowel bar while the dowel bar is going through a dowel hole in the keyway or timber form work.,"Rebar Stake made from 18 gauge, hot dipped, mill galvanized steel 12 Length 7/8? Hole Size 100/box",,,,Rebar Stakes
26755,Concrete Metal Stakes,PS,P-Stakes,,E:\IMAGES\ITEMS\product\P\S\bometals-inc-ps-p-stakes- 2.gif,BoMetals Inc,,Dowel and tie bar support Made in USA Standard with 0.306? Wire for stem Standard 1? Stem above Loop With/without crossbar With/without bias cut 0.1875? Wire for Crossbar and Loop Loop = Bar Size + 0.125? 100 ea per box,,,,P-Stakes
26755,Concrete Metal Stakes,CHS,Channel Stakes,,E:\IMAGES\ITEMS\product\C\H\bometals-inc-chs-channel-stakes- 2.jpg,BoMetals Inc,,Pre-drilled holes for tie wire Use with Highway Center Strip Keyway Can be used as rebar support Will not split like wood Available in 15? & 18? lengths 100 pieces per box Made from 16 gauge HRPO steel,,,,Channel Stakes
22712,Indexable Chamfer Mills,CL-750,"3/4"" X 10' PVC CHAMFER WITH LEG        CSN34010",,E:\IMAGES\ITEMS\product\C\L\bometals-inc-cl-750-34-x-10-pvc-chamfer-with-leg-csn34010.jpg,BoMetals Inc,,,,,,"3/4"" X 10' PVC CHAMFER WITH LEG        CSN34010"
21966,Truck Box and Jobsite Box Accessories,ET-08,8 ELEPHANT TRUNK 0682001,,E:\IMAGES\ITEMS\product\E\T\bometals-inc-et-08-8-elephant-trunk-0682001.jpg,BoMetals Inc,,,,,,8 ELEPHANT TRUNK 0682001
21966,Truck Box and Jobsite Box Accessories,ETB,CLAMP FOR ELEPHANT TRUNK 0690000,,E:\IMAGES\ITEMS\product\E\T\bometals-inc-etb-clamp-for-elephant-trunk-0690000.jpg,BoMetals Inc,,A band clamp for the elephant trunk.,,,,CLAMP FOR ELEPHANT TRUNK 0690000
25063,Power Transmission Couplings | Collars | Adapters,ETC-08,STEEL COLLAR 0688000,,E:\IMAGES\ITEMS\product\E\T\bometals-inc-etc-08-steel-collar-0688000.jpg,BoMetals Inc,,The main collar used to attach the elephant trunk and the hopper. Supplied with chains to quickly attach and attach the elephant trunks from the hopper.,,,,STEEL COLLAR 0688000
23145,Hopper Tubs,HPR-LD,8 HOPPER,,E:\IMAGES\ITEMS\product\H\P\bometals-inc-hpr-ld-8-hopper.jpg,BoMetals Inc,,"standard 36"" x 36""",,,,8 HOPPER
26831,Anchoring Systems,11045DT,26 GA. DOVETAIL ANCHOR SLOT,,E:\IMAGES\ITEMS\product\1\1\bometals-inc-11045dt-26-ga-dovetail-anchor-slot.jpg,BoMetals Inc,,"FEATURES:  Application: Rebar Doweling, Structural Rebar, Threaded Rod Anchoring  Color: Gray  Container Type: Cartridge  Item: Epoxy Adhesive  Size: 20 oz.  Temp. Range (F): 40 Degrees to 104 Degrees  Type: High Strength  Application Time: 11 min.  Shear Strength (PSI): 3900  Substrates: Concrete  Mixing Ratio: 1:1  Full Cure: 7 hr.  Work Life: 11 min.",,,,26 GA. DOVETAIL ANCHOR SLOT
26920,Water Stops,SI-214,Splicing Iron for Waterstop - 2” x 14” x 1”,,E:\IMAGES\ITEMS\product\S\I\bometals-inc-si-214-splicing-iron-for-waterstop-2-x-14-x-1.jpg,BoMetals Inc,BoMetals Splicing Irons are specifically designed for welding PVC & TPER Waterstop as outlined in Corps of Engineers Specification CRD C-572-74. The temperature control can be adjusted from 250-500º Fahrenheit. BoMetals thermoplasatic irons are constructed of the highest quality components. A detailed Waterstop Field Splicing Guide is available upon request.,"100% factory tested, adjustable temperature, heavy duty vinyl grip, teflon peel and stick cover, standard 110-120 VAC/8 Amp, 8’ power cord, UL Listed.",,,2” x 14” x 1”,Splicing Iron for Waterstop - 2” x 14” x 1”
28055,Spreaders,SI-214C,COVER FOR SI-214 IRON >>>>COVER ONLY<<<<,,/,BoMetals Inc,,,,,,COVER FOR SI-214 IRON >>>>COVER ONLY<<<<
