﻿category_ids,category_names,sku,meta_title,meta_description,Image,manufacturer,description,short_description,summary,upc,size_info,meta_keyword
144|21837|28287,Levels|Rotary and Straight Line Laser Levels|Surveying Equipment,57-LMHCUPK,Self-Leveling Rotary Laser,The LMH-C Electronic Self-Leveling rotary Lasers offer fast and simple leveling power to handle your toughest indoor/outdoor jobs with less manpower.,E:\IMAGES\ITEMS\product\5\7\CST-Berger-57-LMHCUPK-Self-Leveling-Rotary.jpg,CST Berger,The LMH-C Electronic Self-Leveling rotary Lasers offer fast and simple leveling power to handle your toughest indoor/outdoor jobs with less manpower.,Single beam offers 600 RPM rotational for optimal use with detector or depth sensor Anti-Drift system to signal operator when unit is moved out of position Automatic/Manual mode No bubble required - Wide self-leveling range of +/- 5degrees (1 degree per second in horizontal),"Other Features: Low Battery Indicator so you don't run out of power at the wrong time Heavy duty glass enclosed beacon and durable sealed housing is water and dust-resistant (IPX4) to ensure years of dependable operation Pro Grade - Motorized, electronic horizontal self-leveling",,CST Berger 57-LMHCUPK Self-Leveling Rotary Laser,Self-Leveling Rotary Laser
28135,Leveling Kits,SAL24ND,24X Automatic Level,Automatic level with 24x magnification,E:\IMAGES\ITEMS\product\S\A\CST-Berger-SAL24ND-24X-Automatic.jpg,CST Berger,Automatic level with 24x magnification,Sturdy metal housing with rubber reinforcement Fast aperture Magnetically dampened compensator Applications Patios Gardening and landscaping House construction Foundations Road construction Excavation,"Other Features Fine motion knobs on both sides with friction-braked rotation, endless horizontal drive Large focusing knob Target collimator Graduated circle with either 360 degrees Compensator lock (transport lock) Circular vial with penta prism",,CST Berger SAL24ND 24X Automatic Level,24X Automatic Level
28287,Surveying Equipment,54-190K,Transit-Level,For builders that require rough angle turning and fine tuning adjustments,E:\IMAGES\ITEMS\product\5\4\CST-Berger-54-190K-Transit.jpg,CST Berger,For builders that require rough angle turning and fine tuning adjustments,Non-strip focus knob prevents breakage and lens damage Built-in sunshade reduces glare Large achromatic coated objective lens for a sharp image,"Other Features: These instruments have clamps and tangents that bring your instrument quickly on target. 15 minute horizontal circle on both models and 1degree vertical arc on Model 200B allow the builder to set rough angles. units use 5/8-11 thread. Rubber eyepiece cap protects eyeglasses Durable brass leveling screws Dust protected eyepiece with fixed cross hairs for accuracy High precision glass level vials 4-1/2 foot (1.4m) short focus for maximum useable range Sliding lock levels to lock telescope (on Transit/Levels) One piece aircraft aluminum telescope Electrostatically powder coated safety yellow paint One year Warranty Working Range: 200 feet (60m) Accuracy: 1/4-in at 75 feet Level Kit: Includes Tripod, Rod, Hard-Shell Carrying Case, Allen Wrench",,54-190K,Transit-Level
21809,Leveling Rods and Tripods,06-808A,"8' Aluminum Grade Rod Feet, Tenths, Hundredths, 3 section",,E:\IMAGES\ITEMS\product\0\6\CST-Berger-06-808A-8-Aluminum-Grade-Rod-Feet-Tenths.png,CST Berger,,"Extends and collapses easily with durable buttons Made of a lightweight and durable aluminum alloy Anodized parts are imprinted with special weather resistant and corrosion resistant inks Sectional junctions are injection molded from a durable, light, impact-resistant plastic Front and back, easy to read scale Scale on back permits easy height readings at eye level Rod Dimensions: 36.8 x 2.6 x 1.8 inches",CST's telescoping aluminum rods are made of a light & durable aluminum alloy.  The anodized  segments are imprinted with exceptional weather resistant and corrosion resistant inks.  Tight tolerances on extruded aluminum parts allow for smooth extension and  deter  unnecessary clattering and slopiness.  The sectional junctions are injection molded from a durable lightweight impact-resistant plastic.  Rods are equipped with  dependable  and wear resistant polycarbonate buttons that  secure  each section.  Easy to read graduations and and a special measuring scale on the rear side allow users to read height at eye level.,,"8' Feet, Tenths, Hundredths, 3-Section","8' Aluminum Grade Rod Feet, Tenths, Hundredths, 3 section"
21809,Leveling Rods and Tripods,06-808C,"8' Aluminum Grade Rod Feet, Inches, Eighths, 3 section",,E:\IMAGES\ITEMS\product\0\6\CST-Berger-06-808A-8-Aluminum-Grade-Rod-Feet-Tenths.png,CST Berger,"CST Berger 06-808C 8' Aluminum Grade Rod Feet, Inches, Eighths, 3 section","Extends and collapses easily with durable buttons Made of a lightweight and durable aluminum alloy Anodized parts are imprinted with special weather resistant and corrosion resistant inks Sectional junctions are injection molded from a durable, light, impact-resistant plastic Front and back, easy to read scale Scale on back permits easy height readings at eye level Rod Dimensions: 36.8 x 2.6 x 1.8 inches",CST's telescoping aluminum rods are made of a light & durable aluminum alloy.  The anodized  segments are imprinted with exceptional weather resistant and corrosion resistant inks.  Tight tolerances on extruded aluminum parts allow for smooth extension and  deter  unnecessary clattering and slopiness.  The sectional junctions are injection molded from a durable lightweight impact-resistant plastic.  Rods are equipped with  dependable  and wear resistant polycarbonate buttons that  secure  each section.  Easy to read graduations and and a special measuring scale on the rear side allow users to read height at eye level.,,"8' Feet, Inches, Eighths, 3-Section","8' Aluminum Grade Rod Feet, Inches, Eighths, 3 section"
21809,Leveling Rods and Tripods,06-813C,"13' Aluminum Grade Rod Feet, Inches, Eighths, 3 section",,E:\IMAGES\ITEMS\product\0\6\CST-Berger-06-808A-8-Aluminum-Grade-Rod-Feet-Tenths.png,CST Berger,"CST Berger 06-813C 13' Aluminum Grade Rod Feet, Inches, Eighths, 3 section","Extends and collapses easily with durable buttons Made of a lightweight and durable aluminum alloy Anodized parts are imprinted with special weather resistant and corrosion resistant inks Sectional junctions are injection molded from a durable, light, impact-resistant plastic Front and back, easy to read scale Scale on back permits easy height readings at eye level Rod Dimensions: 36.8 x 2.6 x 1.8 inches",CST's telescoping aluminum rods are made of a light & durable aluminum alloy.  The anodized  segments are imprinted with exceptional weather resistant and corrosion resistant inks.  Tight tolerances on extruded aluminum parts allow for smooth extension and  deter  unnecessary clattering and slopiness.  The sectional junctions are injection molded from a durable lightweight impact-resistant plastic.  Rods are equipped with  dependable  and wear resistant polycarbonate buttons that  secure  each section.  Easy to read graduations and and a special measuring scale on the rear side allow users to read height at eye level.,,"13' Feet, Inches, Eighths, 3-Section","13' Aluminum Grade Rod Feet, Inches, Eighths, 3 section"
21809,Leveling Rods and Tripods,06-816,"16' Aluminum Grade Rod Feet, Tenths, Hundredths, 5 section",,E:\IMAGES\ITEMS\product\0\6\CST-Berger-06-808A-8-Aluminum-Grade-Rod-Feet-Tenths.png,CST Berger,"CST Berger 06-806 16' Aluminum Grade Rod Feet, Tenths, Hundredths, 5 section","Extends and collapses easily with durable buttons Made of a lightweight and durable aluminum alloy Anodized parts are imprinted with special weather resistant and corrosion resistant inks Sectional junctions are injection molded from a durable, light, impact-resistant plastic Front and back, easy to read scale Scale on back permits easy height readings at eye level Rod Dimensions: 36.8 x 2.6 x 1.8 inches",CST's telescoping aluminum rods are made of a light & durable aluminum alloy.  The anodized  segments are imprinted with exceptional weather resistant and corrosion resistant inks.  Tight tolerances on extruded aluminum parts allow for smooth extension and  deter  unnecessary clattering and slopiness.  The sectional junctions are injection molded from a durable lightweight impact-resistant plastic.  Rods are equipped with  dependable  and wear resistant polycarbonate buttons that  secure  each section.  Easy to read graduations and and a special measuring scale on the rear side allow users to read height at eye level.,,"16' Feet, Tenths, Hundredths, 5-Section","16' Aluminum Grade Rod Feet, Tenths, Hundredths, 5 section"
21809,Leveling Rods and Tripods,06-816C,"16' Aluminum Grade Rod Feet, Inches, Eighths, 5 section",,E:\IMAGES\ITEMS\product\0\6\CST-Berger-06-808A-8-Aluminum-Grade-Rod-Feet-Tenths.png,CST Berger,"CST Berger 06-816C 16' Aluminum Grade Rod Feet, Inches, Eighths, 5 section","Extends and collapses easily with durable buttons Made of a lightweight and durable aluminum alloy Anodized parts are imprinted with special weather resistant and corrosion resistant inks Sectional junctions are injection molded from a durable, light, impact-resistant plastic Front and back, easy to read scale Scale on back permits easy height readings at eye level Rod Dimensions: 36.8 x 2.6 x 1.8 inches",CST's telescoping aluminum rods are made of a light & durable aluminum alloy.  The anodized  segments are imprinted with exceptional weather resistant and corrosion resistant inks.  Tight tolerances on extruded aluminum parts allow for smooth extension and  deter  unnecessary clattering and slopiness.  The sectional junctions are injection molded from a durable lightweight impact-resistant plastic.  Rods are equipped with  dependable  and wear resistant polycarbonate buttons that  secure  each section.  Easy to read graduations and and a special measuring scale on the rear side allow users to read height at eye level.,,"16' Feet, Inches, Eighths, 5-Section","16' Aluminum Grade Rod Feet, Inches, Eighths, 5 section"
28287,Surveying Equipment,54-200K,Transit-Level,For builders that require rough angle turning and fine tuning adjustments,E:\IMAGES\ITEMS\product\5\4\CST-Berger-54-190K-Transit.jpg,CST Berger,CST Berger 54-200K Transit-Level,Non-strip focus knob prevents breakage and lens damage Built-in sunshade reduces glare Large achromatic coated objective lens for a sharp image,"Other Features: These instruments have clamps and tangents that bring your instrument quickly on target. 15 minute horizontal circle on both models and 1degree vertical arc on Model 200B allow the builder to set rough angles. units use 5/8-11 thread. Rubber eyepiece cap protects eyeglasses Durable brass leveling screws Dust protected eyepiece with fixed cross hairs for accuracy High precision glass level vials 4-1/2 foot (1.4m) short focus for maximum useable range Sliding lock levels to lock telescope (on Transit/Levels) One piece aircraft aluminum telescope Electrostatically powder coated safety yellow paint One year Warranty Working Range: 200 feet (60m) Accuracy: 1/4-in at 75 feet Level Kit: Includes Tripod, Rod, Hard-Shell Carrying Case, Allen Wrench",,54-200K,Transit-Level
144|28135,Levels|Leveling Kits,55-SLVP24ND,24X Automatic Level Kit,Upgrade to the latest features and technology with CST/berger's SAL Series Automatic Levels!,E:\IMAGES\ITEMS\product\5\5\CST-Berger-55-SLVP24ND-24X-Automatic-Level.jpg,CST Berger,Upgrade to the latest features and technology with CST/berger's SAL Series Automatic Levels!,"Magnetically-dampened, wire-hung compensator for optimum range and accuracy Compensator lock protects instrument during transport or storage, also acts as a handy compenstor checking tool Large effective aperture and minimum focus of 1 foot (0.3m)","These units now incorporate easy-to-grip styling and an improved compensator. Designed for the contractor, surveyor, or engineer who demands accurate leveling every time, SAL automatic levels set up fast, are easy to use, and save time and money on every job. The SAL Series offers your choice of options: magnification, accuracy, and price. 24X SAL Automatic Level Kit; Includes Tripod and Rod Top-mounted optical peep-sight for quick reference Large, easy-to-use precise focusing knob Easy-to-read horizontal circle Right angle prism for easy bubble viewing Sealed, dust-protected leveling screws Water-resistant, sealed construction plus sunshade for use in various weather conditions Fine motion knobs on left and right sides with friction-braked rotation, endless horizontal drive. 1:100 stadia for distance estimation 5/8-11 threads to fit standard tripods Available in 360 degrees or 400 gons; please specify Includes hardshell carrying case with dual latches, plumb bob, Allen wrench, adjusting pin, and instruction manual.",,CST Berger 55-SLVP24ND 24X Automatic Level Kit,24X Automatic Level Kit
142|21837,Lasers (INACTIVE)|Rotary and Straight Line Laser Levels,59-Target,Magnetic Laser Target Card,,E:\IMAGES\ITEMS\product\5\9\CST-Berger-59-Target-Magnetic-Laser-Target.jpg,CST Berger,,,,,CST Berger 59-Target Magnetic Laser Target Card,Magnetic Laser Target Card
144|21837,Levels|Rotary and Straight Line Laser Levels,XP5,5-Beam Laser Level,Self-leveling 5-beam point laser with magnetic universal mount,E:\IMAGES\ITEMS\product\X\P\CST-Berger-XP5-5-Beam-Laser.jpg,CST Berger,Self-leveling 5-beam point laser with magnetic universal mount,"High accuracy with clearly visible laser points Rubber reinforcement to protect against impact, and splashproof seal.",Applications Ideal for plumb and leveling work at a right angle Point transfer Leveling work,,CST Berger XP5 5-Beam Laser Level,5-Beam Laser Level
142|21837,Lasers (INACTIVE)|Rotary and Straight Line Laser Levels,57-LD400YEL,57-LD400YEL Laser Detector with Clamp & Dual Display,,E:\IMAGES\ITEMS\product\5\7\CST-Berger-57-LD400YEL-Laser-Detector-with-Clamp-Dual.jpg,CST Berger,,,Locate your laser beam in bright light or over long distances. These new and improved laser detectors can be used with any rotation visible or invisible laser on the market.,,CST Berger 57-LD400YEL Laser Detector with Clamp & Dual Display,57-LD400YEL Laser Detector with Clamp & Dual Display
144|21842,Levels|Specialty Levels,57-AL500HV-PKG,Int/Ext Hor/Ver Rotary Laser Package,,E:\IMAGES\ITEMS\product\5\7\CST-Berger-57-AL500HV-PKG-IntExt-HorVer-Rotary-Laser.jpg,CST Berger,,Heavy Duty Metal Cage with handle protects laser beacon Remote Sensor provides 360-Degree remote capacity Durable Co-molded housing for water and dust resistance Sweep mode makes the AL-500HV Ideal for drop ceiling installs,"The AL-500HV is a horizontal and vertical dual-beam single-slope interior and exterior rotary laser that delivers professional performance at an affordable price. The AL-500HV is ideal for exterior and interior general construction and aligning jobs such as grading, concrete forms and pads, site prep and elevation transfer as well as interior jobs such as building, drop ceilings, electrical installation and other alignment jobs. 57-AL500HVI (Interior Package) includes: Remote, Glasses, wall-mount, magnetic target, batteries, case, and user's manual. 57-AL500HVDI (Interior Detector Package) includes: Remote, LD-90 Detector with clamp, glasses, wall-mount, magnetic target, batteries, and case. 57-AL500HVPKG (Complete Package) includes: Remote, LD-90 Detector, LD-90 Detector with clamp, glasses, wall-mount, magnetic target, batteries, contractors' aluminum tripod, 8-Feet leveling rod, and case.",,CST Berger 57-AL500HV-PKG Int/Ext Hor/Ver Rotary Laser Package,Int/Ext Hor/Ver Rotary Laser Package
21809,Leveling Rods and Tripods,60-WDW20HV-O,"Wood Tripod 42"" to 72"" 5/8-11",,E:\IMAGES\ITEMS\product\6\0\CST-Berger-60-WDW20HV-O-Wood-Tripod-42-to-72-58.jpg,CST Berger,,"Made from the finest hardwoods available with die cast aluminum metal parts, these wide-frame extension leg tripods are constructed with 1"" diameter wood dowels.","Each tripod has a hand hold hole in one leg and comes complete with a poly-webbing shoulder carrying strap. Tripods are expertly treated, finished and painted - wood parts are international yellow, hardware is international orange. All tripods come with a yellow ABS plastic cap. Wing nut type clamping.",,"CST Berger 60-WDW20HV-O Wood Tripod 42"" to 72"" 5/8-11","Wood Tripod 42"" to 72"" 5/8-11"
20402,Concrete / Masonry Nails,20-751I,3/4 In. x 1/8 In. Masonry / Magnetic Nail,,E:\IMAGES\ITEMS\product\2\0\bosch-20-751i-.jpg,CST Berger,Magnetic Nail,3/4 In. long and 1/8 In. in diameter100 nails per packageCadmium plated to resist rustIncreased visibility,Fastener Category: NailsLength (in): 0.75Material: Cadmium PlatedNail Category: Flooring/MasonryFastener/Connector Package Quantity: 100,,3/4 In. x 1/8 In. Masonry / Magnetic Nail,3/4 In. x 1/8 In. Masonry / Magnetic Nail
20402,Concrete / Masonry Nails,20-753I,1-1/4 In. x 3/16 In. Masonry / Magnetic Nail,,E:\IMAGES\ITEMS\product\2\0\bosch-20-753i-.jpg,CST Berger,Masonry/MagneticNail,Hardened masonry nailsCadmium plated to resist rust and increase visibilityIdeal for concrete and asphalt1-1/4 In. long and 3/16 In. in diameter,Fastener Category: NailsLength (in): 1.25Material: Cadmium platedNail Category: Flooring/MasonryFastener/Connector Package Quantity: 100,,1-1/4 In. x 3/16 In. Masonry / Magnetic Nail,1-1/4 In. x 3/16 In. Masonry / Magnetic Nail
20402,Concrete / Masonry Nails,20-755I,2 In. x 1/4 In. Masonry / Magnetic Nail,,E:\IMAGES\ITEMS\product\2\0\bosch-20-755i-.jpg,CST Berger,Masonry/Magnetic Nail,2 In. long and 1/4 In. in diameter100 nails per packageCadmium plated to resist rustIncreased visibility,Fastener Category: NailsLength (in): 2Material: Cadmium PlatedNail Category: Flooring/MasonryFastener/Connector Package Quantity: 100,,2 In. x 1/4 In. Masonry / Magnetic Nail,2 In. x 1/4 In. Masonry / Magnetic Nail
27772,Fiberglass Tapes,74 Y1001,"100' FIBERGLASS TAPE FT, 1/10, 1/100",,E:\IMAGES\ITEMS\product\7\4\cst-berger-74-y1001-100-fiberglass-tape-ft-110-1100.jpg,CST Berger,,"100' fiberglass tape graduated in feet and 10ths Reel features a 3:1 gear ratio for faster rewinding Waterproof, dirt-resistant and washable for increased useful life More durable than steel, more functional than cloth tapes Tape blade is a highly visible yellow allowing for increased tape visibility on the job site",,,,"100' FIBERGLASS TAPE FT, 1/10, 1/100"
27772,Fiberglass Tapes,74 Y2001,"200' FIBERGLASS TAPE FT, 1/10, 1/100",,E:\IMAGES\ITEMS\product\7\4\cst-berger-74-y2001-200-fiberglass-tape-ft-110-1100.jpg,CST Berger,,"200' fiberglass tape graduated in feet and 10ths Reel features a 3:1 gear ratio for faster rewinding Waterproof, dirt-resistant and washable for increased useful life More durable than steel, more functional than cloth tapes Tape blade is a highly visible yellow allowing for increased tape visibility on the job site",,,,"200' FIBERGLASS TAPE FT, 1/10, 1/100"
27772,Fiberglass Tapes,74 Y3001,"300' FIBERGLASS TAPE FT, 1/10, 1/100",,E:\IMAGES\ITEMS\product\7\4\cst-berger-74-y3001-300-fiberglass-tape-ft-110-1100.jpg,CST Berger,,"300' fiberglass tape graduated in feet and 10ths Reel features a 3:1 gear ratio for faster rewinding Waterproof, dirt-resistant and washable for increased useful life More durable than steel, more functional than cloth tapes Tape blade is a highly visible yellow allowing for increased tape visibility on the job site",,,,"300' FIBERGLASS TAPE FT, 1/10, 1/100"
27969,Tape Measures,82 10010B,"100' NYLON COATED STEEL TAPE FT, 1/10, 1/100",,E:\IMAGES\ITEMS\product\8\2\cst-berger-82-10010b-100-nylon-coated-steel-tape-ft-110-1100.jpg,CST Berger,,"CST/berger 82-10010B 100' Nyclad Steel Tape 10ths Hook End Ft/10ths/100ths   An indispensable measuring tool designed for the precision-minded user. Open reels feature new rubber reinforced, rounded design, large soft rubber grip handle, and new color combos. 1/2"" tape width.   Type A end (loop end) zero begins 10” from end of loop. Type B end (hook end) zero begins at hook.   Superior accuracy, durability, and temperature stability over other tapes   NEW reels designed specially for impact resistance and ease of use   Accurate, wear-resistant graduations   Flexible high tempered steel tape core   Nylon coating withstands extreme temperatures, water, chemicals   Crank handle folds flat to prevent breakage",,,,"100' NYLON COATED STEEL TAPE FT, 1/10, 1/100"
27969,Tape Measures,82 20010B,"200' NYLON COATED STEEL TAPE FT, 1/10, 1/100",,E:\IMAGES\ITEMS\product\8\2\cst-berger-82-20010b-200-nylon-coated-steel-tape-ft-110-1100.jpg,CST Berger,,"200ft Nylon-Clad Tape graduated in feet and 10ths Superior Accuracy, durability and temperature stability provides better results over time Zip-Line 3:1 Gear Ratio Reel provides for faster rewind of Tape Crank handle folds flat to prevent handle breakage and allow for easy storage.",,,,"200' NYLON COATED STEEL TAPE FT, 1/10, 1/100"
27969,Tape Measures,82 30010B,"300' NYLON COATED STEEL TAPE FT, 1/10, 1/100",,E:\IMAGES\ITEMS\product\8\2\cst-berger-82-30010b-300-nylon-coated-steel-tape-ft-110-1100.jpg,CST Berger,,"300ft Nylon-Clad Tape graduated in feet and 10ths Superior Accuracy, durability and temperature stability provides better results over time Zip-Line 3:1 Gear Ratio Reel provides for faster rewind of Tape Crank handle folds flat to prevent handle breakage and allow for easy storage.",,,,"300' NYLON COATED STEEL TAPE FT, 1/10, 1/100"
21816,Measuring Wheels,RT104,"COMPACT TELESCOPING MEASURING WHEEL FT, IN",,E:\IMAGES\ITEMS\product\R\T\cst-berger-rt104-compact-telescoping-measuring-wheel-ft-in.jpg,CST Berger,,"Comfortable rubber handle grip Lightweight and compact Wide, precision molded tire provides accurate measurements on any smooth surface Counter with reset switch reads to 1-inch increments 3-section aluminum telescopic handle quickly collapses with twist motion for easy storage",,,,"COMPACT TELESCOPING MEASURING WHEEL FT, IN"
21816,Measuring Wheels,RT312,"LARGE TELESCOPING MEASURING WHEEL FT, IN",,E:\IMAGES\ITEMS\product\R\T\cst-berger-rt312-large-telescoping-measuring-wheel-ft-in.jpg,CST Berger,,Aluminum Measuring Wheel - light weight and durable with precision molded tire over aluminum spoke Pistol Grip for maximum comfort during use Telescopic Aluminum Handle lightweight and collapsible for easy storage Heavy-Duty construction for durability and long life Kick Stand included,,,,"LARGE TELESCOPING MEASURING WHEEL FT, IN"
21829,Plumb Bobs,117787,POINT FOR PLUMB BOB 11-555B,,E:\IMAGES\ITEMS\product\1\1\cst-berger-117787-point-for-plumb-bob-11-555b.jpg,CST Berger,,Includes Plumb Bob Point - 11-555B,,,,POINT FOR PLUMB BOB 11-555B
21829,Plumb Bobs,SL39,32 OZ BRASS PLUMB BOB 11-554A,,E:\IMAGES\ITEMS\product\S\L\cst-berger-sl39-32-oz-brass-plumb-bob-11-554a.jpg,CST Berger,,CST/Berger 11-554A 32 oz. precision brass plumb bob is machined for perfect balance and lacquered for a lasting finish. Includes a hardened steel point with ASA thread. Steel ASA screw cap allows for storage of an extra point.,,,,32 OZ BRASS PLUMB BOB 11-554A
26731,Concrete Epoxy Injection,CDT10,CHEMICAL DISPENSING TOOL CDT10S,,E:\IMAGES\ITEMS\product\C\D\cst-berger-cdt10-chemical-dispensing-tool-cdt10s.jpg,CST Berger,,,,,,CHEMICAL DISPENSING TOOL CDT10S
20402,Concrete / Masonry Nails,20-752I,"1"" Masonry / Magnetic Nail",,E:\IMAGES\ITEMS\product\2\0\cst-berger-20-752i-1-masonry-magnetic-nail.jpg,CST Berger,Magnetic Nail,100 nails per packageCadmium plated to resist rustIncreased visibility,Material: Cadmium PlatedNail Category: Flooring/MasonryFastener/Connector Package Quantity: 100,,,"1"" Masonry / Magnetic Nail"
20402,Concrete / Masonry Nails,20-754I,"1-1/2"" Masonry / Magnetic Nail",,E:\IMAGES\ITEMS\product\2\0\cst-berger-20-754i-1-12-masonry-magnetic-nail.jpg,CST Berger,Magnetic Nail,100 nails per packageCadmium plated to resist rustIncreased visibility,Material: Cadmium PlatedNail Category: Flooring/MasonryFastener/Connector Package Quantity: 100,,,"1-1/2"" Masonry / Magnetic Nail"
