﻿category_ids,category_names,sku,meta_title,meta_description,Image,manufacturer,description,short_description,summary,upc,size_info,meta_keyword
605|23168,Scaffold|Scaffolding,Granite 01001,GR7 Guard Rail 7' Hole End,"We offer a complete line of high quality Step, Ladder and Open End Style Steel Frames. All frames are powder coated for extended durability. Our products are warranted to meet or exceed all OSHA and ANSI specifications.  Tube size of frames available in",E:\IMAGES\ITEMS\product\G\r\GR7-Guard-Rail-7-Hole.jpg,Granite Industries,"We offer a complete line of high quality Step, Ladder and Open End Style Steel Frames. All frames are powder coated for extended durability. Our products are warranted to meet or exceed all OSHA and ANSI specifications.  Tube size of frames available in three O.D. tubing sizes: A is 1-1/2”, B is 1-5/8”, C is 1.69”","Tower Package Features Manufactured from high strength steel tubing with coped and arc welded perimeter joints on all frames Quick, easy assembly of standard components Adjustable platform levels Large work platform area Guard rail system Casters: 500 lbs. capacity each, include locking wheels","Take the guess work out of scaffold. To make it easier to purchase, we have created pre packaged scaffold rolling tower units. Granite Industries Rolling Tower Packages are designed with Heavy Duty Single Step Scaffold Frames that will meet the most rigid requirements.  Our Rolling Tower Packages have a platform size of 5'W X 7'L and include everything from wheels to guardrail systems. The larger tower packages have a platform size of 5'W X 10'L and also include all necessary equipment to build the tower. This is designed for your convenience, and allows for a complete Tower System.",,GR7 Guard Rail 7' Hole End,GR7 Guard Rail 7' Hole End
605|23168,Scaffold|Scaffolding,GR7,Guard Rail,,E:\IMAGES\ITEMS\product\G\R\granite-industries-gr7-guard-rail.jpg,Granite Industries,Scaffolding Guard Rail,"Manufactured from high strength steel tubing with coped and arc welded perimeter joints on all frames Quick, easy assembly of standard components","(*) Please Specify Tube Size (••) Please Specify Lock Type, X or H only Note: Size C posts (1.69” Diameter) are available with 90º OR 45º drilling to match frames.",,7' Hole End,Guard Rail
605|23168,Scaffold|Scaffolding,GR5,Guard Rail,,E:\IMAGES\ITEMS\product\G\R\granite-industries-gr5-guard-rail.jpg,Granite Industries,Scaffolding Guard Rail,"Manufactured from high strength steel tubing with coped and arc welded perimeter joints on all frames Quick, easy assembly of standard components","(*) Please Specify Tube Size (••) Please Specify Lock Type, X or H only Note: Size C posts (1.69” Diameter) are available with 90º OR 45º drilling to match frames.",,"(*)5' Hole End 60"" C-C",Guard Rail
605|23168,Scaffold|Scaffolding,GROEAJ,Guard Rail,,E:\IMAGES\ITEMS\product\G\R\granite-industries-groeaj-guard-rail.jpg,Granite Industries,Scaffolding Guard Rail,"Manufactured from high strength steel tubing with coped and arc welded perimeter joints on all frames Quick, easy assembly of standard components",(*) Please Specify Tube Size,,Adj for Open End-Intermediate 5' End- Yel,Guard Rail
605|23168,Scaffold|Scaffolding,GR28,Guard Rail,,E:\IMAGES\ITEMS\product\G\R\granite-industries-gr28-guard-rail.jpg,Granite Industries,Scaffolding Guard Rail,"Manufactured from high strength steel tubing with coped and arc welded perimeter joints on all frames Quick, easy assembly of standard components","(*) Please Specify Tube Size (••) Please Specify Lock Type, X or H only Note: Size C posts (1.69” Diameter) are available with 90º OR 45º drilling to match frames.",,"28''-Hole End to Fit Across 28"" Walkboard",Guard Rail
605|23168,Scaffold|Scaffolding,GR36,Guard Rail,,E:\IMAGES\ITEMS\product\G\R\granite-industries-gr36-guard-rail.jpg,Granite Industries,Scaffolding Guard Rail,"Manufactured from high strength steel tubing with coped and arc welded perimeter joints on all frames Quick, easy assembly of standard components","(*) Please Specify Tube Size (••) Please Specify Lock Type, X or H only Note: Size C posts (1.69” Diameter) are available with 90º OR 45º drilling to match frames.",,"42"" Hole End 42"" C-C",Guard Rail
605|23168,Scaffold|Scaffolding,B7H9,Diagonal Brace,,E:\IMAGES\ITEMS\product\B\7\granite-industries-b7h9-diagonal-brace.jpg,Granite Industries,Scaffolding Braces,"Manufactured from high strength steel tubing with coped and arc welded perimeter joints on all frames Quick, easy assembly of standard components","(*) Please Specify End Type: H (Hole End) or N (Notched End) (**) Please Specify Brace Lock Spacing: 24”, 27 3/4”, 36”, 42” or 48” (***) Please Specify Tube",,"(*)(**)-7' x 9""-3/8"" Hole End",Diagonal Brace
605|23168,Scaffold|Scaffolding,B7H27,Diagonal Brace,,E:\IMAGES\ITEMS\product\B\7\granite-industries-b7h27-diagonal-brace.jpg,Granite Industries,Scaffolding Braces,"Manufactured from high strength steel tubing with coped and arc welded perimeter joints on all frames Quick, easy assembly of standard components","(*) Please Specify End Type: H (Hole End) or N (Notched End) (**) Please Specify Brace Lock Spacing: 24”, 27 3/4”, 36”, 42” or 48” (***) Please Specify Tube",,"7'x27 3/4""-Hole End",Diagonal Brace
605|23168,Scaffold|Scaffolding,B5H27,Diagonal Brace,,E:\IMAGES\ITEMS\product\B\5\granite-industries-b5h27-diagonal-brace.jpg,Granite Industries,Scaffolding Braces,"Manufactured from high strength steel tubing with coped and arc welded perimeter joints on all frames Quick, easy assembly of standard components","(*) Please Specify End Type: H (Hole End) or N (Notched End) (**) Please Specify Brace Lock Spacing: 24”, 27 3/4”, 36”, 42” or 48” (***) Please Specify Tube",,"5' x 27 3/4""-Hole End",Diagonal Brace
605|23168,Scaffold|Scaffolding,B7H4518,Diagonal Brace,,E:\IMAGES\ITEMS\product\B\7\granite-industries-b7h4518-diagonal-brace.jpg,Granite Industries,Scaffolding Braces,"Manufactured from high strength steel tubing with coped and arc welded perimeter joints on all frames Quick, easy assembly of standard components","(*) Please Specify End Type: H (Hole End) or N (Notched End) (**) Please Specify Brace Lock Spacing: 24”, 27 3/4”, 36”, 42” or 48” (***) Please Specify Tube",,"18""-Two Hole Tubular",Diagonal Brace
605|23168,Scaffold|Scaffolding,B7H45,Diagonal Brace,,E:\IMAGES\ITEMS\product\B\7\granite-industries-b7h45-diagonal-brace.jpg,Granite Industries,Scaffolding Braces,"Manufactured from high strength steel tubing with coped and arc welded perimeter joints on all frames Quick, easy assembly of standard components","(*) Please Specify End Type: H (Hole End) or N (Notched End) (**) Please Specify Brace Lock Spacing: 24”, 27 3/4”, 36”, 42” or 48” (***) Please Specify Tube",,"7' x 45""-2 Hole Angle Iron",Diagonal Brace
605|23168,Scaffold|Scaffolding,B5H9,Diagonal Brace,,E:\IMAGES\ITEMS\product\B\5\granite-industries-b5h9-diagonal-brace.jpg,Granite Industries,Scaffolding Braces,"Manufactured from high strength steel tubing with coped and arc welded perimeter joints on all frames Quick, easy assembly of standard components","(*) Please Specify End Type: H (Hole End) or N (Notched End) (**) Please Specify Brace Lock Spacing: 24”, 27 3/4”, 36”, 42” or 48” (***) Please Specify Tube",,"5'x9""-3/8"" Hole End",Diagonal Brace
605|23168,Scaffold|Scaffolding,B-BC57,Corner Brace,,E:\IMAGES\ITEMS\product\B\B\granite-industries-b-bc57-corner-brace.jpg,Granite Industries,Scaffolding Braces,"Manufactured from high strength steel tubing with coped and arc welded perimeter joints on all frames Quick, easy assembly of standard components","(*) Please Specify End Type: H (Hole End) or N (Notched End) (**) Please Specify Brace Lock Spacing: 24”, 27 3/4”, 36”, 42” or 48” (***) Please Specify Tube",,"CAT-A -1-5/8""-5'Wx7'L-Tower",Corner Brace
605|23168,Scaffold|Scaffolding,SN2-50,Snap Pin,,E:\IMAGES\ITEMS\product\S\N\granite-industries-sn2-50-snap-pin.jpg,Granite Industries,Snap Pin,,"(*) Please Specify Tube Size (**) Please Specify Tube Size, A or B only",,"2""",Snap Pin
605|23168,Scaffold|Scaffolding,SR-50,Spring Rivet,,E:\IMAGES\ITEMS\product\S\R\granite-industries-sr-50-spring-rivet.jpg,Granite Industries,Spring Rivet,,"(*) Please Specify Tube Size (**) Please Specify Tube Size, A or B only",,,Spring Rivet
605|23168,Scaffold|Scaffolding,HP2-50,Hinge Pin,,E:\IMAGES\ITEMS\product\H\P\granite-industries-hp2-50-hinge-pin-.jpg,Granite Industries,Hinge Pin,,"(*) Please Specify Tube Size (**) Please Specify Tube Size, A or B only",,2'',Hinge Pin
605|23168,Scaffold|Scaffolding,WN,Wing Nut,,E:\IMAGES\ITEMS\product\W\N\granite-industries-wn-wing-nut.jpg,Granite Industries,Wing Nut,,"(*) Please Specify Tube Size (••) Please Specify Lock Type, X or H only Note: Size C posts (1.69” Diameter) are available with 90º OR 45º drilling to match frames.",,"1/2""",Wing Nut
605|23168,Scaffold|Scaffolding,HP3-50,Hinge Pin,,E:\IMAGES\ITEMS\product\H\P\granite-industries-hp3-50-hinge-pin.jpg,Granite Industries,Hinge Pin,,"(*) Please Specify Tube Size (**) Please Specify Tube Size, A or B only",,3'',Hinge Pin
605|23168,Scaffold|Scaffolding,SN4,Snap Pin,,E:\IMAGES\ITEMS\product\S\N\granite-industries-sn4-snap-pin.jpg,Granite Industries,Snap Pin,,"(*) Please Specify Tube Size (**) Please Specify Tube Size, A or B only",,4'',Snap Pin
605|23168,Scaffold|Scaffolding,SSR S,Lock Roll Pin,,E:\IMAGES\ITEMS\product\S\S\granite-industries-ssr-s-lock-roll-pin.jpg,Granite Industries,Lock Roll Pin,,"(*) Please Specify Tube Size (••) Please Specify Lock Type, X or H only Note: Size C posts (1.69” Diameter) are available with 90º OR 45º drilling to match frames.",,,Lock Roll Pin
605|23168,Scaffold|Scaffolding,SLK H,Lock Complete,,E:\IMAGES\ITEMS\product\S\L\granite-industries-slk-h-lock-complete.jpg,Granite Industries,Lock Complete,,"(*) Please Specify Tube Size (••) Please Specify Lock Type, X or H only Note: Size C posts (1.69” Diameter) are available with 90º OR 45º drilling to match frames.",,,Lock Complete
605|23168,Scaffold|Scaffolding,A-IN,Insert,,E:\IMAGES\ITEMS\product\A\I\granite-industries-a-in-insert.jpg,Granite Industries,Insert With Collar,,"(*) Please Specify Tube Size (**) Please Specify Tube Size, A or B only",,"1-1/2"" x 9"" L-W/ 1"" Collar",Insert
605|23168,Scaffold|Scaffolding,B-IN,Insert,,E:\IMAGES\ITEMS\product\B\I\granite-industries-b-in-insert.jpg,Granite Industries,Insert With Collar,,"(*) Please Specify Tube Size (**) Please Specify Tube Size, A or B only",,"1-5/8""x9"" L-W/ 1"" Collar",Insert
605|23168,Scaffold|Scaffolding,B-FS55S,Step Frame,,E:\IMAGES\ITEMS\product\B\F\granite-industries-b-fs55s-step-frame.jpg,Granite Industries,Step Frame,"Manufactured from high strength steel tubing with coped and arc welded perimeter joints on all frames Quick, easy assembly of standard components",(*) Please Specify Tube Size (•) Please Specify Lock Type,,"1-5/8""-5'Wx5'h-SLK27DRL90 DN10.25",Step Frame
605|23168,Scaffold|Scaffolding,B-FS53S,Step Frame,,E:\IMAGES\ITEMS\product\B\F\granite-industries-b-fs53s-step-frame.jpg,Granite Industries,Step Frame,"Manufactured from high strength steel tubing with coped and arc welded perimeter joints on all frames Quick, easy assembly of standard components",(*) Please Specify Tube Size (•) Please Specify Lock Type,,"1-5/8""-5'W x 3'H SLK27DRL90 DN6 1-Step",Step Frame
605|23168,Scaffold|Scaffolding,B-FS54S,Step Frame,,E:\IMAGES\ITEMS\product\B\F\granite-industries-b-fs54s-step-frame.jpg,Granite Industries,Step Frame,"Manufactured from high strength steel tubing with coped and arc welded perimeter joints on all frames Quick, easy assembly of standard components",(*) Please Specify Tube Size (•) Please Specify Lock Type,,"1-5/8""-5'W x 4'H SLK27DRL90 DN12.25",Step Frame
605|23168,Scaffold|Scaffolding,B-FS55D,Step Frame,,E:\IMAGES\ITEMS\product\B\F\granite-industries-b-fs55d-step-frame.jpg,Granite Industries,Step Frame,"Manufactured from high strength steel tubing with coped and arc welded perimeter joints on all frames Quick, easy assembly of standard components",(*) Please Specify Tube Size (•) Please Specify Lock Type,,"1-5/8""-5'Wx5'h-5'W x 5'H DLK27DRL90 DN10.25",Step Frame
605|23168,Scaffold|Scaffolding,B-FS52S,Step Frame,,E:\IMAGES\ITEMS\product\B\F\granite-industries-b-fs52s-step-frame.jpg,Granite Industries,Step Frame,"Manufactured from high strength steel tubing with coped and arc welded perimeter joints on all frames Quick, easy assembly of standard components",(*) Please Specify Tube Size (•) Please Specify Lock Type,,"1-5/8""-5'W x 2'h-5'W x 2'H SLK9DRL90 DN9.25",Step Frame
605|23168,Scaffold|Scaffolding,B-FS554VS,Step Frame,,E:\IMAGES\ITEMS\product\B\F\granite-industries-b-fs554vs-step-frame.jpg,Granite Industries,Step Frame,"Manufactured from high strength steel tubing with coped and arc welded perimeter joints on all frames Quick, easy assembly of standard components",(*) Please Specify Tube Size (•) Please Specify Lock Type,,"1-5/8""-5'W x 5'4""H VLSK45DRL90 Dn4.625",Step Frame
605|23168,Scaffold|Scaffolding,B-FS554Y,Step Frame,,E:\IMAGES\ITEMS\product\B\F\granite-industries-b-fs554y-step-frame.jpg,Granite Industries,Step Frame,"Manufactured from high strength steel tubing with coped and arc welded perimeter joints on all frames Quick, easy assembly of standard components",(*) Please Specify Tube Size (•) Please Specify Lock Type,,"1-5/8""-5'W x 5'4""H YLK45DRL90 DN4.625",Step Frame
605|23168,Scaffold|Scaffolding,B-FS423S,Step Frame,,E:\IMAGES\ITEMS\product\B\F\granite-industries-b-fs423s-step-frame.jpg,Granite Industries,Step Frame,"Manufactured from high strength steel tubing with coped and arc welded perimeter joints on all frames Quick, easy assembly of standard components",(*) Please Specify Tube Size (•) Please Specify Lock Type,,"1-5/8""-42""W x 3'H-SLK27 DRL90 DN6",Step Frame
605|23168,Scaffold|Scaffolding,B-FS425S,Step Frame,,E:\IMAGES\ITEMS\product\B\F\granite-industries-b-fs425s-step-frame.jpg,Granite Industries,Step Frame,"Manufactured from high strength steel tubing with coped and arc welded perimeter joints on all frames Quick, easy assembly of standard components",(*) Please Specify Tube Size (•) Please Specify Lock Type,,"1-5/8""-42""W x 5'H-SLK27DRL90 DN10.25",Step Frame
605|23168,Scaffold|Scaffolding,B-FS53Y,Step Frame,,E:\IMAGES\ITEMS\product\B\F\granite-industries-b-fs53y-step-frame.jpg,Granite Industries,Step Frame,"Manufactured from high strength steel tubing with coped and arc welded perimeter joints on all frames Quick, easy assembly of standard components",(*) Please Specify Tube Size (•) Please Specify Lock Type,,"1-5/8""-5'W x 3'H-YLK18DRL90 DN5",Step Frame
605|23168,Scaffold|Scaffolding,B-FL286S,Ladder Frame,,E:\IMAGES\ITEMS\product\B\F\granite-industries-b-fl286s-ladder-frame-.jpg,Granite Industries,Ladder Frame,"Manufactured from high strength steel tubing with coped and arc welded perimeter joints on all frames Quick, easy assembly of standard components",(*) Please Specify Tube Size (•) Please Specify Lock Type,,"28""x6'-W/ S-Lock",Ladder Frame
605|23168,Scaffold|Scaffolding,TCLT,Climbing Ladder,,E:\IMAGES\ITEMS\product\T\C\granite-industries-tclt-climbing-ladder.jpg,Granite Industries,Ladder Frame,"Manufactured from high strength steel tubing with coped and arc welded perimeter joints on all frames Quick, easy assembly of standard components",(*) Please Specify Tube Size,,6' Tubular Type,Climbing Ladder
605|23168,Scaffold|Scaffolding,TCL6,Climbing Ladder,,E:\IMAGES\ITEMS\product\T\C\granite-industries-tcl6-climbing-ladder.jpg,Granite Industries,Ladder Frame,"Manufactured from high strength steel tubing with coped and arc welded perimeter joints on all frames Quick, easy assembly of standard components",(*) Please Specify Tube Size,,6' Tubular Type,Climbing Ladder
605|23168,Scaffold|Scaffolding,TCLB,Climbing Ladder Bracket Tubular Type W/ Hardware,,E:\IMAGES\ITEMS\product\T\C\granite-industries-tclb-climbing-ladder-bracket-tubular-type-w-hardware.jpg,Granite Industries,Ladder Frame,"Manufactured from high strength steel tubing with coped and arc welded perimeter joints on all frames Quick, easy assembly of standard components",(*) Please Specify Tube Size,,Tubular Type,Climbing Ladder Bracket Tubular Type W/ Hardware
605|23168,Scaffold|Scaffolding,TCL3,Climbing Ladder,,E:\IMAGES\ITEMS\product\T\C\granite-industries-tcl3-climbing-ladder.jpg,Granite Industries,Ladder Frame,"Manufactured from high strength steel tubing with coped and arc welded perimeter joints on all frames Quick, easy assembly of standard components",(*) Please Specify Tube Size,,3' Tubular Type,Climbing Ladder
605|23168,Scaffold|Scaffolding,B-FO566S,Open End Frame,,E:\IMAGES\ITEMS\product\B\F\granite-industries-b-fo566s-open-end-frame.jpg,Granite Industries,Scaffolding Frame,"Manufactured from high strength steel tubing with coped and arc welded perimeter joints on all frames Quick, easy assembly of standard components",(*) Please Specify Tube Size (•) Please Specify Lock Type,,"5'x6' 6""",Open End Frame
605|23168,Scaffold|Scaffolding,SP-P6,6' Platform-Snappy,,E:\IMAGES\ITEMS\product\S\P\granite-industries-sp-p6-6-platform-snappy.jpg,Granite Industries,Snappy Platform,"This interior utlity scaffolding unit is the strongest, most durable multipurpose towers on the market. Guaranteed!","Why are Snappys better? Larger workspace vs. ladders Solid construction, for longer life than any ladder More comfortable work environment for the user Less moving than ladders, with a greater area that can be reached from the larger workspace. One man ca",,"5/8"" x 28-5/8"" x 66-7/8"" W/ Band",6' Platform-Snappy
605|23168,Scaffold|Scaffolding,SP-6,Snappy Scaffold Sngl Unit,,E:\IMAGES\ITEMS\product\S\P\granite-industries-sp-6-snappy-scaffold-sngl-unit-.jpg,Granite Industries,Snappy Scaffold Unit,"This interior utlity scaffolding unit is the strongest, most durable multipurpose towers on the market. Guaranteed!","Available in 6', 8' and 10' units 29"" wide frames with 2"" platform adjustment Platform deck is 29"" Wide x 8'' Long One of the easiest units in the industry to use Rolls through a standard doorway",,"6'H x 6'L x 29""W W/O GRD Rail",Snappy Scaffold Sngl Unit
605|23168,Scaffold|Scaffolding,SPJ-5,Package - JR Snappy Scaffolding Single Unit,,E:\IMAGES\ITEMS\product\S\P\granite-industries-spj-5-package-jr-snappy-scaffolding-single-unit-.jpg,Granite Industries,Snappy Scaffold Unit,"This interior utlity scaffolding unit is the strongest, most durable multipurpose towers on the market. Guaranteed!","Available in 6', 8' and 10' units 29"" wide frames with 2"" platform adjustment Platform deck is 29"" Wide x 8'' Long One of the easiest units in the industry to use Rolls through a standard doorway",,"5'H x 5'L x 24""W W/O Guard Rail",Package - JR Snappy Scaffolding Single Unit
605|23168,Scaffold|Scaffolding,SPJ-5G,Package - JR Snappy Scaffold Single Unit,,E:\IMAGES\ITEMS\product\S\P\granite-industries-spj-5g-package-jr-snappy-scaffold-single-unit.jpg,Granite Industries,Snappy Scaffold Unit,"This interior utlity scaffolding unit is the strongest, most durable multipurpose towers on the market. Guaranteed!","Available in 6', 8' and 10' units 29"" wide frames with 2"" platform adjustment Platform deck is 29"" Wide x 8'' Long One of the easiest units in the industry to use Rolls through a standard doorway",,"5'H x 5'L x 24""W W/ Guard Rail",Package - JR Snappy Scaffold Single Unit
605|23168,Scaffold|Scaffolding,SP-L39,Ladder Frame for Snappy,,E:\IMAGES\ITEMS\product\S\P\granite-industries-sp-l39-ladder-frame-for-snappy.jpg,Granite Industries,Ladder Frame,"This interior utlity scaffolding unit is the strongest, most durable multipurpose towers on the market. Guaranteed!","Why are Snappys better? Larger workspace vs. ladders Solid construction, for longer life than any ladder More comfortable work environment for the user Less moving than ladders, with a greater area that can be reached from the larger workspace. One man ca",,"29""W x 39"" H",Ladder Frame for Snappy
605|23168,Scaffold|Scaffolding,SP-B6,6' Platform Arm Brace For Snappy,,E:\IMAGES\ITEMS\product\S\P\granite-industries-sp-b6-6-platform-arm-brace-for-snappy.jpg,Granite Industries,Platform Brace,"Available in 6', 8' and 10' units 29"" wide frames with 2"" platform adjustment Platform deck is 29"" Wide x 8'' Long One of the easiest units in the industry to use Rolls through a standard doorway","This interior utlity scaffolding unit is the strongest, most durable multipurpose towers on the market. Guaranteed!",,6',6' Platform Arm Brace For Snappy
605|23168,Scaffold|Scaffolding,SP-GRS6,Guard Rail Set for 6' Snappy (2PC Pack),,E:\IMAGES\ITEMS\product\S\P\granite-industries-sp-grs6-guard-rail-set-for-6-snappy-2pc-pack.jpg,Granite Industries,Guard Rail For Scaffolding,"This interior utlity scaffolding unit is the strongest, most durable multipurpose towers on the market. Guaranteed!","Why are Snappys better? Larger workspace vs. ladders Solid construction, for longer life than any ladder More comfortable work environment for the user Less moving than ladders, with a greater area that can be reached from the larger workspace. One man ca",,6' Snappy (2pc pack),Guard Rail Set for 6' Snappy (2PC Pack)
605|23168,Scaffold|Scaffolding,SP-NORP,"Snappy Outrigger-Narrow 18"" (4 PC PKG)",,E:\IMAGES\ITEMS\product\S\P\granite-industries-sp-norp-snappy-outrigger-narrow-18-4-pc-pkg.jpg,Granite Industries,Sanppy Outrigger,"Used for stabilizing Snappy Units two or more units high. Qty. (4) - Outriggers Per Box. 18"" Narrow Outriggers","Why are Snappys better? Larger workspace vs. ladders Solid construction, for longer life than any ladder More comfortable work environment for the user Less moving than ladders, with a greater area that can be reached from the larger workspace. One man ca",,"18"" Narrow Outriggers","Snappy Outrigger-Narrow 18"" (4 PC PKG)"
605|23168,Scaffold|Scaffolding,SP-C5,Caster,,E:\IMAGES\ITEMS\product\S\P\granite-industries-sp-c5-caster.jpg,Granite Industries,Caster,"5"" Caster w/ Lock, square tube caster, fits in snappy end frames and outriggers.",,,"5"" W/ 1 1/4"" SQ Stem W/ Lock & Snap Pin",Caster
605|23168,Scaffold|Scaffolding,SP-L65,Ladder Frame for Snappy,,E:\IMAGES\ITEMS\product\S\P\granite-industries-sp-l65-ladder-frame-for-snappy.jpg,Granite Industries,Ladder Frame,"29"" wide frames with 2"" platform adjustment. Scaffold Ladder is 65"" tall. This ladder frame is compatible with UST, Metaltech, Buffalo Tools, and all of the other units which accept a square stem caster. One of t","Snappy 65"" ladder frame has holes drilled at a distance of 2 inches apart along the entire length.",,"29""W x 65""H",Ladder Frame for Snappy
605|23168,Scaffold|Scaffolding,SP-WB,Snappy Wide Outrigger Base,,E:\IMAGES\ITEMS\product\S\P\granite-industries-sp-wb-snappy-wide-outrigger-base.jpg,Granite Industries,Snappy Outrigger,"This interior utlity scaffolding unit is the strongest, most durable multipurpose towers on the market. Guaranteed!","Why are Snappys better? Larger workspace vs. ladders Solid construction, for longer life than any ladder More comfortable work environment for the user Less moving than ladders, with a greater area that can be reached from the larger workspace. One man ca",,"72"" W",Snappy Wide Outrigger Base
605|23168,Scaffold|Scaffolding,SP-C5FL,Caster,,E:\IMAGES\ITEMS\product\S\P\granite-industries-sp-c5fl-caster.jpg,Granite Industries,Caster,,,,"5"" W/1 1/4"" SQ Stem Front Lock W/SN",Caster
605|23168,Scaffold|Scaffolding,SBGRD,Guard Rail,,E:\IMAGES\ITEMS\product\S\B\granite-industries-sbgrd-guard-rail-.jpg,Granite Industries,Guard Rail For Scaffolding,"Manufactured from high strength steel tubing with coped and arc welded perimeter joints on all frames Quick, easy assembly of standard components",(*) Please Specify Tube Size,,"End-For 20""-30"" Side Brackets",Guard Rail
605|23168,Scaffold|Scaffolding,B-GRP3H 1,Guard Rail Post,,E:\IMAGES\ITEMS\product\B\G\granite-industries-b-grp3h-1-guard-rail-post.jpg,Granite Industries,Guard Rail Post,"Manufactured from high strength steel tubing with coped and arc welded perimeter joints on all frames Quick, easy assembly of standard components",(*) Please Specify Tube Size,,"5/8""-3 Locks 42""-HLKDRL90",Guard Rail Post
605|23168,Scaffold|Scaffolding,B-Grp4h 1,Guard Rail Post,,E:\IMAGES\ITEMS\product\B\G\granite-industries-b-grp4h-1-guard-rail-post.jpg,Granite Industries,Guard Rail Post,"Manufactured from high strength steel tubing with coped and arc welded perimeter joints on all frames Quick, easy assembly of standard components",(*) Please Specify Tube Size,,"5/8""-HLKDRL90 4 Locks 44""",Guard Rail Post
605|23168,Scaffold|Scaffolding,B-BPR 1,Rigid Base Plate,,E:\IMAGES\ITEMS\product\B\B\granite-industries-b-bpr-1-rigid-base-plate.jpg,Granite Industries,Base Plate for Scaffolding,Rigid Base Plates provide scaffold feet for scaffolding.,,,"5/8""- 4"" Stem",Rigid Base Plate
605|23168,Scaffold|Scaffolding,B-BPS 1,Swivel Base Plate,,E:\IMAGES\ITEMS\product\B\B\granite-industries-b-bps-1-swivel-base-plate.jpg,Granite Industries,Base Plate for Scaffolding,Swivel Base Plates provide scaffold feet for scaffolding.,,,"5/8""-4"" Stem",Swivel Base Plate
605|23168,Scaffold|Scaffolding,B-BPS,Swivel Base Plate,,E:\IMAGES\ITEMS\product\B\B\granite-industries-b-bps-swivel-base-plate.jpg,Granite Industries,Base Plate for Scaffolding,Swivel Base Plates provide scaffold feet for scaffolding.,,,"1-5/8""-W/4"" Stem",Swivel Base Plate
605|23168,Scaffold|Scaffolding,B-BPR5 1,Rigid Base Plate,,E:\IMAGES\ITEMS\product\B\B\granite-industries-b-bpr5-1-rigid-base-plate.jpg,Granite Industries,Base Plate for Scaffolding,Rigid Base Plates provide scaffold feet for scaffolding.,,,"5/8""-W/ 4"" Stem 5"" Plate",Rigid Base Plate
605|23168,Scaffold|Scaffolding,B-BPRS 1,Rigid Base Plate,,E:\IMAGES\ITEMS\product\B\B\granite-industries-b-bprs-1-rigid-base-plate-.jpg,Granite Industries,Base Plate for Scaffolding,Rigid Base Plates provide scaffold feet for scaffolding.,,,"5/8""-W/ 4"" Stem 5"" Plate",Rigid Base Plate
605|23168,Scaffold|Scaffolding,A-BPR5,Base Plate Rigid,,E:\IMAGES\ITEMS\product\A\B\granite-industries-a-bpr5-base-plate-rigid.jpg,Granite Industries,Levels Out Scaffolding,Rigid Base Plates provide scaffold feet for scaffolding.,,,"1-1/2""-W/ 4"" Stem / 5"" Plate",Base Plate Rigid
605|23168,Scaffold|Scaffolding,A-LJR 1,Leveling Jack,,E:\IMAGES\ITEMS\product\A\L\granite-industries-a-ljr-1-leveling-jack.jpg,Granite Industries,Levels Out Scaffolding,Leveling Jacks from Granite Industries allows your Scaffolding to be adjustable!,,,"1/2""-Rigid/Solid Stem 24"" L",Leveling Jack
605|23168,Scaffold|Scaffolding,B-LJR 1,Leveling Jack,,E:\IMAGES\ITEMS\product\B\L\granite-industries-b-ljr-1-leveling-jack.jpg,Granite Industries,Levels Out Scaffolding,Leveling Jacks from Granite Industries allows your Scaffolding to be adjustable!,,,"5/8""-Rigid/Solid Stem 24""L",Leveling Jack
605|23168,Scaffold|Scaffolding,B-LJX 1,Leveling Jack,,E:\IMAGES\ITEMS\product\B\L\granite-industries-b-ljx-1-leveling-jack-.jpg,Granite Industries,Levels Out Scaffolding,Leveling Jacks from Granite Industries allows your Scaffolding to be adjustable!,,,"5/8""-Extension Solid Stem 24"" L",Leveling Jack
605|23168,Scaffold|Scaffolding,B-LJS 1,Leveling Jack,,E:\IMAGES\ITEMS\product\B\L\granite-industries-b-ljs-1-leveling-jack.jpg,Granite Industries,Levels Out Scaffolding,Leveling Jacks from Granite Industries allows your Scaffolding to be adjustable!,,,"5/8""-Swivel/Solid Stem 24""L",Leveling Jack
605|23168,Scaffold|Scaffolding,SHP-711,Shore Post,,E:\IMAGES\ITEMS\product\S\H\granite-industries-shp-711-shore-post.jpg,Granite Industries,Shore Post for scaffolding,,,,"Adj From 5'9"" to 10'3"" Galv",Shore Post
605|23168,Scaffold|Scaffolding,B-OR 1,Outrigger,,E:\IMAGES\ITEMS\product\B\O\granite-industries-b-or-1-outrigger.jpg,Granite Industries,Used to Stabalize Scaffolding,,,,"5/8""",Outrigger
605|23168,Scaffold|Scaffolding,A-C8,Caster,,E:\IMAGES\ITEMS\product\A\C\granite-industries-a-c8-caster.jpg,Granite Industries,Caster,Scaffolding wheels are a great way to make your scaffold mobile and portable!,,,"8''-1-1/2"" Swivel/Spoked/Rubber W/ SN",Caster
605|23168,Scaffold|Scaffolding,B-C8,Caster,,E:\IMAGES\ITEMS\product\B\C\granite-industries-b-c8-caster.jpg,Granite Industries,Caster,Scaffolding wheels are a great way to make your scaffold mobile and portable!,,,"8"" -1-5/8"" Swivel/Spoked/Rubber W/SN",Caster
605|23168,Scaffold|Scaffolding,B-SB2030J 1,Saddle Hanger,,E:\IMAGES\ITEMS\product\B\S\granite-industries-b-sb2030j-1-saddle-hanger.jpg,Granite Industries,Saddle Hanger for Scaffolding,,,,"5/8""-ADJ Side Brkt 20""-30"" DRL90",Saddle Hanger
605|23168,Scaffold|Scaffolding,B-SB30E 1,End & Side Bracket,,E:\IMAGES\ITEMS\product\B\S\granite-industries-b-sb30e-1-end-side-bracket-.jpg,Granite Industries,End and Side Bracket for scaffolding,,,,"5/8""-30"" DRL90",End & Side Bracket
605|23168,Scaffold|Scaffolding,B-SB2842JCL,Clamp on Corner Bracket,,E:\IMAGES\ITEMS\product\B\S\granite-industries-b-sb2842jcl-clamp-on-corner-bracket.jpg,Granite Industries,Used to Hold Scaqffolding Together,,,,"1-5/8""-28""-42"" ADJ DRL90",Clamp on Corner Bracket
605|23168,Scaffold|Scaffolding,AS64-7X,Stair Section,,E:\IMAGES\ITEMS\product\A\S\granite-industries-as64-7x-stair-section.jpg,Granite Industries,Stair Section for Scaffolding,,,,24”W-6’4” TO 6’7”H,Stair Section
605|23168,Scaffold|Scaffolding,ASOHR,Outside Handrail,,E:\IMAGES\ITEMS\product\A\S\granite-industries-asohr-outside-handrail-.jpg,Granite Industries,Ouside Handrail to Attach to Scaffolding,,,,"7X 7', 6'4"" - 6'7"" H Stair Exp Met Step",Outside Handrail
605|23168,Scaffold|Scaffolding,ASIHR,Inside Handrail,,E:\IMAGES\ITEMS\product\A\S\granite-industries-asihr-inside-handrail.jpg,Granite Industries,Inside Rail to Attach to Scaffolding,,,,"7x7'- 6'4"" - 6'7"" H Stair Exp Mtl Step",Inside Handrail
605|23168,Scaffold|Scaffolding,B-ASPR,Platform Rest For Stair Section,,E:\IMAGES\ITEMS\product\B\A\granite-industries-b-aspr-platform-rest-for-stair-section.jpg,Granite Industries,Platform Rest for Scaffolding Stair Section,,,,"1-5/8"" Tube Size",Platform Rest For Stair Section
605|23168,Scaffold|Scaffolding,ASOT64-7X,Outside Handrail,,E:\IMAGES\ITEMS\product\A\S\granite-industries-asot64-7x-outside-handrail.jpg,Granite Industries,Outside Top Handrail to Attach to scaffolding,,,,"6'4"" - 6'6"" x 7'H Stair & HNG DK-Top",Outside Handrail
605|23168,Scaffold|Scaffolding,ASIT64-7X,Inside Handrail,,E:\IMAGES\ITEMS\product\A\S\granite-industries-asit64-7x-inside-handrail.jpg,Granite Industries,Inside Rail to Attach to Scaffolding,,,,"6'4"" - 6'6"" x 7' H Stair & HNG DK-Top",Inside Handrail
605|23168,Scaffold|Scaffolding,B-PLIS 1,Scaffold Putlog Insert Saddle,,E:\IMAGES\ITEMS\product\B\P\granite-industries-b-plis-1-scaffold-putlog-insert-saddle.jpg,Granite Industries,Used to Support Scaffold Frames Over an Opening,,,,"5/8""",Scaffold Putlog Insert Saddle
605|23168,Scaffold|Scaffolding,WBA19x7,Walkboard all Aluminum,,E:\IMAGES\ITEMS\product\W\B\granite-industries-wba19x7-walkboard-all-aluminum.jpg,Granite Industries,Walkboard all Aluminum,,,,"19""W x 7'L",Walkboard all Aluminum
605|23168,Scaffold|Scaffolding,WBP-19x7,"*Walkboard Steelhead Alum/Plywood 19""w x 7' L",,E:\IMAGES\ITEMS\product\W\B\granite-industries-wbp-19x7-walkboard-steelhead-alumplywood-19w-x-7-l.jpg,Granite Industries,Walkboard Steelhead Alum/Plywood,Aluminum and plywood walk-board is one of the most versatile scaffolding planks in the industry The design of the scaffold board is called a STEELHEAD because the ends of the plank have a steel head that the hooks are attached to.<br,,,"(*)Alum/PlyWood 19""W x 7' L","*Walkboard Steelhead Alum/Plywood 19""w x 7' L"
605|23168,Scaffold|Scaffolding,WBP-28x7,Walkboard Steelhead,,E:\IMAGES\ITEMS\product\W\B\granite-industries-wbp-28x7-walkboard-steelhead.jpg,Granite Industries,Walkboard Steelhead Alum/Plywood,Aluminum and plywood walk-board is one of the most versatile scaffolding planks in the industry The design of the scaffold board is called a STEELHEAD because the ends of the plank have a steel head that the hooks are attached to.<br,,,"(*)AL/PLY 28""W x 7'L",Walkboard Steelhead
605|23168,Scaffold|Scaffolding,WBP-19x5,Walkboard Steelhead,,E:\IMAGES\ITEMS\product\W\B\granite-industries-wbp-19x5-walkboard-steelhead.jpg,Granite Industries,Walkboard Steelhead Alum/Plywood,Aluminum and plywood walk-board is one of the most versatile scaffolding planks in the industry The design of the scaffold board is called a STEELHEAD because the ends of the plank have a steel head that the hooks are attached to.<br,,,"(*)Alum/Plywood 19""W x 5'L",Walkboard Steelhead
605|23168,Scaffold|Scaffolding,AP421424,Aluminum Plank Two Man Unit,,E:\IMAGES\ITEMS\product\A\P\granite-industries-ap421424-aluminum-plank-two-man-unit.jpg,Granite Industries,Aluminum Plank Two Man Unit,,,,"14""W x 24'L",Aluminum Plank Two Man Unit
605|23168,Scaffold|Scaffolding,AP421420,Aluminum Plank Two Man Unit,,E:\IMAGES\ITEMS\product\A\P\granite-industries-ap421420-aluminum-plank-two-man-unit-.jpg,Granite Industries,Aluminum Plank Two Man Unit,,,,"14""W x 20'L",Aluminum Plank Two Man Unit
605|23168,Scaffold|Scaffolding,AP421430,Aluminum Plank Two Man Unit,,E:\IMAGES\ITEMS\product\A\P\granite-industries-ap421430-aluminum-plank-two-man-unit.jpg,Granite Industries,Aluminum Plank Two Man Unit,,,,"14""W x 30'L",Aluminum Plank Two Man Unit
605|23168,Scaffold|Scaffolding,AP422416,Aluminum Plank Two Man Unit,,E:\IMAGES\ITEMS\product\A\P\granite-industries-ap422416-aluminum-plank-two-man-unit.jpg,Granite Industries,Aluminum Plank Two Man Unit,,,,"24""W x 16'L",Aluminum Plank Two Man Unit
605|23168,Scaffold|Scaffolding,TC-ES,Swivel Clamp,,E:\IMAGES\ITEMS\product\T\C\granite-industries-tc-es-swivel-clamp.jpg,Granite Industries,Swivel Clamp,,"Tube & Clamp Scaffold is easy to assemble and is  adaptable to nearly all types of scaffold projects. Only  four basic parts are needed for assembly, and quality  steel construction help components maintain durability.",,,Swivel Clamp
605|23168,Scaffold|Scaffolding,TC-ER,Rigid Clamp,,E:\IMAGES\ITEMS\product\T\C\granite-industries-tc-er-rigid-clamp.jpg,Granite Industries,Rigid Clamp,,"Tube & Clamp Scaffold is easy to assemble and is  adaptable to nearly all types of scaffold projects. Only  four basic parts are needed for assembly, and quality  steel construction help components maintain durability.",,,Rigid Clamp
605|23168,Scaffold|Scaffolding,TC4,Tube W/ Ends,,E:\IMAGES\ITEMS\product\T\C\granite-industries-tc4-tube-w-ends.jpg,Granite Industries,4' Tube W/ Ends,,"Tube & Clamp Scaffold is easy to assemble and is  adaptable to nearly all types of scaffold projects. Only  four basic parts are needed for assembly, and quality  steel construction help components maintain durability.",,4',Tube W/ Ends
605|23168,Scaffold|Scaffolding,TC6,Tube W/ Ends,,E:\IMAGES\ITEMS\product\T\C\granite-industries-tc6-tube-w-ends.jpg,Granite Industries,6' Tube W/ Ends,,"Tube & Clamp Scaffold is easy to assemble and is  adaptable to nearly all types of scaffold projects. Only  four basic parts are needed for assembly, and quality  steel construction help components maintain durability.",,6',Tube W/ Ends
605|23168,Scaffold|Scaffolding,TC8,Tube W/ Ends,,E:\IMAGES\ITEMS\product\T\C\granite-industries-tc8-tube-w-ends.jpg,Granite Industries,8'Tube W/ Ends,,"Tube & Clamp Scaffold is easy to assemble and is  adaptable to nearly all types of scaffold projects. Only  four basic parts are needed for assembly, and quality  steel construction help components maintain durability.",,8',Tube W/ Ends
605|23168,Scaffold|Scaffolding,TC10,Tube W/ Ends,,E:\IMAGES\ITEMS\product\T\C\granite-industries-tc10-tube-w-ends.jpg,Granite Industries,10' Tube W/ Ends,,"Tube & Clamp Scaffold is easy to assemble and is  adaptable to nearly all types of scaffold projects. Only  four basic parts are needed for assembly, and quality  steel construction help components maintain durability.",,10',Tube W/ Ends
605|23168,Scaffold|Scaffolding,TC13,Tube W/ Ends,,E:\IMAGES\ITEMS\product\T\C\granite-industries-tc13-tube-w-ends.jpg,Granite Industries,13' Tube W/ Ends,,"Tube & Clamp Scaffold is easy to assemble and is  adaptable to nearly all types of scaffold projects. Only  four basic parts are needed for assembly, and quality  steel construction help components maintain durability.",,13',Tube W/ Ends
605|23168,Scaffold|Scaffolding,TC-B,Tube & Clamp Base Plate,,E:\IMAGES\ITEMS\product\T\C\granite-industries-tc-b-tube-clamp-base-plate.jpg,Granite Industries,Tube & Clamp Base Plate,,"Tube & Clamp Scaffold is easy to assemble and is  adaptable to nearly all types of scaffold projects. Only  four basic parts are needed for assembly, and quality  steel construction help components maintain durability.",,,Tube & Clamp Base Plate
605|23168,Scaffold|Scaffolding,TC-R,Ratchet Wrench,,E:\IMAGES\ITEMS\product\T\C\granite-industries-tc-r-ratchet-wrench.jpg,Granite Industries,Ratchet Wrench,,"Tube & Clamp Scaffold is easy to assemble and is  adaptable to nearly all types of scaffold projects. Only  four basic parts are needed for assembly, and quality  steel construction help components maintain durability.",,,Ratchet Wrench
605|23168,Scaffold|Scaffolding,WT-36,Wall Tie Brace,,E:\IMAGES\ITEMS\product\W\T\granite-industries-wt-36-wall-tie-brace.jpg,Granite Industries,Wall Tie Brace,36 inch wall tie is powder coated yellow Wall Tie comes complete with scaffold clamp Nailing plate at the end so attaching to the structure is easy Made in the USA,Frame scaffolding Wall Ties attach to your structure providing stability to the scaffold tower when increasing height.,,"W/Clamp 36"" L",Wall Tie Brace
605|23168,Scaffold|Scaffolding,HA,Hoist Arm Swivel Head,,E:\IMAGES\ITEMS\product\H\A\granite-industries-ha-hoist-arm-swivel-head.jpg,Granite Industries,Hoist Arm Swivel Head,For Hositing Material To The Scaffold Platform  Powder Coated Yellow  Hoist arm fits on top of coupling pin at the working platform.,,,,Hoist Arm Swivel Head
605|23168,Scaffold|Scaffolding,HW,Hoist Arm Well Wheel,,E:\IMAGES\ITEMS\product\H\W\granite-industries-hw-hoist-arm-well-wheel.jpg,Granite Industries,Hoist Arm Well Wheel,10 inch Diameter Well Wheel is rated at 1000lbs.  For Hositing Material To The Scaffold Platform Powder Coated Yellow Hoist arm fits on top of coupling pin at the working platform.,,,10'',Hoist Arm Well Wheel
605|23168,Scaffold|Scaffolding,WPT,Wind Prot. Clips,,E:\IMAGES\ITEMS\product\W\P\granite-industries-wpt-wind-prot-clips.jpg,Granite Industries,Wind Prot. Clips,,,,"8""L-1 1/2"" & 1 5/8"" Tube - Each",Wind Prot. Clips
605|23168,Scaffold|Scaffolding,DWL,Drywall Lift #138-2,,E:\IMAGES\ITEMS\product\D\W\granite-industries-dwl-drywall-lift-138-2.jpg,Granite Industries,Drywall Lift,,,,,Drywall Lift #138-2
605|23168,Scaffold|Scaffolding,DWLEX,Drywall Lift Extension 6' #186,,E:\IMAGES\ITEMS\product\D\W\granite-industries-dwlex-drywall-lift-extension-6-186.jpg,Granite Industries,Drywall Lift Extension,,,,6'-#138-2,Drywall Lift Extension 6' #186
605|23168,Scaffold|Scaffolding,PF,Pedestal Scaffold Frame,,E:\IMAGES\ITEMS\product\P\F\granite-industries-pf-pedestal-scaffold-frame.jpg,Granite Industries,Pedestal Scaffold Frame,Pedestal scaffolding frame set Also know as veneer jack scaffolding Powder coated high quality steel Pigtail pins included,,,"43""W W/ 2 Legs",Pedestal Scaffold Frame
23377,Bin and Box Accessories,Hitch-Mounted Cargo Basket,Hitch-Mounted Cargo Basket,,E:\IMAGES\ITEMS\product\H\i\granite-industries-hitch-mounted-cargo-basket-hitch-mounted-cargo-basket.jpg,Granite Industries,,"Hitch-mounted cargo basket provides extra room to transport luggage or gear. Great for sports, camping gear and transporting garden and home improvement supplies",,,,Hitch-Mounted Cargo Basket
23168,Scaffolding,Indy Utility Scaffold,Indy Utility Scaffold,,E:\IMAGES\ITEMS\product\I\n\granite-industries-indy-utility-scaffold-indy-utility-scaffold.jpg,Granite Industries,,Maximum Capacity 1000lbs distributed,,,,Indy Utility Scaffold
23867,Barrier and Safety Fence,Crowd Control Fencing,Crowd Control Fencing,,E:\IMAGES\ITEMS\product\C\r\granite-industries-crowd-control-fencing-crowd-control-fencing.jpg,Granite Industries,,"Crowd control fencing is great for Sports Events, Rallies, Parades, Fairs or Construction Sites. Easy to set up and take down. Durable hot-dip galvanized finish.",,,,Crowd Control Fencing
23168,Scaffolding,Rolling Scaffold Towers,Rolling Scaffold Towers,,E:\IMAGES\ITEMS\product\R\o\granite-industries-rolling-scaffold-towers-rolling-scaffold-towers.jpg,Granite Industries,,"Take the guess work out of scaffold. To make it easier to purchase, we have created pre packaged scaffold rolling tower units. Granite Industries Rolling Tower Packages are designed with Heavy Duty Single Step Scaffold Frames that will meet the most rigid requirements.",,,,Rolling Scaffold Towers
23168,Scaffolding,Scaffold Frames,Scaffold Frames,,E:\IMAGES\ITEMS\product\S\c\granite-industries-scaffold-frames-scaffold-frames.jpg,Granite Industries,,"We offer a complete line of high quality Step, Ladder and Open End Style Steel Frames. All frames are powder coated for extended durability. Our products are warranted to meet or exceed all OSHA and ANSI specifications.",,,,Scaffold Frames
23163,Platform Stepladders,Bus / Truck / RV Maintenance Platform,Bus / Truck / RV Maintenance Platform,,E:\IMAGES\ITEMS\product\B\u\granite-industries-bus-truck-rv-maintenance-platform-bus-truck-rv-maintenance-platform.jpg,Granite Industries,,"Granite has built its reputation by manufacturing quality products that improve safety and productivity. Granite Industry’s line of bus and motor coach maintenance stands and work platforms (or “scaffolding”) provide the technician with efficient access to upper-level service zones, improving overall productivity while providing critical fall protection and ensuring a safe work environment. The bus scaffold work platforms are designed to provide a semi-stationary structure around the bus.  Each work platform is packed full of safety conscious features such as toe boards, locking gates, guardrails, stairs with railings, expanded metal floors, and locking casters.  Toe boards are helpful in preventing tools and materials from falling to the ground.  The locking gates create transitions from section to section as well as creating a completely enclosed perimeter around the walkboard.  The stairs include a sturdy railing which provides a much safer option than traditional ladders for hauling tools and materials.  The walkboards can be made from either expanded metal or 5/8” plywood.",,,,Bus / Truck / RV Maintenance Platform
20876,Utility Tables,Portable Scorers Table,Portable Scorers Table,,E:\IMAGES\ITEMS\product\P\o\granite-industries-portable-scorers-table-portable-scorers-table.jpg,Granite Industries,,"Serves as a scoring center, statistician center or other elevated table depending on the sport or activity. Fully portable, easy to move. Seats five to six people comfortably. Anodized aluminum bench slides forward and back for easy access to the 12” deep scorer’s table. Dimensions are 11’H x 7’W x 11’L.",,,,Portable Scorers Table
28194,Lift Jacks,Snappy Pushup – Material Lifting Device,Snappy Pushup – Material Lifting Device,,E:\IMAGES\ITEMS\product\S\n\granite-industries-snappy-pushup-material-lifting-device-snappy-pushup-material-lifting-device.jpg,Granite Industries,,Adjusts from 6’4 to 10’ in height  150 lb Capacity,,,,Snappy Pushup – Material Lifting Device
26026,Signs,Magnetic Signs,Magnetic Signs,,E:\IMAGES\ITEMS\product\M\a\granite-industries-magnetic-signs-magnetic-signs.jpg,Granite Industries,,"Our magnetic signs can be used in a variety of ways; such as rental for extra income, advertising your business, private club, or to make that special announcement in an attractive manner without breaking your wallet.",,,,Magnetic Signs
23168,Scaffolding,Walkboards,Walkboards,,E:\IMAGES\ITEMS\product\W\a\granite-industries-walkboards-walkboards.jpg,Granite Industries,,"Granite Industries carries and produces a variety of walkboard styles and sizes to fit your needs. Whether you call them scaffold walk boards, scaffold stage boards or scaffold planks you can count on us for safe, durable, and long lasting scaffold products. We offer a wide variety of sizes to fit your scaffolding needs. Our scaffold planks are made from a variety of materials including wood planks, aluminum planks, perforated aluminum decks or expanded metal steel planks.",,,,Walkboards
23168,Scaffolding,Snappy Utility Scaffold,Snappy Utility Scaffold,,E:\IMAGES\ITEMS\product\S\n\granite-industries-snappy-utility-scaffold-snappy-utility-scaffold.jpg,Granite Industries,,"This interior utility scaffolding unit is the strongest, most durable  multipurpose towers on the market. Guaranteed!",,,,Snappy Utility Scaffold
20828,Bleachers,Fulton Bleacher Seating,Fulton Bleacher Seating,,E:\IMAGES\ITEMS\product\F\u\granite-industries-fulton-bleacher-seating-fulton-bleacher-seating.jpg,Granite Industries,,"Fulton Bleacher is a high capacity bleacher system for outdoor bleacher seating requirements. Our bleacher systems are engineered for safety, easy assembly, and durability. The 14 ga steel steel tubing understructure is combined with anodized aluminum seat planks and mill-finished foot planks. Our bleacher system will meet the rigors of daily use, both indoors or outdoors, with little or no maintenance for years to come.",,,,Fulton Bleacher Seating
23163,Platform Stepladders,Power Snappy Motorized Work Platform,Power Snappy Motorized Work Platform,,E:\IMAGES\ITEMS\product\P\o\granite-industries-power-snappy-motorized-work-platform-power-snappy-motorized-work-platform.jpg,Granite Industries,,"Benefits of the Power Snappy over Ladders, Scissor Lifts and Traditional Work Platforms",,,,Power Snappy Motorized Work Platform
23168,Scaffolding,4' Mini Fold Utility Scaffold,4' Mini Fold Utility Scaffold,,E:\IMAGES\ITEMS\product\4\-\granite-industries-4-mini-fold-utility-scaffold-4-mini-fold-utility-scaffold.jpg,Granite Industries,,,,,,4' Mini Fold Utility Scaffold
20828,Bleachers,Signature Bleacher Seating,Signature Bleacher Seating,,E:\IMAGES\ITEMS\product\S\i\granite-industries-signature-bleacher-seating-signature-bleacher-seating.jpg,Granite Industries,,"Signature Deluxe Series bleacher includes everything our regular Signature Bleachers offer, plus guardrail, double footboards, and toeboards on the top 4 rows along with an asile with handrail. Our guardrail is made from welded and powder coated steel tubing, making it much more eye appealing. This type of guardrail offers better safety compared to our competitor’s chain-link fence style guardail, as it offers more stability and deters children from climbing. Also, select from three styles of seating: Bench, Bench with Back and Flip Up seat with Back.",,,,Signature Bleacher Seating
28301,Carts,Overland Electric Powered Carts,Overland Electric Powered Carts,,E:\IMAGES\ITEMS\product\O\v\granite-industries-overland-electric-powered-carts-overland-electric-powered-carts.jpg,Granite Industries,,"Our electric carts & wheelbarrows emit no fumes and virtually no noise, so you can use it both indoors or out",,,,Overland Electric Powered Carts
23168,Scaffolding,AXIS/AXIS 2.0 Aluminum Staging,AXIS/AXIS 2.0 Aluminum Staging,,E:\IMAGES\ITEMS\product\A\X\granite-industries-axisaxis-20-aluminum-staging-axisaxis-20-aluminum-staging.jpg,Granite Industries,,Standard AXIS Staging Features,,,,AXIS/AXIS 2.0 Aluminum Staging
23168,Scaffolding,Signature Staging,Signature Staging,,E:\IMAGES\ITEMS\product\S\i\granite-industries-signature-staging-signature-staging.jpg,Granite Industries,,4’ x 4’ standard deck sizing stacks and stores easily. 3/4” thick plywood exterior black plywood is finished on one side. Optional 5/8” exterior plywood with gray carpet also available. Compatible with most other 4’x4’ stage deck systems.,,,,Signature Staging
23163,Platform Stepladders,Snappy Junior,Snappy Junior,,E:\IMAGES\ITEMS\product\S\n\granite-industries-snappy-junior-snappy-junior.jpg,Granite Industries,,"Sometimes a standard 6' Utility Scaffold or even a step ladder, is just too large to fit into a confined area. The Snappy Jr. is the solution! It’s a smaller narrower rolling utility scaffold that can getin to areas that others cant.",,,,Snappy Junior
20828,Bleachers,Fold-N-Tow Portable Bleacher System,Fold-N-Tow Portable Bleacher System,,E:\IMAGES\ITEMS\product\F\o\granite-industries-fold-n-tow-portable-bleacher-system-fold-n-tow-portable-bleacher-system.jpg,Granite Industries,,"Foldable, towable bleacher is the answer to your temporary seating needs. Haul it into your location and set it up in minutes with JUST ONE PERSON.",,,,Fold-N-Tow Portable Bleacher System
23368,Chemical Transport Carts,American Cart & Equipment,American Cart & Equipment,,E:\IMAGES\ITEMS\product\A\m\granite-industries-american-cart-equipment-american-cart-equipment.jpg,Granite Industries,,"Granite Industries offers a wide range of everyday and specialty carts, hand trucks and dollies. Whether you need to move large items such as tents, inflatables, chairs, tables, drywall, staging or fragile items like glasses and dishware, we’ve got the right cart for the job. View more of our carts, dollies, hand trucks and material handling equipment at www.AmericanCartEquipment.com",,,,American Cart & Equipment
23168,Scaffolding,6' Utility Scaffold (MP-606),6' Utility Scaffold (MP-606),,E:\IMAGES\ITEMS\product\6\-\granite-industries-6-utility-scaffold-mp-606-6-utility-scaffold-mp-606.jpg,Granite Industries,,,,,,6' Utility Scaffold (MP-606)
23817,Camp Equipment Furniture,Picnic Tables,Picnic Tables,,E:\IMAGES\ITEMS\product\P\i\granite-industries-picnic-tables-picnic-tables.jpg,Granite Industries,,Our aluminum picnic tables can be found all over from State Parks and Local Parks to baseball fields and schools. These aluminum tables are maintenance free and long lasting. Table Legs are constructed of hot dipped galvanized steel. Tabletops and seat planks are 2? X 10? anodized aluminum.,,,,Picnic Tables
