﻿category_ids,category_names,sku,meta_title,meta_description,Image,manufacturer,description,short_description,summary,upc,size_info,meta_keyword
1774|26885,Rebar Chairs|Bar Chairs,GRPROLK41,PROLOK High Chair,,E:\IMAGES\ITEMS\product\G\R\grip-rite-grprolk41-prolok-high-chair.jpg,Grip-Rite,PROLOK High Chair,"No tie or bar ties needed Strong, durable & lightweight I-beam design Fits #3 - #6 rebar Fits all mesh sizes Available in 1-4 in. heights 1-3 in. compatible with PROLOK Sandplate base Contributes to LEED® points",,,Bar &Mesh #4-1 in.,PROLOK High Chair
1774|26885,Rebar Chairs|Bar Chairs,GRPROLK415,PROLOK High Chair,,E:\IMAGES\ITEMS\product\G\R\grip-rite-grprolk415-prolok-high-chair.jpg,Grip-Rite,PROLOK High Chair,"No tie or bar ties needed Strong, durable & lightweight I-beam design Fits #3 - #6 rebar Fits all mesh sizes Available in 1-4 in. heights 1-3 in. compatible with PROLOK Sandplate base Contributes to LEED® points",,,Bar & Mesh #4-1.5 in.,PROLOK High Chair
1774|26885,Rebar Chairs|Bar Chairs,GRPROLK42,PROLOK High Chair,,E:\IMAGES\ITEMS\product\G\R\grip-rite-grprolk42-prolok-high-chair.jpg,Grip-Rite,PROLOK High Chair,"No tie or bar ties needed Strong, durable & lightweight I-beam design Fits #3 - #6 rebar Fits all mesh sizes Available in 1-4 in. heights 1-3 in. compatible with PROLOK Sandplate base Contributes to LEED® points",,,Bar & Mesh #4-2 in.,PROLOK High Chair
1774|26885,Rebar Chairs|Bar Chairs,GRPROLK425,PROLOK High Chair,,E:\IMAGES\ITEMS\product\G\R\grip-rite-grprolk425-prolok-high-chair.jpg,Grip-Rite,PROLOK High Chair,"No tie or bar ties needed Strong, durable & lightweight I-beam design Fits #3 - #6 rebar Fits all mesh sizes Available in 1-4 in. heights 1-3 in. compatible with PROLOK Sandplate base Contributes to LEED® points",,,Bar & Mesh #4-2.5 in.,PROLOK High Chair
1774|26885,Rebar Chairs|Bar Chairs,GRPROLK43,PROLOK High Chair,,E:\IMAGES\ITEMS\product\G\R\grip-rite-grprolk43-prolok-high-chair.jpg,Grip-Rite,PROLOK High Chair,"No tie or bar ties needed Strong, durable & lightweight I-beam design Fits #3 - #6 rebar Fits all mesh sizes Available in 1-4 in. heights 1-3 in. compatible with PROLOK Sandplate base Contributes to LEED® points",,,Bar & Mesh #4-3 in.,PROLOK High Chair
1774|26885,Rebar Chairs|Bar Chairs,GRPROLK44,PROLOK High Chair,,E:\IMAGES\ITEMS\product\G\R\grip-rite-grprolk44-prolok-high-chair.jpg,Grip-Rite,PROLOK High Chair,"No tie or bar ties needed Strong, durable & lightweight I-beam design Fits #3 - #6 rebar Fits all mesh sizes Available in 1-4 in. heights 1-3 in. compatible with PROLOK Sandplate base Contributes to LEED® points",,,Bar & Mesh #4-4 in.,PROLOK High Chair
1774|26885,Rebar Chairs|Bar Chairs,GRPROLK515,PROLOK High Chair,,E:\IMAGES\ITEMS\product\G\R\grip-rite-grprolk515-prolok-high-chair.jpg,Grip-Rite,PROLOK High Chair,"No tie or bar ties needed Strong, durable & lightweight I-beam design Fits #3 - #6 rebar Fits all mesh sizes Available in 1-4 in. heights 1-3 in. compatible with PROLOK Sandplate base Contributes to LEED® points",,,Bar & Mesh #5-1.5 in.,PROLOK High Chair
1774|26885,Rebar Chairs|Bar Chairs,GRPROLK52,PROLOK High Chair,,E:\IMAGES\ITEMS\product\G\R\grip-rite-grprolk52-prolok-high-chair.jpg,Grip-Rite,PROLOK High Chair,"No tie or bar ties needed Strong, durable & lightweight I-beam design Fits #3 - #6 rebar Fits all mesh sizes Available in 1-4 in. heights 1-3 in. compatible with PROLOK Sandplate base Contributes to LEED® points",,,Bar & Mesh #5-2 in.,PROLOK High Chair
1774|26885,Rebar Chairs|Bar Chairs,GRPROLK525,PROLOK High Chair,,E:\IMAGES\ITEMS\product\G\R\grip-rite-grprolk525-prolok-high-chair.jpg,Grip-Rite,PROLOK High Chair,"No tie or bar ties needed Strong, durable & lightweight I-beam design Fits #3 - #6 rebar Fits all mesh sizes Available in 1-4 in. heights 1-3 in. compatible with PROLOK Sandplate base Contributes to LEED® points",,,Bar & Mesh #5-2.5 in.,PROLOK High Chair
1774|26885,Rebar Chairs|Bar Chairs,GRPROLK53,PROLOK High Chair,,E:\IMAGES\ITEMS\product\G\R\grip-rite-grprolk53-prolok-high-chair.jpg,Grip-Rite,PROLOK High Chair,"No tie or bar ties needed Strong, durable & lightweight I-beam design Fits #3 - #6 rebar Fits all mesh sizes Available in 1-4 in. heights 1-3 in. compatible with PROLOK Sandplate base Contributes to LEED® points",,,Bar & Mesh #5-3 in.,PROLOK High Chair
1774|26885,Rebar Chairs|Bar Chairs,GRPROLK54,PROLOK High Chair,,E:\IMAGES\ITEMS\product\G\R\grip-rite-grprolk54-prolok-high-chair.jpg,Grip-Rite,PROLOK High Chair,"No tie or bar ties needed Strong, durable & lightweight I-beam design Fits #3 - #6 rebar Fits all mesh sizes Available in 1-4 in. heights 1-3 in. compatible with PROLOK Sandplate base Contributes to LEED® points",,,Bar & Mesh #5-4 in.,PROLOK High Chair
1774|26885,Rebar Chairs|Bar Chairs,GRPROLK615,PROLOK High Chair,,E:\IMAGES\ITEMS\product\G\R\grip-rite-grprolk615-prolok-high-chair.jpg,Grip-Rite,PROLOK High Chair,"No tie or bar ties needed Strong, durable & lightweight I-beam design Fits #3 - #6 rebar Fits all mesh sizes Available in 1-4 in. heights 1-3 in. compatible with PROLOK Sandplate base Contributes to LEED® points",,,Bar & Mesh #6-1.5 in.,PROLOK High Chair
1774|26885,Rebar Chairs|Bar Chairs,GRPROLK625,PROLOK High Chair,,E:\IMAGES\ITEMS\product\G\R\grip-rite-grprolk625-prolok-high-chair.jpg,Grip-Rite,PROLOK High Chair,"No tie or bar ties needed Strong, durable & lightweight I-beam design Fits #3 - #6 rebar Fits all mesh sizes Available in 1-4 in. heights 1-3 in. compatible with PROLOK Sandplate base Contributes to LEED® points",,,Bar & Mesh #6-2.5 in.,PROLOK High Chair
1774|26885,Rebar Chairs|Bar Chairs,GRPROLK63,PROLOK High Chair,,E:\IMAGES\ITEMS\product\G\R\grip-rite-grprolk63-prolok-high-chair.jpg,Grip-Rite,PROLOK High Chair,"No tie or bar ties needed Strong, durable & lightweight I-beam design Fits #3 - #6 rebar Fits all mesh sizes Available in 1-4 in. heights 1-3 in. compatible with PROLOK Sandplate base Contributes to LEED® points",,,Bar & Mesh #6-3 in.,PROLOK High Chair
1774|26885,Rebar Chairs|Bar Chairs,GRPROLK64,PROLOK High Chair,,E:\IMAGES\ITEMS\product\G\R\grip-rite-grprolk64-prolok-high-chair.jpg,Grip-Rite,PROLOK High Chair,"No tie or bar ties needed Strong, durable & lightweight I-beam design Fits #3 - #6 rebar Fits all mesh sizes Available in 1-4 in. heights 1-3 in. compatible with PROLOK Sandplate base Contributes to LEED® points",,,Bar & Mesh #6-4 in.,PROLOK High Chair
2547|27818,Square Washers|Square Washers,58HGSPW3,Square Slotted Washer Hot Dipped Galvanized,,/,Grip-Rite,Square Slotted Washer Hot Dipped Galvanized,"Fits Bolt Size: 5/8"" Washer Size: 3"" x 3"" x 1/4"" x 5/8""  All Grip-Rite hot dipped galvanized fasteners meet ASTM A-153 requirements and can be used with treated lumber.",,,Square Slotted Washer Hot Dipped Galvanized,Square Slotted Washer Hot Dipped Galvanized
22092,Tarps,TARP3040,30' X 40' POLY TARP,,E:\IMAGES\ITEMS\product\T\A\grip-rite-tarp3040-30-x-40-poly-tarp.jpg,Grip-Rite,,Weather resistant Tear resistant Mold and mildew resistant Rust proof grommets,,,,30' X 40' POLY TARP
22092,Tarps,TARP4060,40' X 60' POLY TARP,,E:\IMAGES\ITEMS\product\T\A\grip-rite-tarp4060-40-x-60-poly-tarp.jpg,Grip-Rite,,Weather resistant Tear resistant Mold and mildew resistant Rust proof grommets,,,,40' X 60' POLY TARP
24589,Electric Air Compressors,GR100,AIR COMPRESSOR 1 HP 1 GALLON CFM .6,,E:\IMAGES\ITEMS\product\G\R\grip-rite-gr100-air-compressor-1-hp-1-gallon-cfm-6.jpg,Grip-Rite,,,"Designed for trim carpentry and other small projects Plastic protective shroud protects pump and motor Electric, direct drive, oil-free pump Overload protection with manual reset 5 amps - will not trip breakers Ultra quiet Lightweight and compact - only 2",,,AIR COMPRESSOR 1 HP 1 GALLON CFM .6
24589,Electric Air Compressors,GR152CM,AIR COMPRESSOR 2 HP 2 GALLON CFM 2.6,,E:\IMAGES\ITEMS\product\G\R\grip-rite-gr152cm-air-compressor-2-hp-2-gallon-cfm-26.jpg,Grip-Rite,,,"Features: Designed to handle small to larger punch-out projects Oil-free pump  Extremely quiet and lightweight  Pontoon-style tank provides a low center of gravity and reduced tip-over Life expectancy of up to 4,000 hours  Easy grip handles for jobsite po",,,AIR COMPRESSOR 2 HP 2 GALLON CFM 2.6
24589,Electric Air Compressors,GR2540LR,AIR COMPRESSOR 2.5 HP 4.0 GALLON CFM 4.5,,E:\IMAGES\ITEMS\product\G\R\grip-rite-gr2540lr-air-compressor-25-hp-40-gallon-cfm-45.jpg,Grip-Rite,,,Ultra quiet 1725 RPM motor  Heavy duty pump features a cast iron cylinder  Locking pull-out handle provides leverage for maximum mobility  Overload protection with manual reset  10” no - flat tire never loses air Initial oil fill included  Recessed gauges,,,AIR COMPRESSOR 2.5 HP 4.0 GALLON CFM 4.5
24589,Electric Air Compressors,GR254CTS,AIR COMPRESSOR 2.5 HP 4.3 GALLON CFM 4.0,,E:\IMAGES\ITEMS\product\G\R\grip-rite-gr254cts-air-compressor-25-hp-43-gallon-cfm-40.jpg,Grip-Rite,,,,,,AIR COMPRESSOR 2.5 HP 4.3 GALLON CFM 4.0
20448,Staples,GRGS161,"1/2 X 1 CROWN STAPLE 16 GAUGE GALV 10,000/BX",,E:\IMAGES\ITEMS\product\G\R\grip-rite-grgs161-12-x-1-crown-staple-16-gauge-galv-10000bx.jpg,Grip-Rite,,,"For use with most 16 Gauge Medium Crown ""GS""-style Staplers, including: DeWalt Fasco Paslode Spotnails",,,"1/2 X 1 CROWN STAPLE 16 GAUGE GALV 10,000/BX"
20402,Concrete / Masonry Nails,1TFMAS,"GRIPRITE 1"" FLUTED MASONRY NAIL 50LB 1TFMAS",,E:\IMAGES\ITEMS\product\1\T\grip-rite-1tfmas-griprite-1-fluted-masonry-nail-50lb-1tfmas.jpg,Grip-Rite,"GRIPRITE 1"" FLUTED MASONRY NAIL",GRIPRITE FLUTED MASONRY NAIL,"Gauge: 9 Head Size: 5/16"" Shank Style: Fluted",76466617392,"Size: 1"" 50LB/BX","GRIPRITE 1"" FLUTED MASONRY NAIL 50LB 1TFMAS"
20395,Box Nails,10SPK,"GRIPRITE 10"" BRIGHT LANDSCAPE SPIKE NAIL 50LB CARTON",,E:\IMAGES\ITEMS\product\1\0\grip-rite-10spk-griprite-10-bright-landscape-spike-nail-50lb-carton.jpg,Grip-Rite,"GRIPRITE 10"" BRIGHT LANDSCAPE SPIKE NAIL CARTON",,"Used to secure railroad ties, landscaping timbers and thick members used in log home construction. Length: 10 in. Diameter: 3/8 in. Head Size: 3/4 in. Finish: Bright Material: Steel Shank Style: Smooth",76466614838,,"GRIPRITE 10"" BRIGHT LANDSCAPE SPIKE NAIL 50LB CARTON"
20402,Concrete / Masonry Nails,10HGCTMAS5,GRIPRITE 10HGCTMAS5 10D HDG HARD CUT MASONRY HAND NAILS 5LB/BX,,E:\IMAGES\ITEMS\product\1\0\grip-rite-10hgctmas5-griprite-10hgctmas5-10d-hdg-hard-cut-masonry-hand-nails-5lbbx.jpg,Grip-Rite,GRIPRITE 10D HDG HARD CUT MASONRY HAND NAIL,,"Penny: 10d Length: 3"" Shank style: Tempered hardened steel cut Application: For attaching wood to cinder block, mortar joints, brick walls, and fresh concrete Blunt point and tapered shank reduce splitting",76466653304,,GRIPRITE 10HGCTMAS5 10D HDG HARD CUT MASONRY HAND NAILS 5LB/BX
20402,Concrete / Masonry Nails,112TFMAS,GRIPRITE 1-1/2 50LB FLUTED MASONRY NAIL 112TFMAS,,E:\IMAGES\ITEMS\product\1\1\grip-rite-112tfmas-griprite-1-12-50lb-fluted-masonry-nail-112tfmas.jpg,Grip-Rite,GRIPRITE 1-1/2 50LB FLUTED MASONRY NAIL,GRIPRITE FLUTED MASONRY NAIL,"Gauge: 9 Head Size: 5/16"" Shank Style: Fluted",76466617413,"Size: 1-1/2"" 50LB/BX",GRIPRITE 1-1/2 50LB FLUTED MASONRY NAIL 112TFMAS
20402,Concrete / Masonry Nails,112TFMAS5,GRIPRITE 112TFMAS5 1-1/2 THS FLUTED MASONRY NAIL 5LB/BX,,E:\IMAGES\ITEMS\product\1\1\grip-rite-112tfmas5-griprite-112tfmas5-1-12-ths-fluted-masonry-nail-5lbbx.jpg,Grip-Rite,GRIPRITE 1-1/2 5LB FLUTED MASONRY NAIL,GRIPRITE FLUTED MASONRY NAIL,"Gauge: 9 Head Size: 5/16"" Shank Style: Fluted",76466617407,"Size: 1-1/2"" 5LB/BX",GRIPRITE 112TFMAS5 1-1/2 THS FLUTED MASONRY NAIL 5LB/BX
20405,Roofing Nails,114EGRFG5,GRIPRITE 114EGRFG5 1-1/4 ROOFING NAIL 5LB BOX 6/CS,,E:\IMAGES\ITEMS\product\1\1\grip-rite-114egrfg5-griprite-114egrfg5-1-14-roofing-nail-5lb-box-6cs.jpg,Grip-Rite,GRIPRITE 1-1/4 ROOFING NAIL,,"Electro galvanized Roofing Nails 1.25"" 11-gauge 7/16"" diameter thin flat head",76466616467,,GRIPRITE 114EGRFG5 1-1/4 ROOFING NAIL 5LB BOX 6/CS
24124,Surface Protection Films,FLT15D226,GRIPRITE 15LB FELT PAPER 36/SKID,,E:\IMAGES\ITEMS\product\F\L\grip-rite-flt15d226-griprite-15lb-felt-paper-36skid.jpg,Grip-Rite,"Grip-Rite felt paper gives roofs maximum protection from rain and snow. Keeping water out from underneath roof shingles, Grip-Rite felt paper helps to extend the life of a roof. Manufactured by top felt paper manufacturers, Grip-Rite felt paper can be depended on for its durability and strength in even the toughest of weather conditions.",,15# Asphalt Saturated Organic Felt Paper  Meets ASTM D4869 Type I  36 in. x 144 ft. -432 ft SQ.,9206414869,,GRIPRITE 15LB FELT PAPER 36/SKID
20397,Common Nails,16C,GRIPRITE 16 COMMON BRIGHT NAIL 50LB BOX,,E:\IMAGES\ITEMS\product\1\6\grip-rite-16c-griprite-16-common-bright-nail-50lb-box.jpg,Grip-Rite,GRIPRITE 16 COMMON BRIGHT NAIL,GRIPRITE COMMON BRIGHT NAIL,"Common nail Most popular nail and versatile style For construction, carpentry and framing Larger shank provides greater resistance to bending Made to conform to ASTM F1667",76466613211,"3-1/2"" size 16D size 8 gauge 11/32"" head size 50LB/BX",GRIPRITE 16 COMMON BRIGHT NAIL 50LB BOX
20407,Sinker Nails,16CTDSKR5,GRIPRITE 16CTDSKR5 16D COATED SINKER NAIL 5LB/BX,,E:\IMAGES\ITEMS\product\1\6\grip-rite-16ctdskr5-griprite-16ctdskr5-16d-coated-sinker-nail-5lbbx.jpg,Grip-Rite,GRIPRITE 16 COATED SINKER NAIL,GRIPRITE COATED SINKER NAIL,Finish: Vinyl Coated Head Type: Countersunk Point Type: Diamond Shank Type: Smooth,3890205591,Diameter: 9 ga Head Diameter: 11/32 In. Length: 3-1/4 In. Size: 16d 5LB/BX,GRIPRITE 16CTDSKR5 16D COATED SINKER NAIL 5LB/BX
20407,Sinker Nails,16CTDSKR,GRIPRITE 16D SINKER CEMENT COATED NAIL 50LB,,E:\IMAGES\ITEMS\product\1\6\grip-rite-16ctdskr-griprite-16d-sinker-cement-coated-nail-50lb.jpg,Grip-Rite,GRIPRITE 16D SINKER CEMENT COATED NAIL,,"Used in general framing, cement coated sinker nails are coated with a resin coating to increase holding power. General framing nail Cement coated for extra holding power High quality steel Smooth shank for easy driving",76466615673,,GRIPRITE 16D SINKER CEMENT COATED NAIL 50LB
29047,Duplex Nails,16DUP,GRIPRITE 16DUP 16D DUPLEX NAIL 50LB,,E:\IMAGES\ITEMS\product\1\6\grip-rite-16dup-griprite-16dup-16d-duplex-nail-50lb.jpg,Grip-Rite,GRIPRITE 16DUP 16D DUPLEX NAIL,GRIPRITE 16D DUPLEX NAIL,Diameter: 9 ga Finish: Bright Head Diameter: 11/32 In. Head Type: Double Length: 3 In. Point Type: Diamond Shank Type: Smooth Size: 16d,76466613910,50LB/BX,GRIPRITE 16DUP 16D DUPLEX NAIL 50LB
29047,Duplex Nails,16DUP5,GRIPRITE 16DUP5 16D BRIGHT DUPLEX NAIL 5LB/BX,,E:\IMAGES\ITEMS\product\1\6\grip-rite-16dup5-griprite-16dup5-16d-bright-duplex-nail-5lbbx.jpg,Grip-Rite,GRIPRITE 16DUP5 16D BRIGHT DUPLEX NAIL,GRIPRITE 16D DUPLEX NAIL,Diameter: 9 ga Finish: Bright Head Diameter: 11/32 In. Head Type: Double Length: 3 In. Point Type: Diamond Shank Type: Smooth Size: 16d,76466613904,5LB/BX,GRIPRITE 16DUP5 16D BRIGHT DUPLEX NAIL 5LB/BX
20402,Concrete / Masonry Nails,1TFMAS5,GRIPRITE 1TFMAS5 1^ THS FLUTED MASONRY NAIL 5LB/BX,,E:\IMAGES\ITEMS\product\1\T\grip-rite-1tfmas5-griprite-1tfmas5-1-ths-fluted-masonry-nail-5lbbx.jpg,Grip-Rite,"GRIPRITE 1"" THS FLUTED MASONRY NAIL",GRIPRITE THS FLUTED MASONRY NAIL,"Gauge: 9 Head Size: 5/16"" Shank Style: Fluted",76466617386,"Size: 1"" 5LB/BX",GRIPRITE 1TFMAS5 1^ THS FLUTED MASONRY NAIL 5LB/BX
27892,General Construction Screws,212GCS5,GRIPRITE 212GCS5 #9X2-1/2 CONSTRUCTION SCREW T25 5LB/BX,,E:\IMAGES\ITEMS\product\2\1\grip-rite-212gcs5-griprite-212gcs5-9x2-12-construction-screw-t25-5lbbx.jpg,Grip-Rite,GRIPRITE 212GCS5 #9X2-1/2 CONSTRUCTION SCREW,GRIPRITE CONSTRUCTION SCREW,Gold construction screws.  T-25 Star Drive (Free T-25 bit included in box).  T-17 Point eliminates the need to pre-drill and reduces splitting.  Star Drive Head reduces bit spinout.  Nibs under drive head seat fastener perfectly in wood.  Auger threads aggressively cut through wood.,76466668158,#9X2-1/2 5LB/BX,GRIPRITE 212GCS5 #9X2-1/2 CONSTRUCTION SCREW T25 5LB/BX
20402,Concrete / Masonry Nails,212TFMAS5,GRIPRITE 212TFMAS5 2-1/2^ THS FLUTED MASONRY NAIL 5LB/BX,,E:\IMAGES\ITEMS\product\2\1\grip-rite-212tfmas5-griprite-212tfmas5-2-12-ths-fluted-masonry-nail-5lbbx.jpg,Grip-Rite,"GRIPRITE 1"" THS FLUTED MASONRY NAIL",GRIPRITE THS FLUTED MASONRY NAIL,"Gauge: 9 Head Size: 5/16"" Shank Style: Fluted",76466617452,"Size:2-1/2"" 5LB/BX",GRIPRITE 212TFMAS5 2-1/2^ THS FLUTED MASONRY NAIL 5LB/BX
20399,Drywall Screw Nails,2ATDWlh,GRIPRITE 2ATDWlh 2^ BRIGHT DRYWALL NAIL 50LB/BX,,E:\IMAGES\ITEMS\product\2\A\grip-rite-2atdwlh-griprite-2atdwlh-2-bright-drywall-nail-50lbbx.jpg,Grip-Rite,"GRIPRITE 2ATDW 2"" BRIGHT DRYWALL NAIL",,Size: 2 in.  Gauge: 12-1/2 Head Size: 19/64 in. Shank Style: Ring,76466650124,,GRIPRITE 2ATDWlh 2^ BRIGHT DRYWALL NAIL 50LB/BX
20397,Common Nails,3C,GRIPRITE 3D COMMON NAIL 50LB,,E:\IMAGES\ITEMS\product\3\C\grip-rite-3c-griprite-3d-common-nail-50lb.jpg,Grip-Rite,GRIPRITE 3D COMMON BRIGHT NAIL,GRIPRITE COMMON BRIGHT NAIL,"Common nail Most popular nail and versatile style For construction, carpentry and framing Larger shank provides greater resistance to bending Made to conform to ASTM F1667",76466613121,"1-1/4"" size 3D size 14 gauge 13/64"" head size 50LB/BX",GRIPRITE 3D COMMON NAIL 50LB
27892,General Construction Screws,3GCS5,GRIPRITE 3GCS5 #9X3 CONSTRUCTION SCREW T25 5LB/BX,,E:\IMAGES\ITEMS\product\3\G\grip-rite-3gcs5-griprite-3gcs5-9x3-construction-screw-t25-5lbbx.jpg,Grip-Rite,GRIPRITE 3GCS5 #9X3 CONSTRUCTION SCREW,GRIPRITE CONSTRUCTION SCREW,Gold construction screws.  T-25 Star Drive (Free T-25 bit included in box).  T-17 Point eliminates the need to pre-drill and reduces splitting.  Star Drive Head reduces bit spinout.  Nibs under drive head seat fastener perfectly in wood.  Auger threads aggressively cut through wood.,76466668032,#9X3 5LB/BX,GRIPRITE 3GCS5 #9X3 CONSTRUCTION SCREW T25 5LB/BX
19791,Trash Bags,42TRASH,GRIPRITE 42TRASH AP 42GL 3MIL CONTRACTOR BAG 20/BX 168/PALLET,,E:\IMAGES\ITEMS\product\4\2\grip-rite-42trash-griprite-42trash-ap-42gl-3mil-contractor-bag-20bx-168pallet.jpg,Grip-Rite,GRIPRITE 42TRASH AP 42GL 3MIL CONTRACTOR BAG,,Made from recycled product Heavy trash clean-up Lawn clean-up All purpose clean-up 3 Mil – 42 gallon Ties included,85668200016,,GRIPRITE 42TRASH AP 42GL 3MIL CONTRACTOR BAG 20/BX 168/PALLET
20397,Common Nails,6C,GRIPRITE 6 BRIGHT COMMON NAIL 50LB CARTON,,E:\IMAGES\ITEMS\product\6\C\grip-rite-6c-griprite-6-bright-common-nail-50lb-carton.jpg,Grip-Rite,GRIPRITE 6D COMMON BRIGHT NAIL,GRIPRITE COMMON BRIGHT NAIL,"Common nail Most popular nail and versatile style For construction, carpentry and framing Larger shank provides greater resistance to bending Made to conform to ASTM F1667",76466613154,"2"" size 6D size 11-1/2 gauge 17/64"" head size 50LB/BX",GRIPRITE 6 BRIGHT COMMON NAIL 50LB CARTON
20407,Sinker Nails,7CTDSKR,GRIPRITE 7D COATED SINKER NAIL 50LB CARTON,,E:\IMAGES\ITEMS\product\7\C\grip-rite-7ctdskr-griprite-7d-coated-sinker-nail-50lb-carton.jpg,Grip-Rite,GRIPRITE 7D COATED SINKER NAIL,GRIPRITE COATED SINKER NAIL,Finish: Vinyl Coated Head Type: Countersunk Point Type: Diamond Shank Type: Smooth,76466615625,Diameter: 12-1/2 ga Head Diameter: 1/4 In. Length: 2-1/8 In. Size: 7d 50LB/BX,GRIPRITE 7D COATED SINKER NAIL 50LB CARTON
20407,Sinker Nails,8CTDSKR5,GRIPRITE 8CTDSKR5 8D COATED SINKER NAIL 5LB/BX,,E:\IMAGES\ITEMS\product\8\C\grip-rite-8ctdskr5-griprite-8ctdskr5-8d-coated-sinker-nail-5lbbx.jpg,Grip-Rite,GRIPRITE 7D COATED SINKER NAIL,GRIPRITE COATED SINKER NAIL,Finish: Vinyl Coated Head Type: Countersunk Point Type: Diamond Shank Type: Smooth,76466615631,Diameter: 11-1/2 ga Head Diameter: 17/64 In. Length: 2-3/8 In. Size: 8d 5LB/BX,GRIPRITE 8CTDSKR5 8D COATED SINKER NAIL 5LB/BX
20397,Common Nails,8C,GRIPRITE 8D COMMON NAIL 50LB,,E:\IMAGES\ITEMS\product\8\C\grip-rite-8c-griprite-8d-common-nail-50lb.jpg,Grip-Rite,GRIPRITE 8D COMMON BRIGHT NAIL,GRIPRITE COMMON BRIGHT NAIL,"Common nail Most popular nail and versatile style For construction, carpentry and framing Larger shank provides greater resistance to bending Made to conform to ASTM F1667",76466613175,"2-1/2"" size 8D size 10-1/2 gauge 9/32"" head size 50LB/BX",GRIPRITE 8D COMMON NAIL 50LB
29047,Duplex Nails,8DUP,GRIPRITE 8D DUPLEX SCAFFOLD NAIL 50LB,,E:\IMAGES\ITEMS\product\8\D\grip-rite-8dup-griprite-8d-duplex-scaffold-nail-50lb.jpg,Grip-Rite,GRIPRITE 8DUP 8D BRIGHT DUPLEX NAIL,GRIPRITE 8DUP 8D BRIGHT DUPLEX NAIL,Diameter: 10-1/4 ga Finish: Bright Head Diameter: 9/32 In. Head Type: Double Length: 2-1/4 In. Point Type: Diamond Shank Type: Smooth Size: 8d,76466613874,50LB/BX,GRIPRITE 8D DUPLEX SCAFFOLD NAIL 50LB
29047,Duplex Nails,8DUP5,GRIPRITE 8DUP5 8D BRIGHT DUPLEX NAIL 5LB/BX,,E:\IMAGES\ITEMS\product\8\D\grip-rite-8dup5-griprite-8dup5-8d-bright-duplex-nail-5lbbx.jpg,Grip-Rite,GRIPRITE 8DUP5 8D BRIGHT DUPLEX NAIL,GRIPRITE 8DUP 8D BRIGHT DUPLEX NAIL,Diameter: 10-1/4 ga Finish: Bright Head Diameter: 9/32 In. Head Type: Double Length: 2-1/4 In. Point Type: Diamond Shank Type: Smooth Size: 8d,76466613868,5LB/BX,GRIPRITE 8DUP5 8D BRIGHT DUPLEX NAIL 5LB/BX
20402,Concrete / Masonry Nails,8HGCUTMAS5,GRIPRITE 8HGCUTMAS5 8D HDG HARD CUT MASONRY HAND NAILS 5LB/BX,,E:\IMAGES\ITEMS\product\8\H\grip-rite-8hgcutmas5-griprite-8hgcutmas5-8d-hdg-hard-cut-masonry-hand-nails-5lbbx.jpg,Grip-Rite,GRIPRITE 8D HDG HARD CUT MASONRY HAND NAIL,,"Penny: 8d Length: 2-1/2"" Shank style: Tempered hardened steel cut Application: For attaching wood to cinder block, mortar joints, brick walls, and fresh concrete Blunt point and tapered shank reduce splitting",76466653218,,GRIPRITE 8HGCUTMAS5 8D HDG HARD CUT MASONRY HAND NAILS 5LB/BX
26082,"Barrier, Flagging and Underground Tapes",BTCC31000G,GRIPRITE BTCC31000G BILINGUAL CAUTION TAPE 6/CS,,E:\IMAGES\ITEMS\product\B\T\grip-rite-btcc31000g-griprite-btcc31000g-bilingual-caution-tape-6cs.jpg,Grip-Rite,"Grip-Rite barrier tape is ideal for identifying jobsite hazards, work areas, and for crowd control. Made of durable 2 mil polyethylene, Grip-Rite barrier tape is highly visible on the jobsite and on your retail shelf.","Grip-Rite barrier tape is ideal for identifying jobsite hazards, work areas, and for crowd control. Made of durable 2 mil polyethylene, Grip-Rite barrier tape is highly visible on the jobsite and on your retail shelf.","3 in. x 1,000 ft. Individually wrapped and labeled rolls Suitable for peg hanging or shelf display Open top display cartons",76466658758,Caution/Cuidado Tape,GRIPRITE BTCC31000G BILINGUAL CAUTION TAPE 6/CS
26082,"Barrier, Flagging and Underground Tapes",BTP31000GR,GRIPRITE BTP31000GR 3X1000 BILINGUAL DANGER TAPE 6/CS,,E:\IMAGES\ITEMS\product\B\T\grip-rite-btp31000gr-griprite-btp31000gr-3x1000-bilingual-danger-tape-6cs.jpg,Grip-Rite,"Grip-Rite barrier tape is ideal for identifying jobsite hazards, work areas, and for crowd control. Made of durable 2 mil polyethylene, Grip-Rite barrier tape is highly visible on the jobsite and on your retail shelf.","Grip-Rite barrier tape is ideal for identifying jobsite hazards, work areas, and for crowd control. Made of durable 2 mil polyethylene, Grip-Rite barrier tape is highly visible on the jobsite and on your retail shelf.","3 in. x 1,000 ft. Individually wrapped and labeled rolls Suitable for peg hanging or shelf display Open top display cartons",76466658756,Danger/Peligro Tape,GRIPRITE BTP31000GR 3X1000 BILINGUAL DANGER TAPE 6/CS
26962,Concrete Screws,CB1145,GRIPRITE CB1145 #8X1-1/4 COATED CEMENT BOARD SCREW SHARP POINT 5LB/BX,,E:\IMAGES\ITEMS\product\C\B\grip-rite-cb1145-griprite-cb1145-8x1-14-coated-cement-board-screw-sharp-point-5lbbx.jpg,Grip-Rite,GRIPRITE CB1145 #8X1-1/4 COATED CEMENT BOARD SCREW,,"For fastening cement board to wood or light gauge steel studs. SIZE: #8 x 1-1/4""",76466651564,,GRIPRITE CB1145 #8X1-1/4 COATED CEMENT BOARD SCREW SHARP POINT 5LB/BX
20515,Drywall Screws,CS1145,GRIPRITE CS1145 #6X1-1/4 BUGLE HEAD SHARP POINT DRYWALL SCREW PHOS 5LB,,E:\IMAGES\ITEMS\product\C\S\grip-rite-cs1145-griprite-cs1145-6x1-14-bugle-head-sharp-point-drywall-screw-phos-5lb.jpg,Grip-Rite,"These Pro-Twist drywall screws are used when installing gypsum board to wood studs. They have a sharp point to pierce through drywall, and a coarse thread design to help grab into wood studs. Once the screw has been driven, the bugle head allows for quick and easy countersinking.","These Pro-Twist drywall screws are used when installing gypsum board to wood studs. They have a sharp point to pierce through drywall, and a coarse thread design to help grab into wood studs. Once the screw has been driven, the bugle head allows for quick",Drive: #2 Phillips Point: Sharp,76466651480,Size: 1-1/4 in. x 6 Thread: Coarse,GRIPRITE CS1145 #6X1-1/4 BUGLE HEAD SHARP POINT DRYWALL SCREW PHOS 5LB
20515,Drywall Screws,CS1585,GRIPRITE CS1585 #6X1-5/8 BUGLE HEAD SHARP POINT DRYWALL SCREW PHOS 5LB,,E:\IMAGES\ITEMS\product\C\S\grip-rite-cs1585-griprite-cs1585-6x1-58-bugle-head-sharp-point-drywall-screw-phos-5lb.jpg,Grip-Rite,"These Pro-Twist drywall screws are used when installing gypsum board to wood studs. They have a sharp point to pierce through drywall, and a coarse thread design to help grab into wood studs. Once the screw has been driven, the bugle head allows for quick and easy countersinking.","These Pro-Twist drywall screws are used when installing gypsum board to wood studs. They have a sharp point to pierce through drywall, and a coarse thread design to help grab into wood studs. Once the screw has been driven, the bugle head allows for quick",Drive: #2 Phillips Point: Sharp,76466651482,Size: 1-5/8 in. x 6 Thread: Coarse,GRIPRITE CS1585 #6X1-5/8 BUGLE HEAD SHARP POINT DRYWALL SCREW PHOS 5LB
20515,Drywall Screws,FS1145,GRIPRITE FS1145 1-1/4 SHARP PT FINE DRYWALL SCREW 5LB/BX,,E:\IMAGES\ITEMS\product\F\S\grip-rite-fs1145-griprite-fs1145-1-14-sharp-pt-fine-drywall-screw-5lbbx.jpg,Grip-Rite,"These Pro-Twist drywall screws are used when installing gypsum board to wood studs. They have a sharp point to pierce through drywall, and a coarse thread design to help grab into wood studs. Once the screw has been driven, the bugle head allows for quick and easy countersinking.","These Pro-Twist drywall screws are used when installing gypsum board to wood studs. They have a sharp point to pierce through drywall, and a coarse thread design to help grab into wood studs. Once the screw has been driven, the bugle head allows for quick",Drive: #2 Phillips Point: Sharp,76466651450,Size: 1-1/4 in. x 6 Thread: Fine,GRIPRITE FS1145 1-1/4 SHARP PT FINE DRYWALL SCREW 5LB/BX
20515,Drywall Screws,FS1585,GRIPRITE FS1585 #6x1-5/8 SHARP POINT FINE DRYWALL SCREW 1-5/8 5LB/BX,,E:\IMAGES\ITEMS\product\F\S\grip-rite-fs1585-griprite-fs1585-6x1-58-sharp-point-fine-drywall-screw-1-58-5lbbx.jpg,Grip-Rite,"These Pro-Twist drywall screws are used when installing gypsum board to wood studs. They have a sharp point to pierce through drywall, and a coarse thread design to help grab into wood studs. Once the screw has been driven, the bugle head allows for quick and easy countersinking.","These Pro-Twist drywall screws are used when installing gypsum board to wood studs. They have a sharp point to pierce through drywall, and a coarse thread design to help grab into wood studs. Once the screw has been driven, the bugle head allows for quick",Drive: #2 Phillips Point: Sharp,76466651454,Size: 1-5/8 in. x 6 Thread: Fine,GRIPRITE FS1585 #6x1-5/8 SHARP POINT FINE DRYWALL SCREW 1-5/8 5LB/BX
20405,Roofing Nails,GC114,GRIPRITE GC114 1-1/4 PLASTIC CAP NAIL 2000/BX,,E:\IMAGES\ITEMS\product\G\C\grip-rite-gc114-griprite-gc114-1-14-plastic-cap-nail-2000bx.jpg,Grip-Rite,"For anchoring housewrap, sheathing, and felt. Wide head and ringed shank for greater holding power.",,Size: 1-1/4 in. Gauge: 12  Head Size: 1 in. Shank Style: Ring,76466650083,,GRIPRITE GC114 1-1/4 PLASTIC CAP NAIL 2000/BX
24970,Diamond Saw Blades,GP1414S20,GRIPRITE GP1414S20 14X125X20MM DRY DIAMOND BLADE ECONOMY,,E:\IMAGES\ITEMS\product\G\P\grip-rite-gp1414s20-griprite-gp1414s20-14x125x20mm-dry-diamond-blade-economy.jpg,Grip-Rite,GRIPRITE GP1414S20 14X125X20MM DRY DIAMOND BLADE,,"Best suited for a variety of projects and applications Soft bond allows fast cutting into hard material Designed for wet or dry cutting Individually packaged for convenient retail sale Size: 14.0 in. Rim Height: 10 mm. Rim Thickness: .125 in. Arbor: 1 in. - 20 mm. Max RPM: 5,460 Blades/Shipping Carton: 10",,,GRIPRITE GP1414S20 14X125X20MM DRY DIAMOND BLADE ECONOMY
20448,Staples,GRA1138,GRIPRITE GRA1138 3/8 STAPLES FOR T50 STAPLER 5000/BX,,E:\IMAGES\ITEMS\product\G\R\grip-rite-gra1138-griprite-gra1138-38-staples-for-t50-stapler-5000bx.jpg,Grip-Rite,GRIPRITE GRA1138 3/8 STAPLES,,Leg: 3/8 in. Crown: 1/2 in.,76466699438,,GRIPRITE GRA1138 3/8 STAPLES FOR T50 STAPLER 5000/BX
19791,Trash Bags,GRAPCBAG20,GRIPRITE GRAPCBAG20 42GL 3MIL 33X48 CONTRACTOR BAG 20/BX ***DO NOT SEN,,E:\IMAGES\ITEMS\product\G\R\grip-rite-grapcbag20-griprite-grapcbag20-42gl-3mil-33x48-contractor-bag-20bx-do-not-sen.jpg,Grip-Rite,GRIPRITE GRAPCBAG20 42GL 3MIL 33X48 CONTRACTOR BAG,,Made from recycled product Heavy trash clean-up Lawn clean-up All purpose clean-up 3 Mil – 42 gallon Ties included,onst88,,GRIPRITE GRAPCBAG20 42GL 3MIL 33X48 CONTRACTOR BAG 20/BX ***DO NOT SEN
24970,Diamond Saw Blades,GRTDB45I,GRIPRITE GRTDB45I 4-1/2 BLADE DIAMOND TURBO TRIM,,E:\IMAGES\ITEMS\product\G\R\grip-rite-grtdb45i-griprite-grtdb45i-4-12-blade-diamond-turbo-trim.jpg,Grip-Rite,GRIPRITE GRTDB45I 4-1/2 TUCK POINT BLADE DIAMOND TURBO TRIM,,"Size: 4.5 in. Rim Height: 10 mm. Rim Thickness: .250 in. Arbor: 7/8 in. - 5/8 in. Max RPM: 13,300 Blades/Shipping Carton: 10",76466657106,,GRIPRITE GRTDB45I 4-1/2 BLADE DIAMOND TURBO TRIM
27772,Fiberglass Tapes,MTW2300,GRIPRITE MTW2300 2^X300 FIBERGLASS MESH TAPE,,E:\IMAGES\ITEMS\product\M\T\grip-rite-mtw2300-griprite-mtw2300-2x300-fiberglass-mesh-tape.jpg,Grip-Rite,"GRIP-RITE® Fiberglass Mesh Drywall Joint Tape is a self adhesive, high strength tape designed for use on drywall and cement boards. Special adhesive coating allows Grip-Rite drywall tape to outperform other joint sealing methods, particularly in areas of high humidity. Perfect for joints, cracks, and holes on a variety of surfaces including smooth, popcorn, and unevenly coated surfaces.",,"Strong fiberglass mesh strengthens joints Mesh design eliminates bubbles and blisters For use with setting-type joint compounds and plaster Full assortment of roll sizes, styles, and colors Available in English and Spanish – bilingual Alkali resistant Standard mesh- white",76466659240,,GRIPRITE MTW2300 2^X300 FIBERGLASS MESH TAPE
20514,Deck Screws,P158SBK,GRIPRITE P158SBK 1-5/8 DECK SCREW COMBO HEAD 25LB BUCKET,,E:\IMAGES\ITEMS\product\P\1\grip-rite-p158sbk-griprite-p158sbk-1-58-deck-screw-combo-head-25lb-bucket.jpg,Grip-Rite,"Grip Rite Premium-Coated Combo Drive Exterior Screw Dec-Smart galvanized base with coated finish. Countersinking bugle head. Combination drive coarse thread screws with high corrosion-resistant, long life coating. Packaged in a 25 lb. plastic pail. The screw color is similar to the color of treated wood. Compliant for treated lumber. Type 17 drill tip drives into wood without pre-drilling. Thread pattern reduces wood splitting and friction.","Grip Rite Premium-Coated Combo Drive Exterior Screw Dec-Smart galvanized base with coated finish. Countersinking bugle head. Combination drive coarse thread screws with high corrosion-resistant, long life coating. Packaged in a 25 lb. plastic pail. The sc",Drive Type: Combination Finish: Galvanized Head Type: Bugle Material: Steel,,Length:1-5/8 In. Size: #8 x 1-5/8 In. Thread Diameter: #8,GRIPRITE P158SBK 1-5/8 DECK SCREW COMBO HEAD 25LB BUCKET
20514,Deck Screws,P212SBK,GRIPRITE P212SBK 2-1/2 DECK SCREW COMBO HEAD 25LB BUCKET,,E:\IMAGES\ITEMS\product\P\2\grip-rite-p212sbk-griprite-p212sbk-2-12-deck-screw-combo-head-25lb-bucket.jpg,Grip-Rite,"Grip Rite Premium-Coated Combo Drive Exterior Screw Dec-Smart galvanized base with coated finish. Countersinking bugle head. Combination drive coarse thread screws with high corrosion-resistant, long life coating. Packaged in a 25 lb. plastic pail. The screw color is similar to the color of treated wood. Compliant for treated lumber. Type 17 drill tip drives into wood without pre-drilling. Thread pattern reduces wood splitting and friction.","Grip Rite Premium-Coated Combo Drive Exterior Screw Dec-Smart galvanized base with coated finish. Countersinking bugle head. Combination drive coarse thread screws with high corrosion-resistant, long life coating. Packaged in a 25 lb. plastic pail. The sc",Drive Type: Combination Finish: Galvanized Head Type: Bugle Material: Steel,,Length:2-1/2 In. Size: #9 x 2-1/2 In. Thread Diameter: #9,GRIPRITE P212SBK 2-1/2 DECK SCREW COMBO HEAD 25LB BUCKET
20514,Deck Screws,P212ST5,GRIPRITE P212ST5 2-1/2X9 PGP EXTERIOR STAR DRIVE SCREW GREEN 5LB/BX,,E:\IMAGES\ITEMS\product\P\2\grip-rite-p212st5-griprite-p212st5-2-12x9-pgp-exterior-star-drive-screw-green-5lbbx.jpg,Grip-Rite,GRIPRITE P212ST5 2-1/2X9 PGP EXTERIOR STAR DRIVE SCREW,GRIPRITE PGP EXTERIOR STAR DRIVE SCREW,"Exterior Screws For patio and deck construction Green color for all treated and composite lumbers Rust-oleum certified lifetime guarantee against rust, including when used with treated lumber Type 17 point reduces need to pre-drill boards T-25 Star drive (driver bit included)",76466652988,9 x 2-1/2 inch exterior screw,GRIPRITE P212ST5 2-1/2X9 PGP EXTERIOR STAR DRIVE SCREW GREEN 5LB/BX
20514,Deck Screws,P2SBK,"GRIPRITE P2SBK 2"" DECK SCREW COMBO HEAD 25LB BUCKET",,E:\IMAGES\ITEMS\product\P\2\grip-rite-p2sbk-griprite-p2sbk-2-deck-screw-combo-head-25lb-bucket.jpg,Grip-Rite,"Grip Rite Premium-Coated Combo Drive Exterior Screw Dec-Smart galvanized base with coated finish. Countersinking bugle head. Combination drive coarse thread screws with high corrosion-resistant, long life coating. Packaged in a 25 lb. plastic pail. The screw color is similar to the color of treated wood. Compliant for treated lumber. Type 17 drill tip drives into wood without pre-drilling. Thread pattern reduces wood splitting and friction.","Grip Rite Premium-Coated Combo Drive Exterior Screw Dec-Smart galvanized base with coated finish. Countersinking bugle head. Combination drive coarse thread screws with high corrosion-resistant, long life coating. Packaged in a 25 lb. plastic pail. The sc",Drive Type: Combination Finish: Galvanized Head Type: Bugle Material: Steel,,Length:2 In. Size: #8 x 2 In. Thread Diameter: #8,"GRIPRITE P2SBK 2"" DECK SCREW COMBO HEAD 25LB BUCKET"
20514,Deck Screws,P3SBK,"GRIPRITE P3SBK 3"" DECK SCREW WITH COMBO HEAD 25LB BUCKET",,E:\IMAGES\ITEMS\product\P\3\grip-rite-p3sbk-griprite-p3sbk-3-deck-screw-with-combo-head-25lb-bucket.jpg,Grip-Rite,"Grip Rite Premium-Coated Combo Drive Exterior Screw Dec-Smart galvanized base with coated finish. Countersinking bugle head. Combination drive coarse thread screws with high corrosion-resistant, long life coating. Packaged in a 25 lb. plastic pail. The screw color is similar to the color of treated wood. Compliant for treated lumber. Type 17 drill tip drives into wood without pre-drilling. Thread pattern reduces wood splitting and friction.","Grip Rite Premium-Coated Combo Drive Exterior Screw Dec-Smart galvanized base with coated finish. Countersinking bugle head. Combination drive coarse thread screws with high corrosion-resistant, long life coating. Packaged in a 25 lb. plastic pail. The sc",Drive Type: Combination Finish: Galvanized Head Type: Bugle Material: Steel,76466652148,Length:3 In. Size: #8 x 3 In. Thread Diameter: #8,"GRIPRITE P3SBK 3"" DECK SCREW WITH COMBO HEAD 25LB BUCKET"
20514,Deck Screws,P3ST5,GRIPRITE P3ST5 3X9 PGP EXTERIOR STAR DRIVE SCREW GREEN 5LB/BX,,E:\IMAGES\ITEMS\product\P\3\grip-rite-p3st5-griprite-p3st5-3x9-pgp-exterior-star-drive-screw-green-5lbbx.jpg,Grip-Rite,GRIPRITE P3ST5 3X9 PGP EXTERIOR STAR DRIVE SCREW,GRIPRITE PGP EXTERIOR STAR DRIVE SCREW,"Exterior Screws For patio and deck construction Green color for all treated and composite lumbers Rust-oleum certified lifetime guarantee against rust, including when used with treated lumber Type 17 point reduces need to pre-drill boards T-25 Star drive (driver bit included)",76466652993,9 x 3 inch exterior screw,GRIPRITE P3ST5 3X9 PGP EXTERIOR STAR DRIVE SCREW GREEN 5LB/BX
24017,Silt Fence,SF1272411E,GRIPRITE SF1272411E 24^X100 SILT FENCE 50/SKID,,E:\IMAGES\ITEMS\product\S\F\grip-rite-sf1272411e-griprite-sf1272411e-24x100-silt-fence-50skid.jpg,Grip-Rite,"Grip-Rite silt fence is available in a variety of sizes, post, and reinforcement configurations to suite your state and local specification needs. Grip-Rite SF and SP series silt fences feature the 1? Grip-Cap plastic fastener – five fastenings per post. Grip-Caps increase holding power while reducing fastener abrasion resulting in a long lasting installation.",,24 in. x 100 ft.  1-1/8 in. x 1-1/8 in. x 36 in. nominal,,,GRIPRITE SF1272411E 24^X100 SILT FENCE 50/SKID
26755,Concrete Metal Stakes,STKR3424,GRIPRITE STKR3424 3/4X24 NAIL STAKE,,E:\IMAGES\ITEMS\product\S\T\grip-rite-stkr3424-griprite-stkr3424-34x24-nail-stake.jpg,Grip-Rite,GRIPRITE STKR3424 3/4X24 NAIL STAKE,,Nail Stake - Pencil Point With holes  Diameter: 3/4 in. Full  Length: 24 in.,76466650832,,GRIPRITE STKR3424 3/4X24 NAIL STAKE
26755,Concrete Metal Stakes,STKR3430,GRIPRITE STKR3430 3/4X30^ ROUND STAKE WITH HOLES 10BDL,,E:\IMAGES\ITEMS\product\S\T\grip-rite-stkr3430-griprite-stkr3430-34x30-round-stake-with-holes-10bdl.jpg,Grip-Rite,GRIPRITE STKR3430 3/4X30^ ROUND STAKE,,Round Stake - Pencil Point With holes  Diameter: 3/4 in. Full  Length: 30 in.,76466650880,,GRIPRITE STKR3430 3/4X30^ ROUND STAKE WITH HOLES 10BDL
26778,Concrete Curing Blankets,XR2625GR,GRIPRITE XR2625GR EXTREME CONCRETE BLANKETS 2 LAYER FOAM 6X25 58^ X 2,,E:\IMAGES\ITEMS\product\X\R\grip-rite-xr2625gr-griprite-xr2625gr-extreme-concrete-blankets-2-layer-foam-6x25-58-x-2.jpg,Grip-Rite,"GRIPRITE XR2625GR EXTREME CONCRETE BLANKETS Grip-Rite Extreme Concrete Curing Blankets are a woven poly tarpaulin envelope with internal insulation secured all around. Extreme blankets are designed for use in cold weather concreting applications as an insulated cover to maintain the heat of hydration during the early stages of concrete curing. Grip-Rite Extreme Curing Blankets feature a patent pending buttonless design that eliminates the need for plastic buttons to hold the insulation in place. This means reduced catching and tearing, reduced moisture penetration, and less disturbance of the wet concrete surface.",,"Thickness: 3/8"" Dimensions: 6' x 25' Finish Dim: 5'8"" x 24'5"" R-Value w/ 3"" space: 2.55 R-Value w/ 0"" space: 1.38 Used for cold weather concreting to maintain the heat of hydration Can also be used as an insulated tarp when installed on scaffolding Edge to edge design with zero insulation voids at the hems",,,GRIPRITE XR2625GR EXTREME CONCRETE BLANKETS 2 LAYER FOAM 6X25 58^ X 2
26778,Concrete Curing Blankets,XR3625GR,GRIPRITE XR3625GR EXTREME CONCRETE BLANKETS 3 LAYER FOAM 6X25 58^ X,,E:\IMAGES\ITEMS\product\X\R\grip-rite-xr3625gr-griprite-xr3625gr-extreme-concrete-blankets-3-layer-foam-6x25-58-x.jpg,Grip-Rite,"GRIPRITE XR3625GR EXTREME CONCRETE BLANKETS Introducing the Grip-Rite Extreme Series of patent pending curing blankets. Grip-Rite Extreme Concrete Curing Blankets® are a woven poly tarpaulin envelope with internal insulation secured all around by a patent pending reinforced webbing design. Extreme blankets are designed for use in cold weather concreting applications as an insulated cover to maintain the heat of hydration during the early stages of concrete curing. Grip-Rite Extreme Curing Blankets feature a patent pending buttonless design that eliminates the need for plastic buttons to hold the insulation in place. This means reduced catching and tearing, reduced moisture penetration, and less disturbance of the wet concrete surface. A Grip-Rite exclusive.",,"High density woven PE envelope coated on both sides for extreme vapor retarding properties. Grip-Rite blankets have a low perm rating of 0.89 Woven PE webbing is sewn all around securing insulation layers to envelope preventing insulation movement Insulation is full edge to edge design with zero insulation voids at the hems PE webbing is perforated with eyelets spaced at 10.0 cm intervals allowing the blankets to be fastened together, or to scaffolding or forms Extreme blankets can be used as an insulated tarp when installed on scaffolding (Note – Grip-Rite extreme blankets are not flame retardant. Check local fire codes before installing)",,,GRIPRITE XR3625GR EXTREME CONCRETE BLANKETS 3 LAYER FOAM 6X25 58^ X
