﻿category_ids,category_names,sku,meta_title,meta_description,Image,manufacturer,description,short_description,summary,upc,size_info,meta_keyword
711|21749,Chalk Reels | Chalk|Chalk Line Reels,G100,Giant Chalk Line Reel,Oversized Chalk Line Reel,E:\IMAGES\ITEMS\product\G\1\Keson-Industries-Giant-Chalk-Line.jpg,"Keson Industries, Inc.",Oversized Chalk Line Reel,"100 feet or 110 feet, heavy-duty cord and pull ring. Hooks easily onto tool belt and holds almost a pound of chalk. One-piece steel crank for long life.",,,Keson Industries - Giant Chalk Line Reel,Giant Chalk Line Reel
711|21749,Chalk Reels | Chalk|Chalk Line Reels,G150,GIANT CHALK LINE REELS,Oversized Chalk Line Reel,E:\IMAGES\ITEMS\product\G\1\Keson-Industries-GIANT-CHALK-LINE- 1.jpg,"Keson Industries, Inc.",Oversized Chalk Line Reel,"130 feet or 150 feet, heavy-duty cord and pull ring. Holds over a pound of chalk for fewer refills. One-piece steel crank for long life.",,,Keson Industries - GIANT CHALK LINE REELS,GIANT CHALK LINE REELS
27969,Tape Measures,KL1810100F,100 Ft. Fiberglass Measuring Tape,,E:\IMAGES\ITEMS\product\K\L\Keson-Industries-100-Ft-Fiberglass-Measuring- 1.jpg,"Keson Industries, Inc.",Fiberglass Measuring Tape,"Blade and housing are rust & break-resistant. Rubber shovel handle for a comfortable, ""no-slip"" grip. Metal-reinforced crank handle lasts longer. Double-throat rollers guide the blade return and prevent the tape from twisting. Double-riveted housing for durability. Metal, strip-proof, gearing.","Measures: ft., 1/10, 1/100",,100 Ft. Fiberglass Measuring Tape,100 Ft. Fiberglass Measuring Tape
27969,Tape Measures,KL1810200F,200 Ft. Fiberglass Tape,Open Reel Fiberglass Measuring Tape,E:\IMAGES\ITEMS\product\K\L\Keson-Industries-Open-Reel-200-Ft-Fiberglass.jpg,"Keson Industries, Inc.",Open Reel Fiberglass Measuring Tape,"Ergonomically designed housing handle with tactile rubber grip for balance and comfort.Freewheeling hub for fast pay out of blade without spinning crank.No more busted knuckles!Re-engage with the push of a button.Massive crank arm with large, easy-grip knob for comfort and reliability.Knob folds down for storage.Locking pawl enables proper blade tension during measurement.Rubber no-slip foot for steady placement during measurement.",,,200 Ft. Fiberglass Tape,200 Ft. Fiberglass Tape
27969,Tape Measures,KL1810330F,330 Ft. Fiberglass Measuring Tape,330' Fiberglass Measuring Tape,E:\IMAGES\ITEMS\product\K\L\Keson-Industries-330-Open-Reel-Fiberglass-Measuring.jpg,"Keson Industries, Inc.",330' Fiberglass Measuring Tape,"Metal, strip-proof, gearing. Blade and housing are rust & break-resistant. Rubber shovel handle for a comfortable, ""no-slip"" grip. Metal-reinforced crank handle lasts longer. Double-throat rollers guide the blade return and prevent the tape from twisting.Double-riveted housing for durability.",,,330 Ft. Fiberglass Measuring Tape,330 Ft. Fiberglass Measuring Tape
27969,Tape Measures,KLN1810100,"100' Steel Measuring Tape 1/2""",100' Steel Measuring Tape,E:\IMAGES\ITEMS\product\K\L\Keson-Industries-100-Steel-Measuring- 1.jpg,"Keson Industries, Inc.",100' Steel Measuring Tape,"Metal, planetary gearing for super-fast rewind & no more stripped gears. High-visibility orange polycarbonate case. Tough, double nylon-coated steel blade assures long life under field use.Rubber-grip shovel handle for comfortable, rapid reeling. Wide base crank with metal reinforcement for increased durability.",,,"100' Steel Measuring Tape 1/2""","100' Steel Measuring Tape 1/2"""
28225,Surveying,STK21GP,Pink Stake Flags,Our surveyor stake flags have a standard 2-1/2” x 3-1/2” flag on a 21” stake.,E:\IMAGES\ITEMS\product\S\T\Pink-Stake.jpg,"Keson Industries, Inc.","Our surveyor stake flags have a standard 2-1/2"" x 3-1/2"" flag on a 21"" stake.",Colors Available: White Blue Pink Light Green Dark Green Yellow Orange,,,Pink Stake Flags,Pink Stake Flags
27969,Tape Measures,KLN1810200,"200' Steel Measuring Tape 1/2""",200' Steel Measuring Tape,E:\IMAGES\ITEMS\product\K\L\200-Steel-Measuring-Tape-12.jpg,"Keson Industries, Inc.",200' Steel Measuring Tape,"Metal, planetary gearing for super-fast rewind & no more stripped gears.High-visibility orange polycarbonate case.Tough, double nylon-coated steel blade assures long life under field use.Rubber-grip shovel handle for comfortable, rapid reeling.Wide base crank with metal reinforcement for increased durability.","3X rewind, high-visibility housing!",,"200' Steel Measuring Tape 1/2""","200' Steel Measuring Tape 1/2"""
713|23810|21751,Pencils|Pencils|Industrial Markers,LP72R,Red Lead Carpenter Pencil,Carpenter Pencil,E:\IMAGES\ITEMS\product\L\P\Keson-Industries-Red-Lead-Carpenter.jpg,"Keson Industries, Inc.",Carpenter Pencil,Natural WoodRed Lead,,,Keson Industries - Red Lead Carpenter Pencil,Red Lead Carpenter Pencil
28225,Surveying,STK21GO,Orange Stake Flags,Our surveyor stake flags have a standard 2-1/2” x 3-1/2” flag on a 21” stake.,E:\IMAGES\ITEMS\product\S\T\Pink-Stake.jpg,"Keson Industries, Inc.","Our surveyor stake flags have a standard 2-1/2"" x 3-1/2"" flag on a 21"" stake.",Colors Available: White Blue Pink Light Green Dark Green Yellow Orange,,,Orange Stake Flags,Orange Stake Flags
21816,Measuring Wheels,MP401,4 FT. Metal Measuring Wheel,Measuring Wheel,E:\IMAGES\ITEMS\product\M\P\Keson-Industries-Measuring.jpg,"Keson Industries, Inc.",Measuring Wheel,"Keson counters are the sturdiest and the most reliable.The wheels on the Keson measuring wheel are designed to protect the counter, the most valuable component of the wheel.99.7% accurate on a flat, even track.",Made in the USA.Lifetime WarrantyAll of the large wheels come with a reflector to help keep you safe while you work.,,Keson Industries - Measuring Wheel,4 FT. Metal Measuring Wheel
27969,Tape Measures,NRS18300,300' NRS Series Steel Measuring Tape,"Nylon Reinforced Steel Blade, Speed Rewind",E:\IMAGES\ITEMS\product\N\R\Keson-Industries-300-NRS-Series-Measuring.jpg,"Keson Industries, Inc.","Nylon Reinforced Steel Blade, Speed Rewind","Metal, planetary gearing for super-fast rewind & no more stripped gears.High-visibility orange polycarbonate case.Tough, double nylon-coated steel blade assures long life under field use.Rubber-grip shovel handle for comfortable, rapid reeling.Wide base crank with metal reinforcement for increased durability.","3X rewind, high-visibility housing!",,300' NRS Series Steel Measuring Tape,300' NRS Series Steel Measuring Tape
28225,Surveying,STK21G,Green Stake Flags,Our surveyor stake flags have a standard 2-1/2” x 3-1/2” flag on a 21” stake.,E:\IMAGES\ITEMS\product\S\T\STK21G-Keson-Industries-Inc-Surveyor-Stake.jpg,"Keson Industries, Inc.","Our surveyor stake flags have a standard 2-1/2"" x 3-1/2"" flag on a 21"" stake.",Colors Available: White Blue Pink Light Green Dark Green yellow Orange,,,Green Stake Flags,Green Stake Flags
28225,Surveying,STK21B,Blue Stake Flags,Our surveyor stake flags have a standard 2-1/2” x 3-1/2” flag on a 21” stake.,E:\IMAGES\ITEMS\product\S\T\STK21B-Keson-industries-Inc-Surveyor-Stake.jpg,"Keson Industries, Inc.","Our surveyor stake flags have a standard 2-1/2"" x 3-1/2"" flag on a 21"" stake.",Colors Available: White Blue Pink Light Green Dark Green Yellow Orange,,,Blue Stake Flags,Blue Stake Flags
27969,Tape Measures,PG181025,25' Standard Series Measuring Tape,25' Measuring Tape,E:\IMAGES\ITEMS\product\P\G\25-Standard-Series-Measuring.jpg,"Keson Industries, Inc.",25' Measuring Tape,"Rubber grip prevents slips and protects the tape if it does happen to fall.Nylon-coated, no-glare yellow blade.Chrome-plated tape armor adds strength.Belt clip.Positive lock and reverse - the most common and practical lock mechanism.""Bumper"" blade return cushions the impact of the hook upon return.",Blade width is a standard 1 inch.Continuous inches.16 inch studs labeled.19.2 inch truss labeled.,,Keson Industries - 25' Standard Series Measuring Tape,25' Standard Series Measuring Tape
27969,Tape Measures,PG18M25,25' Metric PG Pro Series Measuring Tape,25' Metric Measuring Tape,E:\IMAGES\ITEMS\product\P\G\25-Metric-PG-Pro-Series-Measuring.jpg,"Keson Industries, Inc.",25' Metric Measuring Tape,"Nylon coated blade provide extended blade life.Blades are white for increased readability and no-glare.The true-zero, 4 riveted hook offers superior strengthStainless Steel Housing adds strength.Rubber grip prevents slips and protects the tape if it does happen to fall.""Bumper"" blade return cushions the impact of the hook upon return.Blade width is standard 1"".","Positive Blade lock and reverse button are standard.Has handy belt-clip.Tapes are printed with 16"" center and 19.3"" rafter markingsAll 18 series tapes feature continuous inches.",,Keson Industries - 25' Metric PG Pro Series Measuring Tape,25' Metric PG Pro Series Measuring Tape
2719|21816,Measuring Wheels|Measuring Wheels,RR318N,Measuring Wheel Inches and Feet,"We work hard to make sure our measuring wheels are the best in the world. We are the new standard, leading the industry in the development of wheels with better features and more valuable benefits.",E:\IMAGES\ITEMS\product\R\R\RR318N-Keson-Industries-Inc-Measuring-Wheel-Inches-and.jpg,"Keson Industries, Inc.","We work hard to make sure our measuring wheels are the best in the world. We are the new standard, leading the industry in the development of wheels with better features and more valuable benefits.","Our counters are the sturdiest and the most reliable. Our wheels are designed to protect the counter, the most valuable component of the wheel. With the industry's strongest frames, the MP wheels have become the professional's choice. Longest Warranties - Limited Lifetime Warranty on all but 3 models (2-year limited wheel warranty for MP401E, RRT6 and RRT12). Safety - All of our large wheels come with a reflector to help keep you safe while you work. 99.7% accurate on a flat, even track.",,,RR318N Keson Industries Inc Measuring Wheel Inches and Feet,Measuring Wheel Inches and Feet
2719|21816,Measuring Wheels|Measuring Wheels,RR112,Compact Measuring Wheel Inches & Feet,Compact Measuring Wheel Inches and Feet.,E:\IMAGES\ITEMS\product\R\R\Keson-Industries-Inc-RR112-Compact-Measuring-Wheel-Inches.jpg,"Keson Industries, Inc.",Compact Measuring Wheel Inches and Feet.,"Our counters are the sturdiest and the most reliable. Our wheels are designed to protect the counter, the most valuable component of the wheel. With the industry's strongest frames, the MP wheels have become the professional's choice. Longest Warranties - Limited Lifetime Warranty on all but 3 models. Safety - All of our large wheels come with a reflector to help keep you safe while you work.","Accuracy: 99.7% accurate on a flat, even track.",,"Keson Industries, Inc. RR112 Compact Measuring Wheel Inches & Feet",Compact Measuring Wheel Inches & Feet
711|21749,Chalk Reels | Chalk|Chalk Line Reels,RLG150RH,"Keson Industries RLG110RH Replacement Line for G100 & G150, 150'","Keson Industries RLG110RH Replacement Line for G100 & G150, 150'",E:\IMAGES\ITEMS\product\R\L\Keson-Industries-RLG110RH-Replacement-Line-for-G100-G150.jpg,"Keson Industries, Inc.","Keson Industries RLG110RH Replacement Line for G100 & G150, 150'","Replacement Chalk Line, With Handle, White",,,"Keson Industries RLG110RH Replacement Line for G100 & G150, 150'","Keson Industries RLG110RH Replacement Line for G100 & G150, 150'"
2716|27969,Tape Measure|Tape Measures,NR18100,NR Series - Nylon Reinforced Steel Blade,"A Keson best seller! Since 1968 this style of Keson steel tape has been providing customers with accurate measurements. They are used in the harshest conditions in which people measure, and they stand to the only test that matters: field performance.",E:\IMAGES\ITEMS\product\N\R\NR-Series-Nylon-Reinforced-Steel.jpg,"Keson Industries, Inc.","A Keson best seller! Since 1968 this style of Keson steel tape has been providing customers with accurate measurements. They are used in the harshest conditions in which people measure, and they stand to the only test that matters: field performance.","We have made modifications to the housing over the years: Better plastic and molding shapes for increased durability. Double screws to hold the housing together in the event of a drop. Better blade axle to reduce breakage due to the weight of the tape if dropped. For years we’ve been honoring warranty dates long past a single year, so we are now proud to offer a limited lifetime warranty on these products.","Tough, double nylon-coated steel blades. Break-resistant under severe use in the field. 3/8-inch wide blade reduces wind drift and tape weight. Metal-reinforced crank handle for durability.",,"Length: 100 ft., Units: ft., in., 1/8, Zero pt.: hook end, Attachment: hook",NR Series - Nylon Reinforced Steel Blade
2716|27969,Tape Measure|Tape Measures,NR10100,NR Series - Nylon Reinforced Steel Blade,"A Keson best seller! Since 1968 this style of Keson steel tape has been providing customers with accurate measurements. They are used in the harshest conditions in which people measure, and they stand to the only test that matters: field performance.",E:\IMAGES\ITEMS\product\N\R\NR-Series-Nylon-Reinforced-Steel.jpg,"Keson Industries, Inc.",NR Series - Nylon Reinforced Steel Blade,"We have made modifications to the housing over the years: Better plastic and molding shapes for increased durability. Double screws to hold the housing together in the event of a drop. Better blade axle to reduce breakage due to the weight of the tape if dropped. For years we’ve been honoring warranty dates long past a single year, so we are now proud to offer a limited lifetime warranty on these products.","Tough, double nylon-coated steel blades. Break-resistant under severe use in the field. 3/8-inch wide blade reduces wind drift and tape weight. Metal-reinforced crank handle for durability.",,"Length: 100 ft., Units: ft., 1/10, 1/100, Zero pt.: tape end + 1 ft., Attachment: ring",NR Series - Nylon Reinforced Steel Blade
2716|27969,Tape Measure|Tape Measures,NR10100E,NR Series - Nylon Reinforced Steel Blade,"A Keson best seller! Since 1968 this style of Keson steel tape has been providing customers with accurate measurements. They are used in the harshest conditions in which people measure, and they stand to the only test that matters: field performance.",E:\IMAGES\ITEMS\product\N\R\NR-Series-Nylon-Reinforced-Steel.jpg,"Keson Industries, Inc.",NR Series - Nylon Reinforced Steel Blade,"We have made modifications to the housing over the years: Better plastic and molding shapes for increased durability. Double screws to hold the housing together in the event of a drop. Better blade axle to reduce breakage due to the weight of the tape if dropped. For years we’ve been honoring warranty dates long past a single year, so we are now proud to offer a limited lifetime warranty on these products.","Tough, double nylon-coated steel blades. Break-resistant under severe use in the field. 3/8-inch wide blade reduces wind drift and tape weight. Metal-reinforced crank handle for durability.",,"Length: 100 ft., Units: ft., 1/10, 1/100, Zero pt.: tape end, Attachment: ring",NR Series - Nylon Reinforced Steel Blade
2716|27969,Tape Measure|Tape Measures,NR10100H,NR Series - Nylon Reinforced Steel Blade,"A Keson best seller! Since 1968 this style of Keson steel tape has been providing customers with accurate measurements. They are used in the harshest conditions in which people measure, and they stand to the only test that matters: field performance.",E:\IMAGES\ITEMS\product\N\R\NR-Series-Nylon-Reinforced-Steel.jpg,"Keson Industries, Inc.",NR Series - Nylon Reinforced Steel Blade,"We have made modifications to the housing over the years: Better plastic and molding shapes for increased durability. Double screws to hold the housing together in the event of a drop. Better blade axle to reduce breakage due to the weight of the tape if dropped. For years we’ve been honoring warranty dates long past a single year, so we are now proud to offer a limited lifetime warranty on these products.","Tough, double nylon-coated steel blades. Break-resistant under severe use in the field. 3/8-inch wide blade reduces wind drift and tape weight. Metal-reinforced crank handle for durability.",,"Length: 100 ft., Units: ft., 1/10, 1/100, Zero pt.: hook end, Attachment: hook",NR Series - Nylon Reinforced Steel Blade
2716|27969,Tape Measure|Tape Measures,NR18165,NR Series - Nylon Reinforced Steel Blade,"A Keson best seller! Since 1968 this style of Keson steel tape has been providing customers with accurate measurements. They are used in the harshest conditions in which people measure, and they stand to the only test that matters: field performance.",E:\IMAGES\ITEMS\product\N\R\NR-Series-Nylon-Reinforced-Steel.jpg,"Keson Industries, Inc.",NR Series - Nylon Reinforced Steel Blade,"We have made modifications to the housing over the years: Better plastic and molding shapes for increased durability. Double screws to hold the housing together in the event of a drop. Better blade axle to reduce breakage due to the weight of the tape if dropped. For years we’ve been honoring warranty dates long past a single year, so we are now proud to offer a limited lifetime warranty on these products.","Tough, double nylon-coated steel blades. Break-resistant under severe use in the field. 3/8-inch wide blade reduces wind drift and tape weight. Metal-reinforced crank handle for durability.",,"Length: 165 ft., Units: ft., in., 1/8, Zero pt.: hook end, Attachment: hook",NR Series - Nylon Reinforced Steel Blade
2716|27969,Tape Measure|Tape Measures,NR10165,NR Series - Nylon Reinforced Steel Blade,"A Keson best seller! Since 1968 this style of Keson steel tape has been providing customers with accurate measurements. They are used in the harshest conditions in which people measure, and they stand to the only test that matters: field performance.",E:\IMAGES\ITEMS\product\N\R\NR-Series-Nylon-Reinforced-Steel.jpg,"Keson Industries, Inc.",NR Series - Nylon Reinforced Steel Blade,"We have made modifications to the housing over the years: Better plastic and molding shapes for increased durability. Double screws to hold the housing together in the event of a drop. Better blade axle to reduce breakage due to the weight of the tape if dropped. For years we’ve been honoring warranty dates long past a single year, so we are now proud to offer a limited lifetime warranty on these products.","Tough, double nylon-coated steel blades. Break-resistant under severe use in the field. 3/8-inch wide blade reduces wind drift and tape weight. Metal-reinforced crank handle for durability.",,"Length: 165 ft., Units: ft., 1/10, 1/100, Zero pt.: tape end + 1 ft., Attachment: ring",NR Series - Nylon Reinforced Steel Blade
2716|27969,Tape Measure|Tape Measures,NR10165E,NR Series - Nylon Reinforced Steel Blade,"A Keson best seller! Since 1968 this style of Keson steel tape has been providing customers with accurate measurements. They are used in the harshest conditions in which people measure, and they stand to the only test that matters: field performance.",E:\IMAGES\ITEMS\product\N\R\NR-Series-Nylon-Reinforced-Steel.jpg,"Keson Industries, Inc.",NR Series - Nylon Reinforced Steel Blade,"We have made modifications to the housing over the years: Better plastic and molding shapes for increased durability. Double screws to hold the housing together in the event of a drop. Better blade axle to reduce breakage due to the weight of the tape if dropped. For years we’ve been honoring warranty dates long past a single year, so we are now proud to offer a limited lifetime warranty on these products.","Tough, double nylon-coated steel blades. Break-resistant under severe use in the field. 3/8-inch wide blade reduces wind drift and tape weight. Metal-reinforced crank handle for durability.",,"Length: 165 ft., Units: ft., 1/10, 1/100, Zero pt.: tape end, Attachment: ring",NR Series - Nylon Reinforced Steel Blade
2716|27969,Tape Measure|Tape Measures,NR10165H,NR Series - Nylon Reinforced Steel Blade,"A Keson best seller! Since 1968 this style of Keson steel tape has been providing customers with accurate measurements. They are used in the harshest conditions in which people measure, and they stand to the only test that matters: field performance.",E:\IMAGES\ITEMS\product\N\R\NR-Series-Nylon-Reinforced-Steel.jpg,"Keson Industries, Inc.",NR Series - Nylon Reinforced Steel Blade,"We have made modifications to the housing over the years: Better plastic and molding shapes for increased durability. Double screws to hold the housing together in the event of a drop. Better blade axle to reduce breakage due to the weight of the tape if dropped. For years we’ve been honoring warranty dates long past a single year, so we are now proud to offer a limited lifetime warranty on these products.","Tough, double nylon-coated steel blades. Break-resistant under severe use in the field. 3/8-inch wide blade reduces wind drift and tape weight. Metal-reinforced crank handle for durability.",,"Length: 165 ft., Units: ft., 1/10, 1/100, Zero pt.: hook end, Attachment: hook",NR Series - Nylon Reinforced Steel Blade
2716|27969,Tape Measure|Tape Measures,NR18200,NR Series - Nylon Reinforced Steel Blade,"A Keson best seller! Since 1968 this style of Keson steel tape has been providing customers with accurate measurements. They are used in the harshest conditions in which people measure, and they stand to the only test that matters: field performance.",E:\IMAGES\ITEMS\product\N\R\NR-Series-Nylon-Reinforced-Steel.jpg,"Keson Industries, Inc.",NR Series - Nylon Reinforced Steel Blade,"We have made modifications to the housing over the years: Better plastic and molding shapes for increased durability. Double screws to hold the housing together in the event of a drop. Better blade axle to reduce breakage due to the weight of the tape if dropped. For years we’ve been honoring warranty dates long past a single year, so we are now proud to offer a limited lifetime warranty on these products.","Tough, double nylon-coated steel blades. Break-resistant under severe use in the field. 3/8-inch wide blade reduces wind drift and tape weight. Metal-reinforced crank handle for durability.",,"Length: 200 ft., Units: ft., in., 1/8, Zero pt.: hook end, Attachment: hook",NR Series - Nylon Reinforced Steel Blade
2716|27969,Tape Measure|Tape Measures,NR10200,NR Series - Nylon Reinforced Steel Blade,"A Keson best seller! Since 1968 this style of Keson steel tape has been providing customers with accurate measurements. They are used in the harshest conditions in which people measure, and they stand to the only test that matters: field performance.",E:\IMAGES\ITEMS\product\N\R\NR-Series-Nylon-Reinforced-Steel.jpg,"Keson Industries, Inc.",NR Series - Nylon Reinforced Steel Blade,"We have made modifications to the housing over the years: Better plastic and molding shapes for increased durability. Double screws to hold the housing together in the event of a drop. Better blade axle to reduce breakage due to the weight of the tape if dropped. For years we’ve been honoring warranty dates long past a single year, so we are now proud to offer a limited lifetime warranty on these products.","Tough, double nylon-coated steel blades. Break-resistant under severe use in the field. 3/8-inch wide blade reduces wind drift and tape weight. Metal-reinforced crank handle for durability.",,"Length: 200 ft., Units: ft., 1/10, 1/100, Zero pt.: tape end + 1 ft., Attachment: ring",NR Series - Nylon Reinforced Steel Blade
2716|27969,Tape Measure|Tape Measures,NR10200E,NR Series - Nylon Reinforced Steel Blade,"A Keson best seller! Since 1968 this style of Keson steel tape has been providing customers with accurate measurements. They are used in the harshest conditions in which people measure, and they stand to the only test that matters: field performance.",E:\IMAGES\ITEMS\product\N\R\NR-Series-Nylon-Reinforced-Steel.jpg,"Keson Industries, Inc.",NR Series - Nylon Reinforced Steel Blade,"We have made modifications to the housing over the years: Better plastic and molding shapes for increased durability. Double screws to hold the housing together in the event of a drop. Better blade axle to reduce breakage due to the weight of the tape if dropped. For years we’ve been honoring warranty dates long past a single year, so we are now proud to offer a limited lifetime warranty on these products.","Tough, double nylon-coated steel blades. Break-resistant under severe use in the field. 3/8-inch wide blade reduces wind drift and tape weight. Metal-reinforced crank handle for durability.",,"Length: 200 ft., Units: ft., 1/10, 1/100, Zero pt.: tape end, Attachment: ring",NR Series - Nylon Reinforced Steel Blade
2716|27969,Tape Measure|Tape Measures,NR10200H,NR Series - Nylon Reinforced Steel Blade,"A Keson best seller! Since 1968 this style of Keson steel tape has been providing customers with accurate measurements. They are used in the harshest conditions in which people measure, and they stand to the only test that matters: field performance.",E:\IMAGES\ITEMS\product\N\R\NR-Series-Nylon-Reinforced-Steel.jpg,"Keson Industries, Inc.",NR Series - Nylon Reinforced Steel Blade,"We have made modifications to the housing over the years: Better plastic and molding shapes for increased durability. Double screws to hold the housing together in the event of a drop. Better blade axle to reduce breakage due to the weight of the tape if dropped. For years we’ve been honoring warranty dates long past a single year, so we are now proud to offer a limited lifetime warranty on these products.","Tough, double nylon-coated steel blades. Break-resistant under severe use in the field. 3/8-inch wide blade reduces wind drift and tape weight. Metal-reinforced crank handle for durability.",,"Length: 200 ft., Units: ft., 1/10, 1/100, Zero pt.: hook end, Attachment: hook",NR Series - Nylon Reinforced Steel Blade
2716|27969,Tape Measure|Tape Measures,NR30M,NR Series - Nylon Reinforced Steel Blade,"A Keson best seller! Since 1968 this style of Keson steel tape has been providing customers with accurate measurements. They are used in the harshest conditions in which people measure, and they stand to the only test that matters: field performance.",E:\IMAGES\ITEMS\product\N\R\NR-Series-Nylon-Reinforced-Steel.jpg,"Keson Industries, Inc.",NR Series - Nylon Reinforced Steel Blade,"We have made modifications to the housing over the years: Better plastic and molding shapes for increased durability. Double screws to hold the housing together in the event of a drop. Better blade axle to reduce breakage due to the weight of the tape if dropped. For years we’ve been honoring warranty dates long past a single year, so we are now proud to offer a limited lifetime warranty on these products.","Tough, double nylon-coated steel blades. Break-resistant under severe use in the field. 3/8-inch wide blade reduces wind drift and tape weight. Metal-reinforced crank handle for durability.",,"Length: 30 m, Units: metric (2 mm), Zero pt.: tape end + 1 ft., Attachment: ring",NR Series - Nylon Reinforced Steel Blade
2716|27969,Tape Measure|Tape Measures,NR30ME,NR Series - Nylon Reinforced Steel Blade,"A Keson best seller! Since 1968 this style of Keson steel tape has been providing customers with accurate measurements. They are used in the harshest conditions in which people measure, and they stand to the only test that matters: field performance.",E:\IMAGES\ITEMS\product\N\R\NR-Series-Nylon-Reinforced-Steel.jpg,"Keson Industries, Inc.",NR Series - Nylon Reinforced Steel Blade,"We have made modifications to the housing over the years: Better plastic and molding shapes for increased durability. Double screws to hold the housing together in the event of a drop. Better blade axle to reduce breakage due to the weight of the tape if dropped. For years we’ve been honoring warranty dates long past a single year, so we are now proud to offer a limited lifetime warranty on these products.","Tough, double nylon-coated steel blades. Break-resistant under severe use in the field. 3/8-inch wide blade reduces wind drift and tape weight. Metal-reinforced crank handle for durability.",,"Length: 30 m, Units: metric (2 mm), Zero pt.: tape end, Attachment: ring",NR Series - Nylon Reinforced Steel Blade
2716|27969,Tape Measure|Tape Measures,NR30MH,NR Series - Nylon Reinforced Steel Blade,"A Keson best seller! Since 1968 this style of Keson steel tape has been providing customers with accurate measurements. They are used in the harshest conditions in which people measure, and they stand to the only test that matters: field performance.",E:\IMAGES\ITEMS\product\N\R\NR-Series-Nylon-Reinforced-Steel.jpg,"Keson Industries, Inc.",NR Series - Nylon Reinforced Steel Blade,"We have made modifications to the housing over the years: Better plastic and molding shapes for increased durability. Double screws to hold the housing together in the event of a drop. Better blade axle to reduce breakage due to the weight of the tape if dropped. For years we’ve been honoring warranty dates long past a single year, so we are now proud to offer a limited lifetime warranty on these products.","Tough, double nylon-coated steel blades. Break-resistant under severe use in the field. 3/8-inch wide blade reduces wind drift and tape weight. Metal-reinforced crank handle for durability.",,"Length: 30 m, Units: metric (2 mm), Zero pt.: hook end, Attachment: hook",NR Series - Nylon Reinforced Steel Blade
2716|27969,Tape Measure|Tape Measures,NR50M,NR Series - Nylon Reinforced Steel Blade,"A Keson best seller! Since 1968 this style of Keson steel tape has been providing customers with accurate measurements. They are used in the harshest conditions in which people measure, and they stand to the only test that matters: field performance.",E:\IMAGES\ITEMS\product\N\R\NR-Series-Nylon-Reinforced-Steel.jpg,"Keson Industries, Inc.",NR Series - Nylon Reinforced Steel Blade,"We have made modifications to the housing over the years: Better plastic and molding shapes for increased durability. Double screws to hold the housing together in the event of a drop. Better blade axle to reduce breakage due to the weight of the tape if dropped. For years we’ve been honoring warranty dates long past a single year, so we are now proud to offer a limited lifetime warranty on these products.","Tough, double nylon-coated steel blades. Break-resistant under severe use in the field. 3/8-inch wide blade reduces wind drift and tape weight. Metal-reinforced crank handle for durability.",,"Length: 50 m, Units: metric (2 mm), Zero pt.: tape end + 1 ft., Attachment: ring",NR Series - Nylon Reinforced Steel Blade
2716|27969,Tape Measure|Tape Measures,NR50ME,NR Series - Nylon Reinforced Steel Blade,"A Keson best seller! Since 1968 this style of Keson steel tape has been providing customers with accurate measurements. They are used in the harshest conditions in which people measure, and they stand to the only test that matters: field performance.",E:\IMAGES\ITEMS\product\N\R\NR-Series-Nylon-Reinforced-Steel.jpg,"Keson Industries, Inc.",NR Series - Nylon Reinforced Steel Blade,"We have made modifications to the housing over the years: Better plastic and molding shapes for increased durability. Double screws to hold the housing together in the event of a drop. Better blade axle to reduce breakage due to the weight of the tape if dropped. For years we’ve been honoring warranty dates long past a single year, so we are now proud to offer a limited lifetime warranty on these products.","Tough, double nylon-coated steel blades. Break-resistant under severe use in the field. 3/8-inch wide blade reduces wind drift and tape weight. Metal-reinforced crank handle for durability.",,"Length: 50 m, Units: metric (2 mm), Zero pt.: tape end, Attachment: ring",NR Series - Nylon Reinforced Steel Blade
2716|27969,Tape Measure|Tape Measures,NR50MH,NR Series - Nylon Reinforced Steel Blade,"A Keson best seller! Since 1968 this style of Keson steel tape has been providing customers with accurate measurements. They are used in the harshest conditions in which people measure, and they stand to the only test that matters: field performance.",E:\IMAGES\ITEMS\product\N\R\NR-Series-Nylon-Reinforced-Steel.jpg,"Keson Industries, Inc.",NR Series - Nylon Reinforced Steel Blade,"We have made modifications to the housing over the years: Better plastic and molding shapes for increased durability. Double screws to hold the housing together in the event of a drop. Better blade axle to reduce breakage due to the weight of the tape if dropped. For years we’ve been honoring warranty dates long past a single year, so we are now proud to offer a limited lifetime warranty on these products.","Tough, double nylon-coated steel blades. Break-resistant under severe use in the field. 3/8-inch wide blade reduces wind drift and tape weight. Metal-reinforced crank handle for durability.",,"Length: 50 m, Units: metric (2 mm), Zero pt.: hook end, Attachment: hook",NR Series - Nylon Reinforced Steel Blade
2716|27969,Tape Measure|Tape Measures,NR60M,NR Series - Nylon Reinforced Steel Blade,"A Keson best seller! Since 1968 this style of Keson steel tape has been providing customers with accurate measurements. They are used in the harshest conditions in which people measure, and they stand to the only test that matters: field performance.",E:\IMAGES\ITEMS\product\N\R\NR-Series-Nylon-Reinforced-Steel.jpg,"Keson Industries, Inc.",NR Series - Nylon Reinforced Steel Blade,"We have made modifications to the housing over the years: Better plastic and molding shapes for increased durability. Double screws to hold the housing together in the event of a drop. Better blade axle to reduce breakage due to the weight of the tape if dropped. For years we’ve been honoring warranty dates long past a single year, so we are now proud to offer a limited lifetime warranty on these products.","Tough, double nylon-coated steel blades. Break-resistant under severe use in the field. 3/8-inch wide blade reduces wind drift and tape weight. Metal-reinforced crank handle for durability.",,"Length: 60 m, Units: metric (2 mm), Zero pt.: tape end + 1 ft., Attachment: ring",NR Series - Nylon Reinforced Steel Blade
2716|27969,Tape Measure|Tape Measures,NR60ME,NR Series - Nylon Reinforced Steel Blade,"A Keson best seller! Since 1968 this style of Keson steel tape has been providing customers with accurate measurements. They are used in the harshest conditions in which people measure, and they stand to the only test that matters: field performance.",E:\IMAGES\ITEMS\product\N\R\NR-Series-Nylon-Reinforced-Steel.jpg,"Keson Industries, Inc.",NR Series - Nylon Reinforced Steel Blade,"We have made modifications to the housing over the years: Better plastic and molding shapes for increased durability. Double screws to hold the housing together in the event of a drop. Better blade axle to reduce breakage due to the weight of the tape if dropped. For years we’ve been honoring warranty dates long past a single year, so we are now proud to offer a limited lifetime warranty on these products.","Tough, double nylon-coated steel blades. Break-resistant under severe use in the field. 3/8-inch wide blade reduces wind drift and tape weight. Metal-reinforced crank handle for durability.",,"Length: 60 m, Units: metric (2 mm), Zero pt.: tape end, Attachment: ring",NR Series - Nylon Reinforced Steel Blade
2716|27969,Tape Measure|Tape Measures,NR60MH,NR Series - Nylon Reinforced Steel Blade,"A Keson best seller! Since 1968 this style of Keson steel tape has been providing customers with accurate measurements. They are used in the harshest conditions in which people measure, and they stand to the only test that matters: field performance.",E:\IMAGES\ITEMS\product\N\R\NR-Series-Nylon-Reinforced-Steel.jpg,"Keson Industries, Inc.",NR Series - Nylon Reinforced Steel Blade,"We have made modifications to the housing over the years: Better plastic and molding shapes for increased durability. Double screws to hold the housing together in the event of a drop. Better blade axle to reduce breakage due to the weight of the tape if dropped. For years we’ve been honoring warranty dates long past a single year, so we are now proud to offer a limited lifetime warranty on these products.","Tough, double nylon-coated steel blades. Break-resistant under severe use in the field. 3/8-inch wide blade reduces wind drift and tape weight. Metal-reinforced crank handle for durability.",,"Length: 60 m, Units: metric (2 mm), Zero pt.: hook end, Attachment: hook",NR Series - Nylon Reinforced Steel Blade
2716|27969,Tape Measure|Tape Measures,OTRS18100,OTRS Series - 3X High-Speed Rewind,Our best housing offering in the fiberglass family. The OTRS series pairs an incredibly durable housing with our excellent blades. The housing features double rivets that provide added strength. End caps on the arms further protect the housing. The shovel,E:\IMAGES\ITEMS\product\O\T\OTRS-Series-3X-High-Speed.jpg,"Keson Industries, Inc.","Our best housing offering in the fiberglass family. The OTRS series pairs an incredibly durable housing with our excellent blades. The housing features double rivets that provide added strength. End caps on the arms further protect the housing. The shovel handle with rubber over-mold keeps your grip sure and comfortable.The 3X high-speed rewind gearing is made up of metal, strip- proof gearing.","Metal, strip-proof, gearing. Blade and housing are rust & break-resistant. Rubber shovel handle for a comfortable, “no-slip” grip. Metal-reinforced crank handle lasts longer. Double-throat rollers guide the blade return and prevent the tape from twisting. Double-riveted housing for durability.",,,"Length: 100 ft., Units: ft., in., 1/8, Zero pt.: hook end, Attachment: hook",OTRS Series - 3X High-Speed Rewind
2716|27969,Tape Measure|Tape Measures,OTRS10100H,OTRS Series - 3X High-Speed Rewind,Our best housing offering in the fiberglass family. The OTRS series pairs an incredibly durable housing with our excellent blades. The housing features double rivets that provide added strength. End caps on the arms further protect the housing. The shovel,E:\IMAGES\ITEMS\product\O\T\OTRS-Series-3X-High-Speed.jpg,"Keson Industries, Inc.",OTRS Series - 3X High-Speed Rewind,"Metal, strip-proof, gearing. Blade and housing are rust & break-resistant. Rubber shovel handle for a comfortable, “no-slip” grip. Metal-reinforced crank handle lasts longer. Double-throat rollers guide the blade return and prevent the tape from twisting. Double-riveted housing for durability.",,,"Length: 100 ft., Units: ft., 1/10, 1/100, Zero pt.: tape end, Attachment: hook",OTRS Series - 3X High-Speed Rewind
2716|27969,Tape Measure|Tape Measures,OTRS1810100E,OTRS Series - 3X High-Speed Rewind,Our best housing offering in the fiberglass family. The OTRS series pairs an incredibly durable housing with our excellent blades. The housing features double rivets that provide added strength. End caps on the arms further protect the housing. The shovel,E:\IMAGES\ITEMS\product\O\T\OTRS-Series-3X-High-Speed.jpg,"Keson Industries, Inc.",OTRS Series - 3X High-Speed Rewind,"Metal, strip-proof, gearing. Blade and housing are rust & break-resistant. Rubber shovel handle for a comfortable, “no-slip” grip. Metal-reinforced crank handle lasts longer. Double-throat rollers guide the blade return and prevent the tape from twisting. Double-riveted housing for durability.",,,"Length: 100 ft., Units: ft, in., 1/8 & ft, 1/10, 1/100, Zero pt.: tape end, Attachment: ring",OTRS Series - 3X High-Speed Rewind
2716|27969,Tape Measure|Tape Measures,OTRS18200,OTRS Series - 3X High-Speed Rewind,Our best housing offering in the fiberglass family. The OTRS series pairs an incredibly durable housing with our excellent blades. The housing features double rivets that provide added strength. End caps on the arms further protect the housing. The shovel,E:\IMAGES\ITEMS\product\O\T\OTRS-Series-3X-High-Speed.jpg,"Keson Industries, Inc.",OTRS Series - 3X High-Speed Rewind,"Metal, strip-proof, gearing. Blade and housing are rust & break-resistant. Rubber shovel handle for a comfortable, “no-slip” grip. Metal-reinforced crank handle lasts longer. Double-throat rollers guide the blade return and prevent the tape from twisting. Double-riveted housing for durability.",,,"Length: 200 ft., Units: ft., in., 1/8, Zero pt.: hook end, Attachment: hook",OTRS Series - 3X High-Speed Rewind
2716|27969,Tape Measure|Tape Measures,OTRS10200H,OTRS Series - 3X High-Speed Rewind,Our best housing offering in the fiberglass family. The OTRS series pairs an incredibly durable housing with our excellent blades. The housing features double rivets that provide added strength. End caps on the arms further protect the housing. The shovel,E:\IMAGES\ITEMS\product\O\T\OTRS-Series-3X-High-Speed.jpg,"Keson Industries, Inc.",OTRS Series - 3X High-Speed Rewind,"Metal, strip-proof, gearing. Blade and housing are rust & break-resistant. Rubber shovel handle for a comfortable, “no-slip” grip. Metal-reinforced crank handle lasts longer. Double-throat rollers guide the blade return and prevent the tape from twisting. Double-riveted housing for durability.",,,"Length: 200 ft., Units: ft., 1/10, 1/100, Zero pt.: tape end, Attachment: hook",OTRS Series - 3X High-Speed Rewind
2716|27969,Tape Measure|Tape Measures,OTRS1810200E,OTRS Series - 3X High-Speed Rewind,Our best housing offering in the fiberglass family. The OTRS series pairs an incredibly durable housing with our excellent blades. The housing features double rivets that provide added strength. End caps on the arms further protect the housing. The shovel,E:\IMAGES\ITEMS\product\O\T\OTRS-Series-3X-High-Speed.jpg,"Keson Industries, Inc.",OTRS Series - 3X High-Speed Rewind,"Metal, strip-proof, gearing. Blade and housing are rust & break-resistant. Rubber shovel handle for a comfortable, “no-slip” grip. Metal-reinforced crank handle lasts longer. Double-throat rollers guide the blade return and prevent the tape from twisting. Double-riveted housing for durability.",,,"Length: 200 ft., Units: ft., in., 1/8 & ft., 1/10, 1/100, Zero pt.: tape end, Attachment: ring",OTRS Series - 3X High-Speed Rewind
2716|27969,Tape Measure|Tape Measures,OTRS18300,OTRS Series - 3X High-Speed Rewind,Our best housing offering in the fiberglass family. The OTRS series pairs an incredibly durable housing with our excellent blades. The housing features double rivets that provide added strength. End caps on the arms further protect the housing. The shovel,E:\IMAGES\ITEMS\product\O\T\OTRS-Series-3X-High-Speed.jpg,"Keson Industries, Inc.",OTRS Series - 3X High-Speed Rewind,"Metal, strip-proof, gearing. Blade and housing are rust & break-resistant. Rubber shovel handle for a comfortable, “no-slip” grip. Metal-reinforced crank handle lasts longer. Double-throat rollers guide the blade return and prevent the tape from twisting. Double-riveted housing for durability.",,,"Length: 300 ft., Units: ft., in., 1/8, Zero pt.: hook end, Attachment: hook",OTRS Series - 3X High-Speed Rewind
2716|27969,Tape Measure|Tape Measures,OTRS10300H,OTRS Series - 3X High-Speed Rewind,Our best housing offering in the fiberglass family. The OTRS series pairs an incredibly durable housing with our excellent blades. The housing features double rivets that provide added strength. End caps on the arms further protect the housing. The shovel,E:\IMAGES\ITEMS\product\O\T\OTRS-Series-3X-High-Speed.jpg,"Keson Industries, Inc.",OTRS Series - 3X High-Speed Rewind,"Metal, strip-proof, gearing. Blade and housing are rust & break-resistant. Rubber shovel handle for a comfortable, “no-slip” grip. Metal-reinforced crank handle lasts longer. Double-throat rollers guide the blade return and prevent the tape from twisting. Double-riveted housing for durability.",,,"Length: 300 ft., Units: ft., 1/10, 1/100, Zero pt.: tape end, Attachment: hook",OTRS Series - 3X High-Speed Rewind
2716|27969,Tape Measure|Tape Measures,OTRS1810300E,OTRS Series - 3X High-Speed Rewind,Our best housing offering in the fiberglass family. The OTRS series pairs an incredibly durable housing with our excellent blades. The housing features double rivets that provide added strength. End caps on the arms further protect the housing. The shovel,E:\IMAGES\ITEMS\product\O\T\OTRS-Series-3X-High-Speed.jpg,"Keson Industries, Inc.",OTRS Series - 3X High-Speed Rewind,"Metal, strip-proof, gearing. Blade and housing are rust & break-resistant. Rubber shovel handle for a comfortable, “no-slip” grip. Metal-reinforced crank handle lasts longer. Double-throat rollers guide the blade return and prevent the tape from twisting. Double-riveted housing for durability.",,,"Length: 300 ft., Units: ft., in., 1/8 & ft., 1/10, 1/100, Zero pt.: tape end, Attachment: ring",OTRS Series - 3X High-Speed Rewind
24047,Paint Applicators,1238,Paint Marking Pistol,,E:\IMAGES\ITEMS\product\1\2\keson-industries-inc-1238-paint-marking-pistol.jpg,"Keson Industries, Inc.",Handheld Applicator,"Pistol grip and trigger to spray paint exactly where you want it. Weather resistant housing protects the counter. Precision wheels molded from high-grade ABS, providing a lifetime of accurate measuring. Paint can",Measure and mark simultaneously with RRPA18 and RRPA182. These lightweight tools feature a trigger just under the pistol grip. Engaging the trigger fires off a burst of upside-down spray paint precisely where it’s needed.,,,Paint Marking Pistol
24047,Paint Applicators,1239,Paint Marking Roller,,E:\IMAGES\ITEMS\product\1\2\keson-industries-inc-1239-paint-marking-roller.jpg,"Keson Industries, Inc.",Paint Applicator,"5-digit, easy-read, magnified counter that measures 9,999 feet, 11 inches without resetting. That’s almost two miles.Pistol grip and trigger to spray paint exactly where you want it.Weather resistant housing protects the coun",,,Units: Ft. And In.; Circ.: 12 In.,Paint Marking Roller
21832,Precision Steel Squares,46071,Square Layout Tool,,E:\IMAGES\ITEMS\product\4\6\keson-industries-inc-46071-square-layout-tool.jpg,"Keson Industries, Inc.",Square Layout Tool,,Rafter layout quick reference book included,,"7"" Square",Square Layout Tool
21751,Industrial Markers,80220,Marker Paintstik White,,E:\IMAGES\ITEMS\product\8\0\keson-industries-inc-80220-marker-paintstik-white.jpg,"Keson Industries, Inc.",Paint Crayon,,,,White,Marker Paintstik White
21748,Carpenter and Mechanic Pencils,515R,Pencil Carpenter Red,,E:\IMAGES\ITEMS\product\5\1\keson-industries-inc-515r-pencil-carpenter-red.jpg,"Keson Industries, Inc.",Carpenter Pencil,,,,Red Lead,Pencil Carpenter Red
21748,Carpenter and Mechanic Pencils,CP2,Pencil Sharpener Keson,,/,"Keson Industries, Inc.",Carpenter Pencil Sharpener,"Gives you a Clean, solid square tip instantly",,,Blister Of 1,Pencil Sharpener Keson
21749,Chalk Line Reels,G130,Chalk Box Giant,,E:\IMAGES\ITEMS\product\G\1\keson-industries-inc-g130-chalk-box-giant.jpg,"Keson Industries, Inc.",Giant Chalk Box,Heavy-duty cord and pull ring.Holds over a pound of chalk for fewer refills.One-piece steel crank for long life.,,,"60"" X 4"" - 8"" Paperboard",Chalk Box Giant
21816,Measuring Wheels,RRT12,Measuring Wheel,,E:\IMAGES\ITEMS\product\R\R\keson-industries-inc-rrt12-measuring-wheel.jpg,"Keson Industries, Inc.",Measuring Wheel,Enhanced grip pistol-type handle increases control and comfort.Re-set on the handle AND on the unit housingBrake on pistol grip stops counting instantlyCollapsing hinge,These innovative wheels feature a gear shaft driven counter placed above the wheel. This results in better balanced wheels.,,"Units: Ft. And In.; Diameter: 12""; Circ.: 3'",Measuring Wheel
21816,Measuring Wheels,RRT6,Measuring Wheel,,E:\IMAGES\ITEMS\product\R\R\keson-industries-inc-rrt6-measuring-wheel.jpg,"Keson Industries, Inc.",Measuring Wheel,Enhanced grip pistol-type handle increases control and comfort.Re-set on the handle AND on the unit housingBrake on pistol grip stops counting instantlyCollapsing hinge,These innovative wheels feature a gear shaft driven counter placed above the wheel. This results in better balanced wheels.,,"Units: Ft. And In.; Diameter: 6""; Circ.: 18""",Measuring Wheel
21816,Measuring Wheels,RT1210,Measuring Wheel,,E:\IMAGES\ITEMS\product\R\T\keson-industries-inc-rt1210-measuring-wheel.jpg,"Keson Industries, Inc.",Measuring Wheel,Enhanced grip pistol-type handle increases control and comfort.Re-set on the handle AND on the unit housingBrake on pistol grip stops counting instantlyCollapsing hinge,These innovative wheels feature a gear shaft driven counter placed above the wheel. This results in better balanced wheels.,,"Units: Ft. And 10Ths; Diameter: 12""; Circ.: 3'",Measuring Wheel
27969,Tape Measures,ST10018,Tape Measure Keson,,E:\IMAGES\ITEMS\product\S\T\keson-industries-inc-st10018-tape-measure-keson.jpg,"Keson Industries, Inc.",Steel Tape Measure,"Closed, metal housing protects the tape. Compact, fits easily into briefcase or even a pocket.Rewind handle folds flush.","Our standard Steel Tape (ST) series tapes come in the industry’s most durable metal housing. These long, steel tapes have a compact, closed, metal case that fits nicely in your hand. The flush-folding crank pops up for easy rewinding. If you’re measuring alone, the metal catch hook is set at zero, so there’s no need for a correction. The graduations are painted black on a durable, bright-yellow steel blade.",,"Length: 100'; Units: Ft., In., 1/10; Zero Pt.: Hook End; Attachment: Hook",Tape Measure Keson
27969,Tape Measures,ST5018,Tape Measure Keson,,E:\IMAGES\ITEMS\product\S\T\keson-industries-inc-st5018-tape-measure-keson.jpg,"Keson Industries, Inc.",Steel Tape Measure,"Closed, metal housing protects the tape. Compact, fits easily into briefcase or even a pocket.Rewind handle folds flush.","Our standard Steel Tape (ST) series tapes come in the industry’s most durable metal housing. These long, steel tapes have a compact, closed, metal case that fits nicely in your hand. The flush-folding crank pops up for easy rewinding. If you’re measuring alone, the metal catch hook is set at zero, so there’s no need for a correction. The graduations are painted black on a durable, bright-yellow steel blade.",,"Length: 50'; Units: Ft., 1/10; Zero Pt.: Hook End; Attachment: Hook",Tape Measure Keson
21816,Measuring Wheels,RR182,Roadrunner 2-Wheel 1 Measuring Wheel,,E:\IMAGES\ITEMS\product\R\R\keson-industries-inc-rr182-roadrunner-2-wheel-1-measuring-wheel.jpg,"Keson Industries, Inc.",,,,,,Roadrunner 2-Wheel 1 Measuring Wheel
27969,Tape Measures,PG1810,10' Tape Measure,,E:\IMAGES\ITEMS\product\P\G\keson-industries-inc-pg1810-10-tape-measure.jpg,"Keson Industries, Inc.",,"Our most popular model, this chrome-coated, rubber-grip compact housing comes in the most lengths and units. The textured rubber grips provide a sure hold even in a gloved hand. The easy slide out and swift return action on these tapes make them consistent performers on the jobsite.","Nylon Coated Steel Blade, Heavy-Duty End Hook, Belt Clip, Bumper Cushion",,,10' Tape Measure
27969,Tape Measures,PG18M10,10' Tape Measure,,E:\IMAGES\ITEMS\product\P\G\keson-industries-inc-pg18m10-10-tape-measure.jpg,"Keson Industries, Inc.",,"Our most popular model, this chrome-coated, rubber-grip compact housing comes in the most lengths and units. The textured rubber grips provide a sure hold even in a gloved hand. The easy slide out and swift return action on these tapes make them consistent performers on the jobsite.","Nylon Coated Steel Blade, Heavy-Duty End Hook, Belt Clip, Bumper Cushion",,,10' Tape Measure
21753,Marking Chalk and Refills,105GO,KESON 105GO 5LB GLO-ORANGE PROCHALK,,E:\IMAGES\ITEMS\product\1\0\keson-industries-inc-105go-keson-105go-5lb-glo-orange-prochalk.jpg,"Keson Industries, Inc.",,,"ProChalk High Visibility which include our Glo-Orange, Glo-Lime and Yellow formulations for highly visible applications that will wear or wash away naturally in a few days. Exterior applications include corrections, plumbing, electrical, roofing, masonry.",5283700641.0,,KESON 105GO 5LB GLO-ORANGE PROCHALK
21753,Marking Chalk and Refills,G110,KESON G110 110 GIANT PROLINE CHALK LINE REEL QUICK FILL,,E:\IMAGES\ITEMS\product\G\1\keson-industries-inc-g110-keson-g110-110-giant-proline-chalk-line-reel-quick-fill.jpg,"Keson Industries, Inc.",,,"Our giant string leaves huge bold lines. Often used in parking lots, on streets and on concrete, the Giant lines are easy to see.  All of our Giant Chalk Line Reels are Made in the USA. Holds over 1 pound of chalk for fewer refills. 100 or 110 feet giant string, and pull ring. One-piece steel crank for long life. Hooks onto tool belt",5283721890.0,,KESON G110 110 GIANT PROLINE CHALK LINE REEL QUICK FILL
21753,Marking Chalk and Refills,P100,KESON P100 CHALK LINE REEL 10/CS,,E:\IMAGES\ITEMS\product\P\1\keson-industries-inc-p100-keson-p100-chalk-line-reel-10cs.jpg,"Keson Industries, Inc.",,,"Somewhere between a felt-tip marker and a chisel tip marker, lies line left by our bold chalk line. This string is more often used in higher traffic areas and outdoors. Unique shape great for corner work. Heavy-duty steel crank for long life. Holds 3 oz. of chalk. 100 feet bold string",5283702348.0,,KESON P100 CHALK LINE REEL 10/CS
21751,Industrial Markers,PB250,KESON PB250 PINK BRAIDED NYLON #18 250 TWINE,,E:\IMAGES\ITEMS\product\P\B\keson-industries-inc-pb250-keson-pb250-pink-braided-nylon-18-250-twine.jpg,"Keson Industries, Inc.",,,"Braided mason twine doesn’t come apart even when reused. It is perfect for large jobs and everyday use. You can also nick it with a trowel and it won’t unwind. Another benefit is that braided mason line does not spin as much as a twisted line, bringing plumb bobs to rest sooner. 18-gauge line with an approximate tensile strength of 155 pounds.",5283700824.0,,KESON PB250 PINK BRAIDED NYLON #18 250 TWINE
21816,Measuring Wheels,RR-318N-2,KESON RR-318N-2 MEASURING WHEEL 12-1/2 DIAMETER 3 CIRCUMFERENCE FOOT,,E:\IMAGES\ITEMS\product\R\R\keson-industries-inc-rr-318n-2-keson-rr-318n-2-measuring-wheel-12-12-diameter-3-circumference-foot.jpg,"Keson Industries, Inc.",,,"Heavy-duty, polycast wheel with improved, clean three-spoke design. 5-digit, easy-read, magnified counter measures 9,999 feet, 11 inches (9,999.9 ft. on the engineers’ models and 9,999.9 meters on metric).",5283700850.0,,KESON RR-318N-2 MEASURING WHEEL 12-1/2 DIAMETER 3 CIRCUMFERENCE FOOT
