﻿category_ids,category_names,sku,meta_title,meta_description,Image,manufacturer,description,short_description,summary,upc,size_info,meta_keyword
1082|26338,Radios | Two Way (INACTIVE)|Two Way Radios,KBH 10,Belt Clip,Spring action belt clip.,E:\IMAGES\ITEMS\product\K\B\Kenwood-USA-KBH.jpg,Kenwood U.S.A,Spring action belt clip.,,,,Kenwood U.S.A KBH 10 Belt Clip,Belt Clip
1082|26338,Radios | Two Way (INACTIVE)|Two Way Radios,KMB-23,Charger Adapter,Six unit charger adapter. Chargers not included.,E:\IMAGES\ITEMS\product\K\M\Kenwood-USA-KMB.jpg,Kenwood U.S.A,Six unit charger adapter. Chargers not included.,,,,Kenwood U.S.A KMB-23 Charger Adapter,Charger Adapter
1082|26338,Radios | Two Way (INACTIVE)|Two Way Radios,KMC 45,Microphone,"MIL-SPEC, IP54/45 speaker microphone.",E:\IMAGES\ITEMS\product\K\M\Kenwood-USA-KMC.jpg,Kenwood U.S.A,"MIL-SPEC, IP54/45 speaker microphone.",,,,Kenwood U.S.A KMC 45 Microphone,Microphone
1082|26338,Radios | Two Way (INACTIVE)|Two Way Radios,KNB 29N,Battery,NiMh Battery (1500mAh),E:\IMAGES\ITEMS\product\K\N\Kenwood-USA-KNB.jpg,Kenwood U.S.A,NiMh Battery (1500mAh),,,,Kenwood U.S.A KNB 29N Battery,Battery
1082|26338,Radios | Two Way (INACTIVE)|Two Way Radios,KRA 27M,Antenna,UHF Whip Antenna 440-490mhz.,E:\IMAGES\ITEMS\product\K\R\Kenwood-USA-KRA.jpg,Kenwood U.S.A,UHF Whip Antenna 440-490mhz.,,,,Kenwood U.S.A KRA 27M Antenna,Antenna
1082|26338,Radios | Two Way (INACTIVE)|Two Way Radios,TK2300V4P,2 Watt 4 Channel Radio,"ProTalk 2 Watt Portable VHF/UHF Business On-Site Radios Kenwood's new 300 Series ProTalk® model VHF and UHF 2 watt portables take quality and value to an even higher level offering additional channels (4 & 16), a larger selection of UHF frequenc",E:\IMAGES\ITEMS\product\T\K\TK2300V4P-Kenwood-2-Watt-4-Channel.jpg,Kenwood U.S.A,"ProTalk 2 Watt Portable VHF/UHF Business On-Site Radios Kenwood's new 300 Series ProTalk® model VHF and UHF 2 watt portables take quality and value to an even higher level offering additional channels (4 & 16), a larger selection of UHF frequencies (89), improved sound quality and advanced ergonomic controls.",4 & 16 Channel VHF / UHF Models 89 UHF Pre-Programmed Frequencies 27 VHF Pre-Programmed Frequencies QT/DQT Encode/Decode Wireless Cloning Audio Companding Channel Confirmation Model Scan w/ Temporary Nuisance Delete Selected/Fixed Priority Channel Channel Voice Announcement Voice Scrambler (by channel) Internal VOX (by channel) MIL Spec 810 C/D/E/F IP 54/55 2 Year Warranty,,,TK2300V4P Kenwood 2 Watt 4 Channel Radio,2 Watt 4 Channel Radio
26336,Two Way Radio Microphones,KMC-45,KMC-45,"MIL-SPEC, IP54/55 Speaker microphone",E:\IMAGES\ITEMS\product\K\M\KMC-45-Kenwood-Speaker.jpg,Kenwood U.S.A,Compact speaker microphone–heavy duty,,Compatible with:  All TK Models,,KMC-45 Kenwood Speaker Microphone,KMC-45
1082|26338,Radios | Two Way (INACTIVE)|Two Way Radios,KMB27,Charger,Six Unit Charger Adapter,E:\IMAGES\ITEMS\product\K\M\KMB27-Kenwood.jpg,Kenwood U.S.A,Six Unit Charger Adapter,Charger Cups Not Included,,,KMB27 Kenwood Charger,Charger
1082|26338,Radios | Two Way (INACTIVE)|Two Way Radios,Protalk TK-3302U16P,2 Way Radio,16C UHF Two-Way Radio w/Li-Ion Battery w/Rapid Charger,E:\IMAGES\ITEMS\product\P\r\Kenwood-Protalk-TK-3302U16P-2-Way.jpg,Kenwood U.S.A,16C UHF Two-Way Radio w/Li-Ion Battery w/Rapid Charger,4 Watts 16 Channels UHF PC Programmable Only (No field programming - Include frequency information in comment box as you check out.) 121 Privacy Codes Channel Scan VOX - Voice Activated when using VOX capable headsets Lock - Locks all user controls (except PTT and volume) to prevent accidental channel changes Mil Spec Diecast Body for strength Polycarbonate Case Voice Annunciation Wireless Cloning Mode Time out timer Call Alert Tone Battery save and low battery warning  In The Box: Antenna - KRA-27 Battery - 12hr Li-Ion Charger - 3hr Rapid Charger Clip,"This radio requires FCC Licensing. This is a PC Programmable Radio. This requires CPS Programming Software, Cables and some Technical expertise. Color: Black Warranty: 2 Years Product Dimensions: 6 x 2 x 2(inches)",,Kenwood Protalk TK-3302U16P 2 Way Radio,2 Way Radio
26338,Two Way Radios,NX-240V16P,ProTalk 2-Way Radio NX-240V16P,,E:\IMAGES\ITEMS\product\N\X\kenwood-usa-nx-240v16p-protalk-2-way-radio-nx-240v16p.jpg,Kenwood U.S.A,,,"16 Channels, 5 Watt 27 VHF / 99 UHF Preset Frequencies 39 QT / 168 DQT / 64 (RAN) Privacy Codes Super Lock VOX Ready Privacy Talk Scrambler 10-Call Alert Tone Wireless Cloning Channel Scan Removable Antenna 2,000 mAh Li-Ion battery with up to 12 hours of talk time *(5-5-90) and 3 hours fast charger Diecast Chassis Weather-Sealed Construction Weighs only 9.9oz with Battery Meets 11 Mil-Spec standards Compatible with other analog business radios operating on the same frequency and code 3 year radio warranty",,,ProTalk 2-Way Radio NX-240V16P
26338,Two Way Radios,NX-340U16P,ProTalk 2-Way Radio NX-340U16P,,E:\IMAGES\ITEMS\product\N\X\kenwood-usa-nx-340u16p-protalk-2-way-radio-nx-340u16p.jpg,Kenwood U.S.A,,,"16 Channels, 5 Watt 27 VHF / 99 UHF Preset Frequencies 39 QT / 168 DQT / 64 (RAN) Privacy Codes Super Lock VOX Ready Privacy Talk Scrambler 10-Call Alert Tone Wireless Cloning Channel Scan Removable Antenna 2,000 mAh Li-Ion battery with up to 12 hours of talk time *(5-5-90) and 3 hours fast charger Diecast Chassis Weather-Sealed Construction Weighs only 9.9oz with Battery Meets 11 Mil-Spec standards Compatible with other analog business radios operating on the same frequency and code 3 year radio warranty",,,ProTalk 2-Way Radio NX-340U16P
26338,Two Way Radios,PKT-23K,ProTalk 2-Way Radio PKT-23K,,E:\IMAGES\ITEMS\product\P\K\kenwood-usa-pkt-23k-protalk-2-way-radio-pkt-23k.jpg,Kenwood U.S.A,,,1.5 Watts Transmit Power 4 Channels 39-QT/168-DQT Coded Squelch Super Lock (Manager Key Lock) Scan Function 2 PF Keys Enhanced Kenwood Audio VOX Ready Voice Announcement Bell Tone Alert LED Battery Status Indicator IP54 & MIL-STD 810 C/D/E/F/G 11 items Battery Saver Time Out Timer Monitor Wireless Clone 2-year Warranty,,,ProTalk 2-Way Radio PKT-23K
26338,Two Way Radios,TK-2400V16P,ProTalk 2-Way Radio TK-2400V16P,,E:\IMAGES\ITEMS\product\T\K\kenwood-usa-tk-2400v16p-protalk-2-way-radio-tk-2400v16p.jpg,Kenwood U.S.A,,,"Exceptional 1 watt Audio Quality 2 Watts of Transmit Power 16 Channel Model - UHF (89 Bank) 38 Privacy Codes (CTCSS) 89 UHF BANK of Programmed Freq’s. Weight – only 9.9 oz. High Efficiency Antenna Rugged Die-Cast Chassis Built to MIL STD 810C-D-E-F, IP54, IP55 Wireless Cloning Mode VOX (with Audio Accessory) Channel Scan & Super Lock Channel Confirmation Mode Battery Saver Mode Low Battery Alert Tone Spring Action Belt Clip Includes 2000 mAh Li-Ion Battery Includes Desktop Fast 3Hr. Charger",,,ProTalk 2-Way Radio TK-2400V16P
26338,Two Way Radios,TK-2400V4P,ProTalk 2-Way Radio TK-2400V4P,,E:\IMAGES\ITEMS\product\T\K\kenwood-usa-tk-2400v4p-protalk-2-way-radio-tk-2400v4p.jpg,Kenwood U.S.A,,,1.5 Watts Transmit Power 4 Channels 39-QT/168-DQT Coded Squelch Super Lock (Manager Key Lock) Scan Function 2 PF Keys Enhanced Kenwood Audio VOX Ready Voice Announcement Bell Tone Alert LED Battery Status Indicator IP54 & MIL-STD 810 C/D/E/F/G 11 items Battery Saver Time Out Timer Monitor Wireless Clone 2-year Warranty,,,ProTalk 2-Way Radio TK-2400V4P
26338,Two Way Radios,TK-2402V16P,ProTalk 2-Way Radio TK-2402V16P,,E:\IMAGES\ITEMS\product\T\K\kenwood-usa-tk-2402v16p-protalk-2-way-radio-tk-2402v16p.jpg,Kenwood U.S.A,,,"16 channels UHF 5 Watts of Power Heavy Duty, meets tough MIL-STD810 C/D/E Narrow bandwidth 2000 mAh Lithium battery (18 hours with battery save on) Package includes radio, charger, battery, belt clip and antenna Pre-programmed bank of 27 frequencies 2 year warranty",,,ProTalk 2-Way Radio TK-2402V16P
26338,Two Way Radios,TK-3230,ProTalk 2-Way Radio TK-3230,,E:\IMAGES\ITEMS\product\T\K\kenwood-usa-tk-3230-protalk-2-way-radio-tk-3230.jpg,Kenwood U.S.A,,,"1.5 Watts of Power Heavy Duty, meets tough MIL-STD810 C/D/E/F 6 Channels 39-QT/83-DQT Coded Squelch Super Lock (Manager Lock Key) Scan Function 2000 mAh Lithium Battery (18 hours with battery save on) Package includes radio, battery, charger, belt clip and antenna 2 year warranty",,,ProTalk 2-Way Radio TK-3230
26338,Two Way Radios,TK-3400U16P,ProTalk 2-Way Radio TK-3400U16P,,E:\IMAGES\ITEMS\product\T\K\kenwood-usa-tk-3400u16p-protalk-2-way-radio-tk-3400u16p.jpg,Kenwood U.S.A,,,"Exceptional 1 watt Audio Quality 2 Watts of Transmit Power 16 Channel Model - UHF (89 Bank) 38 Privacy Codes (CTCSS) 89 UHF BANK of Programmed Freq’s. Weight – only 9.9 oz. High Efficiency Antenna Rugged Die-Cast Chassis Built to MIL STD 810C-D-E-F, IP54, IP55 Wireless Cloning Mode VOX (with Audio Accessory) Channel Scan & Super Lock Channel Confirmation Mode Battery Saver Mode Low Battery Alert Tone Spring Action Belt Clip Includes 2000 mAh Li-Ion Battery Includes Desktop Fast 3Hr. Charger",,,ProTalk 2-Way Radio TK-3400U16P
26338,Two Way Radios,TK-3400U4P,ProTalk 2-Way Radio TK-3400U4P,,E:\IMAGES\ITEMS\product\T\K\kenwood-usa-tk-3400u4p-protalk-2-way-radio-tk-3400u4p.jpg,Kenwood U.S.A,,,"Exceptional 1 watt Audio Quality 2 Watts of Transmit Power 4 Channel Model - UHF (89 Bank) 38 Privacy Codes (CTCSS) 89 UHF BANK of Programmed Freq’s. Weight – only 9.9 oz. High Efficiency Antenna Rugged Die-Cast Chassis Built to MIL STD 810C-D-E-F, IP54, IP55 Wireless Cloning Mode VOX (with Audio Accessory) Channel Scan & Super Lock Channel Confirmation Mode Battery Saver Mode Low Battery Alert Tone Spring Action Belt Clip Includes 2000 mAh Li-Ion Battery Includes Desktop Fast 3Hr. Charger",,,ProTalk 2-Way Radio TK-3400U4P
26338,Two Way Radios,TK-3402U16P,ProTalk 2-Way Radio TK-3402U16P,,E:\IMAGES\ITEMS\product\T\K\kenwood-usa-tk-3402u16p-protalk-2-way-radio-tk-3402u16p.jpg,Kenwood U.S.A,,,"Exceptional 1 watt Audio Quality 5 Watts of Transmit Power 4 Channel Model - UHF (89 Bank) 38 Privacy Codes (CTCSS) 89 UHF BANK of Programmed Freq’s. Weight – only 9.9 oz. High Efficiency Antenna Rugged Die-Cast Chassis Built to MIL STD 810C-D-E-F, IP54, IP55 Wireless Cloning Mode VOX (with Audio Accessory) Channel Scan & Super Lock Channel Confirmation Mode Battery Saver Mode Low Battery Alert Tone Spring Action Belt Clip Includes 2000 mAh Li-Ion Battery Includes Desktop Fast 3Hr. Charger",,,ProTalk 2-Way Radio TK-3402U16P
20595,Antennas,KRA-22M,KRA-22M,,E:\IMAGES\ITEMS\product\K\R\kenwood-usa-kra-22m-kra-22m.jpg,Kenwood U.S.A,,,,,,KRA-22M
20595,Antennas,KRA-23M,KRA-23M,,E:\IMAGES\ITEMS\product\K\R\kenwood-usa-kra-23m-kra-23m.jpg,Kenwood U.S.A,,,,,,KRA-23M
20595,Antennas,KRA-26M,KRA-26M,,E:\IMAGES\ITEMS\product\K\R\kenwood-usa-kra-26m-kra-26m.jpg,Kenwood U.S.A,,,,,,KRA-26M
20595,Antennas,KRA-27M,KRA-27M,,E:\IMAGES\ITEMS\product\K\R\kenwood-usa-kra-27m-kra-27m.jpg,Kenwood U.S.A,,,,,,KRA-27M
20595,Antennas,KRA-41M,KRA-41M,,E:\IMAGES\ITEMS\product\K\R\kenwood-usa-kra-41m-kra-41m.jpg,Kenwood U.S.A,VHF Stubby Antenna,,,,,KRA-41M
20595,Antennas,KRA-42M,KRA-42M,,E:\IMAGES\ITEMS\product\K\R\kenwood-usa-kra-42m-kra-42m.jpg,Kenwood U.S.A,UHF Stubby Antenna,,,,,KRA-42M
20600,CB Radios,Ritron JBS-146D,Ritron JBS-146D Base Station,,E:\IMAGES\ITEMS\product\R\i\kenwood-usa-ritron-jbs-146d-ritron-jbs-146d-base-station.jpg,Kenwood U.S.A,Fixed Location ... Shared Use ... Zero Replacement.  The JobCom Display Series Wireless Intercom/Base Station is a cost-effective way to keep employees in a fixed indoor location communicating and it replaces the need for multiple portable radios. Typical,,,,,Ritron JBS-146D Base Station
20600,CB Radios,Ritron JBS-446D,Ritron JBS-446D Base Station,,E:\IMAGES\ITEMS\product\R\i\kenwood-usa-ritron-jbs-446d-ritron-jbs-446d-base-station.jpg,Kenwood U.S.A,,,"2 Watts of Power Output Rugged All-Metal Steel Enclosure Bright, Easy-To-Read LED Display Compact Size: 1.4” X 3.8” X 5.6” Large 1 Watt Output Speaker â€”Loud, Easy-To-Hear Audio Built-in CTCSS and Digital Coded Squelch Codes NOAA Weather Scan & Alert (VHF models only) Programmable Narrow (12.5 kHz) or Wideband (25 kHz) Transmitter 110VAC or 12VDC operation PTT Field & PC Programmable Call Feature One Year Warranty",,,Ritron JBS-446D Base Station
26333,Two Way Radio Battery Packs,KNB-29N,KNB-29N,,E:\IMAGES\ITEMS\product\K\N\kenwood-usa-knb-29n-knb-29n.jpg,Kenwood U.S.A,"1500 mAh battery, NiMH (14 hours)",,Compatible with:  TK–2200/3200/2300/3300,,,KNB-29N
26333,Two Way Radio Battery Packs,KNB-45L,KNB-45L,,E:\IMAGES\ITEMS\product\K\N\kenwood-usa-knb-45l-knb-45l.jpg,Kenwood U.S.A,2000 mAh Li-Ion up to 22 hours life @ 5-5-90 duty,,Compatible with:  300 and 400 series radios,,,KNB-45L
26333,Two Way Radio Battery Packs,KNB-46L,KNB-46L,,E:\IMAGES\ITEMS\product\K\N\kenwood-usa-knb-46l-knb-46l.jpg,Kenwood U.S.A,2000 mAh Li-Ion Battery for TK-3230,,Compatible with:  TK-3230,,,KNB-46L
26333,Two Way Radio Battery Packs,KNB-71L,KNB-71L,,E:\IMAGES\ITEMS\product\K\N\kenwood-usa-knb-71l-knb-71l.jpg,Kenwood U.S.A,430 mAh Li-Ion up to 15 hours life @ 5-5-90 duty,,Compatible with:  PKT-23 ONLY,,,KNB-71L
20600,CB Radios,Quick Assist II,Quick Assist II Call Box,,E:\IMAGES\ITEMS\product\Q\u\kenwood-usa-quick-assist-ii-quick-assist-ii-call-box.jpg,Kenwood U.S.A,,,Two-way communications Battery Powered or optional external power Wide or narrow band Adjustable power output (1 to 2 watts) Talking Callbox – Programmable voice recording for automatic greeting Voice Locations,,,Quick Assist II Call Box
20600,CB Radios,Ritron Callbox,Ritron Callbox,,E:\IMAGES\ITEMS\product\R\i\kenwood-usa-ritron-callbox-ritron-callbox.jpg,Kenwood U.S.A,,,Small size: Only 6.3”H x 5.5”W x 4.3”D Weight: 16oz. with Batteries Recordable Custom Voice Message Recordable Low Battery Message Programmable Repeat Message & Time Intervals Companed Audio On/Off Wideband/Narrow Band Selectable VHF/UHF Models Available CTCSS/DCS Interference Eliminator Codes Optional “Call Sent” LED Light Works with Voice Scrambling Systems,,,Ritron Callbox
26334,Two Way Radio Carrying Cases,KBH-10,KBH-10,,E:\IMAGES\ITEMS\product\K\B\kenwood-usa-kbh-10-kbh-10.jpg,Kenwood U.S.A,Spring action belt clip (same as provided w/radio),,Compatible with:  TK-2200/3200/2300/3300/3302,,,KBH-10
26334,Two Way Radio Carrying Cases,KBH-20,KBH-20,,E:\IMAGES\ITEMS\product\K\B\kenwood-usa-kbh-20-kbh-20.jpg,Kenwood U.S.A,Spring action belt clip (same as provided with radio),,Compatible with:  PKT-23 ONLY,,,KBH-20
26334,Two Way Radio Carrying Cases,KLH-113,KLH-113,,E:\IMAGES\ITEMS\product\K\L\kenwood-usa-klh-113-klh-113.jpg,Kenwood U.S.A,,,,,,KLH-113
26334,Two Way Radio Carrying Cases,KLH-126,KLH-126,,E:\IMAGES\ITEMS\product\K\L\kenwood-usa-klh-126-klh-126.jpg,Kenwood U.S.A,,,,,,KLH-126
26334,Two Way Radio Carrying Cases,KLH-150,KLH-150,,E:\IMAGES\ITEMS\product\K\L\kenwood-usa-klh-150-klh-150.jpg,Kenwood U.S.A,Nylon Carrying Case for TK-3230,,Compatible with:  TK-3230,,,KLH-150
26334,Two Way Radio Carrying Cases,KLH-187,KLH-187,,E:\IMAGES\ITEMS\product\K\L\kenwood-usa-klh-187-klh-187.jpg,Kenwood U.S.A,Nylon Carrying Case,,,,,KLH-187
26334,Two Way Radio Carrying Cases,KLH-65SW,KLH-65SW,,E:\IMAGES\ITEMS\product\K\L\kenwood-usa-klh-65sw-klh-65sw.jpg,Kenwood U.S.A,,,,,,KLH-65SW
26334,Two Way Radio Carrying Cases,KLH-83B,KLH-83B,,E:\IMAGES\ITEMS\product\K\L\kenwood-usa-klh-83b-klh-83b.jpg,Kenwood U.S.A,,,,,,KLH-83B
26334,Two Way Radio Carrying Cases,KLH-84B,KLH-84B,,E:\IMAGES\ITEMS\product\K\L\kenwood-usa-klh-84b-klh-84b.jpg,Kenwood U.S.A,,,,,,KLH-84B
26334,Two Way Radio Carrying Cases,KWR-1,KWR-1,,E:\IMAGES\ITEMS\product\K\W\kenwood-usa-kwr-1-kwr-1.jpg,Kenwood U.S.A,,,,,,KWR-1
26332,Two Way Radio Accessories,KCS-35,KCS-35,,E:\IMAGES\ITEMS\product\K\C\kenwood-usa-kcs-35-kcs-35.jpg,Kenwood U.S.A,Fast rate single unit charger for KNB-45L Li-Ion battery,,Compatible with:  Compatible with the KNB-45L,,,KCS-35
26332,Two Way Radio Accessories,KCS-43,KCS-43,,E:\IMAGES\ITEMS\product\K\C\kenwood-usa-kcs-43-kcs-43.jpg,Kenwood U.S.A,Li-Ion Charger for TK-3230…KSC-43 Dual Chemistry Compatible with KNB-29N and KNB-45L Batteries,,Compatible with:  TK-3230,,,KCS-43
26332,Two Way Radio Accessories,KMB-27,KMB-27,,E:\IMAGES\ITEMS\product\K\M\kenwood-usa-kmb-27-kmb-27.jpg,Kenwood U.S.A,Low profile six unit charger adapter for the KSC-28 &amp; KSC-37 (chgrs not included),,Compatible with:  KSC-28/KSC-37,,,KMB-27
26332,Two Way Radio Accessories,KMB-28,KMB-28,,E:\IMAGES\ITEMS\product\K\M\kenwood-usa-kmb-28-kmb-28.jpg,Kenwood U.S.A,Low profile six unit charger adapter for the KSC-37 (chgrs not included),,Compatible with:  KSC-35K,,,KMB-28
26332,Two Way Radio Accessories,KSC-37,KSC-37,,E:\IMAGES\ITEMS\product\K\S\kenwood-usa-ksc-37-ksc-37.jpg,Kenwood U.S.A,Fast rate single unit charger for KNB-45L Li-Ion battery,,Compatible with:  Compatible with the KNB-46L,,,KSC-37
26336,Two Way Radio Microphones,G31 Series Ear Hook Lapel Microphone,G31 Series Ear Hook Lapel Microphone,,E:\IMAGES\ITEMS\product\G\3\kenwood-usa-g31-series-ear-hook-lapel-microphone-g31-series-ear-hook-lapel-microphone.jpg,Kenwood U.S.A,Clear Two-Way Transmission,,Compatible with:  All TK Models,,,G31 Series Ear Hook Lapel Microphone
26336,Two Way Radio Microphones,"G32 Series ""G"" Ear Hook Lapel Microphone","G32 Series ""G"" Ear Hook Lapel Microphone",,E:\IMAGES\ITEMS\product\G\3\kenwood-usa-g32-series-g-ear-hook-lapel-microphone-g32-series-g-ear-hook-lapel-microphone.jpg,Kenwood U.S.A,Enhanced Noise Reducing Design,,Compatible with:  All TK Models,,,"G32 Series ""G"" Ear Hook Lapel Microphone"
26336,Two Way Radio Microphones,"G35 Series ""D"" Ring Lapel Microphone","G35 Series ""D"" Ring Lapel Microphone",,E:\IMAGES\ITEMS\product\G\3\kenwood-usa-g35-series-d-ring-lapel-microphone-g35-series-d-ring-lapel-microphone.jpg,Kenwood U.S.A,Kevlar Reinforced Cable,,Compatible with:  All TK Models,,,"G35 Series ""D"" Ring Lapel Microphone"
26335,Two Way Radio Headsets,KHS-10BH,KHS-10BH,,E:\IMAGES\ITEMS\product\K\H\kenwood-usa-khs-10bh-khs-10bh.jpg,Kenwood U.S.A,Heavy-duty noise reduction behind-the-headset with noise cancelling boom microphone &amp; in-line PTT (black),,Compatible with:  All TK Models,,,KHS-10BH
26335,Two Way Radio Headsets,KHS-22,KHS-22,,E:\IMAGES\ITEMS\product\K\H\kenwood-usa-khs-22-khs-22.jpg,Kenwood U.S.A,"Headset behind the head with flexible boom microphone, in-line PTT, single ear receiver, low profile wire headband",,Compatible with:  All TK Models,,,KHS-22
26336,Two Way Radio Microphones,KHS-25,KHS-25,,E:\IMAGES\ITEMS\product\K\H\kenwood-usa-khs-25-khs-25.jpg,Kenwood U.S.A,D-Ring ear hanger with PTT &amp; Boom microphone,,Compatible with:  All TK Models,,,KHS-25
26336,Two Way Radio Microphones,KHS-26,KHS-26,,E:\IMAGES\ITEMS\product\K\H\kenwood-usa-khs-26-khs-26.jpg,Kenwood U.S.A,D-Ring ear hanger with PTT &amp; Boom microphone,,Compatible with:  All TK Models,,,KHS-26
26336,Two Way Radio Microphones,KHS-27,KHS-27,,E:\IMAGES\ITEMS\product\K\H\kenwood-usa-khs-27-khs-27.jpg,Kenwood U.S.A,D-Ring ear hanger with PTT &amp; Boom microphone,,Compatible with:  All TK Models,,,KHS-27
26336,Two Way Radio Microphones,KHS-31,KHS-31,,E:\IMAGES\ITEMS\product\K\H\kenwood-usa-khs-31-khs-31.jpg,Kenwood U.S.A,Two-Wire palm microphone with earphone (beige),,Compatible with:  All TK Models,,,KHS-31
26336,Two Way Radio Microphones,KHS-33 Ear Bud,KHS-33 Ear Bud,,E:\IMAGES\ITEMS\product\K\H\kenwood-usa-khs-33-ear-bud-khs-33-ear-bud.jpg,Kenwood U.S.A,Ear Bud with In-Line PTT,,Compatible with:  PKT-23 ONLY,,,KHS-33 Ear Bud
26335,Two Way Radio Headsets,KHS-34 C-Ring Ear Hanger,KHS-34 C-Ring Ear Hanger,,E:\IMAGES\ITEMS\product\K\H\kenwood-usa-khs-34-c-ring-ear-hanger-khs-34-c-ring-ear-hanger.jpg,Kenwood U.S.A,C-Ring ear hanger with In-Line PTT,,Compatible with:  PKT-23 ONLY,,,KHS-34 C-Ring Ear Hanger
26335,Two Way Radio Headsets,KHS-7A,KHS-7A,,E:\IMAGES\ITEMS\product\K\H\kenwood-usa-khs-7a-khs-7a.jpg,Kenwood U.S.A,Lt. Wt single muff headset with boom microphone &amp; in-line PTT (black),,Compatible with:  All TK Models,,,KHS-7A
26336,Two Way Radio Microphones,KHS-8BL,KHS-8BL,,E:\IMAGES\ITEMS\product\K\H\kenwood-usa-khs-8bl-khs-8bl.jpg,Kenwood U.S.A,Two-Wire palm microphone with earphone (black),,Compatible with:  All TK Models,,,KHS-8BL
26336,Two Way Radio Microphones,KHS-9BE,KHS-9BE,,E:\IMAGES\ITEMS\product\K\H\kenwood-usa-khs-9be-khs-9be.jpg,Kenwood U.S.A,Three-Wire lapel microphone with earphone (beige),,Compatible with:  All TK Models,,,KHS-9BE
26336,Two Way Radio Microphones,KHS-9BL,KHS-9BL,,E:\IMAGES\ITEMS\product\K\H\kenwood-usa-khs-9bl-khs-9bl.jpg,Kenwood U.S.A,Three-Wire lapel microphone with earphone (black),,Compatible with:  All TK Models,,,KHS-9BL
26336,Two Way Radio Microphones,KMC-21,KMC-21,,E:\IMAGES\ITEMS\product\K\M\kenwood-usa-kmc-21-kmc-21.jpg,Kenwood U.S.A,Compact speaker microphone,,Compatible with:  All TK Models,,,KMC-21
26336,Two Way Radio Microphones,T21 Series One-Wire Surveillance Microphone,T21 Series One-Wire Surveillance Microphone,,E:\IMAGES\ITEMS\product\T\2\kenwood-usa-t21-series-one-wire-surveillance-microphone-t21-series-one-wire-surveillance-microphone.jpg,Kenwood U.S.A,Knowles Microphone,,Compatible with:  All TK Models,,,T21 Series One-Wire Surveillance Microphone
26337,Two Way Radio Repeaters,Kenwood NXR-810MPSD,Kenwood NXR-810MPSD,,E:\IMAGES\ITEMS\product\K\e\kenwood-usa-kenwood-nxr-810mpsd-kenwood-nxr-810mpsd.jpg,Kenwood U.S.A,,,"151 - 159 MHz, 50W 450 - 470 MHz, 40W 25 / 25W @ 100% Duty Repeater Operation 30 CH Scanning Base Two-Digit LED Display 6 Lighted Programmable Function keys Front Panel Speaker 4W External Speaker Audio Volume Control Programmable AUX I/O’s Power Supply Voltage Monitor RF Power Down Detect PC Serial Interface Windows® PC programming Flash Firmware Upgrading",,,Kenwood NXR-810MPSD
26338,Two Way Radios,NX-240VP/340UP,Kenwood NX-240VP/340UP,,E:\IMAGES\ITEMS\product\N\X\kenwood-usa-nx-240vp340up-kenwood-nx-240vp340up.jpg,Kenwood U.S.A,"The NX-240VP/340UP series is effectively two radios in one – analog and digital – operating on 12.5kHz in analog zones, and on 6.25kHz NXDN® in digital zones. For convenience, a PF key can be used to switch between zones.",,"NX-240VP/340UP series radios employ NXDN®, an FDMA digital air interface with AMBE+2TM voice coding technology, unique filtering and a 4-level FSK modulation technique with low bit error rate (BER) even at weak RF signal strengths. As RF signal strength weakens with distance, analog reception becomes increasingly noisy and intermittent. NXDN®’s low BER improves reception in fringe areas, thereby “effectively” increasing coverage as much as 20% over analog.  Users can program a ProTalk® to any of the pre-stored frequencies, QT/DQT analog codes, RAN digital codes, thus assuring compatibility with other brands. The ProTalk® digital VHF NX-240V16P/P2 16-channel model has 27 pre-stored frequencies while the ProTalk® digital UHF NX-340U16P/P2 16-channel model has 99. Both models have 39 QT tones and 168 DQT codes in analog mode and 64 RAN codes in digital mode.   Voice Annunciation Battery Save Channel Confirmation Mode B.C.L. (Busy Channel Lockout) Key Lock 4-color LEDs (blue, red, orange, green) Scan Del/Add KENWOOD ESN (Electronic Serial Number) Adjustable Microphone Gain (by FPU): High/Normal/Low Time-Out Timer Low Battery Warning Pre-set Frequencies: 27 (151-159 MHz), 99 (451-470 MHz) Number of Channels: 32 Zones: 2 Max. Channels per Zone: 16 Channel Spacing Analog: 12.5 kHz Digital: 6.25 kHz Operating Voltage: 7.5V DC ± 20% Battery Life (5-5-90 during hi-power battery saver: OFF/ON with KNB-45L (2000mAh): Approx. 10/12 hours  Operating Temperature Range*: -22 ° F ~ +140 ° F (-30 ° C ~ +60 ° C) Frequency Stability: ± 2.0 ppm ± 1.0 ppm Antenna Impedance: 50 O Dimensions (W x H x D) with KNB-45L: 2.13 x 4.8 x 1.39 in (54 x 122 x 35.3 mm) Projections Not Included Weight (net) Radio Only: 5.8 oz (165 g) Weight (net) with KNB-45L: 9.9 oz (281 g)",,,Kenwood NX-240VP/340UP
26338,Two Way Radios,TK-3230DX,Kenwood TK-3230DX,,E:\IMAGES\ITEMS\product\T\K\kenwood-usa-tk-3230dx-kenwood-tk-3230dx.jpg,Kenwood U.S.A,"1.5 Watts of Power Heavy Duty, meets tough MIL-STD810 C/D/E/F 6 Channels 39-QT/83-DQT Coded Squelch Super Lock (Manager Lock Key) Scan Function 2000 mAh Lithium Battery (18 hours with battery save on) Package includes radio, battery, charger, belt clip and antenna 2 year warranty",,,,,Kenwood TK-3230DX
26338,Two Way Radios,NX-P500K,Kenwood NX-P500,,E:\IMAGES\ITEMS\product\N\X\kenwood-usa-nx-p500k-kenwood-nx-p500.jpg,Kenwood U.S.A,"The NX-P500 is a small, light and powerful UHF digital transceiver with mixed mode capability allowing for digital and analog communications for interoperability. This promotes a simple method for transitioning to digital operations at your own pace. Ideal for business, retail, hospitality, education and the restaurant industry. Put your employees in touch with each other instantly and raise the level of communication for better service. A stronger collaboration through communication increases team work quality.",,Dual Mode NXDN Digital & FM Analog UHF 2 Watt Transmit Power Small (1.97” W x 3.70” H x 1.07” D) & Lightweight (5.6 oz) Li-Ion battery with over 15 Hours (w/Save On) Talk Time (5/5/90 duty cycle) 750 mW Loud Speaker High Brightness LCD Display 7-color LED Indicator IP67 Dust & Immersion / MIL-STD-810 C/D/E/F/G 6 Channel Operation (Factory pre-set) 99 User-Programmable Memory Bank Frequencies Digital/Analog Mixed Mode Operation Individual Call / Group Call Second PTT Channel Scan NXDN Digital Scrambler Repeater Mode Wireless Cloning Mode Key Lock/Super Lock User Programmable QT (45) and DQT (174) Signaling Compander FleetSync® LCD Battery Meter & Low Battery Alert VOX (Voice-activated transmit) Time Out Timer Free Programming Software (KPG-D5) FCC License required,,,Kenwood NX-P500
