﻿category_ids,category_names,sku,meta_title,meta_description,Image,manufacturer,description,short_description,summary,upc,size_info,meta_keyword
1326|19789,Cleaning Supplies|Recycled Trash Bags and Liners,55030,55 gal Drum Liner,"2' 11-3/4"" x 4' 5-7/8"" x 1 Mil.",E:\IMAGES\ITEMS\product\5\5\55030-Poly-America-Inc-55-gal-Drum.jpg,Poly-America Inc,"2' 11-3/4"" x 4' 5-7/8"" x 1 Mil.",ONE-BY-ONE DISPENSING TRUE TIE FLAPS 30 Bags - Boxed Cap. Gals.=55 Color=Black,,,55030 Poly-America Inc 55 gal Drum Liner,55 gal Drum Liner
417|24122,Poly|Drop Cloths,CF0820C,Polyethylene Sheeting,,E:\IMAGES\ITEMS\product\C\F\poly-america-inc-cf0820c-polyethylene-sheeting.jpg,Poly-America Inc,Polyethylene Sheeting,"Clear Polyethylene Sheeting Clear polyethylene sheeting comes on rolls up to 200 ft. in length. This plastic sheeting is commonly used as a vapor barrier, a drop cloth, or to cover and protect a variety of items.","Description All rolls come on a 3” core, and up to a 6 mil thickness. Our clear sheeting comes with a milky transparency that is easy to see through. All sheeting comes folded in half on the roll.   All orders over 5 rolls come with quantity based pricing that offers great discounts from website prices. We can have custom sizes made with a minimum order required. Call our sales department to inquire about this product or any other packaging products we offer. Product Details:   Product CodeRoll SizeThickness  CF0820C20'X100' (2000ft2)8 Mil",73257051972.0,,Polyethylene Sheeting
417|24122,Poly|Drop Cloths,CF0610C,Polyethylene Sheeting,,E:\IMAGES\ITEMS\product\C\F\poly-america-inc-cf0610c-polyethylene-sheeting.jpg,Poly-America Inc,Polyethylene Sheeting,"Clear Polyethylene Sheeting Clear polyethylene sheeting comes on rolls up to 200 ft. in length. This plastic sheeting is commonly used as a vapor barrier, a drop cloth, or to cover and protect a variety of items.","Description All rolls come on a 3” core, and up to a 6 mil thickness. Our clear sheeting comes with a milky transparency that is easy to see through. All sheeting comes folded in half on the roll.   All orders over 5 rolls come with quantity based pricing that offers great discounts from website prices. We can have custom sizes made with a minimum order required. Call our sales department to inquire about this product or any other packaging products we offer. Product Details:   Product CodeRoll SizeThicknessWeight  CF0610C10'X100' (1000ft2)6 Mil30 LBS",73257051651.0,,Polyethylene Sheeting
417|24122,Poly|Drop Cloths,CF0410C,Polyethylene Sheeting,,E:\IMAGES\ITEMS\product\C\F\poly-america-inc-cf0410c-polyethylene-sheeting.jpg,Poly-America Inc,Polyethylene Sheeting,"Clear Polyethylene Sheeting Clear polyethylene sheeting comes on rolls up to 200 ft. in length. This plastic sheeting is commonly used as a vapor barrier, a drop cloth, or to cover and protect a variety of items.","Description All rolls come on a 3” core, and up to a 6 mil thickness. Our clear sheeting comes with a milky transparency that is easy to see through. All sheeting comes folded in half on the roll.   All orders over 5 rolls come with quantity based pricing that offers great discounts from website prices. We can have custom sizes made with a minimum order required. Call our sales department to inquire about this product or any other packaging products we offer. Product Details:   Product CodeRoll SizeThicknessWeight  CF0410C10'X100' (1000ft2)4 Mil19 LBS",73257009355.0,,Polyethylene Sheeting
417|24122,Poly|Drop Cloths,CF0412C,Polyethylene Sheeting,,E:\IMAGES\ITEMS\product\C\F\poly-america-inc-cf0412c-polyethylene-sheeting.jpg,Poly-America Inc,Polyethylene Sheeting,"Clear Polyethylene Sheeting Clear polyethylene sheeting comes on rolls up to 200 ft. in length. This plastic sheeting is commonly used as a vapor barrier, a drop cloth, or to cover and protect a variety of items.","Description All rolls come on a 3” core, and up to a 6 mil thickness. Our clear sheeting comes with a milky transparency that is easy to see through. All sheeting comes folded in half on the roll.   All orders over 5 rolls come with quantity based pricing that offers great discounts from website prices. We can have custom sizes made with a minimum order required. Call our sales department to inquire about this product or any other packaging products we offer. Product Details:   Product CodeRoll SizeThicknessWeight  CF0412C12'X100' (1200ft2)4 Mil25 LBS",73257050869.0,,Polyethylene Sheeting
417|24122,Poly|Drop Cloths,CF0640B,Polyethylene Sheeting,,E:\IMAGES\ITEMS\product\C\F\poly-america-inc-cf0640b-polyethylene-sheeting.jpg,Poly-America Inc,Polyethylene Sheeting,"Clear Polyethylene Sheeting Clear polyethylene sheeting comes on rolls up to 200 ft. in length. This plastic sheeting is commonly used as a vapor barrier, a drop cloth, or to cover and protect a variety of items.","Description All rolls come on a 3” core, and up to a 6 mil thickness. Our clear sheeting comes with a milky transparency that is easy to see through. All sheeting comes folded in half on the roll.   All orders over 5 rolls come with quantity based pricing that offers great discounts from website prices. We can have custom sizes made with a minimum order required. Call our sales department to inquire about this product or any other packaging products we offer. Product Details:   Product CodeRoll SizeThickness  CF0640B40'X100' (4000ft2)6 Mil",73257051941.0,,Polyethylene Sheeting
417|24122,Poly|Drop Cloths,CFFR0620,Polyethylene Sheeting,,E:\IMAGES\ITEMS\product\C\F\poly-america-inc-cffr0620-polyethylene-sheeting.jpg,Poly-America Inc,Polyethylene Sheeting,"Clear Polyethylene Sheeting Clear polyethylene sheeting comes on rolls up to 200 ft. in length. This plastic sheeting is commonly used as a vapor barrier, a drop cloth, or to cover and protect a variety of items.","Description All rolls come on a 3” core, and up to a 6 mil thickness. Our clear sheeting comes with a milky transparency that is easy to see through. All sheeting comes folded in half on the roll.   All orders over 5 rolls come with quantity based pricing that offers great discounts from website prices. We can have custom sizes made with a minimum order required. Call our sales department to inquire about this product or any other packaging products we offer. Product Details:   Product CodeRoll SizeThickness  CFFR062020'X100' (2000ft2)6 Mil",73257051859.0,,Polyethylene Sheeting
417|24122,Poly|Drop Cloths,CF0612C,Polyethylene Sheeting - Clear,,E:\IMAGES\ITEMS\product\C\F\poly-america-inc-cf0612c-polyethylene-sheeting-clear.jpg,Poly-America Inc,Polyethylene Sheeting - Clear,"Clear Polyethylene Sheeting Clear polyethylene sheeting comes on rolls up to 200 ft. in length. This plastic sheeting is commonly used as a vapor barrier, a drop cloth, or to cover and protect a variety of items.","Description All rolls come on a 3” core, and up to a 6 mil thickness. Our clear sheeting comes with a milky transparency that is easy to see through. All sheeting comes folded in half on the roll.   All orders over 5 rolls come with quantity based pricing that offers great discounts from website prices. We can have custom sizes made with a minimum order required. Call our sales department to inquire about this product or any other packaging products we offer. Product Details:   Product CodeRoll SizeThickness  CF0612C12'X100' (1200ft2)6 Mil",73257051705.0,Finish - Clear,Polyethylene Sheeting - Clear
417|24122,Poly|Drop Cloths,CF0612B,Polyethylene Sheeting - Black,,E:\IMAGES\ITEMS\product\C\F\poly-america-inc-cf0612b-polyethylene-sheeting-black.jpg,Poly-America Inc,Polyethylene Sheeting - Black,"Clear Polyethylene Sheeting Clear polyethylene sheeting comes on rolls up to 200 ft. in length. This plastic sheeting is commonly used as a vapor barrier, a drop cloth, or to cover and protect a variety of items.","Description All rolls come on a 3” core, and up to a 6 mil thickness. Our clear sheeting comes with a milky transparency that is easy to see through. All sheeting comes folded in half on the roll.   All orders over 5 rolls come with quantity based pricing that offers great discounts from website prices. We can have custom sizes made with a minimum order required. Call our sales department to inquire about this product or any other packaging products we offer. Product Details:   Product CodeRoll SizeThickness  CF0612B12'X100' (1200ft2)6 Mil",73257051699.0,Finish - Black,Polyethylene Sheeting - Black
417|24122,Poly|Drop Cloths,CF0406C,Polyethylene Sheeting - Clear,,E:\IMAGES\ITEMS\product\C\F\poly-america-inc-cf0406c-polyethylene-sheeting-clear.jpg,Poly-America Inc,Polyethylene Sheeting - Clear,"Clear Polyethylene Sheeting Clear polyethylene sheeting comes on rolls up to 200 ft. in length. This plastic sheeting is commonly used as a vapor barrier, a drop cloth, or to cover and protect a variety of items.","Description All rolls come on a 3” core, and up to a 6 mil thickness. Our clear sheeting comes with a milky transparency that is easy to see through. All sheeting comes folded in half on the roll.   All orders over 5 rolls come with quantity based pricing that offers great discounts from website prices. We can have custom sizes made with a minimum order required. Call our sales department to inquire about this product or any other packaging products we offer. Product Details:   Product CodeRoll SizeThicknessWeight  CF0406C6'X100' (600ft2)4 Mil12 LBS",73257050722.0,Finish - Clear,Polyethylene Sheeting - Clear
417|24122,Poly|Drop Cloths,CF0406CSB,Polyethylene Sheeting - Clear,,E:\IMAGES\ITEMS\product\C\F\poly-america-inc-cf0406csb-polyethylene-sheeting-clear.jpg,Poly-America Inc,Polyethylene Sheeting - Clear,"Clear Polyethylene Sheeting Clear polyethylene sheeting comes on rolls up to 200 ft. in length. This plastic sheeting is commonly used as a vapor barrier, a drop cloth, or to cover and protect a variety of items.","Description All rolls come on a 3” core, and up to a 6 mil thickness. Our clear sheeting comes with a milky transparency that is easy to see through. All sheeting comes folded in half on the roll.   All orders over 5 rolls come with quantity based pricing that offers great discounts from website prices. We can have custom sizes made with a minimum order required. Call our sales department to inquire about this product or any other packaging products we offer. Product Details:   Product CodeRoll SizeThicknessWeight  CF0406CSB6'X100' (600ft2)4 Mil12 LBS",,Finish - Clear Short Box,Polyethylene Sheeting - Clear
417|24122,Poly|Drop Cloths,CF0420B,Polyethylene Sheeting - Black,,E:\IMAGES\ITEMS\product\C\F\poly-america-inc-cf0420b-polyethylene-sheeting-black.jpg,Poly-America Inc,Polyethylene Sheeting - Black,"Clear Polyethylene Sheeting Clear polyethylene sheeting comes on rolls up to 200 ft. in length. This plastic sheeting is commonly used as a vapor barrier, a drop cloth, or to cover and protect a variety of items.","Description All rolls come on a 3” core, and up to a 6 mil thickness. Our clear sheeting comes with a milky transparency that is easy to see through. All sheeting comes folded in half on the roll.   All orders over 5 rolls come with quantity based pricing that offers great discounts from website prices. We can have custom sizes made with a minimum order required. Call our sales department to inquire about this product or any other packaging products we offer. Product Details:   Product CodeRoll SizeThicknessWeight  CF0420B20'X100' (2000ft2)4 Mil36 LBS",73257051019.0,Finish - Black,Polyethylene Sheeting - Black
417|24122,Poly|Drop Cloths,CF0220-200C,Polyethylene Sheeting,,E:\IMAGES\ITEMS\product\C\F\poly-america-inc-cf0220-200c-polyethylene-sheeting.jpg,Poly-America Inc,Polyethylene Sheeting,"Clear Polyethylene Sheeting Clear polyethylene sheeting comes on rolls up to 200 ft. in length. This plastic sheeting is commonly used as a vapor barrier, a drop cloth, or to cover and protect a variety of items.","Description All rolls come on a 3” core, and up to a 6 mil thickness. Our clear sheeting comes with a milky transparency that is easy to see through. All sheeting comes folded in half on the roll.   All orders over 5 rolls come with quantity based pricing that offers great discounts from website prices. We can have custom sizes made with a minimum order required. Call our sales department to inquire about this product or any other packaging products we offer. Product Details:   Product CodeRoll SizeThickness  CF0220-200C20'X200' (4000ft2)2 Mil",,,Polyethylene Sheeting
417|24122,Poly|Drop Cloths,CF1020B,Polyethylene Sheeting,,E:\IMAGES\ITEMS\product\C\F\poly-america-inc-cf1020b-polyethylene-sheeting.jpg,Poly-America Inc,Polyethylene Sheeting,"Clear Polyethylene Sheeting Clear polyethylene sheeting comes on rolls up to 200 ft. in length. This plastic sheeting is commonly used as a vapor barrier, a drop cloth, or to cover and protect a variety of items.","Description All rolls come on a 3” core, and up to a 6 mil thickness. Our clear sheeting comes with a milky transparency that is easy to see through. All sheeting comes folded in half on the roll.   All orders over 5 rolls come with quantity based pricing that offers great discounts from website prices. We can have custom sizes made with a minimum order required. Call our sales department to inquire about this product or any other packaging products we offer. Product Details:   Product CodeRoll SizeThickness  CF1020B20'X100' (2000ft2)10 Mil",73257250122.0,,Polyethylene Sheeting
417|24122,Poly|Drop Cloths,CF0440C,Polyethylene Sheeting,,E:\IMAGES\ITEMS\product\C\F\poly-america-inc-cf0440c-polyethylene-sheeting.jpg,Poly-America Inc,Polyethylene Sheeting,"Clear Polyethylene Sheeting Clear polyethylene sheeting comes on rolls up to 200 ft. in length. This plastic sheeting is commonly used as a vapor barrier, a drop cloth, or to cover and protect a variety of items.","Description All rolls come on a 3” core, and up to a 6 mil thickness. Our clear sheeting comes with a milky transparency that is easy to see through. All sheeting comes folded in half on the roll.   All orders over 5 rolls come with quantity based pricing that offers great discounts from website prices. We can have custom sizes made with a minimum order required. Call our sales department to inquire about this product or any other packaging products we offer. Product Details:   Product CodeRoll SizeThickness  CF0440C40'X100' (4000ft2)4 Mil",73257051156.0,,Polyethylene Sheeting
417|24122,Poly|Drop Cloths,CF0616C,Polyethylene Sheeting,,E:\IMAGES\ITEMS\product\C\F\poly-america-inc-cf0616c-polyethylene-sheeting.jpg,Poly-America Inc,Polyethylene Sheeting,"Clear Polyethylene Sheeting Clear polyethylene sheeting comes on rolls up to 200 ft. in length. This plastic sheeting is commonly used as a vapor barrier, a drop cloth, or to cover and protect a variety of items.","Description All rolls come on a 3” core, and up to a 6 mil thickness. Our clear sheeting comes with a milky transparency that is easy to see through. All sheeting comes folded in half on the roll.   All orders over 5 rolls come with quantity based pricing that offers great discounts from website prices. We can have custom sizes made with a minimum order required. Call our sales department to inquire about this product or any other packaging products we offer. Product Details:   Product CodeRoll SizeThicknessWeight  CF0616C16'X100' (1600ft2)6 Mil45 LBS",73257051774.0,,Polyethylene Sheeting
417|24122,Poly|Drop Cloths,CF0606C,Polyethylene Sheeting,,E:\IMAGES\ITEMS\product\C\F\poly-america-inc-cf0606c-polyethylene-sheeting.jpg,Poly-America Inc,Polyethylene Sheeting,"Clear Polyethylene Sheeting Clear polyethylene sheeting comes on rolls up to 200 ft. in length. This plastic sheeting is commonly used as a vapor barrier, a drop cloth, or to cover and protect a variety of items.","Description All rolls come on a 3” core, and up to a 6 mil thickness. Our clear sheeting comes with a milky transparency that is easy to see through. All sheeting comes folded in half on the roll.   All orders over 5 rolls come with quantity based pricing that offers great discounts from website prices. We can have custom sizes made with a minimum order required. Call our sales department to inquire about this product or any other packaging products we offer. Product Details:   Product CodeRoll SizeThicknessWeight  CF0606C6'X100' (600ft2)6 Mil19 LBS",73257051583.0,,Polyethylene Sheeting
417|24122,Poly|Drop Cloths,CF0624C,Polyethylene Sheeting,,E:\IMAGES\ITEMS\product\C\F\poly-america-inc-cf0624c-polyethylene-sheeting.jpg,Poly-America Inc,Polyethylene Sheeting,"Clear Polyethylene Sheeting Clear polyethylene sheeting comes on rolls up to 200 ft. in length. This plastic sheeting is commonly used as a vapor barrier, a drop cloth, or to cover and protect a variety of items.","Description All rolls come on a 3” core, and up to a 6 mil thickness. Our clear sheeting comes with a milky transparency that is easy to see through. All sheeting comes folded in half on the roll.   All orders over 5 rolls come with quantity based pricing that offers great discounts from website prices. We can have custom sizes made with a minimum order required. Call our sales department to inquire about this product or any other packaging products we offer. Product Details:   Product CodeRoll SizeThickness  CF0624C24'X100' (2400ft2)6 Mil",73257051873.0,,Polyethylene Sheeting
417|24122,Poly|Drop Cloths,CF0416C,Polyethylene Sheeting,,E:\IMAGES\ITEMS\product\C\F\poly-america-inc-cf0416c-polyethylene-sheeting.jpg,Poly-America Inc,Polyethylene Sheeting,"Clear Polyethylene Sheeting Clear polyethylene sheeting comes on rolls up to 200 ft. in length. This plastic sheeting is commonly used as a vapor barrier, a drop cloth, or to cover and protect a variety of items.","Description All rolls come on a 3” core, and up to a 6 mil thickness. Our clear sheeting comes with a milky transparency that is easy to see through. All sheeting comes folded in half on the roll.   All orders over 5 rolls come with quantity based pricing that offers great discounts from website prices. We can have custom sizes made with a minimum order required. Call our sales department to inquire about this product or any other packaging products we offer. Product Details:   Product CodeRoll SizeThickness  CF0416C16'X100' (1600ft2)4 Mil",73257050982.0,,Polyethylene Sheeting
417|24122,Poly|Drop Cloths,CF00709-0400C,Polyethylene Sheeting,,E:\IMAGES\ITEMS\product\C\F\poly-america-inc-cf00709-0400c-polyethylene-sheeting.jpg,Poly-America Inc,Polyethylene Sheeting,"Clear Polyethylene Sheeting Clear polyethylene sheeting comes on rolls up to 200 ft. in length. This plastic sheeting is commonly used as a vapor barrier, a drop cloth, or to cover and protect a variety of items.","Description All rolls come on a 3” core, and up to a 6 mil thickness. Our clear sheeting comes with a milky transparency that is easy to see through. All sheeting comes folded in half on the roll.   All orders over 5 rolls come with quantity based pricing that offers great discounts from website prices. We can have custom sizes made with a minimum order required. Call our sales department to inquire about this product or any other packaging products we offer. Product Details:   Product CodeRoll SizeThickness  CF00709-0400C9'X1000' (1600ft2)7 Mil",,,Polyethylene Sheeting
417|24122,Poly|Drop Cloths,CF0408CL,Polyethylene Sheeting,,E:\IMAGES\ITEMS\product\C\F\poly-america-inc-cf0408cl-polyethylene-sheeting.jpg,Poly-America Inc,Polyethylene Sheeting,"Clear Polyethylene Sheeting Clear polyethylene sheeting comes on rolls up to 200 ft. in length. This plastic sheeting is commonly used as a vapor barrier, a drop cloth, or to cover and protect a variety of items.","Description All rolls come on a 3” core, and up to a 6 mil thickness. Our clear sheeting comes with a milky transparency that is easy to see through. All sheeting comes folded in half on the roll.   All orders over 5 rolls come with quantity based pricing that offers great discounts from website prices. We can have custom sizes made with a minimum order required. Call our sales department to inquire about this product or any other packaging products we offer. Product Details:   Product CodeRoll SizeThickness  CF0408CL8'X100' (800ft2)4 Mil",,,Polyethylene Sheeting
417|24122,Poly|Drop Cloths,CF02083-200C,Polyethylene Sheeting,,E:\IMAGES\ITEMS\product\C\F\poly-america-inc-cf02083-200c-polyethylene-sheeting.jpg,Poly-America Inc,Polyethylene Sheeting,"Clear Polyethylene Sheeting Clear polyethylene sheeting comes on rolls up to 200 ft. in length. This plastic sheeting is commonly used as a vapor barrier, a drop cloth, or to cover and protect a variety of items.","Description All rolls come on a 3” core, and up to a 6 mil thickness. Our clear sheeting comes with a milky transparency that is easy to see through. All sheeting comes folded in half on the roll.   All orders over 5 rolls come with quantity based pricing that offers great discounts from website prices. We can have custom sizes made with a minimum order required. Call our sales department to inquire about this product or any other packaging products we offer. Product Details:   Product CodeRoll SizeThickness  CF02083-200C8'4X100' (1666.7ft2)2 Mil",,,Polyethylene Sheeting
417|24122,Poly|Drop Cloths,CF0608C,Polyethylene Sheeting,,E:\IMAGES\ITEMS\product\C\F\poly-america-inc-cf0608c-polyethylene-sheeting.jpg,Poly-America Inc,Polyethylene Sheeting,"Clear Polyethylene Sheeting Clear polyethylene sheeting comes on rolls up to 200 ft. in length. This plastic sheeting is commonly used as a vapor barrier, a drop cloth, or to cover and protect a variety of items.","Description All rolls come on a 3” core, and up to a 6 mil thickness. Our clear sheeting comes with a milky transparency that is easy to see through. All sheeting comes folded in half on the roll.   All orders over 5 rolls come with quantity based pricing that offers great discounts from website prices. We can have custom sizes made with a minimum order required. Call our sales department to inquire about this product or any other packaging products we offer. Product Details:   Product CodeRoll SizeThickness  CF0608C8'X100' (800ft2)6 Mil",73257051606.0,,Polyethylene Sheeting
417|24122,Poly|Drop Cloths,CF0414C,Polyethylene Sheeting,,E:\IMAGES\ITEMS\product\C\F\poly-america-inc-cf0414c-polyethylene-sheeting.jpg,Poly-America Inc,Polyethylene Sheeting,"Clear Polyethylene Sheeting Clear polyethylene sheeting comes on rolls up to 200 ft. in length. This plastic sheeting is commonly used as a vapor barrier, a drop cloth, or to cover and protect a variety of items.","Description All rolls come on a 3” core, and up to a 6 mil thickness. Our clear sheeting comes with a milky transparency that is easy to see through. All sheeting comes folded in half on the roll.   All orders over 5 rolls come with quantity based pricing that offers great discounts from website prices. We can have custom sizes made with a minimum order required. Call our sales department to inquire about this product or any other packaging products we offer. Product Details:   Product CodeRoll SizeThickness  CF0414C14'X100' (1400ft2)4 Mil",73257050913.0,,Polyethylene Sheeting
417|24124,Poly|Surface Protection Films,CFOG1020,Orange Guard - 10M,,E:\IMAGES\ITEMS\product\C\F\poly-america-inc-cfog1020-orange-guard-10m.jpg,Poly-America Inc,Orange Guard - 10M,Husky Orange GuardHusky Orange Guard Concrete Vapor Barrier,"Product Overview The 20 ft. x 100 ft. Orange Guard Concrete Vapor Barrier is known for its ability to withstand jobsite conditions and construction foot traffic. This vapor barrier is designed for projects that involve slabs on-grade that require the mitigation of moisture vapor through the slab. This vapor barrier can cover up to 2,000 sq. ft. 	Premium vapor barrier 	10 mil thick 	Yellow-color 	Ideal for projects that involve slabs on-grade that require the mitigation of moisture vapor through the slab 	Known for its ability to withstand typical jobsite conditions and construction foot traffic 	Super low water vapor transmission rate 	Covers up to 2,000 sq. ft. 	Get the right coverage - click here for Home Depot's buying guide 	Note: Product Packaging may Vary  Product Details:   Product CodeRoll SizeThicknessColor  CFOG102020' X 100' (2000ft2)10 MilOrange",73257008952.0,Thickness - 10M,Orange Guard - 10M
417,Poly,HW181580,Stretch Film,,E:\IMAGES\ITEMS\product\H\W\poly-america-inc-hw181580-stretch-film.jpg,Poly-America Inc,Stretch Film,Stretch FilmPoly America Husky Stretch Film,"Description Stretch wrap film is great for moving, seasonal storage or packing needs Unique adhesive binds securely by sticking to itself leaving your items intact 16 micron thickness Roll Size: 18"" x 1500'",73257190770.0,Stretch Film,Stretch Film
417|23330,Poly|Pallet Covers,PC5242,Pallet Cover,,E:\IMAGES\ITEMS\product\P\C\poly-america-inc-pc5242-pallet-cover.jpg,Poly-America Inc,Pallet Cover,Pallet CoverPoly America PC5242 52 By 42 By 72 By .0015 Pallet Cover.,Description Pallet covers color: clear Plastic covering used to protect material on pallets. Roll Size: 52 inches wide x 42 inches long x 72 inches tall x .0015 inches thick.,73257005050.0,,Pallet Cover
417|26082,"Poly|Barrier, Flagging and Underground Tapes",PT-236C,Poly AM Tape,,E:\IMAGES\ITEMS\product\P\T\poly-america-inc-pt-236c-poly-am-tape.jpg,Poly-America Inc,Poly AM Tape,"Poly AM Tape Floor-safety marking tape is made of heavy-duty poly vinyl with rubber adhesive that sticks tight and removes cleanly. Tape resists abrasion, moisture, common solvents and weather. Ideal for indoor or outdoor marking of traffic areas, physical hazards, emergency zones and work sites.","Description Bright yellow color with thick, black diagonal stripes makes it perfect for color-coding (black/yellow for physical hazards). Flexible backing allows application to curved walls, ducts, low-hanging objects as well as floors. 3"" core is made of 100 percent post-consumer recycled content and is biodegradable. Product Information Roll Size: 2"" x 108"" (36 yd/roll)",,,Poly AM Tape
417|24124,Poly|Surface Protection Films,PDC-1,Plastic Drop Cloth,,E:\IMAGES\ITEMS\product\P\D\poly-america-inc-pdc-1-plastic-drop-cloth.jpg,Poly-America Inc,Plastic Drop Cloth,Plastic Drop ClothPoly America 9-Feet X 12-Feet .5 Mil Poly Roll Drop Cloth,"Product Description  Roll Size; 9' X 12' Thickness: 1 MIL POLY ROLL DROP CLOTH Consumer plastic drop cloth in retail packaging Protects walls, floors and ceilings Individually pacaged for pegboard",,,Plastic Drop Cloth
1326|19703,Cleaning Supplies|Cleaning Supplies Holders,PA3242HD,Trash Bag,,E:\IMAGES\ITEMS\product\P\A\poly-america-inc-pa3242hd-trash-bag.jpg,Poly-America Inc,Trash Bag,Trash BagPoly America 42 Gal Black Trash Bags Box of 32,"Features 	32 bags per box 	Made with super hexene LLDPE, the premium resin in the industry 	SCS certified recycled content claims 	Available with twist tie, drawstring, flaps or handle tie closures 	Sizes: 42 gal 	For recycling programs, there's blue and clear  Specifications	 	Brand: Poly America 	Thickness: 3 mil 	Color: Black 	Capacity: 42 gal 	Material: LLDPE 	Type: Contractor, Heavy Duty 	Standards: SCS Certified 	Length: 48 in 	Width: 33 in",,,Trash Bag
