﻿category_ids,category_names,sku,meta_title,meta_description,Image,manufacturer,description,short_description,summary,upc,size_info,meta_keyword
24867,Screwdriver Bits,HDR,Hex Drive-No Ring Retainer,All Bit Holders Are Manufactured Of Industrial Quality Stainless Steel,E:\IMAGES\ITEMS\product\H\D\Hex-Drive-No-Ring.jpg,"Qualtool, Inc.",All Bit Holders Are Manufactured Of Industrial Quality Stainless Steel,"For 1/4"" Hex Insert Bits For use in all Drywall Drivers.",NON-MAGNETICMAGNETIC OVERALL LENGTHPART NO.OVERALL LENGTHPART NO. 1-7/8'BHE 1/41-7/8'MBHE 1/4,,Hex Drive-No Ring Retainer,Hex Drive-No Ring Retainer
24867,Screwdriver Bits,HDWR,Hex Drive-With Ring Retainer,All Bit Holders Are Manufactured Of Industrial Quality Stainless Steel,E:\IMAGES\ITEMS\product\H\D\Hex-Drive-With-Ring.jpg,"Qualtool, Inc.",All Bit Holders Are Manufactured Of Industrial Quality Stainless Steel,"7/16"" BODY (Non-Magnetic, Magnetic) 3/8 BODY. 7/16"" NOSE (Non-Magnetic, Magnetic) 3/8 BODY (Non-Magnetic, Magnetic)","1/4"" Hex Drive-With Ring Retainer 7/16"" Body      Non-MagneticMagnetic Overall LengthPart No.Overall LengthPart No. 32-5/16""2-1/8""BH1/4BHW1/4BHZ1/432-5/16""2-1/8""MBH 1/4MBHW 1/4 MBHZ 1/4  3/8 Body. 7/16"" Nose     Non-MagneticMagnetic Overall LengthPart No.Overall LengthPart No. 2-1/4""3""BHC1/4BHT1/42-1/4""3""MBHC 1/4MBHT 1/4   3/8 Body     Non-MagneticMagnetic Overall LengthPart No.Overall LengthPart No. 2-7/8""4""6""8""10""12""BHR 1/4BHR 1/4-4BHR 1/4-6BHR 1/4-8BHR 1/4-10BHR 1/4-122-7/8""4""6""8""10""12""MBHR  1/4MBHR  1/4-4MBHR  1/4-6MBHR  1/4-8MBHR  1/4-10MBHR  1/4-12",,Hex Drive-With Ring Retainer,Hex Drive-With Ring Retainer
24867,Screwdriver Bits,HDQ,Hex Drive - Quick Change,All Bit Holders Are Manufactured Of Industrial Quality Stainless Steel,E:\IMAGES\ITEMS\product\H\D\Hex-Drive-Quick.jpg,"Qualtool, Inc.",All Bit Holders Are Manufactured Of Industrial Quality Stainless Steel,"2-3/8"" MBH 1/4-QC (Magnetic)","1/4"" Hex Drive - Quick Change",,Hex Drive - Quick Change,Hex Drive - Quick Change
24867,Screwdriver Bits,HSR,Hex Drive -Screw On Cap With O-Ring,,E:\IMAGES\ITEMS\product\H\S\Hex-Drive-Screw-On-Cap-With-O.jpg,"Qualtool, Inc.",,"7/16"" Body (Non-Magnetic, Magnetic)","1/4"" Hex Drive -Screw On Cap With O-Ring 7/16"" Body   Non-MagneticMagnetic Overall LengthPart No.Overall LengthPart No. 3-1/8""BHM1/43-1/8""MBHM1/4 4""BHM1/4-44""MBHM1/4-4 6""BHM1/4-66""MBHM1/4-6 8""BHM1/4-88""MBHM1/4-8 10""BHM1/4-1010""MBHM1/4-10 12'BHM1/4-1212""MBHM1/4-12 2-7/8""BHN1/42-7/8""MBHN1/4 2-3/8""BH01/42-3/8""MBH01/4",,Hex Drive -Screw On Cap With O-Ring,Hex Drive -Screw On Cap With O-Ring
251|24868,Insert Bits|Nut Setters and Bit Holders,HLD,Hex Drive Locator - Driver - Bit Holder,Magnetic driver keeps screws straight while driving. Uses insert bit.,E:\IMAGES\ITEMS\product\H\L\Hex-Drive-Locator-Driver-Bit.jpg,"Qualtool, Inc.",Magnetic driver keeps screws straight while driving. Uses insert bit.,"4-3/4"" LBH 1/4 (Magnetic)",Hex Drive Locator - Driver - Bit Holder,,Hex Drive Locator - Driver - Bit Holder,Hex Drive Locator - Driver - Bit Holder
251|24867,Insert Bits|Screwdriver Bits,HIB,Hex Insert Bits,,E:\IMAGES\ITEMS\product\H\I\Hex-Insert.jpg,"Qualtool, Inc.",,"For 5/16"" Hex Insert Bits All Bit Holders on this page have Ring Retainers.","1/4"" Hex Drive, 12"" Body     Non-MagneticMagnetic Overall LengthPart No.Overall LengthPart No. 3-3/16""4BH5/163-3/16""4MBH5/16   5/16"" Hex Drive, 12"" Body    Non-MagneticMagnetic Overall LengthPart No.Overall LengthPart No. 3-3/32""5BH1/4 5BH5/163-3/32""5MBH1/4 5MBH5/16",,Hex Insert Bits,Hex Insert Bits
251|24867,Insert Bits|Screwdriver Bits,HSI,Hex Shank Insert Bits,,E:\IMAGES\ITEMS\product\H\S\Hex-Shank-Insert.jpg,"Qualtool, Inc.",,"For 1/4"" Hex Shank Insert Bits","Non-MagneticMagnetic DriveOverall LengthPart No.Overall LengthPart No. 9/32"" 3-3/8"" 9YBH1/43-3/8"" 9YMBH1/4 5/16"" 3-3/8"" 10YBH1/43-3/8""10YMBH1/4",,Hex Shank Insert Bits,Hex Shank Insert Bits
251|24867,Insert Bits|Screwdriver Bits,HSB,Hex Shank Insert Bits HSB,Female Square Drive Bit Holders (with Ring Retainer),E:\IMAGES\ITEMS\product\H\S\Hex-Shank-Insert-Bits.jpg,"Qualtool, Inc.",Female Square Drive Bit Holders (with Ring Retainer),"For 1/4"" and 5/16"" Hex Shank Insert Bits","Non-Magnetic Style   Non-Magnetic Tapered Style     Non-MagneticMagnetic Hex Insert Bit SizeFemale Square DriveOverall LengthPart No.Overall LengthPart No. 1/4""1/4""7/8""250BH 1/42""250MBH 1/4 1/4""3/8""1-1/8""375BHT 1/42-1/16""375MBH 1/4 1/4""1/2""1-3/4""500BHT 1/42-3/4""500MBH 1/4 5/16""3/8""1-1/2""375BHT 5/162-1/2""375MBH 5/16 5/16""1/2""1-3/4""500BHT 5/162-1/2""500MBH 5/16",,Hex Shank Insert Bits HSB,Hex Shank Insert Bits HSB
251|21922,Insert Bits|Screwdriver Bits and Nutsetters,HDN,Hex Insert Drive Nutsetters,Magnetic and Non-Magnetic For driving Hex Head Self Drilling Fasteners & Sheet Metal Screws.,E:\IMAGES\ITEMS\product\H\D\Hex-Insert-Drive.jpg,"Qualtool, Inc.",Magnetic and Non-Magnetic For driving Hex Head Self Drilling Fasteners & Sheet Metal Screws.,,"Broached HexOverall LengthNon-Mag. Part No.Magnetic Part No. 3/16""1-5/32""SHS3/16MSHS3/16 1/14""1-5/32""SHS 1/4MSHS 1/4 5/16""1-5/32""SHS 5/16MSHS5/16 3/8""1-5/32""SHS 3/8MSHS 3/8 7/16""1-1/4""SHS 7/16MSHS 7/16 SHS-SETMSHS-SET",,Hex Insert Drive Nutsetters,Hex Insert Drive Nutsetters
251|21922,Insert Bits|Screwdriver Bits and Nutsetters,HPN,Hex Drive Power Nutsetters - Short,,E:\IMAGES\ITEMS\product\H\P\Hex-Drive-Power-Nutsetters.jpg,"Qualtool, Inc.",,"1/4"" Hex Drive Power Nutsetters - Short","Broached HexOverall LengthNon-Mag. Part No.Magnetic Part No. 3/16""1-5/8""SH 3/16MSH3/16 1/4""1-5/8""SH 1/4MSH 1/4 5/16'1-5/8""SH 5/16WISH 5/16 3/8""1-3/4""SH3/8MSH 3/8 7/16""1 -3/4""SH 7/16MSH 7/16 1/4""2""SH 1/4-2- 1/2""1-3/4""SH1/2MSH 1/2      Broached HexOverall LengthNon-Mag. Part No.Magnetic Part No. 1/4""1-5/8""SHT 1/4MSHT 1/4      Broached HexOverall LengthNon-Mag. Part No.Magnetic Part No. 1/4""2""SHB1/4MSHB 1/4 SH-SET MSH-SET",,Hex Drive Power Nutsetters - Short,Hex Drive Power Nutsetters - Short
251|21922,Insert Bits|Screwdriver Bits and Nutsetters,HPL,Hex Power Drive Nutsetters - Long,,E:\IMAGES\ITEMS\product\H\P\Hex-Power-Drive-Nutsetters.jpg,"Qualtool, Inc.",,"1/4"" Hex Power Drive Nutsetters - Long","Broached HexOverall LengthNon-Mag. Part No.Magnetic Part No. 3/16""42409SHL 3/16MSHL3/16 1/4""2-9/16""SHL 1/4MSHL 1/4 5/16""2-9/16""SHL 5/16MSHL5/16 413412-9/16""SHL 3/8MSHL 3/8 7/16""2-9/16""SHL 7/16MSHL 7/16 1/2""2-9/16""SHL 1/2MSHL 1/2 SHL-SETMSHL-SET",,Hex Power Drive Nutsetters - Long,Hex Power Drive Nutsetters - Long
251|21922,Insert Bits|Screwdriver Bits and Nutsetters,PNE,Hex Drive Power Nutsetters - Extra Long,,E:\IMAGES\ITEMS\product\P\N\Hex-Drive-Power-Nutsetters-Extra.jpg,"Qualtool, Inc.",,"1/4"" Hex Drive Power Nutsetters — Extra Long","Broached HexOverall LengthNon-Mag. Part No.Magnetic Part No. 1/4""4"" SHL 1/4-4 MSHL 1/4-4 6""SHL 1/4-6MSHL 1/4-6 8""SHL 1/4-8MSHL 1/4-8 10""SHL 1/4-10MSHL 1/4-10 12""SHL 1/4-12MSHL 1/4-12 5/16""4""SHL 5/16-4MSHL 5/16-4 6""SHL 5/16-6MSHL 5/16-6 8""SHL 5/16-8MSHL 5/16-8 10""SHL 5/16-10MSHL 5/16-10 12""SHL 5/16-12MSHL 5/16-12 3/8""4""SHL 3/8-4MSHL 3/8-4 6""SHL 3/8-6MSHL 3/8-6 8""SHL 3/8-8MSHL 3/8-8 10""SHL 3/8-10MSHL 3/8-10 12""SHL 3/8-12MSHL 3/8-12 7/16""6""MSHL 7/16-6",,Hex Drive Power Nutsetters - Extra Long,Hex Drive Power Nutsetters - Extra Long
251|24868,Insert Bits|Nut Setters and Bit Holders,HNI,Hex Drive Power Nutsetters — Impact Lobular,"Lobular design engages sides of screws, reduces ""rounding off ideal for use with impact tools.",E:\IMAGES\ITEMS\product\H\N\Hex-Drive-Power-Nutsetters-Impact.jpg,"Qualtool, Inc.","Lobular design engages sides of screws, reduces ""rounding off ideal for use with impact tools.","1/4"" Hex Drive Power Nutsetters — Impact Lobular","Broached HexOverall LengthMagnetic Part No. 3/16""1-5/8""L-MSH 3/16 1/4""1-5/8""L-MSH 1/4 5/16""1-518""L-MSH 5/16 3/8""1-3/4""L-MSH 3/8 7/16""1-3/4""L-MSH 7/16 L-MSH-SET",,Hex Drive Power Nutsetters — Impact Lobular,Hex Drive Power Nutsetters — Impact Lobular
251|21922,Insert Bits|Screwdriver Bits and Nutsetters,PNL,Hex Drive Power Nutsetters — Impact Lobular PNL,"Lobular design engages sides of screws, reduces ""rounding off' ideal for use with impact tools.",E:\IMAGES\ITEMS\product\P\N\Hex-Drive-Power-Nutsetters-Impact-Lobular.jpg,"Qualtool, Inc.","Lobular design engages sides of screws, reduces ""rounding off' ideal for use with impact tools.","1/4"" Hex Drive Power Nutsetters — Impact Lobular","Broached HexOverall LengthMagnetic Part No. 3/16""2-9/16""L-MSHL 3/16 1/4""2-9/16""L-MSHL 1/4 5/16""2-9/16""L-MSHL 5/16 3/8""2-9/16""L-MSHL 3/8 7/16""2-9/16""L-MSHL 7/16 L-MSHL-SET",,Hex Drive Power Nutsetters — Impact Lobular PNL,Hex Drive Power Nutsetters — Impact Lobular PNL
251|21922,Insert Bits|Screwdriver Bits and Nutsetters,DNM,Hex Drive Insert Nutsetters - Metric,,E:\IMAGES\ITEMS\product\D\N\Hex-Drive-Insert-Nutsetters.jpg,"Qualtool, Inc.",,"1/4"" Hex Drive Insert Nutsetters - Metric","Broached HexOverall LengthNon-Mag Part No.Magnetic Part No. 5mm1-1/8"" SHS5M MSHS 5M 6mm1-1/8' SHS6M MSHS 6M 7mm1-1/8' SHS7M MSHS 7M 8mm1-1/8"" SHS8M MSHS 8M 10mm1-1/8'SHS10M MSHS10M SHSM-SETMSHSM-SET",,Hex Drive Insert Nutsetters - Metric,Hex Drive Insert Nutsetters - Metric
251|21922,Insert Bits|Screwdriver Bits and Nutsetters,DPM,Hex Drive Power Nutsetters - Metric,,E:\IMAGES\ITEMS\product\D\P\Hex-Drive-Power-Nutsetters.jpg,"Qualtool, Inc.",,"1/4"" Hex Drive Power Nutsetters — Metric","Broached HexOverall LengthNon-Mag Part No.Magnetic Part No. 5mm1-5/8""SH 5MMSH 5M 5.5mm1-5/8""SH 5.5MMSH 5.5M 6mm1-5/8""SH 6MMSH 6M 7mm1-5/8""SH 7MMSH 7M 8mm1-5/8""SH 8MMSH 8M 10mm1-3/4""SH 10MMSH 10M SHM-SETMSHM-SET      Broached HexOverall LengthNon-Mag Part No.Magnetic Part No. 4mm2-9/16""SHL 4MMSHL 4M 5mm2-9/16""SHL 5MMSHL 5M 5.5mm2-9/16""SHL 5.5MMSHL 5.5M 6mm2-9/16""SHL 6MMSHL 6M 7mm2-9/16""SHL 5MMSHL 7M 8mm2-9/16""SHL 5.5MMSHL 8M 9mm2-9/16""SHL 6MMSHL 9M 10mm2-9/16""SHL 7MMSHL 10M 12mm2-9/16""SHL 8MMSHL 12M 13mm2-9/16""SHL 8MMSHL 13M SHL 9MMSHLM-SET",,Hex Drive Power Nutsetters - Metric,Hex Drive Power Nutsetters - Metric
251|21922,Insert Bits|Screwdriver Bits and Nutsetters,DNN,Hex Power Drive Nutsetters Special Non-Magnetic,"For non-ferrous (non-magnetic) screws (plastic, nylon, stainless, etc.). Screw held by steel C-ring.",E:\IMAGES\ITEMS\product\D\N\Hex-Power-Drive-Nutsetters-Special-Non.jpg,"Qualtool, Inc.","For non-ferrous (non-magnetic) screws (plastic, nylon, stainless, etc.). Screw held by steel C-ring.","1/4"" Hex Power Drive Nutsetters","Broached HexOverall LengthNon-Mag Part No. 1/4""2-9/16""CSHL 1/4 5/16""2-9/16""CSHL 5/16 3/8*2-9/16""CSHL 3/8 7/16""2-9/16""CSHL 7/16 1/2""2-9/16""CSHL 1/2",,Hex Power Drive Nutsetters Special Non-Magnetic,Hex Power Drive Nutsetters Special Non-Magnetic
251|21922,Insert Bits|Screwdriver Bits and Nutsetters,NNM,Hex Drive Nutsetters Non-Magnetic Insert,Replacement Parts for Nutsetter Kit 2010 for use in Battery Drills and Drivers,E:\IMAGES\ITEMS\product\N\N\Hex-Drive-Nutsetters-Non-Magnetic.jpg,"Qualtool, Inc.",Replacement Parts for Nutsetter Kit 2010 for use in Battery Drills and Drivers,"1/4"" Hex Drive Nutsetters Non-Magnetic Insert","Broached HexOverall LengthNon-Mag Part No. 3/16""1-1/4""2011 1/4""1-1/4""2012 9/32""1-1/4""2013 5/16""1-1/4""2014 11/32""1-1/4""2015 3/8""1-1/4""2016 7/16""1-3/8""2017 2010",,Hex Drive Nutsetters Non-Magnetic Insert,Hex Drive Nutsetters Non-Magnetic Insert
251|24867,Insert Bits|Screwdriver Bits,IBP,Hex Shank Insert Bits Phillips,,E:\IMAGES\ITEMS\product\I\B\Hex-Shank-Insert-Bits.jpg,"Qualtool, Inc.",,"1/4"" Hex Shank Insert Bits Phillips","Phillips Bit ChartPOINT #0 - FOR SCREWS #0 & #1POINT #1 - FOR SCREWS #2 THRU #4 This brief chart will help you match the screw size to the proper Phillips point.POINT #2 - FOR SCREWS #5 THRU #10 POINT #3 - FOR SCREWS #12 THRU #16 AND 1/4 POINT #4 - FOR SCREWS 5/16 OR 18 AND LARGER   A Style    Point SizeOverall LengthPart No. 11""250PB1-A 21""250PB2-A 31""250PB3-A    Standard Style    Point SizeOverall LengthPart No. 01""250PB0 11""250PB1 21""250PB2 31""250PB3 21-1/2""250PB2-1.5 12""250PB1-2 22""250PB2-2 32""250PB3-2 22-1/2""250PB2-2.5 23""250PB2-3 00250PB-SET   * Reduced Diameter     Point SizeOverall LengthPart No. 01""*250PBR0 11""*250PBR1 21""*250PBR2 32""*250PBR2-2   Acrt Anti-Cam Out Bits     Point SizeOverall LengthPart No. 11""250PBR1-CR 21""250PBR2-CR 31""250PBR3-CR 21""*250PBR2-CR   Type 440 Stainless Steel     Point SizeOverall LengthPart No. 11""250PB1SS 21""250PB2SS 31""250PB3SS 250PBSS-SET",,Hex Shank Insert Bits Phillips,Hex Shank Insert Bits Phillips
251|24867,Insert Bits|Screwdriver Bits,TSPB,Threaded Shank Power Bits,,E:\IMAGES\ITEMS\product\T\S\Threaded-Shank-Power.jpg,"Qualtool, Inc.",,Threaded Shank Power Bits,"Phillips Bit ChartPOINT #0 - FOR SCREWS #0 & #1POINT #1 - FOR SCREWS #2 THRU #4 This brief chart will help you match the screw size to the proper Phillips point.POINT #2 - FOR SCREWS #5 THRU #10 POINT #3 - FOR SCREWS #12 THRU #16 AND 1/4 POINT #4 - FOR SCREWS 5/16 OR 18 AND LARGER     Thread SizeOverall LengthPoint SizeBody DiameterPart No. 1/4""-24 1-1/2"" 21/4""15-2P 10-321-1/2""21/4""16-2P",,Threaded Shank Power Bits,Threaded Shank Power Bits
251|24867,Insert Bits|Screwdriver Bits,PDD,Phillips Drywall Driver,,E:\IMAGES\ITEMS\product\P\D\Phillips-Drywall.jpg,"Qualtool, Inc.",,Phillips Drywall Driver,"Phillips Bit ChartPOINT #0 - FOR SCREWS #0 & #1POINT #1 - FOR SCREWS #2 THRU #4 This brief chart will help you match the screw size to the proper Phillips point.POINT #2 - FOR SCREWS #5 THRU #10 POINT #3 - FOR SCREWS #12 THRU #16 AND 1/4 POINT #4 - FOR SCREWS 5/16 OR 18 AND LARGER     Overall LengthPoint SizePart No. 1""1PB1-DD 1""2PB2-DD 1""3PB3-DD",,Phillips Drywall Driver,Phillips Drywall Driver
251|24867,Insert Bits|Screwdriver Bits,HSP,Hex Shank Phillips Power Bits,,E:\IMAGES\ITEMS\product\H\S\Hex-Shank-Phillips-Power.jpg,"Qualtool, Inc.",,"1/4"" Hex Shank Phillips Power Bits","Phillips Bit ChartPOINT #0 - FOR SCREWS #0 & #1POINT #1 - FOR SCREWS #2 THRU #4 This brief chart will help you match the screw size to the proper Phillips point.POINT #2 - FOR SCREWS #5 THRU #10 POINT #3 - FOR SCREWS #12 THRU #16 AND 1/4 POINT #4 - FOR SCREWS 5/16 OR 18 AND LARGER       Overall LengthPoint SizeBody DiameterPart No. 1-15/16""05/32""30-0P 1-15/16""13/16""30-1P 1-15/16""21/4""30-2P 1-15/16""31/4""30-3P 1-15/16""35/16""30-3PA       Overall LengthPoint SizeBody DiameterPart No. 2-3/4""13/16""32-1P 2-3/4""21/4""32-2P 2-3/4""31/4""32-3P 2-3/4""35/16""32-3PA      Overall LengthPoint SizeBody DiameterPart No. 3-1/2""13/16""34-1P 3-1/2""21/4""34-2P 3-1/2""31/4""34-3P 3-1/2""35/16""34-3PA      Overall LengthPoint SizeBody DiameterPart No. 6""13/16""36-1P 6""21/4""36-2P 6""31/4""36-3P 6""35/16""36-3PA",,Hex Shank Phillips Power Bits,Hex Shank Phillips Power Bits
251|24867,Insert Bits|Screwdriver Bits,AHB,Arc Anti-Cam Out Bits - Hex Shank Power Bits,,E:\IMAGES\ITEMS\product\A\H\Arc-Anti-Cam-Out-Bits-Hex-Shank-Power.jpg,"Qualtool, Inc.",,"Arc Anti-Cam Out Bits — 1/4"" Hex Shank Power Bits","Phillips Bit ChartPOINT #0 - FOR SCREWS #0 & #1POINT #1 - FOR SCREWS #2 THRU #4 This brief chart will help you match the screw size to the proper Phillips point.POINT #2 - FOR SCREWS #5 THRU #10 POINT #3 - FOR SCREWS #12 THRU #16 AND 1/4 POINT #4 - FOR SCREWS 5/16 OR 18 AND LARGER     Overall LengthPoint SizeBody DiameterPart No. 1-15/16""11/4""30-1CR 1-15/16""21/4""30-2CR 1-15/16""31/4""30-3CR",,Arc Anti-Cam Out Bits - Hex Shank Power Bits,Arc Anti-Cam Out Bits - Hex Shank Power Bits
251|24867,Insert Bits|Screwdriver Bits,SPB,Hex Shank Power Bits,,E:\IMAGES\ITEMS\product\S\P\Hex-Shank-Power.jpg,"Qualtool, Inc.",,"7/16"" Hex Shank Power Bits","Phillips Bit ChartPOINT #0 - FOR SCREWS #0 & #1POINT #1 - FOR SCREWS #2 THRU #4 This brief chart will help you match the screw size to the proper Phillips point.POINT #2 - FOR SCREWS #5 THRU #10 POINT #3 - FOR SCREWS #12 THRU #16 AND 1/4 POINT #4 - FOR SCREWS 5/16 OR 18 AND LARGER      Overall LengthPoint SizeBody DiameterPart No. 3-1/2""21/4""78-2P 3-1/2""35/16""78-3P 3-1/2""43/8""78-4P",,Hex Shank Power Bits,Hex Shank Power Bits
251|24867,Insert Bits|Screwdriver Bits,PPF,Phillips Power Bits with Finder,,E:\IMAGES\ITEMS\product\P\P\Phillips-Power-Bits-with.jpg,"Qualtool, Inc.",,Phillips Power Bits with Finder Other lengths available upon request.,"Phillips Bit ChartPOINT #0 - FOR SCREWS #0 & #1POINT #1 - FOR SCREWS #2 THRU #4 This brief chart will help you match the screw size to the proper Phillips point.POINT #2 - FOR SCREWS #5 THRU #10 POINT #3 - FOR SCREWS #12 THRU #16 AND 1/4 POINT #4 - FOR SCREWS 5/16 OR 18 AND LARGER     Point SizeOverall LengthPart No. 13-1/2""34-1PBF 23-1/2""34-2PBF 33-1/2""34-3PBF",,Phillips Power Bits with Finder,Phillips Power Bits with Finder
251|24867,Insert Bits|Screwdriver Bits,BTR,Hex Shank Insert Bits — Tamper Resistant,,E:\IMAGES\ITEMS\product\B\T\Hex-Shank-Insert-Bits-Tamper.jpg,"Qualtool, Inc.",,"1/4"" Hex Shank Insert Bits — Tamper Resistant","Phillips Bit ChartPOINT #0 - FOR SCREWS #0 & #1POINT #1 - FOR SCREWS #2 THRU #4 This brief chart will help you match the screw size to the proper Phillips point.POINT #2 - FOR SCREWS #5 THRU #10 POINT #3 - FOR SCREWS #12 THRU #16 AND 1/4 POINT #4 - FOR SCREWS 5/16 OR 18 AND LARGER     Overall LengthPoint SizeBody DiameterPart No. 1""21/4""250PB2-TR 1""31/4""250PB3-TR",,Hex Shank Insert Bits — Tamper Resistant,Hex Shank Insert Bits — Tamper Resistant
251|24867,Insert Bits|Screwdriver Bits,SCB,Hex Shank Clutch Insert Bits,,E:\IMAGES\ITEMS\product\S\C\Hex-Shank-Clutch-Insert.jpg,"Qualtool, Inc.",,"1/4"" Hex Shank Clutch Insert Bits","Phillips Bit ChartPOINT #0 - FOR SCREWS #0 & #1POINT #1 - FOR SCREWS #2 THRU #4 This brief chart will help you match the screw size to the proper Phillips point.POINT #2 - FOR SCREWS #5 THRU #10 POINT #3 - FOR SCREWS #12 THRU #16 AND 1/4 POINT #4 - FOR SCREWS 5/16 OR 18 AND LARGER      Point SizeOverall LengthPart No. 13/32""250CG1 11/8""250CG2 15/32""250CG3 13/16""250CG4 11/4""250CG5 250CG-SET",,Hex Shank Clutch Insert Bits,Hex Shank Clutch Insert Bits
251|24867,Insert Bits|Screwdriver Bits,SIPB,Hex Shank Insert Bits,Pozidriv Insert & Power Bits,E:\IMAGES\ITEMS\product\S\I\Hex-Shank-Insert.jpg,"Qualtool, Inc.",Pozidriv Insert & Power Bits,"1/4"" Hex Shank Insert Bits","Phillips Bit ChartPOINT #0 - FOR SCREWS #0 & #1POINT #1 - FOR SCREWS #2 THRU #4 This brief chart will help you match the screw size to the proper Phillips point.POINT #2 - FOR SCREWS #5 THRU #10 POINT #3 - FOR SCREWS #12 THRU #16 AND 1/4 POINT #4 - FOR SCREWS 5/16 OR 18 AND LARGER      Point SizeBody DiameterOverall LengthPart No. 11/4""1""250PZ1 21/4""1""250PZ2 31/4""1""250PZ3",,Hex Shank Insert Bits,Hex Shank Insert Bits
251|24867,Insert Bits|Screwdriver Bits,HSB56,Hex Shank Insert Bits HSB56,,E:\IMAGES\ITEMS\product\H\S\Hex-Shank-Insert-Bits- 2.jpg,"Qualtool, Inc.",,"5/16"" Hex Shank Insert Bits","Phillips Bit ChartPOINT #0 - FOR SCREWS #0 & #1POINT #1 - FOR SCREWS #2 THRU #4 This brief chart will help you match the screw size to the proper Phillips point.POINT #2 - FOR SCREWS #5 THRU #10 POINT #3 - FOR SCREWS #12 THRU #16 AND 1/4 POINT #4 - FOR SCREWS 5/16 OR 18 AND LARGER     Point SizeBody DiameterOverall LengthPart No. 15/6""1-1/4""312PZ1 25/6""1-1/4""312PZ2 35/6""1-1/4""312PZ3 45/6""1-1/4""312PZ4",,Hex Shank Insert Bits HSB56,Hex Shank Insert Bits HSB56
251|24867,Insert Bits|Screwdriver Bits,HSP1,Hex Shank Power Bits HSP1,,E:\IMAGES\ITEMS\product\H\S\Hex-Shank-Power-Bits.jpg,"Qualtool, Inc.",,"1/4"" Hex Shank Power Bits","Phillips Bit ChartPOINT #0 - FOR SCREWS #0 & #1POINT #1 - FOR SCREWS #2 THRU #4 This brief chart will help you match the screw size to the proper Phillips point.POINT #2 - FOR SCREWS #5 THRU #10 POINT #3 - FOR SCREWS #12 THRU #16 AND 1/4 POINT #4 - FOR SCREWS 5/16 OR 18 AND LARGER     Point SizeBody DiameterOverall LengthPart No. 1PZ1/4""1-15/16""30-1 PZ 2PZ1/4""1-15/16""30-2PZ 3PZ1/4""1-15/16""30-3PZ 1PZ3/16""2-3/4""32-1 PZ 2PZ1/4""2-3/4""32-2PZ 3PZ1/4""2-3/4""32-3PZ 1PZ3/16""3-1/2""34-1 PZ 2PZ1/4""3-1/2""34-2PZ 3PZ1/4""3-1/2""34-3PZ 1PZ3/16""6""36-1 PZ 2PZ1/4""6""36-2PZ 3PZ1/4""6""36-3PZ",,Hex Shank Power Bits HSP1,Hex Shank Power Bits HSP1
251|24867,Insert Bits|Screwdriver Bits,HSI1,Hex Shank Insert Bits HSI1,,E:\IMAGES\ITEMS\product\H\S\Hex-Shank-Insert-Bits- 3.jpg,"Qualtool, Inc.",,"1/4"" Hex Shank Insert Bits","Phillips Bit ChartPOINT #0 - FOR SCREWS #0 & #1POINT #1 - FOR SCREWS #2 THRU #4 This brief chart will help you match the screw size to the proper Phillips point.POINT #2 - FOR SCREWS #5 THRU #10 POINT #3 - FOR SCREWS #12 THRU #16 AND 1/4 POINT #4 - FOR SCREWS 5/16 OR 18 AND LARGER     Point SizeOverall LengthPart No. 1""3/32""250CG1 1""1/8""250CG2 1""5/32""250CG3 1""3/16""250CG4 1""1/4""250CG5 250CG-SET",,Hex Shank Insert Bits HSI1,Hex Shank Insert Bits HSI1
251|24867,Insert Bits|Screwdriver Bits,250PZ,Hex Shank Insert Bits 250PZ,Pozidriv Insert & Power Bits,E:\IMAGES\ITEMS\product\2\5\Hex-Shank-Insert-Bits.jpg,"Qualtool, Inc.",Pozidriv Insert & Power Bits,"1/4"" Hex Shank Insert Bits","Phillips Bit ChartPOINT #0 - FOR SCREWS #0 & #1POINT #1 - FOR SCREWS #2 THRU #4 This brief chart will help you match the screw size to the proper Phillips point.POINT #2 - FOR SCREWS #5 THRU #10 POINT #3 - FOR SCREWS #12 THRU #16 AND 1/4 POINT #4 - FOR SCREWS 5/16 OR 18 AND LARGER     Point SizeBody DiameterOverall LengthPart No. 11/4""1""250PZ1 21/4""1""250PZ2 31/4""1""250PZ3",,Hex Shank Insert Bits 250PZ,Hex Shank Insert Bits 250PZ
251|24867,Insert Bits|Screwdriver Bits,30-1PZ,Hex Shank Power Bits 30-1PZ,,E:\IMAGES\ITEMS\product\3\0\Hex-Shank-Power-Bits-30.jpg,"Qualtool, Inc.",,"1/4"" Hex Shank Power Bits","Phillips Bit ChartPOINT #0 - FOR SCREWS #0 & #1POINT #1 - FOR SCREWS #2 THRU #4 This brief chart will help you match the screw size to the proper Phillips point.POINT #2 - FOR SCREWS #5 THRU #10 POINT #3 - FOR SCREWS #12 THRU #16 AND 1/4 POINT #4 - FOR SCREWS 5/16 OR 18 AND LARGER     Point SizeBody DiameterOverall LengthPart No. 1PZ1/4""1-15/16""30-1PZ 2PZ1/4""1-15/16""30-2PZ 3PZ1/4""1-15/16""30-3PZ 1PZ3/16""2-3/4""32-1 PZ 2PZ1/4""2-3/4""32-2PZ 3PZ1/4""2-3/4""32-3PZ 1PZ3/16""3-1/2""34-1 PZ 2PZ1/4""3-1/2""34-2PZ 3PZ1/4""3-1/2""34-3PZ 1PZ3/16""6""36-1 PZ 2PZ1/4""6""36-2PZ 3PZ1/4""6""36-3PZ",,Hex Shank Power Bits 30-1PZ,Hex Shank Power Bits 30-1PZ
24867,Screwdriver Bits,250SS,Hex Shank Short Length 250SS,Slotted Insert Bits,E:\IMAGES\ITEMS\product\2\5\Hex-Shank-Short-Length.jpg,"Qualtool, Inc.",Slotted Insert Bits,"1/4"" Hex Shank (Short Length)","Screw SizeBlade WidthBlade ThicknessOverall LengthPart No. No.1.109.0241""250SS1  No.2.125.0261""250SS2  No.3.14.0281""250SS3  No.4.156.0321""250SS4  No.5.218.0361""250SS5  No.6.25.0401""250SS6  No.8.281.0461""250SS8  No.10.281.0501""250SS10  No.12.355.0561""250SS12   250SS-SET",,Hex Shank Short Length 250SS,Hex Shank Short Length 250SS
251|24867,Insert Bits|Screwdriver Bits,312PZ,Hex Shank Insert Bits 312PZ,,E:\IMAGES\ITEMS\product\3\1\Hex-Shank-Insert-Bits- 1.jpg,"Qualtool, Inc.",,"5/16"" Hex Shank Insert Bits","Phillips Bit ChartPOINT #0 - FOR SCREWS #0 & #1POINT #1 - FOR SCREWS #2 THRU #4 This brief chart will help you match the screw size to the proper Phillips point.POINT #2 - FOR SCREWS #5 THRU #10 POINT #3 - FOR SCREWS #12 THRU #16 AND 1/4 POINT #4 - FOR SCREWS 5/16 OR 18 AND LARGER     Point SizeBody DiameterOverall LengthPart No. 15/16""1-1/4""312PZ1 25/16""1-1/4""312PZ2 35/16""1-1/4""312PZ3 45/16""1-1/4""312PZ4",,Hex Shank Insert Bits 312PZ,Hex Shank Insert Bits 312PZ
24867,Screwdriver Bits,250SS2SS,Hex Shank Short Length 250SS2SS,,E:\IMAGES\ITEMS\product\2\5\Hex-Shank-Short-Length- 1.jpg,"Qualtool, Inc.",,"1/4"" Hex Shank Short Length","Screw SizeBlade WidthBlade ThicknessOverall LengthPart No. No.2.125.0261""250SS2SS No.4.156.0321""250SS4SS No.6.250.0401""250SS6SS No.8.281.0461""250SS8SS 250SS-Set-SS",,Hex Shank Short Length 250SS2SS,Hex Shank Short Length 250SS2SS
24867,Screwdriver Bits,250SB1,Hex Shank Standard Length 250SB1,,E:\IMAGES\ITEMS\product\2\5\Hex-Shank-Standard-Length.jpg,"Qualtool, Inc.",,"1/4"" Hex Shank 250SB1","Screw SizeBlade WidthBlade ThicknessOverall LengthPart No. 4F-5R.187.0341-1/2""250SB1 6F-8R.250.0401-1/2""2505B2 8F-10R.281.0421-1/2"" 250SB3 10F-12R.281.0461-1/2"" 250SB4 12F-14R.281.0501-1/2"" 250SB5 14F-16R.359.0551-1/2"" 250SB6  250SB-SET",,Hex Shank Standard Length 250SB1,Hex Shank Standard Length 250SB1
251|24867,Insert Bits|Screwdriver Bits,312SB,Hex Shank Insert Bits 312SB,,E:\IMAGES\ITEMS\product\3\1\Hex-Shank-Insert-Bits- 2.jpg,"Qualtool, Inc.",,"5/16"" Hex Shank Insert Bits","Screw SizeBlade WidthBlade ThicknessOverall LengthPart No. 4F-5R.187.0341-1/2""312SB1 6F-8R.250.0401-1/2""3125B2 8F-10R.281.0421-1/2""312SB3 10F-12R.281.0461-1/2""312SB4 12F-14R.281.0501-1/2""312SB5 14F-16R.359.0551-1/2""312SB6 312SB-SET",,Hex Shank Insert Bits 312SB,Hex Shank Insert Bits 312SB
251|24867,Insert Bits|Screwdriver Bits,20-1S,Hex Drive Shank Slotted Power Bits,Slotted Power Bits,E:\IMAGES\ITEMS\product\2\0\Hex-Drive-Shank-Slotted-Power.jpg,"Qualtool, Inc.",Slotted Power Bits,"1/4"" Hex Drive Shank Slotted Power Bits","Overall LengthScrew SizeBlade ThicknessBody DiameterPart No. 1-15/16"" 1F-2R.026.12220-1S 2F-3R.028.13420-2S 3F-4R.032.18720-3S 4F-5R.034.18720-4S 5F-6R.036.21520-5S 5F-6R.036.25020-6S 6F-7R.038.25020-7S 8F-10R.042.27520-8S 10F-12R.046.31220-9S 12F-14R.050.35020-10S      Overall LengthScrew SizeBlade ThicknessBody DiameterPart No. 3"" 1F-2R.026.12223-1S 2F-3R.028.13423-2S 3F-4R.032.15423-3S 4F-5R.034.18723-4S 5F-6R.036.21523-5S 6F-7R.038.25023-6S 8F-10R.042.27523-8S 10F-12R.046.31223-9S 12F-14R.050.35023-10S 14F-16R.055.35023-12S      Overall LengthScrew SizeBlade ThicknessBody DiameterPart No. 3-1/2"" 1F-2R.026.12227-1S 2F-3R.028.13427-2S 3F-4R.032.15427-3S 4F-5R.034.18727-4S 5F-6R.036.21527-5S 5F-6R.036.25027-6S 6F-7R.038.25027-7S 8F-10R.042.27527-8S 10F-12R.046.31227-9S 12F-14R.050.35027-10S 14F-16R.055.35027-12S      Overall LengthScrew SizeBlade ThicknessBody DiameterPart No. 6"" 1F-2R.026.12228-1S 2F-3R.028.13428-2S 3F-4R.032.15428-3S 4F-5R.034.18728-4S 5F-6R.036.21528-5S 5F-6R.036.25028-6S 6F-8R.040.25028-7S 8F-10R.042.27528-8S 10F-12R.046.31228-9S 12F-14R.050.35028-10S 14F-16R.055.35028-12S",,Hex Drive Shank Slotted Power Bits,Hex Drive Shank Slotted Power Bits
24867,Screwdriver Bits,40-BF,Hex Drive - Standard Length 40-BF,Power Bits With Finders for Slotted Screws,E:\IMAGES\ITEMS\product\4\0\Hex-Drive-Standard-Length-40.jpg,"Qualtool, Inc.",Power Bits With Finders for Slotted Screws,"1/4"" Hex Drive - Standard Length","1/4"" Hex Drive     Part No.Screw SizeBlade ThicknessBit DiameterOverall LengthShank Part No. 40-BF4F-6R.036.1933-3/4""40-2 40-BF6F-8R.040.2413-3/4""40-3 40-BF8F-10R.042.2903-3/4""40-4 40-BF10F-12R.046.3503-3/4""40-5 40-BF12F-14R.050.3953-7/8""40-6 40-BF14F-16R.055.4574-1/8""40-7   7/16"" Hex Drive     Part No.Screw SizeBlade ThicknessBit DiameterOverall LengthShank Part No. 46-5BF14F-16R.055.4574-1/8""46-5 46-6BF16F-20R.060.5034-1/8""46-6 46-7BF20F-22R.062.5454-1/8""46-7 46-8BF24F-24R.065.5954-1/8""46-8   1/4"" Hex Drive for Sidewalk Bolts     Part No.Screw SizeBlade ThicknessBit DiameterOverall LengthShank Part No. 46-8BF-1/424F-24R.065.5954-1/8""46-8-1/4",,Hex Drive - Standard Length 40-BF,Hex Drive - Standard Length 40-BF
251|24867,Insert Bits|Screwdriver Bits,90TS,Hex Shank Insert Bits 90TS,Torq-set Insert Bits,E:\IMAGES\ITEMS\product\9\0\Hex-Shank-Insert-Bits.jpg,"Qualtool, Inc.",Torq-set Insert Bits,"1/4"" Hex Shank Insert Bits Torq-set Insert","Overall LengthScrew SizePart No. 1""0""90-TS0 1""1""90-TS1 1""2""90-TS2 1""3""90-TS3 1""4""90-TS4 1""5""90-TS5 1""6""90-TS6 1""8""90-TS8 1""10""90-TS10 90TS-SET",,Hex Shank Insert Bits 90TS,Hex Shank Insert Bits 90TS
251|24867,Insert Bits|Screwdriver Bits,92TS,Hex Shank Power Bits 92TS,,E:\IMAGES\ITEMS\product\9\2\Hex-Shank-Power-Bits.jpg,"Qualtool, Inc.",,"1/4"" Hex Shank Power Bits","Overall LengthScrew SizePart No. 1-1/4""0""92-TS0 1-1/4""1""92-TS1 1-1/4""2""92-TS2 1-1/4""3""92-TS3 1-1/4""4""92-TS4 1-1/4""5""92-TS5 1-1/4""6""92-TS6 1-1/4""8""92-TS8 1-1/4""10""92-TS10 92TS-SET",,Hex Shank Power Bits 92TS,Hex Shank Power Bits 92TS
251|24867,Insert Bits|Screwdriver Bits,97TS,Hex Shank Power Bits 97TS,,E:\IMAGES\ITEMS\product\9\7\Hex-Shank-Power-Bits.jpg,"Qualtool, Inc.",,"7/16"" Hex Shank Power Bits","Overall LengthScrew SizePart No. 1-1/4""1/4""92-TS1/4 1-1/4""5/16""92-TS5/16",,Hex Shank Power Bits 97TS,Hex Shank Power Bits 97TS
24867,Screwdriver Bits,101-T,Star Female Square Drive Bits,,E:\IMAGES\ITEMS\product\1\0\Star-Female-Square-Drive.jpg,"Qualtool, Inc.",,Star Female Square Drive Bits,"Overall LengthSQ DrivePart No. 101/4""101-T10 151/4""101-T15 201/4""101-T20 251/4""101-T25 271/4""101-T27 301/4""101-T30 403/8""101-T40 453/8""101-T45 473/8""101-T47 503/8""101-T50 553/8""101-T55 101-T-SET",,Star Female Square Drive Bits,Star Female Square Drive Bits
251|24867,Insert Bits|Screwdriver Bits,60-T,Hex Shank Insert Bits 60-T,STAR Insert & Power Bits,E:\IMAGES\ITEMS\product\6\0\Hex-Shank-Insert-Bits-60.jpg,"Qualtool, Inc.",STAR Insert & Power Bits,"1/4"" Hex Shank Insert Bits","Overall LengthPoint SizeBody DiameterPart No. 1""51/4' HEX60-T5 1""660-T6 1""760-T7 1""860-T8 1""960-T9 1""1060-T10 1""1560-T15 1""2060-T20 1""2560-T25 1""2760-T27 1""3060-T30 1""4060-T40 1""4560-T45 1""5060-T50 1""5560-T55 60T-SET",,Hex Shank Insert Bits 60-T,Hex Shank Insert Bits 60-T
251|24867,Insert Bits|Screwdriver Bits,61-T,Hex Shank Insert Bits 61-T,,E:\IMAGES\ITEMS\product\6\1\Hex-Shank-Insert-Bits-61.jpg,"Qualtool, Inc.",,"5/16"" Hex Shank Insert Bits","Overall LengthPoint SizeBody DiameterPart No. 1-1/4""305/16' HEX61-T30 1-1/4""4061-T40 1-1/4""4561-T45 1-1/4""4761-T47 1-1/4""5061-T50 1-1/4""5561-T55 61T-SET",,Hex Shank Insert Bits 61-T,Hex Shank Insert Bits 61-T
251|24867,Insert Bits|Screwdriver Bits,62-T,Hex Shank Power Bits 62-T,,E:\IMAGES\ITEMS\product\6\2\Hex-Shank-Power-Bits-62.jpg,"Qualtool, Inc.",,"1/4"" Hex Shank Power Bits","Overall LengthPoint SizeBody DiameterPart No. 1-15/16""7.12562-T7 1-15/16""8.12562-T8 1-15/16""9.12562-T9 1-15/16""10.15662-T10 1-15/16""15.15662-T15 1-15/16""20.18762-T20 1-15/16""25.18762-T25 1-15/16""27.25062-T27 1-15/16""30.25062-T30 1-15/16""40.28162-T40*      Overall LengthPoint SizeBody DiameterPart No. 2-3/4""8.12564-T8 2-3/4""9.13864-T9 2-3/4""10.15664-T10 2-3/4""15.15664-T15 2-3/4""20.18764-T20 2-3/4""25.18764-T25 2-3/4""27.25064-T27 2-3/4""30.25064-T30 2-3/4""40.28164-T40*      Overall LengthPoint SizeBody DiameterPart No. 3-1/2""8.12566-T8 3-1/2""9.13866-T9 3-1/2""10.15666-T10 3-1/2""15.15666-T15 3-1/2""20.18766-T20 3-1/2""25.18766-T25 3-1/2""27.25066-T27 3-1/2""30.25066-T30 3-1/2""40.28166-T40*      Overall LengthPoint SizeBody DiameterPart No. 6""8.12568-T8 6""9.13868-T9 6""10.15668-T10 6""15.15668-T15 6""20.18768-T20 6""25.18768-T25 6""27.25068-T27 6""30.25068-T30 6""40.28168-T40*",,Hex Shank Power Bits 62-T,Hex Shank Power Bits 62-T
251|24867,Insert Bits|Screwdriver Bits,60-TR,Hex Shank Insert Bits 60-TR,Star Tamper Resistant Insert Bits,E:\IMAGES\ITEMS\product\6\0\Hex-Shank-Insert-Bits-60- 1.jpg,"Qualtool, Inc.",Star Tamper Resistant Insert Bits,"1/4"" Hex Shank Insert Bits","Overall LengthScrew SizePart No. 1""760-TR7 1""860-TR8 1""960-TR9 1""1060-TR10 1""1560-TR15 1""2060-TR20 1""2560-TR25 1""2760-TR27 1""3060-TR30 1""4060-TR40 60-TR-SET",,Hex Shank Insert Bits 60-TR,Hex Shank Insert Bits 60-TR
251|24867,Insert Bits|Screwdriver Bits,61-TR,Hex Shank Insert Bits 61-TR,,E:\IMAGES\ITEMS\product\6\1\Hex-Shank-Insert-Bits-61- 1.jpg,"Qualtool, Inc.",,"1/4"" Hex Shank Insert Bits","Overall LengthScrew SizePart No. 1-1/4""3061-TR30 1-1/4""4061-TR40 1-1/4""4561-TR45 1-1/4""5061-TR50 1-1/4""5561-TR55 61-TR-SET",,Hex Shank Insert Bits 61-TR,Hex Shank Insert Bits 61-TR
251|24867,Insert Bits|Screwdriver Bits,250PB,Hex Shank Phillips 250PB,Stainless Steel Insert Bits,E:\IMAGES\ITEMS\product\2\5\Hex-Shank-Phillips.jpg,"Qualtool, Inc.",Stainless Steel Insert Bits,"1/4"" Hex Shank Phillips","Point SizeOverall LengthPart No. 11""250PB1SS 21""250PB2SS 31""250PB3SS 250PB3SS-SET",,Hex Shank Phillips 250PB,Hex Shank Phillips 250PB
24867,Screwdriver Bits,250R,Hex Shank Square 250R,,E:\IMAGES\ITEMS\product\2\5\Hex-Shank-Square.jpg,"Qualtool, Inc.",,"1/4"" Hex Shank Square","Point SizeOverall LengthPart No. 11""250R1SS 21""250R2SS 31""250R3SS 41""250R4SS 250RSS-SET",,Hex Shank Square 250R,Hex Shank Square 250R
251|24867,Insert Bits|Screwdriver Bits,440,Hex Shank Slotted 440,,E:\IMAGES\ITEMS\product\4\4\Hex-Shank-Slotted.jpg,"Qualtool, Inc.",,"1/4"" Hex Shank Slotted","Point SizeOverall LengthPart No. 21""250SS2SS 41""250SS4SS 61""250SS6SS 81""250SS8SS 250SS-SET-SS",,Hex Shank Slotted 440,Hex Shank Slotted 440
251|24867,Insert Bits|Screwdriver Bits,250R0,Hex Shank Insert Bits 250R0,Square Insert & Power Bits,E:\IMAGES\ITEMS\product\2\5\Hex-Shank-Insert-Bits- 1.jpg,"Qualtool, Inc.",Square Insert & Power Bits,"1/4"" Hex Shank Insert Bits 250R0","Square Bit ChartPOINT #0 - FOR SCREWS #3 & #4POINT #1 - FOR SCREWS #5 THRU #7 This brief chart will help you match the screw size to the proper Square point. POINT #2 - FOR SCREWS #8 THRU #10 POINT #3 - FOR SCREWS #12 THRU #14 AND 1/4      Overall LengthPoint SizePart No. 1""0250R0 1""1250R1 1""2250R2 1""3250R3 250R-SET      Overall LengthPoint SizePart No. 1""1250R1SS 1""2250R2SS 1""3250R3SS 1""4250R4SS 250RSS-SET",,Hex Shank Insert Bits 250R0,Hex Shank Insert Bits 250R0
251|24867,Insert Bits|Screwdriver Bits,80-R,Hex Shank Insert Bits 80-R,"Turned down body style available upon request. Signify by adding an ""S"" to part number",E:\IMAGES\ITEMS\product\8\0\Hex-Shank-Insert-Bits-80.jpg,"Qualtool, Inc.","Turned down body style available upon request. Signify by adding an ""S"" to part number","1/4"" Hex Shank Insert Bits","Square Bit ChartPOINT #0 - FOR SCREWS #3 & #4POINT #1 - FOR SCREWS #5 THRU #7 This brief chart will help you match the screw size to the proper Square point. POINT #2 - FOR SCREWS #8 THRU #10 POINT #3 - FOR SCREWS #12 THRU #14 AND 1/4     Overall LengthPoint SizePart No. 1-15/16""080-0R 1-15/16""180-1R 1-15/16""280-2R 1-15/16""380-3R 2-3/4""182-1R 2-3/4""282-2R 2-3/4""382-3R 3""184-1R 3""284-2R 3""384-3R 3-1/2""186-1R 3-1/2""286-2R 3-1/2""386-3R 6""188-1R 6""288-2R 6""388-3R",,Hex Shank Insert Bits 80-R,Hex Shank Insert Bits 80-R
251|24867,Insert Bits|Screwdriver Bits,250SP,Hex Insert 2 Piece Square Bits,Square 2-Piece Insert & Power Bits,E:\IMAGES\ITEMS\product\2\5\Hex-Insert-2-Piece-Square.jpg,"Qualtool, Inc.",Square 2-Piece Insert & Power Bits,"1/4"" Hex Insert 2 Piece Square Bits","Square Bit ChartPOINT #0 - FOR SCREWS #3 & #4POINT #1 - FOR SCREWS #5 THRU #7 This brief chart will help you match the screw size to the proper Square point. POINT #2 - FOR SCREWS #8 THRU #10 POINT #3 - FOR SCREWS #12 THRU #14 AND 1/4     Overall LengthPoint SizePart No. 1""12501R2 1""22502R2 1""32503R2",,Hex Insert 2 Piece Square Bits,Hex Insert 2 Piece Square Bits
251|24867,Insert Bits|Screwdriver Bits,80-RSP,Hex Shank Power Bits 2 Piece Square,,E:\IMAGES\ITEMS\product\8\0\Hex-Shank-Power-Bits-2-Piece.jpg,"Qualtool, Inc.",,"1/4"" Hex Shank Power Bits 2 Piece Square","Square Bit ChartPOINT #0 - FOR SCREWS #3 & #4POINT #1 - FOR SCREWS #5 THRU #7 This brief chart will help you match the screw size to the proper Square point. POINT #2 - FOR SCREWS #8 THRU #10 POINT #3 - FOR SCREWS #12 THRU #14 AND 1/4     Overall LengthPoint SizePart No. 1-15/16""180-1R2 1-15/16""280-2R2 1-15/16""380-3R2 2-3/4""182-1R2 2-3/4""282-2R2 2-3/4""382-3R2 3""184-1R2 3""284-2R2 3""384-3R2 3-1/2""186-1R2 3-1/2""286-2R2 3-1/2""386-3R2 6""188-1R2 6""288-2R2 6""388-3R2",,Hex Shank Power Bits 2 Piece Square,Hex Shank Power Bits 2 Piece Square
251|24867,Insert Bits|Screwdriver Bits,250-2RE,Hex Shank Insert Bits 250-2RE,Square Recess Bits,E:\IMAGES\ITEMS\product\2\5\Hex-Shank-Insert-Bits-250.jpg,"Qualtool, Inc.",Square Recess Bits,"Over Length: 1"" Point Size: 2 Part No.: 250-2RE",Square Bit ChartPOINT #0 - FOR SCREWS #3 & #4POINT #1 - FOR SCREWS #5 THRU #7 This brief chart will help you match the screw size to the proper Square point. POINT #2 - FOR SCREWS #8 THRU #10 POINT #3 - FOR SCREWS #12 THRU #14 AND 1/4,,Hex Shank Insert Bits 250-2RE,Hex Shank Insert Bits 250-2RE
251|24867,Insert Bits|Screwdriver Bits,80-2RE,Hex Shank Power Bits 80-2RE,Square Recess Bits,E:\IMAGES\ITEMS\product\8\0\Hex-Shank-Power-Bits-80.jpg,"Qualtool, Inc.",Square Recess Bits,"1/4"" Hex Shank Power Bits","Square Bit ChartPOINT #0 - FOR SCREWS #3 & #4POINT #1 - FOR SCREWS #5 THRU #7 This brief chart will help you match the screw size to the proper Square point. POINT #2 - FOR SCREWS #8 THRU #10 POINT #3 - FOR SCREWS #12 THRU #14 AND 1/4     Overall LengthPoint SizePart No. 1-15/16""280-2R2 3-1/2""286-2R2 6""288-3R2",,Hex Shank Power Bits 80-2RE,Hex Shank Power Bits 80-2RE
251|24867,Insert Bits|Screwdriver Bits,30-2SP,Hex Shank Power Bits 30-2SP,Combo Square - Phillips Insert and Power Bits,E:\IMAGES\ITEMS\product\3\0\Hex-Shank-Power-Bits-30- 2.jpg,"Qualtool, Inc.",Combo Square - Phillips Insert and Power Bits,"1/4"" Hex Shank Power Bits","Square Bit ChartPOINT #0 - FOR SCREWS #3 & #4POINT #1 - FOR SCREWS #5 THRU #7 This brief chart will help you match the screw size to the proper Square point. POINT #2 - FOR SCREWS #8 THRU #10 POINT #3 - FOR SCREWS #12 THRU #14 AND 1/4     Overall LengthPoint SizePart No. 1-15/16""230-2SP 3-1/2""234-2SP 6""236-2SP",,Hex Shank Power Bits 30-2SP,Hex Shank Power Bits 30-2SP
251|24867,Insert Bits|Screwdriver Bits,250SP2,Hex Shank Insert Bits 250SP2,"Combo Square - Phillips Insert and Power Bits. 1/4"" Hex Shank Insert Bits",E:\IMAGES\ITEMS\product\2\5\Hex-Shank-Insert-Bits- 3.jpg,"Qualtool, Inc.","Combo Square - Phillips Insert and Power Bits. 1/4"" Hex Shank Insert Bits","Over Length: 1"" Point Size: 2 Part No.: 250SP2",Square Bit ChartPOINT #0 - FOR SCREWS #3 & #4POINT #1 - FOR SCREWS #5 THRU #7 This brief chart will help you match the screw size to the proper Square point. POINT #2 - FOR SCREWS #8 THRU #10 POINT #3 - FOR SCREWS #12 THRU #14 AND 1/4,,Hex Shank Insert Bits 250SP2,Hex Shank Insert Bits 250SP2
251|24867,Insert Bits|Screwdriver Bits,250H0,Hex Shank Insert Bits For Socket Head Screws,Socket Head Standard Hex Insert Bits,E:\IMAGES\ITEMS\product\2\5\Hex-Shank-Insert-Bits-For-Socket-Head.jpg,"Qualtool, Inc.",Socket Head Standard Hex Insert Bits,"1/4"" Hex Shank Insert Bits For Socket Head Screws","CAP Screw SizeSet Screw SizeOverall LengthHex SizePart No. 031"".050250H0 15 & 61""1/16250H1 2-381""5/64250H2 4-5101""3/32250H3 6-1""7/64250H4 -1/41""1/8250H5 8-1""9/64250H6 105/161""5/32250H7 1/43/81""3/16250H8 -7/161""7/32250H9 5/161/21""1/4250H10 3/85/81""5/16250H11 7/16,1/23/41""3/8250H12 250H-SET",,Hex Shank Insert Bits For Socket Head Screws,Hex Shank Insert Bits For Socket Head Screws
251|24867,Insert Bits|Screwdriver Bits,72-7,Hex Shank Insert Bits For Socket Head Screws 72-7,Socket Head Standard Hex Insert Bits,E:\IMAGES\ITEMS\product\7\2\Hex-Shank-Insert-Bits-For-Socket-Head-Screws-72.jpg,"Qualtool, Inc.",Socket Head Standard Hex Insert Bits,"5/16"" Socket Head Standard Hex Insert Bits","CAP Screw SizeSet Screw SizeOverall LengthHex SizePart No. 105/161-1/8""5/3272-7 1/43/81-1/8""3/1672-8 -7/161-1/8'7/3272-9 5/161/21-1/8""1/472-10 3/85/81-1/8""5/1672-11 7/16,1/23/41-1/4""3/872-12  72-SET",,Hex Shank Insert Bits For Socket Head Screws 72-7,Hex Shank Insert Bits For Socket Head Screws 72-7
251|24867,Insert Bits|Screwdriver Bits,74-2,Hex Shank Insert Bits For Metric 74-2,,E:\IMAGES\ITEMS\product\7\4\Hex-Shank-Insert-Bits-For-Metric-74.jpg,"Qualtool, Inc.",,"1/4"" Hex Shank Insert Bits For Metric Socket Head Screws","Overall LengthHex SizePart No. 1""2mm74-2 1""2.5mm74-2.5 1""3mm74-3 1""4mm74-4 1""5mm74-5 1""6mm74-6 1""7mm74-7 1""8mm74-8 74-SET",,Hex Shank Insert Bits For Metric 74-2,Hex Shank Insert Bits For Metric 74-2
251|24867,Insert Bits|Screwdriver Bits,70-H,Hex Shank Standard Power Bits 70-H,Socket Head Hex Power Bits,E:\IMAGES\ITEMS\product\7\0\Hex-Shank-Standard-Power-Bits-70.jpg,"Qualtool, Inc.",Socket Head Hex Power Bits,"1/4"" Hex Shank Standard Power Bits","CAP Screw SizeSet Screw SizeOverall LengthHex SizePart No. 15&61-15/16""1/16""70-H1 2-381-15/16""5/64""70-H2 4-5101-15/16""3/32""70-H3 6-1-15/16""7/64""70-H4 -1/41-15/16""1/8""70-H5 8-1-15/16""9/64""70-H6 105/161-15/16""5/32""70-H7 1/43/81-15/16""3/16""70-H8 -7/161-15/16""7/32""70-H9 5/161/21-15/16""1/4""70-H10",,Hex Shank Standard Power Bits 70-H,Hex Shank Standard Power Bits 70-H
251|24867,Insert Bits|Screwdriver Bits,71-2,Hex Shank Power Bits Metric 71-2,Socket Head Hex Power Bits,E:\IMAGES\ITEMS\product\7\1\Hex-Shank-Power-Bits-Metric-71.jpg,"Qualtool, Inc.",Socket Head Hex Power Bits,"1/4"" Hex Shank Power Bits - Metric","CAP Screw SizeSet Screw SizeOverall LengthHex SizePart No. 2mm-1-15/16""2mm71-2 2.5mm-1-15/16""2.5mm71-2.5 3mm-1-15/16""3mm71-3 4mm-1-15/16""4mm71-4 5mm-1-15/16""5mm71-5 6mm-1-15/16""6mm71-6 7mm-1-15/16""7mm71-7 8mm-1-15/16""8mm71-8 12mm-1-15/16""12mm71-12 14mm-1-15/16""14mm71-14",,Hex Shank Power Bits Metric 71-2,Hex Shank Power Bits Metric 71-2
251|24867,Insert Bits|Screwdriver Bits,73-TR,Hex Shank Insert Bits 73-TR,Socket Head Hex Tamper Resistant Insert Bits,E:\IMAGES\ITEMS\product\7\3\Hex-Shank-Insert-Bits-73.jpg,"Qualtool, Inc.",Socket Head Hex Tamper Resistant Insert Bits,"1/4"" Hex Shank Insert Bits","CAP Screw SizeSet Screw SizeOverall LengthHex SizePart No. 4-5101""3/32""73-TR3 6-1""7/64""73-TR4 -1/41""1/8""73-TR5 8-1""9/64""73-TR6 05/161""5/32""73-TR7 1/43/81""3/16""73-TR8 5/167/161""7/32""73-TR9 -1/21""1/4""73-TR10 --1""5/16""73-TR11 73-TR-SET",,Hex Shank Insert Bits 73-TR,Hex Shank Insert Bits 73-TR
251|24867,Insert Bits|Screwdriver Bits,TWIPB,Tri-Wing Insert and Power Bits,Select the right size Bit for the Screw you are driving.,E:\IMAGES\ITEMS\product\T\W\qualtool-inc-twipb-.jpg,"Qualtool, Inc.",Select the right size Bit for the Screw you are driving.,Tri-Wing Insert and Power Bits,Screw Thred Sise Tension HeadShear HeadPoint 0-80-0 2-564-401 4-406-322 6-328-3233 8-3210-324 10-321/4-285,,Tri-Wing Insert and Power Bits,Tri-Wing Insert and Power Bits
700|21993,Locking Tool|Hex and Torx Keys,LK-H,Socket Head Hex L Keys LK-H,,E:\IMAGES\ITEMS\product\L\K\Socket-Head-Hex-L-Keys-LK.jpg,"Qualtool, Inc.",,Socket Head Hex L Keys,"Cap Screw SizeSet Screw SizeHex SizePart No. 03.050LK-HO 15&61/16LK-H1 2-385/64LK-H2 4-5103/32LK-H3 6-7/64LK-H4 -1/41/8LK-H5 105/165/32LK-H7 1/43/83/16LK-H8 -7/167/32LK-H9 5/161/21/4LK-H10 3/85/85/16LK-H11 7/16, 1/23/43/8LK-H12 LK-H-SET",,Socket Head Hex L Keys LK-H,Socket Head Hex L Keys LK-H
700|21993,Locking Tool|Hex and Torx Keys,LK-HTR,Socket Head Hex Tamper Resistant L Keys,,E:\IMAGES\ITEMS\product\L\K\Socket-Head-Hex-Tamper-Resistant-L.jpg,"Qualtool, Inc.",,Socket Head Hex Tamper Resistant L Keys,"Cap Screw SizeSet Screw SizeHex SizePart No. 2-385/64LK-H2-TR 4-5103/32LK-H3-TR 6-7/64LK-H4-TR -1/41/8LK-H5-TR 105/165/32LK-H7-TR -7/167/32LK-H9-TR 5/161/21/4LK-H10-TR 3/85/85/16LK-H11-TR 7/16,1/23/43/8LK-H12-TR  LK-HTR-SET",,Socket Head Hex Tamper Resistant L Keys,Socket Head Hex Tamper Resistant L Keys
700|21993,Locking Tool|Hex and Torx Keys,69-T,Star Individual L-Keys,,E:\IMAGES\ITEMS\product\6\9\Star-Individual-L.jpg,"Qualtool, Inc.",,Star Individual L-Keys,Point SizePart No.Point SizePart No. 669-T62569-T25 769-T72769-T27 869-T83069-T30 969-T94069-T40 1069-T104569-T45 1569-T155069-T50 2069-T205569-T55  69-T-SET,,Star Individual L-Keys,Star Individual L-Keys
700|21993,Locking Tool|Hex and Torx Keys,69-TR,Star Tamper Resistant L-Keys,,E:\IMAGES\ITEMS\product\6\9\Star-Tamper-Resistant-L.jpg,"Qualtool, Inc.",,Star Tamper Resistant L-Keys,Point SizePart No. 669-TR6 769-TR7 869-TR8 969-TR9 1069-TR10 1569-TR15 2069-TR20 2569-TR25 2769-TR27 3069-TR30 4069-TR40 69-TR-SET,,Star Tamper Resistant L-Keys,Star Tamper Resistant L-Keys
251|24867,Insert Bits|Screwdriver Bits,93-TWO,Hex Shank Insert Bits 93-TWO,Tri-Wing Insert Bits,E:\IMAGES\ITEMS\product\9\3\Hex-Shank-Insert-Bits-93- 1.jpg,"Qualtool, Inc.",Tri-Wing Insert Bits,"1/4"" Hex Shank Insert Bits",Overall lengthPoint sizePart No. 1”093-TW0 1”193-TW1 1”293-TW2 1”393-TW3 1”493-TW4 1”593-TW5 1”693-TW6 1”693-TW6B* 93-TW-SET,,Hex Shank Insert Bits 93-TWO,Hex Shank Insert Bits 93-TWO
251|24867,Insert Bits|Screwdriver Bits,94-TW,Hex Shank Power Bits 94-TW,Tri-Wing Power Bits,E:\IMAGES\ITEMS\product\9\4\Hex-Shank-Power-Bits-94.jpg,"Qualtool, Inc.",Tri-Wing Power Bits,"1/4"" Hex Shank Power Bits","Overall LengthPoint SizePart No. 1-1/4""094-TWO 1-1/4""194-TW1 1-1/4""294-TW2 1-1/4""394-TW3 1-1/4""494-TW4 1-1/4""594-TW5 1-1/4""694-TW6 1-1/4""694-TW6B* 94-TW-SET",,Hex Shank Power Bits 94-TW,Hex Shank Power Bits 94-TW
24867,Screwdriver Bits,115-4,Hex Shank Spanner Bits 115-4,Spanner Insert Bits. Used for Security Purposes. The point size of the Bit will be the same as the Screw size.,E:\IMAGES\ITEMS\product\1\1\Hex-Shank-Spanner-Bits-115.jpg,"Qualtool, Inc.",Spanner Insert Bits. Used for Security Purposes. The point size of the Bit will be the same as the Screw size.,"1/4"" Hex Shank Spanner Insert Bits","Overall LengthPoint SizePart No. 1""4115-4 1""6115-6 1""8115-8 1""10115-10 1""12115-12 1""1/4""115-1/4 115-Set",,Hex Shank Spanner Bits 115-4,Hex Shank Spanner Bits 115-4
24867,Screwdriver Bits,116-4,Hex Shank Spanner Bits 116-4,,E:\IMAGES\ITEMS\product\1\1\Hex-Shank-Spanner-Bits-116.jpg,"Qualtool, Inc.",,"5/16"" Hex Shank Spanner Bits","Overall LengthPoint SizePart No. 1-1/2""4116-4 1-1/2""6116-6 1-1/2""8116-8 1-1/2""10116-10 1-1/2""12116-12 1-1/2""1/4""116-1/4 116-Set",,Hex Shank Spanner Bits 116-4,Hex Shank Spanner Bits 116-4
251|24868,Insert Bits|Nut Setters and Bit Holders,MBH-QC,Quick Change Bit Holder,Quick Change Bit Holder,E:\IMAGES\ITEMS\product\M\B\Quick-Change-Bit.jpg,"Qualtool, Inc.",Quick Change Bit Holder,"1/4"" Hex, 2 3/8"" OAL. Part No. MBH 1/4-QC",,,Quick Change Bit Holder,Quick Change Bit Holder
622|27716,Adapters|Adapters,905,Drill Adapter,,E:\IMAGES\ITEMS\product\9\0\Drill.jpg,"Qualtool, Inc.",,"Convert your 3/8"" speed control drill to a 1/4"" ""Quick Change"" power screwgun. This will also allow ""Quick Change"" of 1/4"" hex power bits in single speed drills.",,,Drill Adapter,Drill Adapter
24867,Screwdriver Bits,LBH,Magnetic screws driver,Locator - Driver - Bit Holder,E:\IMAGES\ITEMS\product\L\B\Magnetic-screws.jpg,"Qualtool, Inc.",Locator - Driver - Bit Holder,"1/4"" Hex Shank, 4 3/4"" OAL. Magnetic driver keeps screws straight while driving. Part No. LBH 1/4",,,Magnetic screws driver,Magnetic screws driver
24867,Screwdriver Bits,1900,Acoustical Eye Lag Driver,Acoustical Eye Lag Driver,E:\IMAGES\ITEMS\product\1\9\Acoustical-Eye-Lag.jpg,"Qualtool, Inc.",Acoustical Eye Lag Driver,"1/4"" Hex drive for quick installation of eye lag hanger bolts. Part No. 1900",,,Acoustical Eye Lag Driver,Acoustical Eye Lag Driver
24867,Screwdriver Bits,LSD,Lag Stud Driver,,E:\IMAGES\ITEMS\product\L\S\Lag-Stud.jpg,"Qualtool, Inc.",,"1/4"" Hex drive for 3/8"" threaded rod. Part No. LSD 3/8, LSD 1/4, LSD 5/16",,,Lag Stud Driver,Lag Stud Driver
251|28156,Insert Bits|Nut Drivers,PHW,Power and Hand Wing Nut Driver,New patented design which tightens wing nuts for shutter installation.,E:\IMAGES\ITEMS\product\P\H\Power-and-Hand-Wing-Nut.jpg,"Qualtool, Inc.",New patented design which tightens wing nuts for shutter installation.,"Part No. W001 - Power Driver Part No. W002 - Hand Driver, 7"" OAL Part No. W003 - Hand Driver, 6"" OAL",,,Power and Hand Wing Nut Driver,Power and Hand Wing Nut Driver
24867,Screwdriver Bits,QPC,Qualtool Pegboard Counter Merchandiser,,E:\IMAGES\ITEMS\product\Q\P\Qualtool-Pegboard-Counter.jpg,"Qualtool, Inc.",Complete 15 bit sets.,15 Styles of our most popular bits. Packaged in re-usable zip-lock bags. 5 parts per bag equals increased sales. Made to sit on counter or hang from pegboard.,"Part No. 2060HR consisting of 755 bits as follows:    Part No.DescriptionQuantityPart No.DescriptionQuantity 250SS4PK#4 SLOTTED INSERT (5/BAG)50250PB1PK#1 PHILLIPS INSERT (5/BAG)50 250SS6PK#6 SLOTTED INSERT (5/BAG)50250PB2PK#2 PHILLIPS INSERT (5/BAG)50 250SS8PK#8 SLOTTED INSERT (5/BAG)50250PB3PK#3 PHILLIPS INSERT (5/BAG)50 30-1PPK#1 PHILLIPS POWER BIT 2"" (5/BAG)50250PBR2PK#2 PHILLIPS REDUCED (5/BAG)50 30-2PPK#2 PHILLIPS POWER BIT 2"" (5/BAG)5080-2RPK#2 SQUARE POWER BIT 2"" (5/BAG)50 30-3PPK#3 PHILLIPS POWER BIT 2"" (5/BAG)5080-3RPK#3 SQUARE POWER BIT 2"" (5/BAG)50 32-2PPK#2 PHILLIPS POWER BIT 2-3/4"" (5/BAG)50250R1PK#1 SQUARE INSERT (5/BAG)50 MBHR 1/4PKMAGNETIC BIT HOLDER (1/BAG)5250R2PK#2 SQUARE INSERT (5/BAG)50",,Qualtool Pegboard Counter Merchandiser,Qualtool Pegboard Counter Merchandiser
1230|20356,Drop-In Anchors|Drop-In Anchors,CLA,Concrete Lead Anchor Drive Tool,Concrete Lead Anchor Drive Tool,E:\IMAGES\ITEMS\product\C\L\Concrete-Lead-Anchor-Drive.jpg,"Qualtool, Inc.",Concrete Lead Anchor Drive Tool,"Cushioned Handles. One Hand Operation. Sets Anchors perfectly every time. Available in the most popular sizes. Part No. AD 1/4 for 1/4"" Anchors Part No AD3/8 for 3/8"" Anchors",,,Concrete Lead Anchor Drive Tool,Concrete Lead Anchor Drive Tool
1182|21939,Sockets|Sockets,250E,Star Square Drive Sockets 250E,Complete Set (6),E:\IMAGES\ITEMS\product\2\5\Star-Square-Drive-Sockets.jpg,"Qualtool, Inc.",Complete Set (6),"1/4"" STAR Square Drive Sockets","SizeLengthTypeBody Dia.Nose Dia.Non-Mag. Part No. E-41""Shoulder1/2""1 4""250E4 E-51""Shoulder1/2""9/32""250E5 E-61""Shoulder1/2""5/16""250E6 E-71""Shoulder1/2""23/64""250E7 E-81""Shoulder1/2""25/64""250E8 E-101""Straight1/2""1/2""250E10 250E-SET",,Star Square Drive Sockets 250E,Star Square Drive Sockets 250E
1182|21939,Sockets|Sockets,HTS,Square Drive High Torque Sockets Bits,,E:\IMAGES\ITEMS\product\H\T\Square-Drive-High-Torque-Sockets.jpg,"Qualtool, Inc.",,"1/4"" Square Drive High Torque Sockets Bits","Part No.RecessOalBody Dia.Blade ThicknessBlade Length HTS-1111/2"".050.274 HTS-2211/2"".059.295 HTS-3311/2"".059.377 HTS-4411/2"".073.502",,Square Drive High Torque Sockets Bits,Square Drive High Torque Sockets Bits
1182|21939,Sockets|Sockets,MRSR,Reversible Sockets and Shanks,Reversible Sockets and Shanks,E:\IMAGES\ITEMS\product\M\R\Reversible-Sockets-and.jpg,"Qualtool, Inc.",Reversible Sockets and Shanks,,"Hex SizeOoutside DiameterOverall LengthMagnetic Part No. 1/4""3/8""1""MRSR 1/4 1/4"" 7/16""1""MRST 1/4 1/4""1/2""1""MRST5/16",,Reversible Sockets and Shanks,Reversible Sockets and Shanks
1182|21939,Sockets|Sockets,2SH,Shanks For Reversible Sockets,,E:\IMAGES\ITEMS\product\2\S\Shanks-For-Reversible.jpg,"Qualtool, Inc.",,Shanks For Reversible Sockets,"Overall LengthHex SizeShank Part No. 2""1/4""2SH 1/4-2 4""1/4""2SH 1/4-4",,Shanks For Reversible Sockets,Shanks For Reversible Sockets
24867,Screwdriver Bits,250-SH,Hex Drive Shank Extensions,"Will fit all 1/4"" Square Drive Sockets. All Shank Extensions equipped with Durable Pin Lock except where noted.",E:\IMAGES\ITEMS\product\2\5\Hex-Drive-Shank.jpg,"Qualtool, Inc.","Will fit all 1/4"" Square Drive Sockets. All Shank Extensions equipped with Durable Pin Lock except where noted.","1/4"" Hex Drive Shank Extensions.","Part No.Male SquareLength SHA 1/4 INSERT TYPE1/4' W/BALL1""      Part No.Male SquareLength 250 SH 1/41/4""1-3/8"" 250 SH 1/4-B1/4' W/BALL1-3/8"" 250 SH 1/4-21/4""2"" 250 SH 1/4-2B1/4"" W/BALL2"" 250 SH 1/4-31/4""3"" 250 SH 1/4-41/4""4"" 250 SH 1/4-51/4""5"" 250 SH 1/4-61/4""6"" 250 SH 1/4-81/4""8"" 250 SH 1/4-101/4""10"" 250 SH 1/4-121/4""12""",,Hex Drive Shank Extensions,Hex Drive Shank Extensions
24867,Screwdriver Bits,437 SH,Hex Drive Shank Extensions 437 SH,"Will fit all 3/8"" Square Drive Sockets. All Shank Extensions equipped with Durable Pin Lock.",E:\IMAGES\ITEMS\product\4\3\Hex-Drive-Shank-Extensions-437.jpg,"Qualtool, Inc.","Will fit all 3/8"" Square Drive Sockets. All Shank Extensions equipped with Durable Pin Lock.","1/4"" and 7/16"" Hex Drive Shank Extensions","1/4"" Hex Drive For 3/8"" Square Drive Sockets     Part No.Length 250 SH 3/81-5/8"" 250 SH 3/8-22"" 250 SH 3/8-2B2"" W/BALL 250 SH 3/8-33"" 250 SH 3/8-44"" 250 SH 3/8-66"" 250 SH 3/8-88""   7/16"" Hex Drive For 3/8"" Square Drive Sockets    Part No.Length 437 SH 3/8-22"" 437 SH 3/8-33"" 437 SH 3/8-44"" 437 SH 3/8-55"" 437 SH 3/8-66""",,Hex Drive Shank Extensions 437 SH,Hex Drive Shank Extensions 437 SH
1182|21939,Sockets|Sockets,437-SH,Hex Drive Shank Extensions 437-SH,"Will fit all 1/2"" Square Drive Sockets. All Shank Extensions equipped with Durable Pin Lock.",E:\IMAGES\ITEMS\product\4\3\Hex-Drive-Shank-Extensions-437- 2.jpg,"Qualtool, Inc.","Will fit all 1/2"" Square Drive Sockets. All Shank Extensions equipped with Durable Pin Lock.","7/16"" Hex Drive Shank Extensions","Part No.Length 437 SH 1/22-1/8"" 437 SH 1/2-33"" 437 SH 1/2-44""",,Hex Drive Shank Extensions 437-SH,Hex Drive Shank Extensions 437-SH
1182|21939,Sockets|Sockets,250-MST,Square Drive Sockets 250-MST,Magnetic and Non-Magnetic  For driving Hex Head Sheet Metal and Self Drilling Fasteners,E:\IMAGES\ITEMS\product\2\5\Square-Drive-Sockets-250.jpg,"Qualtool, Inc.",Magnetic and Non-Magnetic  For driving Hex Head Sheet Metal and Self Drilling Fasteners,"1/4"" Square Drive Sockets","Tapered Style —T    Straight Style - S     StyleHexsizeLengthNose Dia.Body Dia.Non-Mag. Part No.Magnetic Part No. T3/16""7/8""5/16""1/2""250 ST 3/16250 MST 3/16 T1/4""7/8""3/8""1/2""250 ST 1/4250 MST 1/4 S1/4""7/8""7/16""7/16""250 SW 1/4250 MSW 1/4 S1/4""7/8""1/2""1/2""250 S 1/4250 MS 1/4 T5/16""7/8""7/16""1/2""250 ST 5/16250 MST 5/16 S5/16""7/8""1/2""1/2""250 S 5/16250 MS 5/16 S3/8""1""9/16""9/16""250 S 3/8250 MS 3/8 S7/16""1""5/8""5/8""250 S 7/16250 MS 7/16 S1/2""1""3/4""3/4""250 S 1/2250 MS 1/2 S9/16'1-1/2""15/16""15/16""250 S 9/16250 MS 9/16",,Square Drive Sockets 250-MST,Square Drive Sockets 250-MST
1182|21939,Sockets|Sockets,375-ST,Square Drive Sockets 375-ST,Magnetic and Non-Magnetic  For driving Hex Head Sheet Metal and Self Drilling Fasteners,E:\IMAGES\ITEMS\product\3\7\Square-Drive-Sockets-375.jpg,"Qualtool, Inc.",Magnetic and Non-Magnetic  For driving Hex Head Sheet Metal and Self Drilling Fasteners,"3/8"" Square Drive Sockets","Tapered Style -T    Straight Style -S     StyleHex SizeLengthNose Dia.Body Dia.Non-Mag. Part No.Magnetic Part No. T1/4""1-1/4""3/8""3/4""375 ST 1/4375 MST 1/4 T5/16""1-1/4""1/2""3/4""375 ST 5/16375 MST 5/16 T3/8""1-1/4""5/8""3/4""375 ST 3/8375 MST 3/8 S7/16""1-1/4""3/4""3/4""375 S 7/16375 MS 7/16 S1/2""1-1/4""3/4""3/4""375 S 1/2375 MS 1/2 S9/16""1-1/4*15/16""15/16""375 S 9/16375 MS 9/16",,Square Drive Sockets 375-ST,Square Drive Sockets 375-ST
1182|21939,Sockets|Sockets,500-MST,Square Drive Sockets 500-MST,Magnetic and Non-Magnetic  For driving Hex Head Sheet Metal and Self Drilling Fasteners,E:\IMAGES\ITEMS\product\5\0\Square-Drive-Sockets-500.jpg,"Qualtool, Inc.",Magnetic and Non-Magnetic  For driving Hex Head Sheet Metal and Self Drilling Fasteners,"1/2"" Square Drive Sockets","Tapered Style -T    Straight Style -S     StyleHex SizeLengthNose Dia.Body Dia.Non-Mag. Part No.Magnetic Part No. T1/4""1-1/2""7/16""15/16""500 ST 1/4500 MST 1/4 T5/16""1-1/2""1/2""15/16""500 ST 5/16500 MST 5/16 T3/8""1-1/2""5/8""15/16""500 ST 3/8500 MST 3/8 T7/16""1-1/2""11/16""15/16""500 ST 7/16500 MST 7/16 T1/2""1-1/2""3/4""15/16""500 ST 1/2500 MST 1/2 S9/16""1-1/2""15/16""15/16""500 S 9/16500 MS 9/16",,Square Drive Sockets 500-MST,Square Drive Sockets 500-MST
1182|21939,Sockets|Sockets,M824-4,Square Drive Magnetic and Non-Magnetic M824-4,"1/4"", 3/8"" & 1/2"" Square Drive Metric Sockets",E:\IMAGES\ITEMS\product\M\8\Square-Drive-Magnetic-and-Non-Magnetic-M824.jpg,"Qualtool, Inc.","1/4"" Square Drive Metric Sockets","1/4"" Square Drive Magnetic and Non-Magnetic",Tapered Style -T    Straight Style -S      Metric Size MmTypeOverall Length MmNose EndBody Dia.Part No. Non-Mag.Part No. Magnetic 4T22.27.212.7824-4M824-4 4.5T22.27.912.7824-4.5M824-4.5 5T22.28.712.7824-5M824-5 5.5T22.29.112.7824-5.5M824-5.5 6T22.29.112.7824-6M824-6 7T22.210.212.7824-7M824-7 7S22.212.712.7820-7M820-7 8S22.212.712.7820-8M820-8 9S25.414.314.3820-9M820-9 10S25.415.915.9820-10M820-10,,Square Drive Magnetic and Non-Magnetic M824-4,Square Drive Magnetic and Non-Magnetic M824-4
1182|21939,Sockets|Sockets,M845-8,Square Drive Magnetic and Non-Magnetic M845-8,"1/4"", 3/8"" & 1/2"" Square Drive Metric Sockets",E:\IMAGES\ITEMS\product\M\8\.jpg,"Qualtool, Inc.","1/4"", 3/8"" & 1/2"" Square Drive Metric Sockets","3/8"" Square Drive Magnetic and Non-Magnetic",Tapered Style -T    Straight Style -S       Metric Size MmTypeOverall Length MmNose EndBody Dia.Part No. Non-Mag.Part No. Magnetic 8T31.711.915.9845-8M845-8 10T31.714.319.1845-10M845-10 11T31.717.519.1845-11M845-11 12S31.719.119.1840-12M840-12 13S31.719.119.1840-13M840-13,,Square Drive Magnetic and Non-Magnetic M845-8,Square Drive Magnetic and Non-Magnetic M845-8
1182|21939,Sockets|Sockets,M867-13,Square Drive Magnetic and Non-Magnetic M867-13,"1/4"", 3/8"" & 1/2"" Square Drive Metric Sockets",E:\IMAGES\ITEMS\product\M\8\Square-Drive-Magnetic-and-Non-Magnetic-M867.jpg,"Qualtool, Inc.","1/2"" Square Drive Metric Sockets","1/2"" Square Drive Magnetic and Non-Magnetic",Metric Size MmTypeOverall Length MmNose EndBody Dia.Part No. Non-Mag.Part No. Magnetic 13S38.122.223.7867-13M867-13,,Square Drive Magnetic and Non-Magnetic M867-13,Square Drive Magnetic and Non-Magnetic M867-13
251|24867,Insert Bits|Screwdriver Bits,19-PS,Hex Shank Phillips - Slotted Bits 19-PS,Double End Insert & Power Bits,E:\IMAGES\ITEMS\product\1\9\Hex-Shank-Phillips-Slotted-Bits-19.jpg,"Qualtool, Inc.",Double End Insert & Power Bits,"1/4"" Hex Shank Phillips - Slotted Bits","Overall LengthPoint SizePart No. 1-1/2""1-619-PS2 1-1/2""2-419-PS3 1-1/2""3-1019-PS4",,Hex Shank Phillips - Slotted Bits 19-PS,Hex Shank Phillips - Slotted Bits 19-PS
251|24867,Insert Bits|Screwdriver Bits,19-SR2,Hex Shank-Square Bits 19-SR2,Double End Insert & Power Bits,E:\IMAGES\ITEMS\product\1\9\Hex-Shank-Square-Bits-19.jpg,"Qualtool, Inc.",Double End Insert & Power Bits,"1/4"" Hex Shank-Square Bits","Overall LengthPoint SizePart No. 1-1/2""1-219-SR2",,Hex Shank-Square Bits 19-SR2,Hex Shank-Square Bits 19-SR2
251|24867,Insert Bits|Screwdriver Bits,19-TS,Hex Shank-Star Bits 19-TS,Double End Insert & Power Bits,E:\IMAGES\ITEMS\product\1\9\Hex-Shank-Star-Bits-19.jpg,"Qualtool, Inc.",Double End Insert & Power Bits,"1/4"" Hex Shank-Star Bits","Overall LengthPoint SizePart No. 1-1/2""15-2019-TS2 1-1/2""25-3019-TS3",,Hex Shank-Star Bits 19-TS,Hex Shank-Star Bits 19-TS
251|24867,Insert Bits|Screwdriver Bits,29-2DP,Hex Shank-Phillips Bits 29-2DP,Double End Insert & Power Bits,E:\IMAGES\ITEMS\product\2\9\Hex-Shank-Phillips-Bits-29.jpg,"Qualtool, Inc.",Double End Insert & Power Bits,"1/4"" Hex Shank-Phillips Bits","Overall LengthPoint SizePart No. 1-1/2""1-229-2DP      Overall LengthPoint SizePart No. 1-3/4""2-230-2DP 2-1/2""2-231-2DP",,Hex Shank-Phillips Bits 29-2DP,Hex Shank-Phillips Bits 29-2DP
24867,Screwdriver Bits,BHDE,Hex Drive - Non Magnetic,Bit Holder for Double Ended Bits,E:\IMAGES\ITEMS\product\B\H\Hex-Drive-Non.jpg,"Qualtool, Inc.",Bit Holder for Double Ended Bits,"1/4"" Hex Drive — Non-Magnetic","Overall LengthPart No. 2-1/4""BHDE",,Hex Drive - Non Magnetic,Hex Drive - Non Magnetic
24867,Screwdriver Bits,726,Hex Drive - Non Magnetic 726,"Storage Handle Driver, Double End Bit Set",E:\IMAGES\ITEMS\product\7\2\Hex-Drive-Non-Magnetic.jpg,"Qualtool, Inc.","Storage Handle Driver, Double End Bit Set","1/4"" Hex Drive — Non-Magnetic","Overall LengthPart No. W/BitsPart No. W/O Bits 8""717726   (Bits included: Phillips 1. 2, 3; Slotted 4-6. 6-8, 8-10)",,Hex Drive - Non Magnetic 726,Hex Drive - Non Magnetic 726
24867,Screwdriver Bits,QCM,Qualtool Counter Merchandisers,Part No. 2048-Metal Display Only Part No. 2050-Contractor Assortment  &nbsp   &nbsp          &nbsp  &nbsp  &nbsp -Consisting of 1030 Pieces Part No.,E:\IMAGES\ITEMS\product\Q\C\Qualtool-Counter.jpg,"Qualtool, Inc.",Part No. 2048-Metal Display Only,High Quality Steel Construction. Clear acrylic lid allows customers lo see all parts without handling. Key Locking Lid. Includes Display & Standard Screwdriver Assortment.,"Display Dimensions: Height (without header) : 8"" Depth : 15-3/4"" Width : 12-1/2"" Part No. 2050-Contractor Assortment, Consisting of 1030 Pieces Part No. 2052-Lumber Yard Assortment, Consisting of 915 Pieces Part No. 2053-Electrical Assortment, Consisting of 805 Pieces    Part No.-Part No. -205020522053-205020522053 250PB0-2030250R0-30- 250PB1505050250R1505050 250PB2150100100250R2506570 250PB350755080-2R257575 250PBR2751005080-3R25-- 30-1P50202060-T1540-- 30-2P50505060-T3040-- 30-3P50202019PS3-30- 32-2P2520-MBH1/4-1010 34-2P30--MBHR1/42055 36-2P-2030MSH1/4201010 250SS1-2525MSH5/16201010 250SS4502525MSH3/8101010 250SS650--MSH7/16-1010 250SS8502525MSHL1/420-5 20-4S-3030MSHL5/1620-5 20-7S-3030MSHL3/810-5 ----MSHL7/16--5 TOTAL PTS680610535-350305270",,Qualtool Counter Merchandisers,Qualtool Counter Merchandisers
21924,Screwdrivers,700,Non-Magnetic Hand Drivers,,E:\IMAGES\ITEMS\product\7\0\Non-Magnetic-Hand.jpg,"Qualtool, Inc.",,Non-Magnetic Hand Drivers,4 in 1 Quick Change Screwdrivers Part No. 700 6 in 1 Quick Change Screwdrivers Part No. 700-6    Part No.Each Of The Below Contain 2 Double End Bits: 700#1 & #2 PHILLIPS and 3/16 & 5/16 SLOTTED 7013/16 & 5/16 SLOTTED and #2 PHILLIPS & #27 STAR 702#1 & #2 PHILLIPS and #1 & #2 SQUARE 700-6#1 & #2 PHILLIPS and 3/16 & 5/16 SLOTTED plus 5/16 and 1/4 NUTSETTER     HexPart No.Replacement Double Ended Bits 5/16700 APHILLIPS #1 &#2 5/16700 BSLOTTED 3/16 & 5/16 5/16702 A#1 & #2 SQUARE 1/4*700-CPHILLIPS #1 &#2   4 in 1 or 6 in 1 Quick Change Screwdriver Displays Attractive heavy duty cardboard display is FREE with purchase of 12 screwdrivers.     QuantityDescriptionPart No. 12244IN14 IN 1690708 12246IN16IN1690-6708-6   Order 24 screwdrivers of the same part number and your name will be imprinted free.,,Non-Magnetic Hand Drivers,Non-Magnetic Hand Drivers
21924,Screwdrivers,NMH7,Non-Magnetic Hand Drivers,Non-Magnetic Hand Drivers,E:\IMAGES\ITEMS\product\N\M\Non-Magnetic-Hand.jpg,"Qualtool, Inc.",Non-Magnetic Hand Drivers,Slotted Hand Drivers Phillips Hand Drivers Square Recess Hand Drivers,"Slotted Hand Drivers    Part No.Blade SizeOverall Length 7704""8"" 7716""9-1/2"" 7738""12-3/4"" 77410""14""   Phillips Hand Drivers    Part No.Point SizeBlade SizeOverall Length 76113""6-1/4"" 761S11-1/8""4"" 76224""7-3/4"" 76336""10-1/4""   Square Recess Hand Drivers     Part No.Point SizeBlade SizeOverall Length 79-1R14""7-5/8"" 79-2R24""7-5/8""",,Non-Magnetic Hand Drivers,Non-Magnetic Hand Drivers
21924,Screwdrivers,MHD7,Magnetic Hand Drivers,,E:\IMAGES\ITEMS\product\M\H\Magnetic-Hand.jpg,"Qualtool, Inc.",,"For 1/4"" Hex Insert Bits For 5/16"" Hex Insert Bits","FOR 1/4"" HEX INSERT BITS Bits included are #1 & #2 Phillips and #4 & #6 Slotted    Overall LengthSleeve TypeHandle TypePart No. Wo BitsPart No. W/Bits 7-1/2""STAINLESSSTORAGE710711 7-1/2""STAINLESSSOLID712- 12""STAINLESSSOLID730- 12""STAINLESSSTORAGE731732    FOR 5/16"" HEX INSERT BITS Bits included are #3 Phillips and #10 Slotted   Overall LengthSleeve TypeHandle TypePart No. Wo BitsPart No. W/Bits 8""STAINLESSSOLID718- 8""STAINLESSSTORAGE719721",,Magnetic Hand Drivers,Magnetic Hand Drivers
21924,Screwdrivers,710 RAT,Magnetic Racheting Hand Driver,,E:\IMAGES\ITEMS\product\7\1\Magnetic-Racheting-Hand.jpg,"Qualtool, Inc.",,"FOR 1/4"" Hex Insert Bits","FOR 1/4"" Hex Insert Bits Bits included are #1 & #2 Phillips, #1 & #2 Square, and #4 & #6 Slotted    Overall LengthSleeve TypeHandle TypePart No. W/Bits 8""CRVSTORAGE w/CUSHION GRIP710 RAT",,Magnetic Racheting Hand Driver,Magnetic Racheting Hand Driver
21924,Screwdrivers,720,Star Hand Drivers 720,,E:\IMAGES\ITEMS\product\7\2\Star-Hand-Drivers.jpg,"Qualtool, Inc.",,Star Hand Drivers,"Tamper Resistant Part No.Standard Part No.Point SizeHandle SizeOverall Length 720-TR7720-T773/4"" X 2-5/8""5-7/8"" 720-TR8720-T883/4"" X 2-5/8""5-7/8"" 720-TR9720-T993/4"" X 2-5/8""5-7/8"" 720-TR10720-T10103/4- X 2-5/8""5-7/8"" 720-TR15720-T15151"" X 3-1/2""6-7/8"" 720-TR20720-T20201"" X 3-1/2""6-7/8"" 720-TR25720-T25251-1/8"" X 4""7-3/4"" 720-TR27720-T27271-1/8"" X 4""8"" 720-TR30720-T30301-1/8"" X 4""8-1/2"" 720-TR40720-T40401-1/8"" X 4""8-1/2""",,Star Hand Drivers 720,Star Hand Drivers 720
24867,Screwdriver Bits,TD-250,Hanging Tom Dooley Pak,"""Tom Dooley's Daddy"" available for all 2 3/4"" and 3 1/2"" long power bits.",E:\IMAGES\ITEMS\product\T\D\Hanging-Tom-Dooley.jpg,"Qualtool, Inc.","""Tom Dooley's Daddy"" available for all 2 3/4"" and 3 1/2"" long power bits.",,"Special contractor size ""Tom Dooley"" hanging pak of (20) 1"" insert bits or (10) 1-15/16"" power bits. Available in all of our most popular sizes.    Part No.DescriptionBits/Pak Insert Bits TD- 250-PB1#1 Phillips Insert Bit20 TD- 250-PB2#2 Phillips Insert Bit20 TD- 250-PB3#3 Phillips Insert Bit20 TD- 250-PBR2#2 Reduced Phillips Insert Bit20 TD-250-R1#1 Square Insert Bit20 TD- 250-R2#2 Square Insert Bit20 TD- 250-R3#3 Square Insert Bit20 TD- 250-SS4#4 Slotted Insert Bit20 TD- 250-SS6#6 Slotted Insert Bit20 TD- 250-SS8#8 Slotted Insert Bit20 TD- 60-T30#30 Star Insert Bit20 TD- 60-T40#40 Star Insert Bit20 Power Bits TD-30-1P#1 Phillips Power Bit10 TD- 30-2P#2 Phillips Power Bit10 TD- 30-3P#3 Phillips Power Bit10 TD- 20-8S#8 Slotted Power Bit10 TD- 80-2R#2 Square Power Bit10   Other size bits are available upon request. 1"" insert bits are packed 20 per pak and 1-15/16"" power bits are packed 10 per pak.",,Hanging Tom Dooley Pak,Hanging Tom Dooley Pak
251|21922,Insert Bits|Screwdriver Bits and Nutsetters,BKN,Bit Kits and Nutsetter Kits,The Nutsetter Kits,E:\IMAGES\ITEMS\product\B\K\Bit-Kits-and-Nutsetter.jpg,"Qualtool, Inc.",The Nutsetter Kits,7 Piece Non-Magnetic 3 Piece Magnetic Mini Combo Kit 7 Piece Mini-Combo Kit,"7 Piece Non-Magnetic Nutsetter Set Part No. 2010 Set Includes the following sizes: 3/16"", 1/4"", 9/32"", 5/16"" 11/32"", 3/8"", 7/16""    3 Piece Magnetic Nutsetter Set Part No. 2020 Set Includes the following sizes: 1/4"", 5/16"". 3/8""    Mini Combo Kit Part No. 2025 Set Includes Magnetic Bit Holder Magnetic Nutsetters 1/4"" & 5/16"" Phillips Bits #1 & #2 Slotted Bits #4 & #6    7 Piece Mini-Combo Kit Part No. 2040 Set Includes: Magnetic Bit Holder Magnetic Nutsetters 1/4"" & 5/16"" Phillips Bits #1 &#2 Square Bits #1 & #2",,Bit Kits and Nutsetter Kits,Bit Kits and Nutsetter Kits
24867,Screwdriver Bits,2001,Pocket Bit Kit,Pocket Sized 10 Piece Set with Magnetic Bit Holder in a Hard Plastic Case Part No. 2001,E:\IMAGES\ITEMS\product\2\0\Pocket-Bit.jpg,"Qualtool, Inc.",Pocket Sized 10 Piece Set with Magnetic Bit Holder in a Hard Plastic Case Part No. 2001,Pocket Bit Kit,"Pocket Bit Kit Includes Magnetic Bit Holder, No. 1,2, & 3 Phillips Bits. No. 4 & 6 Slotted Bits, No. 1 & 2 Square Bits No. 15 & 30 Star Bits""",,Pocket Bit Kit,Pocket Bit Kit
24867,Screwdriver Bits,625,Mini Masonry Drill & Drive Kit,For installation of HEX HEAD masonry screws. Zinc plated. Part No. 625 Mini,E:\IMAGES\ITEMS\product\6\2\Mini-Masonry-Drill-Drive.jpg,"Qualtool, Inc.",For installation of HEX HEAD masonry screws. Zinc plated. Part No. 625 Mini,,Replacement Part No.Description 626 MiniDrive Tube 630 MiniDrill Adapter,,Mini Masonry Drill & Drive Kit,Mini Masonry Drill & Drive Kit
2497|21724,Specialty Tool Kits|General Hand Tool Kits,MDD625,Masonry Drill and Drive Tool Kit,For installation of concrete screws Kit No. 625,E:\IMAGES\ITEMS\product\M\D\Masonry-Drill-and-Drive-Tool.jpg,"Qualtool, Inc.",For installation of concrete screws Kit No. 625,,"Replacement Part No.Description 626Drive Tube 6271/4- Drive Nutsetter 6285/16"" Drive Nutsettep, 629Holder For Phillips Bits 630Drill Holder 631L-Hex Key 632Heavy Duty Plastic Case 250PB2#2 Phillips Bit 250PB3#3 Phillips Bit",,Masonry Drill and Drive Tool Kit,Masonry Drill and Drive Tool Kit
2497|21724,Specialty Tool Kits|General Hand Tool Kits,2000,The Bit Kit,31 Piece Set in Heavy Duty Plastic Case. Part No. 2000,E:\IMAGES\ITEMS\product\2\0\The-Bit.jpg,"Qualtool, Inc.",31 Piece Set in Heavy Duty Plastic Case. Part No. 2000,,"DescriptionOverall LengthBit Size Phillips Bits1""1.2.3 Slotted Bits1""4, 5, 6, 8, 10 Hex Socket Bits1""2, 3. 4, 5, 6, 7, 8 Square Bits1""1,2,3 Star Bits1""T10, T15, T20T25. T30, T40 Pozidriv- Bits1""1, 2 Clutch Bits1""2, 3 Socket Adapter1""for 1/4"" Square Drive Sockets Magnetic Bit Holder1-3/4""for 1/4"" Hex Insert Bits Magnetic Hand Driver7-1/2""with Solid Handle",,The Bit Kit,The Bit Kit
2497|21724,Specialty Tool Kits|General Hand Tool Kits,2100,The Security Bit Kit,31 Piece Set in Heavy Duty Plastic Case. Part No. 2100,E:\IMAGES\ITEMS\product\2\1\The-Security-Bit.jpg,"Qualtool, Inc.",31 Piece Set in Heavy Duty Plastic Case. Part No. 2100,,"DescriptionOverall LengthBit Size Star Bits 60-TR Series1""TR7, TR8,TR9, TR10,TR15, TR20, TR25, TR27, TR30, TR40 Socket Head Bits 73-TR Series1""TR3/32, TR7/64, TR1/8, TR9/64, TR5/32, TR3/16, TR7/32, TR1/4 Spanner Bits 115 Series1""4, 6, 8,10 Phillips Security Bits 250PB-TR1""2, 3 Square Bits 250R1, R21""1, 2 Phillips Bit 250PB1""1 Slotted Bit 250SS81""8 Socket Adapter1""for 1/4"" Square Drive Sockets Magnet Bit Holder1-3/4""for 1/4"" Hex Shank Insert Bits Magnetic Hand Driver7-1/2""with Solid Handle",,The Security Bit Kit,The Security Bit Kit
24867,Screwdriver Bits,FB-1,Qualtool Fishbowl Displays,"Other FB nutsetters, bit holders and bits are available upon request.",E:\IMAGES\ITEMS\product\F\B\Qualtool-Fishbowl.jpg,"Qualtool, Inc.","Other FB nutsetters, bit holders and bits are available upon request.",,Nutsetters    Part No.Pieces/Fb FB-MSHL5/1675 PCS. FB-MSHL 1/475 PCS. FB-MSHL 3/850 PCS. FB-MSH 1/4100 PCS. FB-MSH5/16100 PCS.   Bit Holders    Part No.Pieces/Fb FB-MBH 1/450 PCS. FB-MBHM 1/450 PCS. FB-MBHR 1/450 PCS. FB-MBHT 1/450 PCS.   Bits    Part No.Pieces/Fb FB-250PB2500 PCS FB-250PB3500 PCS FB-250PBR2500 PCS FB-250R1500 PCS FB-250R2500 PCS FB-30-2P250 PCS,,Qualtool Fishbowl Displays,Qualtool Fishbowl Displays
2497|21724,Specialty Tool Kits|General Hand Tool Kits,2062,Qualtool Contractor Kits,"Part No. 2062, Contractor Kit consisting of 175 pieces",E:\IMAGES\ITEMS\product\2\0\Qualtool-Contractor.jpg,"Qualtool, Inc.","Part No. 2062, Contractor Kit consisting of 175 pieces","Heavy duty case keeps parts organized for quick use. Case is 2"" x 9"" x 13"" with up tol6 compartments. Each assortment contains our most popular parts. Custom assortments available upon request, call for quote","Part No. 2062, Contractor Kit consisting of 175 pieces Part No. 2061, Mini Contractor Kit Consisting of 88 pieces Part No. 2060, Bit Kit Consisting of 101 pieces    Part No.-Part No. -206020612062-206020612062 MSH 1/4-510250SS48-- MSHL 1/4-510250SS68-- MSH 5/16-510250SS88-- MSHL 5/16-510250SS108-- MSH 3/8-510250R18-- MSHL 3/8-510250 R 28-- MBH 1/41--250R38-- MBHT 1/4-12250H38-- MBH 1/4QC-12250H108-- 905-11250PB2TR2-- 250PB-181020250PB3TR2-- 250PB-28255030-2P-1020 250PB-381020----",,Qualtool Contractor Kits,Qualtool Contractor Kits
1202|22125,Magnets|Magnet Accessories,CAM,Cast Alnico Magnets,Cast Alnico Magnets and Specialty Magnets,E:\IMAGES\ITEMS\product\C\A\Cast-Alnico.jpg,"Qualtool, Inc.",Cast Alnico Magnets and Specialty Magnets,Round Cast Alnico Bars,"We can supply a full range of circular magnets from 1/8"" to 1/2"" diameter. Call for prices for your specifications. Neodymium magnets also are available from 1/8"" to 1/2"" diameter.",,Cast Alnico Magnets,Cast Alnico Magnets
1202|22125,Magnets|Magnet Accessories,IGHM,Industrial Grade Holding Magnets,,E:\IMAGES\ITEMS\product\I\G\Industrial-Grade-Holding.jpg,"Qualtool, Inc.",,Industrial Grade Holding Magnets,"Part No.Dimensions Including HandlePickup CapacityShipping Weight 6461 -1/4"" X 3-1/2"" X 9-1/2""15-16 LBS.3 LBS. 6471-1/4"" X 3-1/2"" X 21-1/2""25-30 LBS.6 LBS. 6481-1/4"" X 3-1/2"" X 32-1/2""40-45 LBS.8 LBS.",,Industrial Grade Holding Magnets,Industrial Grade Holding Magnets
1202|22125,Magnets|Magnet Accessories,614,Key Chain Magnet,,E:\IMAGES\ITEMS\product\6\1\Key-Chain.jpg,"Qualtool, Inc.",,"3/8"" diameter x 2-1/4"" long",Part No.: 614,,Key Chain Magnet,Key Chain Magnet
1202|22125,Magnets|Magnet Accessories,615,Pocket Pick-Up Magnet,"5"" length with pocket clip.",E:\IMAGES\ITEMS\product\6\1\Pocket-Pick-Up.jpg,"Qualtool, Inc.","5"" length with pocket clip.",,Part No. 615,,Pocket Pick-Up Magnet,Pocket Pick-Up Magnet
1202|22125,Magnets|Magnet Accessories,616,Magnetic Rack,"18"" length for heavy duty holding power.",E:\IMAGES\ITEMS\product\6\1\Magnetic.jpg,"Qualtool, Inc.","18"" length for heavy duty holding power.",,Part No.: 616,,Magnetic Rack,Magnetic Rack
1202|22125,Magnets|Magnet Accessories,MSQR,Magnetic Sweeper Quick Release,Magnetic Sweepers and Pickup Tools,E:\IMAGES\ITEMS\product\M\S\Magnetic-Sweeper-Quick.jpg,"Qualtool, Inc.",Magnetic Sweepers and Pickup Tools,,"Magnetic Sweeper w/o Quick Release     Part No.WidthShipping WeightComments 60024""9 LBS. W/O Quick Release 60224""-Replacement Magnet 60136""13 LBS.W/O Quick Release 60336""-Replacement Magnet    Magnetic Sweeper w/Quick Release    Part No.WidthShipping WeightComments 61824""27 LBS. With Quick Release",,Magnetic Sweeper Quick Release,Magnetic Sweeper Quick Release
1202|22125,Magnets|Magnet Accessories,MTS,Magnetic T-Bar Sweeper,Magnetic Sweepers and Pickup Tools,E:\IMAGES\ITEMS\product\M\T\Magnetic-T-Bar.jpg,"Qualtool, Inc.",Magnetic Sweepers and Pickup Tools,,"Magnetic T-Bar Sweeper     Part No.WidthShipping WeightComments 	604			14""			6 LBS.			Magnetic T-Bar	 	610			24""			8 LBS.				 	611			36""			11 LBS.			   Hand Release Magnets    Part No.WidthShipping WeightComments 	641		3""	 Dia		4 LBS.			12"" High 6-8 LBS Packup Capacity",,Magnetic T-Bar Sweeper,Magnetic T-Bar Sweeper
1202|22125,Magnets|Magnet Accessories,FMS,Forklift Magnets,Magnetic Sweepers and Pickup Tools,E:\IMAGES\ITEMS\product\F\M\Forklift.jpg,"Qualtool, Inc.",Magnetic Sweepers and Pickup Tools,Easily installs under any front bumper or lift truck using eye hooks supplied and two short lengths of chain. Constructed of highest quality materials and permanent magnets that are guaranteed for life.,Standard Duty    Part NumberSizeApproximate Weight 820072 x 4 x 3645 LBS. 820082 x 4 x 4860 LBS. 820092 x 4 x 6075 LBS. 820102 x 4 x 7290 LBS.   Heavy Duty   Part NumberSizeApproximate Weight 820112 x 6 x 3660 LBS. 820122 x 6 x 4880 LBS. 820132 x 6 x 60100 LBS. 820142 x 6 x 72120 LBS.,,Forklift Magnets,Forklift Magnets
24867,Screwdriver Bits,FB250PB2,Bit Philips,,E:\IMAGES\ITEMS\product\F\B\qualtool-inc-fb250pb2-bit-philips.jpg,"Qualtool, Inc.",Phillips Insert Bit,Fishbowl Display SetHex Shank Insert BitStandard Style,,,"Point Size: 2; Overall Length: 1""; Pieces/Fb: 500 Pcs.",Bit Philips
24867,Screwdriver Bits,MBH1-4,Bit Holder Mag,,E:\IMAGES\ITEMS\product\M\B\qualtool-inc-mbh1-4-bit-holder-mag.jpg,"Qualtool, Inc.",Bit Holder,Hex Drive With Ring RetainerMagneticFor Hex Insert BitsFor use in all Drywall Drivers,All bit holders are manufactured of industrial quality stainless steel,,5 Gal,Bit Holder Mag
21921,Screwdriver Bit and Nutsetter Accessories,MSHL1-2,Nutsetter Mag,,E:\IMAGES\ITEMS\product\M\S\qualtool-inc-mshl1-2-nutsetter-mag.jpg,"Qualtool, Inc.",Hex Drive Nutsetter,Hex Power Drive Nutsetter - LongMagneticFor driving hex head self drilling fasteners and sheet metal screws,,,"Broached Hex: 1/2""; Overall Length: 2-9/16""",Nutsetter Mag
21921,Screwdriver Bit and Nutsetter Accessories,MSHL1-4,Nutsetter Mag,,E:\IMAGES\ITEMS\product\M\S\qualtool-inc-mshl1-4-nutsetter-mag.jpg,"Qualtool, Inc.",Hex Drive Nutsetter,Hex Power Drive Nutsetter - LongMagneticFor driving hex head self drilling fasteners and sheet metal screws,,,"Broached Hex: 1/4""; Overall Length: 2-9/16""",Nutsetter Mag
21921,Screwdriver Bit and Nutsetter Accessories,MSHL3-8,Nutsetter Mag,,E:\IMAGES\ITEMS\product\M\S\qualtool-inc-mshl3-8-nutsetter-mag.jpg,"Qualtool, Inc.",Hex Drive Nutsetter,Hex Power Drive Nutsetter - LongMagneticFor driving hex head self drilling fasteners and sheet metal screws,,,"Broached Hex: 3/8""; Overall Length: 2-9/16""",Nutsetter Mag
21921,Screwdriver Bit and Nutsetter Accessories,MSHL5-16,Nutsetter Mag,,E:\IMAGES\ITEMS\product\M\S\qualtool-inc-mshl5-16-nutsetter-mag.jpg,"Qualtool, Inc.",Hex Drive Nutsetter,Hex Power Drive Nutsetter - LongMagneticFor driving hex head self drilling fasteners and sheet metal screws,,,"Broached Hex: 5/16""; Overall Length: 2-9/16""",Nutsetter Mag
21922,Screwdriver Bits and Nutsetters,L-MSHL 1-4,1/4 1/4 X 2-9/16 MAG NUT DRIVER LONG LOBULAR,,E:\IMAGES\ITEMS\product\L\M\qualtool-inc-l-mshl-1-4-14-14-x-2-916-mag-nut-driver-long-lobular.jpg,"Qualtool, Inc.",,,,,,1/4 1/4 X 2-9/16 MAG NUT DRIVER LONG LOBULAR
21922,Screwdriver Bits and Nutsetters,L-MSHL 3-8,3/8 3/8 X 2-9/16 MAH NUT DRIVER LONG LOBULAR,,E:\IMAGES\ITEMS\product\L\M\qualtool-inc-l-mshl-3-8-38-38-x-2-916-mah-nut-driver-long-lobular.jpg,"Qualtool, Inc.",,,,,,3/8 3/8 X 2-9/16 MAH NUT DRIVER LONG LOBULAR
21922,Screwdriver Bits and Nutsetters,L-MSHL 5-16,5/16 5/16 X 2-9/16 MAG NUT DRIVER LONG LOBULAR,,E:\IMAGES\ITEMS\product\L\M\qualtool-inc-l-mshl-5-16-516-516-x-2-916-mag-nut-driver-long-lobular.jpg,"Qualtool, Inc.",,,,,,5/16 5/16 X 2-9/16 MAG NUT DRIVER LONG LOBULAR
21922,Screwdriver Bits and Nutsetters,MBHC 1-4,1/4 2-1/4 MAG BIT TIP HOLDER 3/8 BODY-7/16 NOSE,,E:\IMAGES\ITEMS\product\M\B\qualtool-inc-mbhc-1-4-14-2-14-mag-bit-tip-holder-38-body-716-nose.jpg,"Qualtool, Inc.",,,,,,1/4 2-1/4 MAG BIT TIP HOLDER 3/8 BODY-7/16 NOSE
21922,Screwdriver Bits and Nutsetters,MBHM 1-4,"1/4 3-1/8""BIT TIP HOLDER CAP W O-RING 1/4 DR",,E:\IMAGES\ITEMS\product\M\B\qualtool-inc-mbhm-1-4-14-3-18bit-tip-holder-cap-w-o-ring-14-dr.jpg,"Qualtool, Inc.",,,,,,"1/4 3-1/8""BIT TIP HOLDER CAP W O-RING 1/4 DR"
21922,Screwdriver Bits and Nutsetters,"MBHM 1-4 X 12"" HOLDER","1/4 X 12"" HOLDER 1/4 X 12"" MAGNET/BIT HOLDER",,E:\IMAGES\ITEMS\product\M\B\qualtool-inc-mbhm-1-4-x-12-holder-14-x-12-holder-14-x-12-magnetbit-holder.jpg,"Qualtool, Inc.",,,,,,"1/4 X 12"" HOLDER 1/4 X 12"" MAGNET/BIT HOLDER"
21922,Screwdriver Bits and Nutsetters,MBHM 1-4-6,"1/4-6 1/4-6"" MAGNETIC BIT HOLDER CAP W/O-RING 1/4 DR",,E:\IMAGES\ITEMS\product\M\B\qualtool-inc-mbhm-1-4-6-14-6-14-6-magnetic-bit-holder-cap-wo-ring-14-dr.jpg,"Qualtool, Inc.",,,,,,"1/4-6 1/4-6"" MAGNETIC BIT HOLDER CAP W/O-RING 1/4 DR"
21922,Screwdriver Bits and Nutsetters,MBHN 1-4,"1/4 BIT HOLDER 2 7/8"" SCREW ON CAP MAGNA 26790",,E:\IMAGES\ITEMS\product\M\B\qualtool-inc-mbhn-1-4-14-bit-holder-2-78-screw-on-cap-magna-26790.jpg,"Qualtool, Inc.",,,,,,"1/4 BIT HOLDER 2 7/8"" SCREW ON CAP MAGNA 26790"
21922,Screwdriver Bits and Nutsetters,MBHO 1-4,"1/4 BIT HOLDER 2 3/8"" SCREW ON CAP MAGNA 26791",,E:\IMAGES\ITEMS\product\M\B\qualtool-inc-mbho-1-4-14-bit-holder-2-38-screw-on-cap-magna-26791.jpg,"Qualtool, Inc.",,,,,,"1/4 BIT HOLDER 2 3/8"" SCREW ON CAP MAGNA 26791"
21922,Screwdriver Bits and Nutsetters,MBHR 1-4,"1/4 1/4 MAGNETIC BIT HOLDER 2-7/8"" LONG",,E:\IMAGES\ITEMS\product\M\B\qualtool-inc-mbhr-1-4-14-14-magnetic-bit-holder-2-78-long.jpg,"Qualtool, Inc.",,,,,,"1/4 1/4 MAGNETIC BIT HOLDER 2-7/8"" LONG"
21922,Screwdriver Bits and Nutsetters,MBHR1-4-6,"1/4-6 1/4X6 MAGNETIC BIT HOLDER 6"" LONG",,E:\IMAGES\ITEMS\product\M\B\qualtool-inc-mbhr1-4-6-14-6-14x6-magnetic-bit-holder-6-long.jpg,"Qualtool, Inc.",,,,,,"1/4-6 1/4X6 MAGNETIC BIT HOLDER 6"" LONG"
21922,Screwdriver Bits and Nutsetters,MBHT 1-4,"1/4 BIT HOLDER 3"" MAGNETIC MAGNA 40832",,E:\IMAGES\ITEMS\product\M\B\qualtool-inc-mbht-1-4-14-bit-holder-3-magnetic-magna-40832.jpg,"Qualtool, Inc.",,,,,,"1/4 BIT HOLDER 3"" MAGNETIC MAGNA 40832"
21922,Screwdriver Bits and Nutsetters,MBHZ 1-4,1/4 2 1/8 BIT HOLDER,,E:\IMAGES\ITEMS\product\M\B\qualtool-inc-mbhz-1-4-14-2-18-bit-holder.jpg,"Qualtool, Inc.",,,,,,1/4 2 1/8 BIT HOLDER
21922,Screwdriver Bits and Nutsetters,MSH 1-4,"1/4 1/4"" MAG NUT DRIVER, 1 5/8"" MAGNA 31450",,E:\IMAGES\ITEMS\product\M\S\qualtool-inc-msh-1-4-14-14-mag-nut-driver-1-58-magna-31450.jpg,"Qualtool, Inc.",,,,,,"1/4 1/4"" MAG NUT DRIVER, 1 5/8"" MAGNA 31450"
21922,Screwdriver Bits and Nutsetters,MSH 3-8,"3/8 3/8 MAG NUT DRIVER,1 3/4"" MAGNA 36165",,E:\IMAGES\ITEMS\product\M\S\qualtool-inc-msh-3-8-38-38-mag-nut-driver1-34-magna-36165.jpg,"Qualtool, Inc.",,,,,,"3/8 3/8 MAG NUT DRIVER,1 3/4"" MAGNA 36165"
21922,Screwdriver Bits and Nutsetters,MSH 5-16,"5/16 5/16""MAG NUT DRIVER, 1 5/8"" MAGNA 31452",,E:\IMAGES\ITEMS\product\M\S\qualtool-inc-msh-5-16-516-516mag-nut-driver-1-58-magna-31452.jpg,"Qualtool, Inc.",,,,,,"5/16 5/16""MAG NUT DRIVER, 1 5/8"" MAGNA 31452"
21922,Screwdriver Bits and Nutsetters,MSH 7-16,"7/16 7/16"" X 1-3/4"" MAG NUT DRIVER",,E:\IMAGES\ITEMS\product\M\S\qualtool-inc-msh-7-16-716-716-x-1-34-mag-nut-driver.jpg,"Qualtool, Inc.",,,,,,"7/16 7/16"" X 1-3/4"" MAG NUT DRIVER"
21922,Screwdriver Bits and Nutsetters,MSHL 1-4-6,1/4-6 1/4 X 6 MAG NUT DRIVER EXTRA-LONG,,E:\IMAGES\ITEMS\product\M\S\qualtool-inc-mshl-1-4-6-14-6-14-x-6-mag-nut-driver-extra-long.jpg,"Qualtool, Inc.",,,,,,1/4-6 1/4 X 6 MAG NUT DRIVER EXTRA-LONG
21922,Screwdriver Bits and Nutsetters,MSHL 3-8-6,3/8-6 3/8 X 6 MAG NUT DRIVER EXTRA-LONG,,E:\IMAGES\ITEMS\product\M\S\qualtool-inc-mshl-3-8-6-38-6-38-x-6-mag-nut-driver-extra-long.jpg,"Qualtool, Inc.",,,,,,3/8-6 3/8 X 6 MAG NUT DRIVER EXTRA-LONG
21922,Screwdriver Bits and Nutsetters,MSHL 5-16-6,5/16-6 5/16 X 6 MAG NUT DRIVER EXTRA-LONG,,E:\IMAGES\ITEMS\product\M\S\qualtool-inc-mshl-5-16-6-516-6-516-x-6-mag-nut-driver-extra-long.jpg,"Qualtool, Inc.",,,,,,5/16-6 5/16 X 6 MAG NUT DRIVER EXTRA-LONG
21922,Screwdriver Bits and Nutsetters,MSHL 7-16,7/16 7/16 X 2-9/16 MAG NUT DRIVE MAGNA 38639,,E:\IMAGES\ITEMS\product\M\S\qualtool-inc-mshl-7-16-716-716-x-2-916-mag-nut-drive-magna-38639.jpg,"Qualtool, Inc.",,,,,,7/16 7/16 X 2-9/16 MAG NUT DRIVE MAGNA 38639
21922,Screwdriver Bits and Nutsetters,MSHL 7M,7M 7M X 2-9/16 MAG NUT DRIVER,,E:\IMAGES\ITEMS\product\M\S\qualtool-inc-mshl-7m-7m-7m-x-2-916-mag-nut-driver.jpg,"Qualtool, Inc.",,,,,,7M 7M X 2-9/16 MAG NUT DRIVER
24867,Screwdriver Bits,20-10S,"BIT TIP SLOTTED#10 1-15/16"" [IRW 93115]",,E:\IMAGES\ITEMS\product\2\0\qualtool-inc-20-10s-bit-tip-slotted10-1-1516-irw-93115.jpg,"Qualtool, Inc.",,,,,,"BIT TIP SLOTTED#10 1-15/16"" [IRW 93115]"
24867,Screwdriver Bits,20-6S,BIT TIP SLOTTED #6 X 2 FOR #6 SCREW [IRW 93107],,E:\IMAGES\ITEMS\product\2\0\qualtool-inc-20-6s-bit-tip-slotted-6-x-2-for-6-screw-irw-93107.jpg,"Qualtool, Inc.",,,,,,BIT TIP SLOTTED #6 X 2 FOR #6 SCREW [IRW 93107]
24867,Screwdriver Bits,20-8S,12-14 X 1-15/16 SLOTTED TIP 8F-10R [IRW93111],,E:\IMAGES\ITEMS\product\2\0\qualtool-inc-20-8s-12-14-x-1-1516-slotted-tip-8f-10r-irw93111.jpg,"Qualtool, Inc.",,,,,,12-14 X 1-15/16 SLOTTED TIP 8F-10R [IRW93111]
24867,Screwdriver Bits,250 H7,5/32 ALLEN BIT TIP,,E:\IMAGES\ITEMS\product\2\5\qualtool-inc-250-h7-532-allen-bit-tip.jpg,"Qualtool, Inc.",,,,,,5/32 ALLEN BIT TIP
24867,Screwdriver Bits,250 PB1,#1 PHILLIPS BIT TIP MAGNA 27020,,E:\IMAGES\ITEMS\product\2\5\qualtool-inc-250-pb1-1-phillips-bit-tip-magna-27020.jpg,"Qualtool, Inc.",,,,,,#1 PHILLIPS BIT TIP MAGNA 27020
24867,Screwdriver Bits,250 PB3,#3 PHILLIPS BIT TIP MAGNA 27022,,E:\IMAGES\ITEMS\product\2\5\qualtool-inc-250-pb3-3-phillips-bit-tip-magna-27022.jpg,"Qualtool, Inc.",,,,,,#3 PHILLIPS BIT TIP MAGNA 27022
24867,Screwdriver Bits,250 PBR1,#1 PHILLIPS FOR #2-4 SCREWS MAGNA 27035,,E:\IMAGES\ITEMS\product\2\5\qualtool-inc-250-pbr1-1-phillips-for-2-4-screws-magna-27035.jpg,"Qualtool, Inc.",,,,,,#1 PHILLIPS FOR #2-4 SCREWS MAGNA 27035
24867,Screwdriver Bits,250 PBR2,#2 REDUCED PHILLIPS BIT TIP MAGNA 27036,,E:\IMAGES\ITEMS\product\2\5\qualtool-inc-250-pbr2-2-reduced-phillips-bit-tip-magna-27036.jpg,"Qualtool, Inc.",,,,,,#2 REDUCED PHILLIPS BIT TIP MAGNA 27036
24867,Screwdriver Bits,250 R2,#2 SQUARE DRIVE BIT TIP MAGNA 29050,,E:\IMAGES\ITEMS\product\2\5\qualtool-inc-250-r2-2-square-drive-bit-tip-magna-29050.jpg,"Qualtool, Inc.",,,,,,#2 SQUARE DRIVE BIT TIP MAGNA 29050
24867,Screwdriver Bits,250 R3,#3 SQUARE DRIVE BIT TIP MAGNA 29051,,E:\IMAGES\ITEMS\product\2\5\qualtool-inc-250-r3-3-square-drive-bit-tip-magna-29051.jpg,"Qualtool, Inc.",,,,,,#3 SQUARE DRIVE BIT TIP MAGNA 29051
24867,Screwdriver Bits,250 SS10,"#10 SLOTTED BIT TIP 1"" MAGNA 39539",,E:\IMAGES\ITEMS\product\2\5\qualtool-inc-250-ss10-10-slotted-bit-tip-1-magna-39539.jpg,"Qualtool, Inc.",,,,,,"#10 SLOTTED BIT TIP 1"" MAGNA 39539"
24867,Screwdriver Bits,250 SS12,"#12 SLOTTED BIT TIP 1""",,E:\IMAGES\ITEMS\product\2\5\qualtool-inc-250-ss12-12-slotted-bit-tip-1.jpg,"Qualtool, Inc.",,,,,,"#12 SLOTTED BIT TIP 1"""
24867,Screwdriver Bits,250 SS4,"#4 SLOTTED BIT TIP 1""",,E:\IMAGES\ITEMS\product\2\5\qualtool-inc-250-ss4-4-slotted-bit-tip-1.jpg,"Qualtool, Inc.",,,,,,"#4 SLOTTED BIT TIP 1"""
24867,Screwdriver Bits,250 SS5,"#5 SLOTTED BIT TIP 1""",,E:\IMAGES\ITEMS\product\2\5\qualtool-inc-250-ss5-5-slotted-bit-tip-1.jpg,"Qualtool, Inc.",,,,,,"#5 SLOTTED BIT TIP 1"""
24867,Screwdriver Bits,250 SS6,"#6 SLOTTED BIT TIP 1"" MAGNA 39536",,E:\IMAGES\ITEMS\product\2\5\qualtool-inc-250-ss6-6-slotted-bit-tip-1-magna-39536.jpg,"Qualtool, Inc.",,,,,,"#6 SLOTTED BIT TIP 1"" MAGNA 39536"
24867,Screwdriver Bits,250 SS8,"#8 SLOTTED BIT TIP 1"" MAGNA 39538",,E:\IMAGES\ITEMS\product\2\5\qualtool-inc-250-ss8-8-slotted-bit-tip-1-magna-39538.jpg,"Qualtool, Inc.",,,,,,"#8 SLOTTED BIT TIP 1"" MAGNA 39538"
24867,Screwdriver Bits,250H6,9/64 SOCKET BIT,,E:\IMAGES\ITEMS\product\2\5\qualtool-inc-250h6-964-socket-bit.jpg,"Qualtool, Inc.",,,,,,9/64 SOCKET BIT
24867,Screwdriver Bits,250-H8,"1/4"" HEX SHANK INSERT BIT 3/16",,E:\IMAGES\ITEMS\product\2\5\qualtool-inc-250-h8-14-hex-shank-insert-bit-316.jpg,"Qualtool, Inc.",,,,,,"1/4"" HEX SHANK INSERT BIT 3/16"
24867,Screwdriver Bits,"250H9 1-4"" HEX SHANK INSERT","1/4"" HEX SHANK INSERT BIT 7/32",,E:\IMAGES\ITEMS\product\2\5\qualtool-inc-250h9-1-4-hex-shank-insert-14-hex-shank-insert-bit-732.jpg,"Qualtool, Inc.",,,,,,"1/4"" HEX SHANK INSERT BIT 7/32"
24867,Screwdriver Bits,250MS 3-8,3/8 3/8 SOCKET-1/4 DRIVE,,E:\IMAGES\ITEMS\product\2\5\qualtool-inc-250ms-3-8-38-38-socket-14-drive.jpg,"Qualtool, Inc.",,,,,,3/8 3/8 SOCKET-1/4 DRIVE
24867,Screwdriver Bits,250SH 3-8-3,3/8-3 1/4 HEX TO 3/8 SOCKET SQ DR ADAPTER-MAGNA 38209,,E:\IMAGES\ITEMS\product\2\5\qualtool-inc-250sh-3-8-3-38-3-14-hex-to-38-socket-sq-dr-adapter-magna-38209.jpg,"Qualtool, Inc.",,,,,,3/8-3 1/4 HEX TO 3/8 SOCKET SQ DR ADAPTER-MAGNA 38209
24867,Screwdriver Bits,312PB2,"#2X1-1/4"" PHILLIPS BIT 41775 DRIVE",,E:\IMAGES\ITEMS\product\3\1\qualtool-inc-312pb2-2x1-14-phillips-bit-41775-drive.jpg,"Qualtool, Inc.",,,,,,"#2X1-1/4"" PHILLIPS BIT 41775 DRIVE"
24867,Screwdriver Bits,312-PB4,#4 PHILLIPS BIT TIP PB4,,E:\IMAGES\ITEMS\product\3\1\qualtool-inc-312-pb4-4-phillips-bit-tip-pb4.jpg,"Qualtool, Inc.",,,,,,#4 PHILLIPS BIT TIP PB4
24867,Screwdriver Bits,86-2R,"#2 SQ BIT TIP 3-1/2"" [MAGNA 39947]",,E:\IMAGES\ITEMS\product\8\6\qualtool-inc-86-2r-2-sq-bit-tip-3-12-magna-39947.jpg,"Qualtool, Inc.",,,,,,"#2 SQ BIT TIP 3-1/2"" [MAGNA 39947]"
24867,Screwdriver Bits,88-1R,"#1 SQUARE BIT 6"" MAGNA 39957",,E:\IMAGES\ITEMS\product\8\8\qualtool-inc-88-1r-1-square-bit-6-magna-39957.jpg,"Qualtool, Inc.",,,,,,"#1 SQUARE BIT 6"" MAGNA 39957"
24867,Screwdriver Bits,88-2R,"#2 SQUARE BIT 6"" MAGNA 39959",,E:\IMAGES\ITEMS\product\8\8\qualtool-inc-88-2r-2-square-bit-6-magna-39959.jpg,"Qualtool, Inc.",,,,,,"#2 SQUARE BIT 6"" MAGNA 39959"
24867,Screwdriver Bits,88-3R,"#3 SQUARE BIT 6"" MAGNA 39961",,E:\IMAGES\ITEMS\product\8\8\qualtool-inc-88-3r-3-square-bit-6-magna-39961.jpg,"Qualtool, Inc.",,,,,,"#3 SQUARE BIT 6"" MAGNA 39961"
24867,Screwdriver Bits,115-1-4,"SPANNER INSERT BIT 41643 X 1""",,E:\IMAGES\ITEMS\product\1\1\qualtool-inc-115-1-4-spanner-insert-bit-41643-x-1.jpg,"Qualtool, Inc.",,,,,,"SPANNER INSERT BIT 41643 X 1"""
24867,Screwdriver Bits,115-10,"SPANNER INSERT BIT #10 X 1""",,E:\IMAGES\ITEMS\product\1\1\qualtool-inc-115-10-spanner-insert-bit-10-x-1.jpg,"Qualtool, Inc.",,,,,,"SPANNER INSERT BIT #10 X 1"""
24867,Screwdriver Bits,115-12,"SPANNER INSERT BIT #12 X 1""",,E:\IMAGES\ITEMS\product\1\1\qualtool-inc-115-12-spanner-insert-bit-12-x-1.jpg,"Qualtool, Inc.",,,,,,"SPANNER INSERT BIT #12 X 1"""
24867,Screwdriver Bits,115-6,"SPANNER INSERT BIT #6 X 1""",,E:\IMAGES\ITEMS\product\1\1\qualtool-inc-115-6-spanner-insert-bit-6-x-1.jpg,"Qualtool, Inc.",,,,,,"SPANNER INSERT BIT #6 X 1"""
24867,Screwdriver Bits,115-8,"SPANNER INSERT BIT 41643 X #8 1"" LONG",,E:\IMAGES\ITEMS\product\1\1\qualtool-inc-115-8-spanner-insert-bit-41643-x-8-1-long.jpg,"Qualtool, Inc.",,,,,,"SPANNER INSERT BIT 41643 X #8 1"" LONG"
24867,Screwdriver Bits,32-2P,#2 X 2-3/4 PHILLIPS BIT TIP MAGNA27364[IRW93019],,E:\IMAGES\ITEMS\product\3\2\qualtool-inc-32-2p-2-x-2-34-phillips-bit-tip-magna27364irw93019.jpg,"Qualtool, Inc.",,Used in high torque power tools Designed for use in power drill chuck and chuck adapter,,,,#2 X 2-3/4 PHILLIPS BIT TIP MAGNA27364[IRW93019]
24867,Screwdriver Bits,32-3P,#3 X 2-3/4 PHILLIPS BIT TIP MAGNA27365[IRW93021],,E:\IMAGES\ITEMS\product\3\2\qualtool-inc-32-3p-3-x-2-34-phillips-bit-tip-magna27365irw93021.jpg,"Qualtool, Inc.",,Used in high torque power tools Designed for use in power drill chuck and chuck adapter,,,,#3 X 2-3/4 PHILLIPS BIT TIP MAGNA27365[IRW93021]
24867,Screwdriver Bits,34-1P,"#1 PHILLIPS BIT 3-1/2"" MAGNA27366[IRW93023]",,E:\IMAGES\ITEMS\product\3\4\qualtool-inc-34-1p-1-phillips-bit-3-12-magna27366irw93023.jpg,"Qualtool, Inc.",,Used in high torque power tools Designed for use in power drill chuck and chuck adapter,,,,"#1 PHILLIPS BIT 3-1/2"" MAGNA27366[IRW93023]"
24867,Screwdriver Bits,34-3P,"#3 PHILLIPS BIT 3-1/2"" MAGNA37885[IRW93029]",,E:\IMAGES\ITEMS\product\3\4\qualtool-inc-34-3p-3-phillips-bit-3-12-magna37885irw93029.jpg,"Qualtool, Inc.",,Used in high torque power tools Designed for use in power drill chuck and chuck adapter,,,,"#3 PHILLIPS BIT 3-1/2"" MAGNA37885[IRW93029]"
24867,Screwdriver Bits,36-1P,"#1 PHILLIPS BIT 6"" MAGNA45794[IRW93063]",,E:\IMAGES\ITEMS\product\3\6\qualtool-inc-36-1p-1-phillips-bit-6-magna45794irw93063.jpg,"Qualtool, Inc.",,Used in high torque power tools Designed for use in power drill chuck and chuck adapter,,,,"#1 PHILLIPS BIT 6"" MAGNA45794[IRW93063]"
24867,Screwdriver Bits,36-2P,#2 X 6 PHILLIPS BIT TIP MAGNA45625[IRW93067],,E:\IMAGES\ITEMS\product\3\6\qualtool-inc-36-2p-2-x-6-phillips-bit-tip-magna45625irw93067.jpg,"Qualtool, Inc.",,Used in high torque power tools Designed for use in power drill chuck and chuck adapter,,,,#2 X 6 PHILLIPS BIT TIP MAGNA45625[IRW93067]
24867,Screwdriver Bits,36-3P,#3 X 6 PHILLIPS BIT TIP [IRW 93069],,E:\IMAGES\ITEMS\product\3\6\qualtool-inc-36-3p-3-x-6-phillips-bit-tip-irw-93069.jpg,"Qualtool, Inc.",,Used in high torque power tools Designed for use in power drill chuck and chuck adapter,,,,#3 X 6 PHILLIPS BIT TIP [IRW 93069]
24867,Screwdriver Bits,60-T15,T15 TORX BIT TIP [IRW 92321],,E:\IMAGES\ITEMS\product\6\0\qualtool-inc-60-t15-t15-torx-bit-tip-irw-92321.jpg,"Qualtool, Inc.",,Common in automotive and computer industries Ideal for high torque applications,,,,T15 TORX BIT TIP [IRW 92321]
24867,Screwdriver Bits,60-T20,T20 TORX BIT TIP[IRW 92324] MAGNA 37161,,E:\IMAGES\ITEMS\product\6\0\qualtool-inc-60-t20-t20-torx-bit-tipirw-92324-magna-37161.jpg,"Qualtool, Inc.",,Common in automotive and computer industries Ideal for high torque applications,,,,T20 TORX BIT TIP[IRW 92324] MAGNA 37161
24867,Screwdriver Bits,60-T27,T27 TORX BIT TIP [IRW 92330],,E:\IMAGES\ITEMS\product\6\0\qualtool-inc-60-t27-t27-torx-bit-tip-irw-92330.jpg,"Qualtool, Inc.",,Common in automotive and computer industries Ideal for high torque applications,,,,T27 TORX BIT TIP [IRW 92330]
24867,Screwdriver Bits,60-T30,T30 TORX BIT TIP[IRW 92333] MAGNA 37167,,E:\IMAGES\ITEMS\product\6\0\qualtool-inc-60-t30-t30-torx-bit-tipirw-92333-magna-37167.jpg,"Qualtool, Inc.",,Common in automotive and computer industries Ideal for high torque applications,,,,T30 TORX BIT TIP[IRW 92333] MAGNA 37167
24867,Screwdriver Bits,60-T40,T40 TORX BIT TIP [IRW 92336],,E:\IMAGES\ITEMS\product\6\0\qualtool-inc-60-t40-t40-torx-bit-tip-irw-92336.jpg,"Qualtool, Inc.",,Common in automotive and computer industries Ideal for high torque applications,,,,T40 TORX BIT TIP [IRW 92336]
24867,Screwdriver Bits,60-T8,T8 TORX BIT TIP [IRW 92312],,E:\IMAGES\ITEMS\product\6\0\qualtool-inc-60-t8-t8-torx-bit-tip-irw-92312.jpg,"Qualtool, Inc.",,Common in automotive and computer industries Ideal for high torque applications,,,,T8 TORX BIT TIP [IRW 92312]
24867,Screwdriver Bits,60-TR15,T15 TORX TAMPER-RESISTANT BIT TIP [IRW 92323],,E:\IMAGES\ITEMS\product\6\0\qualtool-inc-60-tr15-t15-torx-tamper-resistant-bit-tip-irw-92323.jpg,"Qualtool, Inc.",,Tamper resistant TORX® screws feature a post in the center of the recess -- this post will only fit into a tamper resistant TORX® bit TORX is a registered trademark of Acument Intellecutal Properties LLC,,,,T15 TORX TAMPER-RESISTANT BIT TIP [IRW 92323]
24867,Screwdriver Bits,60-TR20,T20 TORX TAMPER-RESISTANT BIT TIP [IRW 92326],,E:\IMAGES\ITEMS\product\6\0\qualtool-inc-60-tr20-t20-torx-tamper-resistant-bit-tip-irw-92326.jpg,"Qualtool, Inc.",,Tamper resistant TORX® screws feature a post in the center of the recess -- this post will only fit into a tamper resistant TORX® bit TORX is a registered trademark of Acument Intellecutal Properties LLC,,,,T20 TORX TAMPER-RESISTANT BIT TIP [IRW 92326]
24867,Screwdriver Bits,60-TR25,41643 X T25 TORX TAMPER-RESISTANT BIT [IRW 92329],,E:\IMAGES\ITEMS\product\6\0\qualtool-inc-60-tr25-41643-x-t25-torx-tamper-resistant-bit-irw-92329.jpg,"Qualtool, Inc.",,Tamper resistant TORX® screws feature a post in the center of the recess -- this post will only fit into a tamper resistant TORX® bit TORX is a registered trademark of Acument Intellecutal Properties LLC,,,,41643 X T25 TORX TAMPER-RESISTANT BIT [IRW 92329]
24867,Screwdriver Bits,60-TR30,T30 TORX TAMPER-RESISTANT BIT TIP [IRW 92335],,E:\IMAGES\ITEMS\product\6\0\qualtool-inc-60-tr30-t30-torx-tamper-resistant-bit-tip-irw-92335.jpg,"Qualtool, Inc.",,Tamper resistant TORX® screws feature a post in the center of the recess -- this post will only fit into a tamper resistant TORX® bit TORX is a registered trademark of Acument Intellecutal Properties LLC,,,,T30 TORX TAMPER-RESISTANT BIT TIP [IRW 92335]
24867,Screwdriver Bits,80-1R,"#1 SQ BIT 1-5/16"" [MAGNA 29052] [IRW93203]",,E:\IMAGES\ITEMS\product\8\0\qualtool-inc-80-1r-1-sq-bit-1-516-magna-29052-irw93203.jpg,"Qualtool, Inc.",,Used in high torque power tools Designed for use in power drill chuck and chuck adapter,,,,"#1 SQ BIT 1-5/16"" [MAGNA 29052] [IRW93203]"
24867,Screwdriver Bits,80-3R,"#3 SQ BIT 1-5/16"" [MAGNA 29054] [IRW 93207]",,E:\IMAGES\ITEMS\product\8\0\qualtool-inc-80-3r-3-sq-bit-1-516-magna-29054-irw-93207.jpg,"Qualtool, Inc.",,Used in high torque power tools Designed for use in power drill chuck and chuck adapter,,,,"#3 SQ BIT 1-5/16"" [MAGNA 29054] [IRW 93207]"
24867,Screwdriver Bits,82-2R,"#2 X 2-3/4"" SQUARE DRIVE BIT TIP MAGNA29056[IRW93213]",,E:\IMAGES\ITEMS\product\8\2\qualtool-inc-82-2r-2-x-2-34-square-drive-bit-tip-magna29056irw93213.jpg,"Qualtool, Inc.",,Used in high torque power tools Designed for use in power drill chuck and chuck adapter,,,,"#2 X 2-3/4"" SQUARE DRIVE BIT TIP MAGNA29056[IRW93213]"
24867,Screwdriver Bits,82-3R,"#3 SQ BIT TIP 2-3/4"" [MAGNA 29057] [IRW 93215]",,E:\IMAGES\ITEMS\product\8\2\qualtool-inc-82-3r-3-sq-bit-tip-2-34-magna-29057-irw-93215.jpg,"Qualtool, Inc.",,Used in high torque power tools Designed for use in power drill chuck and chuck adapter,,,,"#3 SQ BIT TIP 2-3/4"" [MAGNA 29057] [IRW 93215]"
24867,Screwdriver Bits,84-1R,"#1 SQ BIT TIP 3"" [MAGNA 29058] [IRW 93219]",,E:\IMAGES\ITEMS\product\8\4\qualtool-inc-84-1r-1-sq-bit-tip-3-magna-29058-irw-93219.jpg,"Qualtool, Inc.",,Used in high torque power tools Designed for use in power drill chuck and chuck adapter,,,,"#1 SQ BIT TIP 3"" [MAGNA 29058] [IRW 93219]"
24867,Screwdriver Bits,84-2R,"#2 SQ BIT TIP 3"" [MAGNA 29059] [IRW 93221]",,E:\IMAGES\ITEMS\product\8\4\qualtool-inc-84-2r-2-sq-bit-tip-3-magna-29059-irw-93221.jpg,"Qualtool, Inc.",,Used in high torque power tools Designed for use in power drill chuck and chuck adapter,,,,"#2 SQ BIT TIP 3"" [MAGNA 29059] [IRW 93221]"
24867,Screwdriver Bits,84-3R,"#3 SQ BIT TIP 3"" [MAGNA 59060] [IRW 93223]",,E:\IMAGES\ITEMS\product\8\4\qualtool-inc-84-3r-3-sq-bit-tip-3-magna-59060-irw-93223.jpg,"Qualtool, Inc.",,Used in high torque power tools Designed for use in power drill chuck and chuck adapter,,,,"#3 SQ BIT TIP 3"" [MAGNA 59060] [IRW 93223]"
24867,Screwdriver Bits,30-1P,"#1 PHILLIPS BIT,1-15/16"" [IRW 93003]",,E:\IMAGES\ITEMS\product\3\0\qualtool-inc-30-1p-1-phillips-bit1-1516-irw-93003.jpg,"Qualtool, Inc.",,,,,,"#1 PHILLIPS BIT,1-15/16"" [IRW 93003]"
24867,Screwdriver Bits,30-2P,"#2 X 1-15/16"" PHILLIPS BIT TIP MAGNA27361[IRW93007]",,E:\IMAGES\ITEMS\product\3\0\qualtool-inc-30-2p-2-x-1-1516-phillips-bit-tip-magna27361irw93007.jpg,"Qualtool, Inc.",,Used in high torque power tools Designed for use in power drill chuck and chuck adapter,"Irwin 93007 #2 x 1-15/16"" Phillips Head Power Bits 10 Pack",,,"#2 X 1-15/16"" PHILLIPS BIT TIP MAGNA27361[IRW93007]"
24867,Screwdriver Bits,60-TR27,T27 TORX TAMPER-RESISTANT BIT TIP,,E:\IMAGES\ITEMS\product\6\0\qualtool-inc-60-tr27-t27-torx-tamper-resistant-bit-tip.jpg,"Qualtool, Inc.",,"Hardened core for extra strength Heat treated to resist wear Specially designed to reduce stripping Star pin drive For 1/4F, 1/4R screw",,,,T27 TORX TAMPER-RESISTANT BIT TIP
24867,Screwdriver Bits,62-T25,"1/4 X T25 TORX BIT 1 15/16"" LONG",,E:\IMAGES\ITEMS\product\6\2\qualtool-inc-62-t25-14-x-t25-torx-bit-1-1516-long.jpg,"Qualtool, Inc.",,Pack of 1 star bits Size of T-25 and overall length of 1 15/16 Inch 1/4 inch hex shank Designed for industrial and construction use Engineered with optimum balance of shock resistant steel,,,,"1/4 X T25 TORX BIT 1 15/16"" LONG"
24867,Screwdriver Bits,73-TR7,5/32 HEX SOCKET SECURITY BIT,,E:\IMAGES\ITEMS\product\7\3\qualtool-inc-73-tr7-532-hex-socket-security-bit.jpg,"Qualtool, Inc.",,"Hardened core for extra strength Heat treated to resist wear Specially designed to reduce stripping Hex pin drive For #8, #10, #12, #14 screw",,,,5/32 HEX SOCKET SECURITY BIT
