﻿category_ids,category_names,sku,meta_title,meta_description,Image,manufacturer,description,short_description,summary,upc,size_info,meta_keyword
29054,Shop Vacuums,850-01-10,Industrial,"Products for Industrial and Commercial Applications - High performance motor, tough rust-resistant epoxy phenolic-coated steel tank, and dual size heavy-duty plastic tools.  Shop-Vac 850-01-10 Industrial",E:\IMAGES\ITEMS\product\8\5\Shop-Vac-Industrial-850-01.jpg,Shop-Vac,Shop-Vac 850-01-10 Industrial,"Cord length: 18 feetOperation sound level: QuietHose size: 1.25"" and 2.5"" diameter","Products for Industrial and Commercial Applications - High performance motor, tough rust-resistant epoxy phenolic-coated steel tank, and dual size heavy-duty plastic tools",,Shop-Vac 850-01-10 Industrial,Industrial
29054,Shop Vacuums,850-02-10,Industrial,"Products for Industrial and Commercial Applications - High performance motor, tough rust-resistant epoxy phenolic-coated steel tank, and dual size heavy-duty plastic tools.  Shop-Vac 850-02-10 Industrial",E:\IMAGES\ITEMS\product\8\5\Shop-Vac-Industrial-850-02.jpg,Shop-Vac,Shop-Vac 850-02-10 Industrial,"Cord length: 18 feetOperation sound level: Super quietHose size: 1.25"" and 2.5"" diameter","Products for Industrial and Commercial Applications - High performance motor, tough rust-resistant epoxy phenolic-coated steel tank, and dual size heavy-duty plastic tools",,Shop-Vac 850-02-10 Industrial,Industrial
29054,Shop Vacuums,610-50-10,Industrial,"Products for Industrial and Commercial Applications - 2-Stage motor, stainless steel tank, Lock-On positive conneciton hose system, tough metal tools, long cord and 3-wheel dolly. Shop-Vac 610-50-10 Industrial",E:\IMAGES\ITEMS\product\6\1\Shop-Vac-Industrial-610-50.jpg,Shop-Vac,Shop-Vac 610-50-10 Industrial,"Cord length: 18 feetOperation sound level: Extra quietHose size: 1.5"" diameterTough metal toolsTank drainStainless steel tankLock-on hose","Products for Industrial and Commercial Applications - 2-Stage motor, stainless steel tank, Lock-On positive conneciton hose system, tough metal tools, long cord and 3-wheel dolly",,Shop-Vac 610-50-10 Industrial,Industrial
29054,Shop Vacuums,5872410,5 Gal Portable H/D Shop Vac,Easy to carry and full featured: Compact and Portable. Top Carry Handle for easy lifting. Lock On® Hose System. Accessory Storage. Cord Wrap.,E:\IMAGES\ITEMS\product\5\8\Shop-Vac-5872410-5-Gal-Portable-HD-Shop.jpg,Shop-Vac,Easy to carry and full featured: Compact and Portable. Top Carry Handle for easy lifting. Lock On® Hose System. Accessory Storage. Cord Wrap.,"Cord Length: 20 Feet Operation Sound Level: Quiet Hose Size: 1.5"" Diameter Warranty: 4 Years Lock-on Hose Hand Held Design Blower Feature",,,Shop-Vac 5872410 5 Gal Portable H/D Shop Vac,5 Gal Portable H/D Shop Vac
29054,Shop Vacuums,9030400,Cartridge Filter,Cartridge Filter for Wet or Dry Pickup.,E:\IMAGES\ITEMS\product\9\0\Shop-Vac-9030400-Cartridge.jpg,Shop-Vac,Cartridge Filter for Wet or Dry Pickup.,"Designed to combat your toughest challenge, the Cartridge Filter can be used for both wet and dry pick-up and fits most Shop-Vac® wet/dry Vacs. Fits full size vacs. Does not fit Hang Up Vacs, 5 Gallon Contractor Portable, Floormaster Plus, All Around Plus, Heavy Duty Portable, 1x1®, BullDog® Portable, Mighty Mini®, Mini Hangup, Hippo®, or All Arounds with 1-1/2 or 2 Gallon tank sizes. Approximate size of cartridge: 8"" diameter and 6.5"" high.",,,Shop-Vac 9030400 Cartridge Filter,Cartridge Filter
29054,Shop Vacuums,9034000,Hepa Cartridge Filter,Shop-Vac with Cleanstream- Gore HEPA Cartridge Filter.,E:\IMAGES\ITEMS\product\9\0\Shop-Vac-9034000-Hepa-Cartridge.jpg,Shop-Vac,Shop-Vac with Cleanstream- Gore HEPA Cartridge Filter.,"Special HEPA cartridge filter for both wet and dry pick-up. Maintains suction power even when used with fine debris like drywall dust! Resists clogging. Easy to clean, just tap or rinse. Reusable! One Year Satisfaction Guarantee! Exclusive Nonstick Surface. Fits full size vacs. Does not fit Hang Up Vacs, 5 Gallon Contractor Portable, Floormaster Plus, All Around Plus, Heavy Duty Portable, 1x1®, BullDog® Portable, Mighty Mini®, Mini Hangup, Hippo®, or All Arounds with 1-1/2 or 2 Gallon tank sizes.",,,Shop-Vac 9034000 Hepa Cartridge Filter,Hepa Cartridge Filter
29054,Shop Vacuums,9039800,Cartridge Filter 5 Gal Unit,Small Cartridge Filter.,E:\IMAGES\ITEMS\product\9\0\Shop-Vac-9039800-Cartridge-Filter-5-Gal.jpg,Shop-Vac,Small Cartridge Filter.,"Designed to combat your toughest challenge, the Cartridge Filter can be used for dry pick-up and fits Hang Up Vacs, 5 Gallon Contractor Portable, Floormaster Plus, All Around Plus, and the Heavy Duty Portable. Approximate size of cartridge: 5.75"" diameter and 5"" high.","For small, dry debris. Fits Hang Up Vacs, 5 Gallon Contractor Portable, Floormaster Plus, All Around Plus, and Heavy Duty Portable.",,Shop-Vac 9039800 Cartridge Filter 5 Gal Unit,Cartridge Filter 5 Gal Unit
29054,Shop Vacuums,9058500,Foam Sleeve,Foam Sleeve.,E:\IMAGES\ITEMS\product\9\0\Shop-Vac-9058500-Foam.jpg,Shop-Vac,Foam Sleeve.,"Use the Foam Sleeve for picking up wet messes when used alone. The Foam Sleeve is also required when using reusable disc style filters. Approximate size of sleeve: 8"" diameter and 6.5"" high.",,,Shop-Vac 9058500 Foam Sleeve,Foam Sleeve
29054,Shop Vacuums,9066100,Collection Bag 5 Gal Unit,Disposable Collection Filter Bags.,E:\IMAGES\ITEMS\product\9\0\Shop-Vac-9066100-Collection-Bag-5-Gal.jpg,Shop-Vac,Disposable Collection Filter Bags.,"Easy to use and install, these disposable filters come in a package of three and can be used for your everyday pick-up needs of fine dust, dirt, and debris. Fits 5-8 gallon vacs (side inlets only).",,,Shop-Vac 9066100 Collection Bag 5 Gal Unit,Collection Bag 5 Gal Unit
29054,Shop Vacuums,9067300,"Drywall Filter Bag 16,18,20,22 Gal Tanks",Drywall Collection Filter Bags for 16-22 Gallon Tanks.,E:\IMAGES\ITEMS\product\9\0\Shop-Vac-9067300-Drywall-Filter-Bag-16182022-Gal.jpg,Shop-Vac,Drywall Collection Filter Bags for 16-22 Gallon Tanks.,"Specially designed for pick-up of fine dust like drywall and cement dust or cold ashes, these high quality, disposable filter bags come in packages of two and fit 16-22 gallon vacs.",,,"Shop-Vac 9067300 Drywall Filter Bag 16,18,20,22 Gal Tanks","Drywall Filter Bag 16,18,20,22 Gal Tanks"
29054,Shop Vacuums,9609710,18-Gal Poly Shop Vac With Pump,"With a Shop-Vac Pump Vac, you can pick up water from one place and pump it to another. And you can keep vacuuming while you empty the tank.",E:\IMAGES\ITEMS\product\9\6\Shop-Vac-9609710-18-Gal-Poly-Shop-Vac-With.jpg,Shop-Vac,"With a Shop-Vac Pump Vac, you can pick up water from one place and pump it to another. And you can keep vacuuming while you empty the tank.","Cord Length: 18 feet Operation Sound Level: Extra Quiet Hose Size: 1.25"" and 2.5"" Diameter Warranty: 1 year Tank Drain Lock-on Hose Onboard Accessory Storage Built In Water Pump",,,Shop-Vac 9609710 18-Gal Poly Shop Vac With Pump,18-Gal Poly Shop Vac With Pump
29054,Shop Vacuums,9625010,10 Gal Poly Shop Vac 3.0 HP,"Tough poly tank, Lock-On hose, tool basket, and tank drain.",E:\IMAGES\ITEMS\product\9\6\Shop-Vac-9625010-10-Gal-Poly-Shop-Vac-30.jpg,Shop-Vac,"Tough poly tank, Lock-On hose, tool basket, and tank drain.","Cord Length: 18 feet Operation Sound Level: Quiet Hose Size: 1.5"" Diameter Warranty: 1 year Tank Drain Lock-on Hose Blower Feature Onboard Accessory Storage",,,Shop-Vac 9625010 10 Gal Poly Shop Vac 3.0 HP,10 Gal Poly Shop Vac 3.0 HP
29054,Shop Vacuums,9625210,16 Gal Poly Shop Vac 6.5 HP,"Tough poly tank, Lock-On hose, tool basket, and tank drain.",E:\IMAGES\ITEMS\product\9\6\Shop-Vac-9625210-16-Gal-Poly-Shop-Vac-65.jpg,Shop-Vac,"Tough poly tank, Lock-On hose, tool basket, and tank drain.","Cord Length: 18 feet Operation Sound Level: Quiet Hose Size: 1.5"" Diameter Warranty: 1 year Tank Drain Lock-on Hose Blower Feature Onboard Accessory Storage",,,Shop-Vac 9625210 16 Gal Poly Shop Vac 6.5 HP,16 Gal Poly Shop Vac 6.5 HP
29054,Shop Vacuums,9625510,10 Gal Stainless Shop Vac 6.25 HP,"Quiet operation motor, stainless steel tank and Lock-On positive connection hose system.",E:\IMAGES\ITEMS\product\9\6\Shop-Vac-9625510-10-Gal-Stainless-Shop-Vac-625.jpg,Shop-Vac,"Quiet operation motor, stainless steel tank and Lock-On positive connection hose system.","Cord Length: 18 feet Operation Sound Level: Quiet Hose Size: 1.5"" Diameter Warranty: 1 year Stainless Steel Tank Lock-on Hose Blower Feature Onboard Accessory Storage",,,Shop-Vac 9625510 10 Gal Stainless Shop Vac 6.25 HP,10 Gal Stainless Shop Vac 6.25 HP
29054,Shop Vacuums,103 01 10,Air Mover 120V,"Features 3 speed air control, 2 operating positions, top carry handle, transport handle for easy mobility, 30 ft. power cord, cord wrap for easy storage, and stackability for easy storage.",E:\IMAGES\ITEMS\product\1\0\Shop-Vac-103-01-10-Air-Mover.jpg,Shop-Vac,"Features 3 speed air control, 2 operating positions, top carry handle, transport handle for easy mobility, 30 ft. power cord, cord wrap for easy storage, and stackability for easy storage.",Cord Length: 30 Feet Operation Sound Level: Quiet Warranty: 1 Year Blower Feature,,,Shop-Vac 103 01 10 Air Mover 120V,Air Mover 120V
29054,Shop Vacuums,906 63 00,Filter Bags Fits 15-22 Gallon,Disposable Collection Filter Bags.,E:\IMAGES\ITEMS\product\9\0\Shop-Vac-906-63-00-Filter-Bags-Fits-15-22.jpg,Shop-Vac,Disposable Collection Filter Bags.,"Easy to use and install, these disposable filters come in a package of three and can be used for your everyday pick-up needs of fine dust, dirt, and debris. Fits 16-22 gallon vacs (side inlets only).",,,Shop-Vac 906 63 00 Filter Bags Fits 15-22 Gallon,Filter Bags Fits 15-22 Gallon
29054,Shop Vacuums,906 72 00,Drywall Filter Bag 10-14 Gallon,Drywall Collection Filter Bags for 10-14 Gallon Tanks.,E:\IMAGES\ITEMS\product\9\0\Shop-Vac-906-72-00-Drywall-Filter-Bag-10-14.jpg,Shop-Vac,Drywall Collection Filter Bags for 10-14 Gallon Tanks.,"Specially designed for pick-up of fine dust like drywall and cement dust or cold ashes, these high quality, disposable filter bags come in packages of two and fit 10-14 gallon vacs.",,,Shop-Vac 906 72 00 Drywall Filter Bag 10-14 Gallon,Drywall Filter Bag 10-14 Gallon
19703,Cleaning Supplies Holders,92542,Shop Vac,,E:\IMAGES\ITEMS\product\9\2\shop-vac-92542-shop-vac.jpg,Shop-Vac,Shop-Vac Wet/Dry Vac,,"Built to perform on the jobsite or garage, with features like onboard storage and heavy duty tools.",,5.5 Peak Hp; 16 Gal,Shop Vac
19703,Cleaning Supplies Holders,9050300,"Shop Vac 2-1/2""X6' Hose",,E:\IMAGES\ITEMS\product\9\0\shop-vac-9050300-shop-vac-2-12x6-hose.jpg,Shop-Vac,Vacuum Hose,,Large diameter helps prvent clogs when vacuuming bulky debris.,,Weight: 4.74 Lbs,"Shop Vac 2-1/2""X6' Hose"
19703,Cleaning Supplies Holders,9068600,Shop Vac Hose Coupler,,E:\IMAGES\ITEMS\product\9\0\shop-vac-9068600-shop-vac-hose-coupler.jpg,Shop-Vac,Hose Coupling,,"This little miracle will allow the user to connect one 2-1/2"" hose (opening about the size of a baseball) to another 2-1/2"" hose for extra length.",,"2-1/2"" Diameter",Shop Vac Hose Coupler
19703,Cleaning Supplies Holders,9190710,Shop-Vac Coll Filt.Bag,,E:\IMAGES\ITEMS\product\9\1\shop-vac-9190710-shop-vac-coll-filtbag.jpg,Shop-Vac,Disposable Collection Filter Bag,,5 pack of bags for Back Pack Vac only,,,Shop-Vac Coll Filt.Bag
19703,Cleaning Supplies Holders,9254110,Shop Vac Vacuum,,E:\IMAGES\ITEMS\product\9\2\shop-vac-9254110-shop-vac-vacuum.jpg,Shop-Vac,Shop-Vac Industrial,,"On Demand Vac™. Quiet operation motor, tool basket and tank drain, plus a convenient On Demand feature. The On Demand Vac automatically turns on and off as you turn your power tool on and off, helping to keep your workspace clean.",,"Cord Length: 18 Ft.; Hose Size: 1.25""; 12 Gal",Shop Vac Vacuum
19688,Vacuum Cleaner Bags and Filters,919-17-10,919-17-10 VAC FILTER BAGS FOR BACK PACK VAC 5/PK,,E:\IMAGES\ITEMS\product\9\1\shop-vac-919-17-10-919-17-10-vac-filter-bags-for-back-pack-vac-5pk.jpg,Shop-Vac,,Vacuum bag designed for Shop-Vac Back Pack Vacuum 285-00-10 Made for industrial use High-quality construction; disposable Includes 5 collection filter bags Dry pick up only,,,,919-17-10 VAC FILTER BAGS FOR BACK PACK VAC 5/PK
19688,Vacuum Cleaner Bags and Filters,962-16,"962-16 16 GL,6.5HP,ULTRA WET/DRY CONSUMER SERIES",,E:\IMAGES\ITEMS\product\9\6\shop-vac-962-16-962-16-16-gl65hpultra-wetdry-consumer-series.jpg,Shop-Vac,,"Powered by a 6.25-horsepower motor with sound reduction Blower port and concentrator nozzle allow variety of uses Includes lock-on hose, extension wands, floor nozzle/brush, utility nozzle and many more Backed by a 4-year warranty Convenient size of 21-by",,26282962164.0,,"962-16 16 GL,6.5HP,ULTRA WET/DRY CONSUMER SERIES"
29054,Shop Vacuums,9604610,"6.5 Peak HP wet Dry Vacuum with Built in Pump, 16-Gallon",,E:\IMAGES\ITEMS\product\9\6\shop-vac-9604610-65-peak-hp-wet-dry-vacuum-with-built-in-pump-16-gallon.jpg,Shop-Vac,,"Have you ever experienced a flooded basement or tried to clean out a garden pond? Capable of wet or dry pick-up, this unit was designed to vacuum liquids from one location and pump out the tank in another by simply attaching a garden hose (not included). Accessories included: 8' x 1 1/4"" hose, 6' x 2 1/2"" hose, 1 1/4"" & 2 1/2"" extension wands, wet dry nozzle, utility nozzle, floor nozzle, crevice tool, concentrator nozzle, cartridge filter, foam sleeve, high efficiency collection bag",,,Bulb Voltage120 Volts,"6.5 Peak HP wet Dry Vacuum with Built in Pump, 16-Gallon"
29054,Shop Vacuums,103-00-00,Air Cleaner 1030000,,E:\IMAGES\ITEMS\product\1\0\shop-vac-103-00-00-air-cleaner-1030000.jpg,Shop-Vac,,"The Shop Dust SolutionQuiet operation with 3-stage filtration system.  Use on bench top, floor or mount on ceiling.                          Cord Length: 10 FeetOperation Sound Level: QuietWarranty: 2 Years                     	Air Flow: 	235(CFM) 	Sealed Pressure: 	N/A(inches) 	Electrical Ratings: 	120V 60Hz 1.4Amps 	Peak Air Watts: 	N/A  Performance readings listed are done by Shop-Vac® lab method, not ASTM test method.",Accessories:                     Not Applicable                                              Filters:                     Cartridge Filter Foam Sleeve,,,Air Cleaner 1030000
29054,Shop Vacuums,103-01-00,Air Mover 1030100,,/,Shop-Vac,,"The heavy-duty Air Mover is designed to quickly dry wet carpets and floors.Features 3 speed air control, 2 operating positions, top carry handle, transport handle for easy mobility, 30 ft. power cord, cord wrap for easy storage, and stackability for easy storage.                          Cord Length: 30 FeetOperation Sound Level: QuietWarranty: 1 YearBlower Feature                     	Air Flow: 	1600(CFM) 	Electrical Ratings: 	120V 60Hz 5Amps  Performance readings listed are done by Shop-Vac® lab method, not ASTM test method.",Accessories:                     Not Applicable                                              Filters:                     Not applicable,,,Air Mover 1030100
29054,Shop Vacuums,103-02-00,Air Mover 1030200,,E:\IMAGES\ITEMS\product\1\0\shop-vac-103-02-00-air-mover-1030200.jpg,Shop-Vac,,"The heavy-duty Air Mover is designed to quickly dry wet carpets and floors.Features 3 speed air control, 2 operating positions, top carry handle, transport handle for easy mobility, 30 ft. power cord, cord wrap for easy storage, and stackability for easy storage.                          Cord Length: 30 FeetOperation Sound Level: QuietWarranty: 1 YearBlower Feature                     	Air Flow: 	1600(CFM) 	Electrical Ratings: 	120V 60Hz 5Amps  Performance readings listed are done by Shop-Vac® lab method, not ASTM test method.",Accessories:                     Not Applicable                                              Filters:                     Not applicable,,,Air Mover 1030200
29054,Shop Vacuums,103-20-00,Air Mover 1032000,,E:\IMAGES\ITEMS\product\1\0\shop-vac-103-20-00-air-mover-1032000.jpg,Shop-Vac,,"The Mighty Mini Air Mover.Features three speed air control, built in outlets to connect multiple units, three operating positions for drying carpets/floors, walls, and ceilings. Units are stackable for easy storage.                          Cord Length: 10 FeetOperation Sound Level: QuietWarranty: 1 YearBlower Feature                     	Air Flow: 	500(CFM) 	Electrical Ratings: 	120V 60Hz 1.5Amps  Performance readings listed are done by Shop-Vac® lab method, not ASTM test method.",Accessories:                     Not Applicable                                              Filters:                     Not applicable,,,Air Mover 1032000
29054,Shop Vacuums,103-21-00,Air Mover 1032100,,E:\IMAGES\ITEMS\product\1\0\shop-vac-103-21-00-air-mover-1032100.jpg,Shop-Vac,,"The heavy-duty Professional Air Mover is designed to quickly dry wet carpets and floors.Features 3 speed air control, 2 operating positions, top carry handle, 10 ft. power cord, cord wrap for easy storage, and stackability for easy storage.                          Cord Length: 10 FeetOperation Sound Level: QuietWarranty: 1 YearBlower Feature                     	Air Flow: 	500(CFM) 	Electrical Ratings: 	120V~ 60Hz 1.5A  Performance readings listed are done by Shop-Vac® lab method, not ASTM test method.",Accessories:                     Not Applicable                                              Filters:                     Not applicable,,,Air Mover 1032100
29054,Shop Vacuums,103-30-00,ShopAir 1033000,,E:\IMAGES\ITEMS\product\1\0\shop-vac-103-30-00-shopair-1033000.jpg,Shop-Vac,,"Shop-Air® 1000 11in. Diameter Portable Electrical Air Circulator                          Cord Length: 30 FeetOperation Sound Level: QuietWarranty: 1 YearStainless Steel Tank                     	Air Flow: 	1000(CFM) 	Electrical Ratings: 	120V 60Hz 2.0A  Performance readings listed are done by Shop-Vac® lab method, not ASTM test method.",Accessories:                     Not Applicable                                              Filters:                     Not applicable,,,ShopAir 1033000
29054,Shop Vacuums,103-31-00,ShopAir 1033100,,E:\IMAGES\ITEMS\product\1\0\shop-vac-103-31-00-shopair-1033100.jpg,Shop-Vac,,"Shop-Air® 2000 14in. Diameter Portable Electrical Air Circulator                          Cord Length: 30 FeetOperation Sound Level: QuietWarranty: 1 YearStainless Steel Tank                     	Air Flow: 	2000(CFM) 	Electrical Ratings: 	120V 60Hz 3.0A  Performance readings listed are done by Shop-Vac® lab method, not ASTM test method.",Accessories:                     Not Applicable                                              Filters:                     Not applicable,,,ShopAir 1033100
29054,Shop Vacuums,103-32-00,ShopAir 1033200,,E:\IMAGES\ITEMS\product\1\0\shop-vac-103-32-00-shopair-1033200.jpg,Shop-Vac,,"Shop-Air® 3000 16in. Diameter Portable Electrical Air Circulator                          Cord Length: 30 FeetOperation Sound Level: QuietWarranty: 1 YearStainless Steel Tank                     	Air Flow: 	3000(CFM) 	Electrical Ratings: 	120V 60Hz 3.5A  Performance readings listed are done by Shop-Vac® lab method, not ASTM test method.",Accessories:                     Not Applicable                                              Filters:                     Not applicable,,,ShopAir 1033200
29054,Shop Vacuums,103-40-00,ShopAir 1034000,,E:\IMAGES\ITEMS\product\1\0\shop-vac-103-40-00-shopair-1034000.jpg,Shop-Vac,,"Shop-Air® 1000 11in. Diameter Wall/Ceiling Mount Electrical Air Circulator                          Cord Length: 15 FeetOperation Sound Level: QuietWarranty: 1 YearStainless Steel TankWall Mountable Design                     	Air Flow: 	1000(CFM) 	Electrical Ratings: 	120V 60Hz 2.0A  Performance readings listed are done by Shop-Vac® lab method, not ASTM test method.",Accessories:                     Not Applicable                                              Filters:                     Not applicable,,,ShopAir 1034000
29054,Shop Vacuums,103-41-00,ShopAir 1034100,,E:\IMAGES\ITEMS\product\1\0\shop-vac-103-41-00-shopair-1034100.jpg,Shop-Vac,,"Shop-Air® 2000 14in. Diameter Wall/Ceiling Mount Electrical Air Circulator                          Cord Length: 15 FeetOperation Sound Level: QuietWarranty: 1 YearStainless Steel TankWall Mountable Design                     	Air Flow: 	2000(CFM) 	Electrical Ratings: 	120V 60Hz 3.0A  Performance readings listed are done by Shop-Vac® lab method, not ASTM test method.",Accessories:                     Not Applicable                                              Filters:                     Not applicable,,,ShopAir 1034100
29054,Shop Vacuums,103-42-00,ShopAir 1034200,,E:\IMAGES\ITEMS\product\1\0\shop-vac-103-42-00-shopair-1034200.jpg,Shop-Vac,,"Shop-Air® 3000 16in. Diameter Wall/Ceiling Mount Electrical Air Circulator                          Cord Length: 15 FeetOperation Sound Level: QuietWarranty: 1 YearStainless Steel TankWall Mountable Design                     	Air Flow: 	3000(CFM) 	Electrical Ratings: 	120V 60Hz 3.5A  Performance readings listed are done by Shop-Vac® lab method, not ASTM test method.",Accessories:                     Not Applicable                                              Filters:                     Not applicable,,,ShopAir 1034200
29054,Shop Vacuums,113-05-00,ShopCan 1130500,,E:\IMAGES\ITEMS\product\1\1\shop-vac-113-05-00-shopcan-1130500.jpg,Shop-Vac,,"Shop-Can® 4 Gallon S/S Container includes Bottom Ring & Open LidTaking the industrial approach to residential & commercial trash cans. At home; in the kitchen, bathroom or garage. Commercial kitchens and restaurants. Hotels, schools and colleges. If you got trash, you gotta have a Shop-Can®.                          Stainless Steel Tank                      Performance readings listed are done by Shop-Vac® lab method, not ASTM test method.",Accessories:                     Not Applicable                                              Filters:                     Not applicable,,,ShopCan 1130500
29054,Shop Vacuums,113-17-00,ShopCan 1131700,,E:\IMAGES\ITEMS\product\1\1\shop-vac-113-17-00-shopcan-1131700.jpg,Shop-Vac,,"Shop-Can® 6 Gallon S/S Container includes Bottom Ring & Open LidTaking the industrial approach to residential & commercial trash cans. At home; in the kitchen, bathroom or garage. Commercial kitchens and restaurants. Hotels, schools and colleges. If you got trash, you gotta have a Shop-Can®.                          Stainless Steel Tank                      Performance readings listed are done by Shop-Vac® lab method, not ASTM test method.",Accessories:                     Not Applicable                                              Filters:                     Not applicable,,,ShopCan 1131700
29054,Shop Vacuums,113-29-00,ShopCan 1132900,,E:\IMAGES\ITEMS\product\1\1\shop-vac-113-29-00-shopcan-1132900.jpg,Shop-Vac,,"Shop-Can® 8 Gallon S/S Container includes Bottom Ring & Open LidTaking the industrial approach to residential & commercial trash cans. At home; in the kitchen, bathroom or garage. Commercial kitchens and restaurants. Hotels, schools and colleges. If you got trash, you gotta have a Shop-Can®.                          Stainless Steel Tank                      Performance readings listed are done by Shop-Vac® lab method, not ASTM test method.",Accessories:                     Not Applicable                                              Filters:                     Not applicable,,,ShopCan 1132900
29054,Shop Vacuums,113-42-00,ShopCan 1134200,,E:\IMAGES\ITEMS\product\1\1\shop-vac-113-42-00-shopcan-1134200.jpg,Shop-Vac,,"Shop-Can® 10 Gallon S/S Container includes Bottom Ring & Open LidTaking the industrial approach to residential & commercial trash cans. At home; in the kitchen, bathroom or garage. Commercial kitchens and restaurants. Hotels, schools and colleges. If you got trash, you gotta have a Shop-Can®.                          Stainless Steel Tank                      Performance readings listed are done by Shop-Vac® lab method, not ASTM test method.",Accessories:                     Not Applicable                                              Filters:                     Not applicable,,,ShopCan 1134200
29054,Shop Vacuums,113-44-00,ShopCan 1134400,,E:\IMAGES\ITEMS\product\1\1\shop-vac-113-44-00-shopcan-1134400.jpg,Shop-Vac,,"Shop-Can® 10 Gallon S/S Container includes Bottom Ring & Spring LidTaking the industrial approach to residential & commercial trash cans. At home; in the kitchen, bathroom or garage. Commercial kitchens and restaurants. Hotels, schools and colleges. If you got trash, you gotta have a Shop-Can®.                          Stainless Steel Tank                      Performance readings listed are done by Shop-Vac® lab method, not ASTM test method.",Accessories:                     Not Applicable                                              Filters:                     Not applicable,,,ShopCan 1134400
29054,Shop Vacuums,113-57-00,ShopCan 1135700,,E:\IMAGES\ITEMS\product\1\1\shop-vac-113-57-00-shopcan-1135700.jpg,Shop-Vac,,"Shop-Can® 12 Gallon S/S Container includes Bottom Ring & Open LidTaking the industrial approach to residential & commercial trash cans. At home; in the kitchen, bathroom or garage. Commercial kitchens and restaurants. Hotels, schools and colleges. If you got trash, you gotta have a Shop-Can®.                          Stainless Steel Tank                      Performance readings listed are done by Shop-Vac® lab method, not ASTM test method.",Accessories:                     Not Applicable                                              Filters:                     Not applicable,,,ShopCan 1135700
29054,Shop Vacuums,113-64-00,ShopCan 1136400,,E:\IMAGES\ITEMS\product\1\1\shop-vac-113-64-00-shopcan-1136400.jpg,Shop-Vac,,"Shop-Can® 12 Gallon S/S Container includes Dolly and Casters & Spring LidTaking the industrial approach to residential & commercial trash cans. At home; in the kitchen, bathroom or garage. Commercial kitchens and restaurants. Hotels, schools and colleges. If you got trash, you gotta have a Shop-Can®.                          Stainless Steel Tank                      Performance readings listed are done by Shop-Vac® lab method, not ASTM test method.",Accessories:                     Not Applicable                                              Filters:                     Not applicable,,,ShopCan 1136400
29054,Shop Vacuums,113-72-00,ShopCan 1137200,,E:\IMAGES\ITEMS\product\1\1\shop-vac-113-72-00-shopcan-1137200.jpg,Shop-Vac,,"Shop-Can® 14 Gallon S/S Container includes Bottom Ring & Open LidTaking the industrial approach to residential & commercial trash cans. At home; in the kitchen, bathroom or garage. Commercial kitchens and restaurants. Hotels, schools and colleges. If you got trash, you gotta have a Shop-Can®.                          Stainless Steel Tank                      Performance readings listed are done by Shop-Vac® lab method, not ASTM test method.",Accessories:                     Not Applicable                                              Filters:                     Not applicable,,,ShopCan 1137200
29054,Shop Vacuums,113-79-00,ShopCan 1137900,,E:\IMAGES\ITEMS\product\1\1\shop-vac-113-79-00-shopcan-1137900.jpg,Shop-Vac,,"Shop-Can® 14 Gallon S/S Container includes Dolly and Casters & Spring LidTaking the industrial approach to residential & commercial trash cans. At home; in the kitchen, bathroom or garage. Commercial kitchens and restaurants. Hotels, schools and colleges. If you got trash, you gotta have a Shop-Can®.                          Stainless Steel Tank                      Performance readings listed are done by Shop-Vac® lab method, not ASTM test method.",Accessories:                     Not Applicable                                              Filters:                     Not applicable,,,ShopCan 1137900
29054,Shop Vacuums,113-87-00,ShopCan 1138700,,E:\IMAGES\ITEMS\product\1\1\shop-vac-113-87-00-shopcan-1138700.jpg,Shop-Vac,,"Shop-Can® 16 Gallon S/S Container includes Bottom Ring & Open LidTaking the industrial approach to residential & commercial trash cans. At home; in the kitchen, bathroom or garage. Commercial kitchens and restaurants. Hotels, schools and colleges. If you got trash, you gotta have a Shop-Can®.                          Stainless Steel Tank                      Performance readings listed are done by Shop-Vac® lab method, not ASTM test method.",Accessories:                     Not Applicable                                              Filters:                     Not applicable,,,ShopCan 1138700
29054,Shop Vacuums,113-95-00,ShopCan 1139500,,E:\IMAGES\ITEMS\product\1\1\shop-vac-113-95-00-shopcan-1139500.jpg,Shop-Vac,,"Shop-Can® 16 Gallon S/S Container includes Dolly and Casters & Flipper LidTaking the industrial approach to residential & commercial trash cans. At home; in the kitchen, bathroom or garage. Commercial kitchens and restaurants. Hotels, schools and colleges. If you got trash, you gotta have a Shop-Can®.                          Stainless Steel Tank                      Performance readings listed are done by Shop-Vac® lab method, not ASTM test method.",Accessories:                     Not Applicable                                              Filters:                     Not applicable,,,ShopCan 1139500
29054,Shop Vacuums,114-02-00,ShopCan 1140200,,E:\IMAGES\ITEMS\product\1\1\shop-vac-114-02-00-shopcan-1140200.jpg,Shop-Vac,,"Shop-Can® 20 Gallon S/S Container includes Bottom Ring & Open LidTaking the industrial approach to residential & commercial trash cans. At home; in the kitchen, bathroom or garage. Commercial kitchens and restaurants. Hotels, schools and colleges. If you got trash, you gotta have a Shop-Can®.                          Stainless Steel Tank                      Performance readings listed are done by Shop-Vac® lab method, not ASTM test method.",Accessories:                     Not Applicable                                              Filters:                     Not applicable,,,ShopCan 1140200
29054,Shop Vacuums,114-10-00,ShopCan 1141000,,E:\IMAGES\ITEMS\product\1\1\shop-vac-114-10-00-shopcan-1141000.jpg,Shop-Vac,,"Shop-Can® 20 Gallon S/S Container includes Dolly and Casters & Flipper LidTaking the industrial approach to residential & commercial trash cans. At home; in the kitchen, bathroom or garage. Commercial kitchens and restaurants. Hotels, schools and colleges. If you got trash, you gotta have a Shop-Can®.                          Stainless Steel Tank                      Performance readings listed are done by Shop-Vac® lab method, not ASTM test method.",Accessories:                     Not Applicable                                              Filters:                     Not applicable,,,ShopCan 1141000
29054,Shop Vacuums,156-00-00,Floormaster Mop Bucket 1560000,,E:\IMAGES\ITEMS\product\1\5\shop-vac-156-00-00-floormaster-mop-bucket-1560000.jpg,Shop-Vac,,"0Packed with ergonomic, labor saving features. Large capacity bucket, efficient ringer system, non-marking easy-roll wheels, and rear handle round out the Shop-Vac® Floormaster® Mop Bucket.                          Tank Drain                      Performance readings listed are done by Shop-Vac® lab method, not ASTM test method.",Accessories:                     Drainage Hose                                              Filters:                     Not applicable,,,Floormaster Mop Bucket 1560000
29054,Shop Vacuums,203-01-00,Hardware Store Wet/Dry Vac 2030100,,E:\IMAGES\ITEMS\product\2\0\shop-vac-203-01-00-hardware-store-wetdry-vac-2030100.jpg,Shop-Vac,,"Hang On® Vac. Power Made Portable.All the power you need for wet/dry cleanup in a handheld package. Lightweight and wall mountable with included wall mount bracket. Great for home, garage, workshop and vehicles.                          Cord Length: 6 FeetOperation Sound Level: Extra QuietHose Size: 1.25"" DiameterWarranty: 2 YearsWall Mountable DesignHand Held Design                     	Air Flow: 	59(CFM) 	Sealed Pressure: 	57(inches) 	Electrical Ratings: 	120V 60Hz 7.8 Amps 	Peak Air Watts: 	120  Performance readings listed are done by Shop-Vac® lab method, not ASTM test method.","Accessories:                     1-1/4"" x 4' hose gulper nozzle crevice tool wall mount bracket wall mount tool holder",,,Hardware Store Wet/Dry Vac 2030100
29054,Shop Vacuums,203-04-00,Hardware Store Wet/Dry Vac 2030400,,E:\IMAGES\ITEMS\product\2\0\shop-vac-203-04-00-hardware-store-wetdry-vac-2030400.jpg,Shop-Vac,,"All Purpose Wet/Dry VacThere's plenty of power in this 5 Gallon 2.0 Peak HP wet/dry vac to handle the occasional mess around the house or in the shop.                          Cord Length: 6 FeetOperation Sound Level: Extra QuietHose Size: 1.25"" DiameterWarranty: 2 YearsBlower Feature                     	Air Flow: 	55(CFM) 	Sealed Pressure: 	46(inches) 	Electrical Ratings: 	120V 60Hz 7.8 Amps 	Peak Air Watts: 	90  Performance readings listed are done by Shop-Vac® lab method, not ASTM test method.","Accessories:                     1-1/4"" Dia. X 7' hose gulper nozzle                                              Filters:                     Reusable dry filter and foam sleev",,,Hardware Store Wet/Dry Vac 2030400
29054,Shop Vacuums,203-60-00,Hardware Store Wet/Dry Vac 2036000,,E:\IMAGES\ITEMS\product\2\0\shop-vac-203-60-00-hardware-store-wetdry-vac-2036000.jpg,Shop-Vac,,"The economical choice to give you the power to take the work out of cleaning up.The economical choice to give you the power to take the work out of cleaning up. A great all-around wet/dry vac. All the power with less noise. Packed with features.                          Cord Length: 6 FeetOperation Sound Level: Extra QuietHose Size: 1.25"" DiameterWarranty: 2 YearsWall Mountable DesignHand Held Design                     	Air Flow: 	58(CFM) 	Sealed Pressure: 	60(inches) 	Electrical Ratings: 	120V 60Hz 8 Amps 	Peak Air Watts: 	120  Performance readings listed are done by Shop-Vac® lab method, not ASTM test method.","Accessories:                     1-1/4"" x 4' hose gulper nozzle crevice tool wall mount bracket wall mount tool holder",,,Hardware Store Wet/Dry Vac 2036000
29054,Shop Vacuums,285-00-10,Back Pack 2850010,,E:\IMAGES\ITEMS\product\2\8\shop-vac-285-00-10-back-pack-2850010.jpg,Shop-Vac,,"The Shop-Vac Back Pack Vac. Pack the Power.The Back Pack Vac is lightweight and powerful, designed to tackle large areas with minimal effort. Convenient tool belt, top carry handle and light aluminum wands ensure easy use. The compact size of this vac allows it to be used in tight spaces.                          Cord Length: 50 FeetOperation Sound Level: Super QuietHose Size: 1.5"" DiameterWarranty: 1 YearTough Metal ToolsLock-on HoseDry Pickup OnlyOnboard Accessory Storage                     	Air Flow: 	95(CFM) 	Sealed Pressure: 	84(inches) 	Electrical Ratings: 	120V 60Hz 7.5Amps  Performance readings listed are done by Shop-Vac® lab method, not ASTM test method.","Accessories:                     1-1/2"" Commercial Lock On Hose (2) Aluminum Extension Wands Adjustable Floor Nozzle Gulper Nozzle Crevice Tool Round Brush Too",,,Back Pack 2850010
29054,Shop Vacuums,286-00-10,Back Pack 2860010,,E:\IMAGES\ITEMS\product\2\8\shop-vac-286-00-10-back-pack-2860010.jpg,Shop-Vac,,"Back Pack Vac. Pack the power.A convenient tool belt, a top carrying handle, and ergonomic wands ensure easy use, and a compact size allows the Back Pack Vac to be stored in small spaces.                          Cord Length: 25 FeetOperation Sound Level: QuietHose Size: 1.25"" DiameterWarranty: 1 YearLock-on HoseDry Pickup OnlyOnboard Accessory Storage                     	Air Flow: 	210(CFM) 	Sealed Pressure: 	60(inches) 	Electrical Ratings: 	120V 60Hz 12A  Performance readings listed are done by Shop-Vac® lab method, not ASTM test method.","Accessories:                     1-1/4"" diameter: 4' Lock-On hose (2) metal extension wands w/positive-lock dual surface nozzle                                              Filters:",,,Back Pack 2860010
29054,Shop Vacuums,305-00-10,Industrial 3050010,,E:\IMAGES\ITEMS\product\3\0\shop-vac-305-00-10-industrial-3050010.jpg,Shop-Vac,,"Industrial Push Sweep Vac12"" diameter side broom sweeps debris into path of the main broom.  The reverse rotation of the main broom sweeps the debris into the large 1.4 cubic foot easy-to-empty hopper.  Cleans a 27"" wide path.  Rubber seals provide dust free operation.                          Operation Sound Level: QuietWarranty: 1 YearDry Pickup Only                      Performance readings listed are done by Shop-Vac® lab method, not ASTM test method.",Accessories:                     Not Applicable                                              Filters:                     Not applicable,,,Industrial 3050010
29054,Shop Vacuums,394-01-00,WallMount 3940100,,E:\IMAGES\ITEMS\product\3\9\shop-vac-394-01-00-wallmount-3940100.jpg,Shop-Vac,,"Centralized cleaningCentralized cleaning for garage, work shop, hobby area, laundry room or anywhere a hands free vacuum center is desired. Complete with a wall mount bracket and 18' extra long reach hose for wider area cleaning.  Space saving ""wall-mount"" design provides a cleaning solution that's there when you need it!                          Cord Length: 6 FeetOperation Sound Level: QuietHose Size: 1.25"" DiameterWarranty: 3 YearLock-on HoseWall Mountable Design                     	Air Flow: 	130(CFM) 	Sealed Pressure: 	52(inches) 	Electrical Ratings: 	120V 60Hz 7.2Amps 	Peak Air Watts: 	270  Performance readings listed are done by Shop-Vac® lab method, not ASTM test method.","Accessories:                     1-1/4"" Dia. X 18' Lock-On hose (3) 1-1/4"" extension wands 10"" wet/dry nozzle round brush crevice tool gulper nozzle tool holde",,,WallMount 3940100
29054,Shop Vacuums,394-20-00,WallMount 3942000,,E:\IMAGES\ITEMS\product\3\9\shop-vac-394-20-00-wallmount-3942000.jpg,Shop-Vac,,"Centralized cleaningCentralized cleaning for garage, work shop, hobby area, laundry room or anywhere a hands free vacuum center is desired. Complete with a wall mount bracket and 18' extra long reach hose for wider area cleaning.  Space saving ""wall-mount"" design provides a cleaning solution that's there when you need it!                          Cord Length: 6 FeetOperation Sound Level: QuietHose Size: 1.25"" DiameterWarranty: 3 YearsLock-on HoseWall Mountable Design                     	Air Flow: 	145(CFM) 	Sealed Pressure: 	55(inches) 	Electrical Ratings: 	120V 60Hz 8.9Amps 	Peak Air Watts: 	315  Performance readings listed are done by Shop-Vac® lab method, not ASTM test method.","Accessories:                     1-1/4"" Dia. X 18' Lock-On hose (3) 1-1/4"" extension wands 10"" wet/dry nozzle round brush crevice tool gulper nozzle tool holde",,,WallMount 3942000
29054,Shop Vacuums,394-23-00,Hardware Store Wet/Dry Vac 3942300,,E:\IMAGES\ITEMS\product\3\9\shop-vac-394-23-00-hardware-store-wetdry-vac-3942300.jpg,Shop-Vac,,"Centralized CleaningCentralized cleaning for garage, work shop, hobby area, laundry room or anywhere a hands free vacuum center is desired. Complete with a wall mount bracket and 18' extra long reach hose for wider area cleaning. Space saving ""wall-mount"" design provides a cleaning solution that's there when you need it!                          Cord Length: 6 FeetOperation Sound Level: Extra QuietHose Size: 1.25"" DiameterWarranty: 3 YearsLock-on HoseWall Mountable Design                     	Air Flow: 	130(CFM) 	Sealed Pressure: 	50(inches) 	Electrical Ratings: 	120V 60Hz 8.8 Amps 	Peak Air Watts: 	240  Performance readings listed are done by Shop-Vac® lab method, not ASTM test method.","Accessories:                     1-1/4"" Dia. x 18' Lock-on® hose (3) Extension Wands 12"" Deluxe nozzle 12"" Brush Insert 12"" Squeegee Insert Crevice Tool Round",,,Hardware Store Wet/Dry Vac 3942300
29054,Shop Vacuums,404-12-00,Ash Vacuum 4041200,,E:\IMAGES\ITEMS\product\4\0\shop-vac-404-12-00-ash-vacuum-4041200.jpg,Shop-Vac,,"Specially designed for fireplaces, wood/pellet stoves, coal stoves, BBQ grills and more.  * For cold ashes only.Specially designed for fireplaces, wood/pellet stoves, coal stoves, BBQ grills and more.  - Durable easy to clean stainless steel tank. - Powerful by-pass motor to pick up your toughest messes - Thermal protective device for user safety. - Durable vinyl covered flexible steel hose with metal intake nozzle. - Two stage filtration system stops ashes from discharging out the exhaust. - Efficient HEPA cartridge filter stops ultra fine dust and resists cloging.   * For cold ashes only.                          Cord Length: 6 FeetOperation Sound Level: QuietHose Size: 1.5"" DiameterWarranty: 2 YearTough Metal ToolsHEPA FilterStainless Steel TankLock-on HoseDry Pickup Only                     	Air Flow: 	80(CFM) 	Sealed Pressure: 	40(inches) 	Electrical Ratings: 	120V 60Hz 6.3A 	Peak Air Watts: 	130  Performance readings listed are done by Shop-Vac® lab method, not ASTM test method.","Accessories:                     4' (1.2 m) x 1-1/2"" (3.8 cm) Lock-On hose with metal intake nozzle.                                              Filters:                     CleanStream",,,Ash Vacuum 4041200
29054,Shop Vacuums,405-00-10,Industrial 4050010,,E:\IMAGES\ITEMS\product\4\0\shop-vac-405-00-10-industrial-4050010.jpg,Shop-Vac,,"Industrial Indoor/Outdoor Vac8 Gallon, easy to empty filter/collection bag. Kick stand. Height Adjustment. Double Insulated.                          Cord Length: 18 inchesOperation Sound Level: QuietWarranty: 1 YearDry Pickup Only                     	Electrical Ratings: 	120V 60Hz 6Amps  Performance readings listed are done by Shop-Vac® lab method, not ASTM test method.",Accessories:                     Not Applicable                                              Filters:                     Permanent Filter Bag,,,Industrial 4050010
29054,Shop Vacuums,582-12-00,Pump Vac 5821200,,E:\IMAGES\ITEMS\product\5\8\shop-vac-582-12-00-pump-vac-5821200.jpg,Shop-Vac,,"Wet/Dry Vac with Built-In PumpWith a Shop-Vac® Pump Vac, you can pick up water from one place and pump it to another. And you can keep vacuuming while you empty the tank.                          Cord Length: 12 FootOperation Sound Level: QuietHose Size: 2.5"" DiameterWarranty: 3 YearsTank DrainLock-on HoseBlower FeatureOnboard Accessory StorageBuilt In Water Pump                     	Air Flow: 	185(CFM) 	Sealed Pressure: 	59(inches) 	Electrical Ratings: 	120V~60Hz 11.3A 	Peak Air Watts: 	340  Performance readings listed are done by Shop-Vac® lab method, not ASTM test method.",Accessories:                     2½” Dia. X 8’ Lock-On® hose (2) 2½” extension wands 14” wet/dry floor nozzle Elbow Grip Hose Holder Tool holder,,,Pump Vac 5821200
29054,Shop Vacuums,582-16-00,Pump Vac 5821600,,E:\IMAGES\ITEMS\product\5\8\shop-vac-582-16-00-pump-vac-5821600.jpg,Shop-Vac,,"Wet/Dry Vac with Built-In PumpWith a Shop-Vac® Pump Vac, you can pick up water from one place and pump it to another. And you can keep vacuuming while you empty the tank.                          Cord Length: 12 FootOperation Sound Level: QuietHose Size: 2.5"" DiameterWarranty: 3 YearsTank DrainLock-on HoseBlower FeatureOnboard Accessory StorageBuilt In Water Pump                     	Air Flow: 	195(CFM) 	Sealed Pressure: 	60(inches) 	Electrical Ratings: 	120V ~ 60Hz 11.3 Amp 	Peak Air Watts: 	365  Performance readings listed are done by Shop-Vac® lab method, not ASTM test method.",Accessories:                     2½” Dia. X 8’ Lock-On® hose (2) 2½” extension wands 14” wet/dry floor nozzle Elbow Grip Hose Holder Tool holder,,,Pump Vac 5821600
29054,Shop Vacuums,585-03-00,BullDog 5850300,,E:\IMAGES\ITEMS\product\5\8\shop-vac-585-03-00-bulldog-5850300.jpg,Shop-Vac,,"Perfect for cleaning cars, vans, trucks, RVs!The BULLDOG® is powerful!  Easily removes soil, crumbs, and pet hair from carpets and upholstery.   The BULLDOG® is adaptable!  Ideal for cars, computers, stereos, TVs, VCRs, etc.                          Cord Length: 6 FeetOperation Sound Level: QuietHose Size: 1.25"" DiameterWarranty: 3 yearsHand Held DesignOnboard Accessory Storage                     	Air Flow: 	123(CFM) 	Sealed Pressure: 	54(inches) 	Electrical Ratings: 	120V 60Hz 6Amps 	Peak Air Watts: 	190  Performance readings listed are done by Shop-Vac® lab method, not ASTM test method.","Accessories:                     1-1/4"" Dia. x 10' hose round brush crevice tool gulper nozzle tool holder                                              Filters:</h",,,BullDog 5850300
29054,Shop Vacuums,587-04-00,AllAround 5870400,,E:\IMAGES\ITEMS\product\5\8\shop-vac-587-04-00-allaround-5870400.jpg,Shop-Vac,,"All Around Plus! The handy wet/dry vac that goes anywhere!                          Cord Length: 18 FeetOperation Sound Level: QuietHose Size: 1.25"" DiameterWarranty: 3 YearsLock-on HoseBlower FeatureOnboard Accessory Storage                     	Air Flow: 	175(CFM) 	Sealed Pressure: 	60(inches) 	Electrical Ratings: 	120V 60Hz 9Amps 	Peak Air Watts: 	320  Performance readings listed are done by Shop-Vac® lab method, not ASTM test method.","Accessories:                     1-1/4"" Dia. x 8' Lock-On hose (2) 1-1/4"" Extension Wands round brush crevice tool gulper nozzle Dual Surface nozzle wet/dry no",,,AllAround 5870400
29054,Shop Vacuums,587-08-00,BullDog 5870800,,E:\IMAGES\ITEMS\product\5\8\shop-vac-587-08-00-bulldog-5870800.jpg,Shop-Vac,,"Perfect for cleaning cars, vans, trucks, RVs!The BULLDOG® is powerful!  Easily removes soil, crumbs, and pet hair from carpets and upholstery.   The BULLDOG® is adaptable!  Ideal for cars, computers, stereos, TVs, VCRs, etc.                          Cord Length: 6 FeetOperation Sound Level: QuietHose Size: 1.25"" DiameterWarranty: 3 YearsLock-on HoseOnboard Accessory Storage                     	Air Flow: 	175(CFM) 	Sealed Pressure: 	60(inches) 	Electrical Ratings: 	120V 60Hz 9Amps 	Peak Air Watts: 	320  Performance readings listed are done by Shop-Vac® lab method, not ASTM test method.","Accessories:                     1-1/4"" Dia. x 10' Lock-On hose (2) 1-1/4"" Extension Wands 10"" combination nozzle round brush crevice tool gulper nozzle tool h",,,BullDog 5870800
29054,Shop Vacuums,587-24-00,Heavy Duty Portable 5872400,,E:\IMAGES\ITEMS\product\5\8\shop-vac-587-24-00-heavy-duty-portable-5872400.jpg,Shop-Vac,,"The Brute® Heavy Duty Portable VacEasy to carry and full featured: Compact and Portable. Top Carry Handle for easy lifting.                          Cord Length: 6 FeetOperation Sound Level: QuietHose Size: 1.25"" DiameterWarranty: 3 YearsHand Held DesignBlower FeatureOnboard Accessory Storage                     	Air Flow: 	175(CFM) 	Sealed Pressure: 	60(inches) 	Electrical Ratings: 	120V 60Hz 9Amps	Peak Air Watts: 	320  Performance readings listed are done by Shop-Vac® lab method, not ASTM test method.","Accessories:                     1-1/4"" Dia. X 7' Lock-On hose (3) 1-1/4"" extension wands 10"" wet/dry nozzle tool holder                                              Filter",,,Heavy Duty Portable 5872400
29054,Shop Vacuums,587-24-10,Heavy Duty Portable 5872410,,E:\IMAGES\ITEMS\product\5\8\shop-vac-587-24-10-heavy-duty-portable-5872410.jpg,Shop-Vac,,"The Heavy Duty Portable VacEasy to carry and full featured:  Compact and Portable. Top Carry Handle for easy lifting. Lock On® Hose System. Accessory Storage. Cord Wrap.                          Cord Length: 20 FeetOperation Sound Level: QuietHose Size: 1.5"" DiameterWarranty: 1 YearsLock-on HoseHand Held DesignBlower Feature                     	Air Flow: 	195(CFM) 	Sealed Pressure: 	59(inches) 	Electrical Ratings: 	120V 60Hz 11.5Amps 	Peak Air Watts: 	345  Performance readings listed are done by Shop-Vac® lab method, not ASTM test method.","Accessories:                     1-1/2"" Dia x 7' Lock On® Hose claw utility nozzle 16"" blow molded crevice tool accessory storage",,,Heavy Duty Portable 5872410
29054,Shop Vacuums,587-25-10,Professional 5872510,,E:\IMAGES\ITEMS\product\5\8\shop-vac-587-25-10-professional-5872510.jpg,Shop-Vac,,"The Professional Heavy Duty Portable VacEasy to carry and full featured:   Compact and Portable. Top Carry Handle for easy lifting. Lock On® Hose System. Accessory Storage. Cord Wrap.                          Cord Length: 20 FeetOperation Sound Level: QuietHose Size: 1.5"" DiameterWarranty: 1 yearLock-on HoseWall Mountable DesignHand Held Design                     	Air Flow: 	200(CFM) 	Sealed Pressure: 	60(inches) 	Electrical Ratings: 	120V 60Hz 12Amps 	Peak Air Watts: 	360  Performance readings listed are done by Shop-Vac® lab method, not ASTM test method.",Accessories:                     1-1/2” Dia x 7' Lock On® Hose Claw Utility Nozzle Crevice Tool Adapter Wall Mount                                              Fil,,,Professional 5872510
29054,Shop Vacuums,587-28-00,Hardware Store Wet/Dry Vac 5872800,,E:\IMAGES\ITEMS\product\5\8\shop-vac-587-28-00-hardware-store-wetdry-vac-5872800.jpg,Shop-Vac,,"The Heavy Duty Portable VacEasy to carry and full featured: Compact and Portable. Top Carry Handle for easy lifting. Lock On® Hose System. Accessory Storage. Cord Wrap.                          Cord Length: 20 FeetOperation Sound Level: Extra QuietHose Size: 1.5"" DiameterWarranty: 5 YearsLock-on HoseHand Held DesignBlower FeatureOnboard Accessory Storage                     	Air Flow: 	90(CFM) 	Sealed Pressure: 	50(inches) 	Electrical Ratings: 	120V 60Hz 11.8 Amps 	Peak Air Watts: 	170  Performance readings listed are done by Shop-Vac® lab method, not ASTM test method.",Accessories:                     1-1/2” Dia x 7' Lock On® Hose Claw Utility Nozzle Crevice Tool                                              Filters:                     <l,,,Hardware Store Wet/Dry Vac 5872800
29054,Shop Vacuums,587-34-10,Heavy Duty Portable 5873410,,E:\IMAGES\ITEMS\product\5\8\shop-vac-587-34-10-heavy-duty-portable-5873410.jpg,Shop-Vac,,"The Heavy Duty Portable Vac - now in 10 gallon capacity!Easy to carry and full featured:  Compact and Portable. Top Carry Handle for easy lifting. Lock On® Hose System. Accessory Storage. Cord Wrap. Removable Dolly.                          Cord Length: 20 FeetOperation Sound Level: QuietHose Size: 1.5"" DiameterWarranty: 1 YearLock-on HoseBlower FeatureOnboard Accessory Storage                     	Air Flow: 	195(CFM) 	Sealed Pressure: 	60(inches) 	Electrical Ratings: 	120V 60Hz 12Amps 	Peak Air Watts: 	360  Performance readings listed are done by Shop-Vac® lab method, not ASTM test method.","Accessories:                     1-1/2” Dia x 12' Lock On® Hose (2) extension wands 14"" floor nozzle crevice tool claw utility nozzle tool holder adapter.",,,Heavy Duty Portable 5873410
29054,Shop Vacuums,587-35-10,Professional 5873510,,E:\IMAGES\ITEMS\product\5\8\shop-vac-587-35-10-professional-5873510.jpg,Shop-Vac,,"The Heavy Duty Portable Vac - Now with a 10 Gallon Capacity!Easy to carry and full featured: Top Carry Handle for easy lifting. Lock On® Hose System. Accessory Storage. Cord Wrap. Easy Roll Casters.                          Cord Length: 20 FeetOperation Sound Level: QuietHose Size: 1.5"" DiameterWarranty: 1 YearsLock-on HoseBlower FeatureOnboard Accessory Storage                     	Air Flow: 	195(CFM) 	Sealed Pressure: 	60(inches) 	Electrical Ratings: 	120V 60Hz 12Amps 	Peak Air Watts: 	390  Performance readings listed are done by Shop-Vac® lab method, not ASTM test method.","Accessories:                     1-1/2"" Dia x 12' Lock On® Hose (2) 1-1/2"" Wands 14"" Floor Nozzle Blow Molded Crevice Claw Nozzle",,,Professional 5873510
29054,Shop Vacuums,589-51-00,AllAround 5895100,,E:\IMAGES\ITEMS\product\5\8\shop-vac-589-51-00-allaround-5895100.jpg,Shop-Vac,,"Quiet, Portable Wet Dry VacsThe Shop-Vac All Around EZs have the power of a full size vac in the convenience of a handheld.                          Cord Length: 18 FeetOperation Sound Level: Super QuietHose Size: 1.25"" DiameterWarranty: 3 YearsWall Mountable DesignValue PricedBlower Feature                     	Air Flow: 	120(CFM) 	Sealed Pressure: 	52(inches) 	Electrical Ratings: 	120V 60Hz 7.4Amps 	Peak Air Watts: 	195  Performance readings listed are done by Shop-Vac® lab method, not ASTM test method.","Accessories:                     7' x 1-1/4"" Hose 2 Extension Wands Floor Nozzle for Bare and Carpeted Floors Gulper Nozzle Crevice Tool Round Brush Wall Brack",,,AllAround 5895100
29054,Shop Vacuums,589-52-00,AllAround 5895200,,E:\IMAGES\ITEMS\product\5\8\shop-vac-589-52-00-allaround-5895200.jpg,Shop-Vac,,"Quiet, Portable Wet Dry VacsThe Shop-Vac All Around EZs have the power of a full size vac in the convenience of a handheld.                          Cord Length: 18 FeetOperation Sound Level: Super QuietHose Size: 1.25"" DiameterWarranty: 3 YearsWall Mountable DesignValue PricedHand Held DesignBlower Feature                     	Air Flow: 	130(CFM) 	Sealed Pressure: 	56(inches) 	Electrical Ratings: 	120V 60Hz 8Amps 	Peak Air Watts: 	220  Performance readings listed are done by Shop-Vac® lab method, not ASTM test method.","Accessories:                     7' x 1-1/4"" Hose 2 Extension Wands Floor Nozzle for Bare and Carpeted Floors Gulper Nozzle Crevice Tool Round Brush Wall Brack",,,AllAround 5895200
29054,Shop Vacuums,589-54-00,AllAround 5895400,,E:\IMAGES\ITEMS\product\5\8\shop-vac-589-54-00-allaround-5895400.jpg,Shop-Vac,,"Quiet, Portable Wet Dry VacsThe Shop-Vac All Around EZs have the power of a full size vac in the convenience of a handheld.                          Cord Length: 18 FeetOperation Sound Level: Super QuietHose Size: 1.25"" DiameterWarranty: 3 YearsWall Mountable DesignValue PricedHand Held DesignBlower Feature                     	Air Flow: 	170(CFM) 	Sealed Pressure: 	60(inches) 	Electrical Ratings: 	120V 60Hz 9Amps 	Peak Air Watts: 	290  Performance readings listed are done by Shop-Vac® lab method, not ASTM test method.","Accessories:                     7' x 1-1/4"" Hose 2 Extension Wands Floor Nozzle for Bare and Carpeted Floors Gulper Nozzle Crevice Tool Round Brush Wall Brack",,,AllAround 5895400
29054,Shop Vacuums,595-06-00,Hardware Store Wet/Dry Vac 5950600,,E:\IMAGES\ITEMS\product\5\9\shop-vac-595-06-00-hardware-store-wetdry-vac-5950600.jpg,Shop-Vac,,"The new standard in heavy duty wet/dry vacs. Now with the exclusive performance gauge.Shop-Vac’s hardware series vacs include a range of new features. Our performance gauge tells you how your vac is performing and when you need to change your filters. Extra large hose holder for convenient storage of hose and a rear blower port that turns your vac into a powerful blower. Onboard tool storage and a Lock-On® hose complete this powerful cleaning machine’s feature list.                          Cord Length: 6 FeetOperation Sound Level: Extra QuietHose Size: 1.25"" DiameterWarranty: 3 YearsLock-on HoseBlower FeatureOnboard Accessory Storage                     	Air Flow: 	68(CFM) 	Sealed Pressure: 	54(inches) 	Electrical Ratings: 	120V 60Hz 8.4 Amps 	Peak Air Watts: 	135  Performance readings listed are done by Shop-Vac® lab method, not ASTM test method.","Accessories:                     1-1/4"" Dia. X 8' Lock-On hose (3) 1-1/4"" extension wands 10"" Wet/Dry Nozzle gulper nozzle crevice tool",,,Hardware Store Wet/Dry Vac 5950600
29054,Shop Vacuums,595-08-00,Hardware Store Wet/Dry Vac 5950800,,E:\IMAGES\ITEMS\product\5\9\shop-vac-595-08-00-hardware-store-wetdry-vac-5950800.jpg,Shop-Vac,,"The new standard in heavy duty wet/dry vacs. Now with the exclusive performance gauge.Shop-Vac’s hardware series vacs include a range of new features. Our performance gauge tells you how your vac is performing and when you need to change your filters. Extra large hose holder for convenient storage of hose and a rear blower port that turns your vac into a powerful blower. Onboard tool storage and a Lock-On® hose complete this powerful cleaning machine’s feature list.                          Cord Length: 6 FeetOperation Sound Level: Extra QuietHose Size: 1.25"" DiameterWarranty: 3 YearsLock-on HoseBlower FeatureOnboard Accessory Storage                     	Air Flow: 	73(CFM) 	Sealed Pressure: 	56(inches) 	Electrical Ratings: 	120V 60Hz 9.8 Amps 	Peak Air Watts: 	145  Performance readings listed are done by Shop-Vac® lab method, not ASTM test method.","Accessories:                     1-1/4"" Dia. X 8' Lock-On hose (3) 1-1/4"" extension wands 10"" Wet/Dry Nozzle gulper nozzle crevice tool",,,Hardware Store Wet/Dry Vac 5950800
29054,Shop Vacuums,595-09-00,Hardware Store Wet/Dry Vac 5950900,,E:\IMAGES\ITEMS\product\5\9\shop-vac-595-09-00-hardware-store-wetdry-vac-5950900.jpg,Shop-Vac,,"The new standard in heavy duty wet/dry vacs. Now with the exclusive performance gauge.Shop-Vac’s hardware series vacs include a range of new features. Our performance gauge tells you how your vac is performing and when you need to change your filters. Extra large hose holder for convenient storage of hose and a rear blower port that turns your vac into a powerful blower. Onboard tool storage and a Lock-On® hose complete this powerful cleaning machine’s feature list.                          Cord Length: 6 FeetOperation Sound Level: Extra QuietHose Size: 1.25"" DiameterWarranty: 3 YearsStainless Steel TankLock-on HoseBlower FeatureOnboard Accessory Storage                     	Air Flow: 	73(CFM) 	Sealed Pressure: 	53(inches) 	Electrical Ratings: 	120V 60Hz 11.3 Amps 	Peak Air Watts: 	145  Performance readings listed are done by Shop-Vac® lab method, not ASTM test method.","Accessories:                     1-1/4"" Dia. X 8' Lock-On hose (3) 1-1/4"" extension wands 10"" Wet/Dry Nozzle gulper nozzle crevice tool",,,Hardware Store Wet/Dry Vac 5950900
29054,Shop Vacuums,595-10-00,Hardware Store Wet/Dry Vac 5951000,,E:\IMAGES\ITEMS\product\5\9\shop-vac-595-10-00-hardware-store-wetdry-vac-5951000.jpg,Shop-Vac,,"The new standard in heavy duty wet/dry vacs. Now with the exclusive performance gauge.Shop-Vac’s hardware series vacs include a range of new features. Our performance gauge tells you how your vac is performing and when you need to change your filters. Extra large hose holder for convenient storage of hose and a rear blower port that turns your vac into a powerful blower. Onboard tool storage and a Lock-On® hose complete this powerful cleaning machine’s feature list.                          Cord Length: 6 FeetOperation Sound Level: Extra QuietHose Size: 1.25"" DiameterWarranty: 3 YearsLock-on HoseBlower FeatureOnboard Accessory Storage                     	Air Flow: 	73(CFM) 	Sealed Pressure: 	53(inches) 	Electrical Ratings: 	120V 60Hz 11.3 Amps 	Peak Air Watts: 	145  Performance readings listed are done by Shop-Vac® lab method, not ASTM test method.","Accessories:                     1-1/4"" Dia. X 8' Lock-On hose (3) 1-1/4"" extension wands 10"" Wet/Dry Nozzle gulper nozzle crevice tool",,,Hardware Store Wet/Dry Vac 5951000
29054,Shop Vacuums,595-12-00,Hardware Store Wet/Dry Vac 5951200,,E:\IMAGES\ITEMS\product\5\9\shop-vac-595-12-00-hardware-store-wetdry-vac-5951200.jpg,Shop-Vac,,"The new standard of power in heavy duty wet/dry vacs. Now with the exclusive SVX2 Advanced Motor Technology.Shop-Vac’s hardware series vacs include a range of new features. Our performance gauge tells you how your vac is performing and when you need to change your filters. Extra large hose holder for convenient storage of hose and a rear blower port that turns your vac into a powerful blower. Onboard tool storage and a Lock-On® hose complete this powerful cleaning machine’s feature list.                          Cord Length: 12 FeetOperation Sound Level: Extra QuietHose Size: 2.5"" DiameterWarranty: 4 YearsTank DrainLock-on HoseBlower FeatureOnboard Accessory Storage                     	Air Flow: 	145(CFM) 	Sealed Pressure: 	70(inches) 	Electrical Ratings: 	120V 60Hz 11.6 Amps 	Peak Air Watts: 	375  Performance readings listed are done by Shop-Vac® lab method, not ASTM test method.","Accessories:                     2-1/2"" Dia. X 8' Lock-On hose (2) 2-1/2"" extension wands 14"" floor nozzle 8"" utility nozzle crevice tool elbow grip",,,Hardware Store Wet/Dry Vac 5951200
29054,Shop Vacuums,595-14-00,Hardware Store Wet/Dry Vac 5951400,,E:\IMAGES\ITEMS\product\5\9\shop-vac-595-14-00-hardware-store-wetdry-vac-5951400.jpg,Shop-Vac,,"The new standard of power in heavy duty wet/dry vacs. Now with the exclusive SVX2 Advanced Motor Technology.Shop-Vac’s hardware series vacs include a range of new features. Our performance gauge tells you how your vac is performing and when you need to change your filters. Extra large hose holder for convenient storage of hose and a rear blower port that turns your vac into a powerful blower. Onboard tool storage and a Lock-On® hose complete this powerful cleaning machine’s feature list.                          Cord Length: 12 FeetOperation Sound Level: Extra QuietHose Size: 2.5"" DiameterWarranty: 4 YearsTank DrainLock-on HoseBlower FeatureOnboard Accessory Storage                     	Air Flow: 	170(CFM) 	Sealed Pressure: 	75(inches) 	Electrical Ratings: 	120V 60Hz 12 Amps 	Peak Air Watts: 	415  Performance readings listed are done by Shop-Vac® lab method, not ASTM test method.","Accessories:                     2-1/2"" Dia. X 8' Lock-On hose (2) 2-1/2"" extension wands 14"" floor nozzle 8"" utility nozzle crevice tool elbow grip accessory",,,Hardware Store Wet/Dry Vac 5951400
29054,Shop Vacuums,825-16-00,Hardware Store Wet/Dry Vac 8251600,,E:\IMAGES\ITEMS\product\8\2\shop-vac-825-16-00-hardware-store-wetdry-vac-8251600.jpg,Shop-Vac,,"The new standard of power in heavy duty wet/dry vacs. Now with the exclusive SVX2 Advanced Motor Technology.Shop-Vac’s hardware series vacs include a range of new features. Our performance gauge tells you how your vac is performing and when you need to change your filters. Extra large hose holder for convenient storage of hose and a rear blower port that turns your vac into a powerful blower. Onboard tool storage and a Lock-On® hose complete this powerful cleaning machine’s feature list.                          Cord Length: 18 FeetOperation Sound Level: Extra QuietHose Size: 2.5"" DiameterWarranty: 4 YearsTank DrainLock-on HoseBlower FeatureOnboard Accessory Storage                     	Air Flow: 	170(CFM) 	Sealed Pressure: 	75(inches) 	Electrical Ratings: 	120V 60Hz 12 Amps 	Peak Air Watts: 	415  Performance readings listed are done by Shop-Vac® lab method, not ASTM test method.","Accessories:                     2-1/2"" Dia. X 8' Lock-On hose (2) 2-1/2"" extension wands 14"" floor nozzle 8"" utility nozzle crevice tool elbow grip tool stora",,,Hardware Store Wet/Dry Vac 8251600
29054,Shop Vacuums,825-18-00,Hardware Store Wet/Dry Vac 8251800,,E:\IMAGES\ITEMS\product\8\2\shop-vac-825-18-00-hardware-store-wetdry-vac-8251800.jpg,Shop-Vac,,"The new standard of power in heavy duty wet/dry vacs. Now with the exclusive SVX2 Advanced Motor Technology.Shop-Vac’s hardware series vacs include a range of new features. Our performance gauge tells you how your vac is performing and when you need to change your filters. Extra large hose holder for convenient storage of hose and a rear blower port that turns your vac into a powerful blower. Onboard tool storage and a Lock-On® hose complete this powerful cleaning machine’s feature list.                          Cord Length: 18 FeetOperation Sound Level: Extra QuietHose Size: 2.5"" DiameterWarranty: 4 YearsTank DrainLock-on HoseBlower FeatureOnboard Accessory Storage                     	Air Flow: 	170(CFM) 	Sealed Pressure: 	75(inches) 	Electrical Ratings: 	120V 60Hz 12 Amps 	Peak Air Watts: 	415  Performance readings listed are done by Shop-Vac® lab method, not ASTM test method.","Accessories:                     2-1/2"" Dia. X 8' Lock-On hose (2) 2-1/2"" extension wands 14"" floor nozzle 8"" utility nozzle crevice tool elbow grip tool stora",,,Hardware Store Wet/Dry Vac 8251800
29054,Shop Vacuums,925-28-10,Industrial 9252810,,E:\IMAGES\ITEMS\product\9\2\shop-vac-925-28-10-industrial-9252810.jpg,Shop-Vac,,"Products for Industrial and Commercial ApplicationsQuiet operation 6.25 HP motor, Lock-On positive connection hose system, tool basket and tank drain.                          Cord Length: 18 FeetOperation Sound Level: Super QuietHose Size: 1.25"" DiameterWarranty: 1 YearTank DrainLock-on HoseOnboard Accessory Storage                     	Air Flow: 	185(CFM) 	Sealed Pressure: 	66(inches) 	Electrical Ratings: 	120V 60Hz 9.7Amps 	Peak Air Watts: 	375  Performance readings listed are done by Shop-Vac® lab method, not ASTM test method.","Accessories:                     1-1/4"" dia. x 8' Lock-On hose w/handle grip and airflow control (2)interlocking metal extension wands 10"" wet/dry nozzle crevice tool round brus",,,Industrial 9252810
29054,Shop Vacuums,925-29-10,Industrial 9252910,,E:\IMAGES\ITEMS\product\9\2\shop-vac-925-29-10-industrial-9252910.jpg,Shop-Vac,,"Products for Industrial and Commercial ApplicationsQuiet operation 6.5 HP motor, Lock-On positive connection hose system, tool basket and tank drain.                          Cord Length: 18 FeetOperation Sound Level: Super QuietHose Size: 1.25"" DiameterWarranty: 1 YearTank DrainLock-on HoseOnboard Accessory Storage                     	Air Flow: 	185(CFM) 	Sealed Pressure: 	66(inches) 	Electrical Ratings: 	120V 60Hz 9.7Amps 	Peak Air Watts: 	367  Performance readings listed are done by Shop-Vac® lab method, not ASTM test method.","Accessories:                     1-1/4"" dia. x 8' Lock-On hose w/handle grip and airflow control (2)interlocking metal extension wands 10"" wet/dry nozzle crevice tool round brus",,,Industrial 9252910
29054,Shop Vacuums,954-16-10,Professional 9541610,,E:\IMAGES\ITEMS\product\9\5\shop-vac-954-16-10-professional-9541610.jpg,Shop-Vac,,"Professional Power And FeaturesCommercial duty quality and features.  The power and capacity to tackle workplace clean-up jobs.                          Cord Length: 36 feetOperation Sound Level: QuietHose Size: 1.5"" DiameterWarranty: 1 YearTough Metal ToolsTank DrainStainless Steel TankLock-on HoseBlower FeatureOnboard Accessory Storage                     	Air Flow: 	235(CFM) 	Sealed Pressure: 	75(inches) 	Electrical Ratings: 	120V 60Hz 12Amps 	Peak Air Watts: 	370  Performance readings listed are done by Shop-Vac® lab method, not ASTM test method.","Accessories:                     1-1/2"" Dia. X 12' crush-resistant Lock-On hose w/(2) 1 1/2"" interlocking metal extension wands 14"" metal master nozzle w/rug and squeegee inserts crevice tool</li",,,Professional 9541610
29054,Shop Vacuums,962-01-00,Hardware Store Wet/Dry Vac 9620100,,E:\IMAGES\ITEMS\product\9\6\shop-vac-962-01-00-hardware-store-wetdry-vac-9620100.jpg,Shop-Vac,,"Ultra Cleaning Power and Ultra Convenient Features.Just because they're quiet doesn't mean you have to sacrifice power. Ultra Plus vacs get the job done with powerful motors. View demo on using wet and dry pickup filters                          Cord Length: 18 FeetOperation Sound Level: Extra QuietHose Size: 2.5"" DiameterWarranty: 3 YearsLock-on HoseBlower FeatureOnboard Accessory Storage                     	Air Flow: 	115(CFM) 	Sealed Pressure: 	45(inches) 	Electrical Ratings: 	120V 60Hz 11.3 Amps 	Peak Air Watts: 	180  Performance readings listed are done by Shop-Vac® lab method, not ASTM test method.","Accessories:                     2-1/2"" Dia x 8' Lock-On hose (2) 2-1/2"" diameter extension wands 14"" floor nozzle with brush 8"" utility nozzle crevice tool 4' x 1-1/4""",,,Hardware Store Wet/Dry Vac 9620100
29054,Shop Vacuums,962-21-10,Industrial 9622110,,E:\IMAGES\ITEMS\product\9\6\shop-vac-962-21-10-industrial-9622110.jpg,Shop-Vac,,"Products for Industrial and Commercial Applications2-Stage quiet operation motor, Lock-On positive conneciton hose system, double filtration system, tool basket and tank drain.                          Cord Length: 35 FeetOperation Sound Level: Super QuietHose Size: 1.5"" DiameterWarranty: 1 YearTank DrainLock-on HoseOnboard Accessory Storage                     	Air Flow: 	100(CFM) 	Sealed Pressure: 	90(inches) 	Electrical Ratings: 	120V 60Hz 9.5Amps 	Peak Air Watts: 	280  Performance readings listed are done by Shop-Vac® lab method, not ASTM test method.","Accessories:                     1-1/2"" Dia. X 12' crush-resistant Lock-On hose w/(2) 1 1/2"" interlocking metal extension wands 14"" master nozzle w/rug and squeegee inserts crevice tool",,,Industrial 9622110
29054,Shop Vacuums,962-37-10,Industrial 9623710,,E:\IMAGES\ITEMS\product\9\6\shop-vac-962-37-10-industrial-9623710.jpg,Shop-Vac,,"Multi-purpose wet / dry vacs with FlipN’Pour™ Dolly.A heavy duty industrial wet / dry vac with power and capacity to spare, plus the added FlipN'Pour™ feature.                          Cord Length: 35 FeetOperation Sound Level: QuietHose Size: 1.5"" DiameterWarranty: 1 YearTough Metal ToolsLock-on HoseOnboard Accessory Storage                     	Air Flow: 	100(CFM) 	Sealed Pressure: 	90(inches) 	Electrical Ratings: 	120V 60Hz 9.5A  Performance readings listed are done by Shop-Vac® lab method, not ASTM test method.","Accessories:                     1-1/2"" Dia. X 12' crush-resistant Lock-On hose w/(2) 1 1/2"" interlocking metal extension wands 14"" master nozzle w/rug and squeegee inserts crevice tool",,,Industrial 9623710
29054,Shop Vacuums,962-38-10,Industrial 9623810,,E:\IMAGES\ITEMS\product\9\6\shop-vac-962-38-10-industrial-9623810.jpg,Shop-Vac,,"Products for Industrial and Commercial ApplicationsHeavy-duty casters, tool basket and caddy, and tank drain.                          Cord Length: 35 FeetOperation Sound Level: Extra QuietHose Size: 1.25"" and 2.5"" DiameterWarranty: 1 YearTank DrainLock-on HoseOnboard Accessory Storage                     	Air Flow: 	100(CFM) 	Sealed Pressure: 	90(inches) 	Electrical Ratings: 	120V 60Hz 9.5Amps 	Peak Air Watts: 	280  Performance readings listed are done by Shop-Vac® lab method, not ASTM test method.","Accessories:                     1-1/4"" Dia. X 7' Lock On hose (2) 1 1/4"" extension wands 12"" floor nozzle w/brush &amp; squeegee inserts crevice tool round brush gulpe",,,Industrial 9623810
29054,Shop Vacuums,962-39-10,Industrial 9623910,,E:\IMAGES\ITEMS\product\9\6\shop-vac-962-39-10-industrial-9623910.jpg,Shop-Vac,,"Products for Industrial and Commercial ApplicationsPlastic tank, Lock-On positive connection hose system, tool basket and caddy, tank drain, and extra large wheels.                          Cord Length: 35 FeetOperation Sound Level: Extra QuietHose Size: 1.25"" and 2.5"" DiameterWarranty: 1 YearTank DrainLock-on HoseOnboard Accessory Storage                     	Air Flow: 	100(CFM) 	Sealed Pressure: 	90(inches) 	Electrical Ratings: 	120V 60Hz 9.5Amps 	Peak Air Watts: 	280  Performance readings listed are done by Shop-Vac® lab method, not ASTM test method.","Accessories:                     1-1/4"" Dia. X 7' Lock On hose (2) 1 1/4"" extension wands 12"" floor nozzle w/brush &amp; squeegee inserts crevice tool round brush gulpe",,,Industrial 9623910
29054,Shop Vacuums,962-50-10,Contractor 9625010,,E:\IMAGES\ITEMS\product\9\6\shop-vac-962-50-10-contractor-9625010.jpg,Shop-Vac,,"Products for Industrial and Commercial ApplicationsTough poly tank, Lock-On hose, tool basket, and tank drain.                          Cord Length: 18 feetOperation Sound Level: QuietHose Size: 1.5"" DiameterWarranty: 1 yearTank DrainLock-on HoseBlower FeatureOnboard Accessory Storage                     	Air Flow: 	173(CFM) 	Sealed Pressure: 	59(inches) 	Electrical Ratings: 	120V 60Hz 9.6Amps 	Peak Air Watts: 	310  Performance readings listed are done by Shop-Vac® lab method, not ASTM test method.","Accessories:                     1-1/2"" Dia x 12' Lock On® Hose (2) 1-1/2"" Wands 14"" Floor Nozzle Blow Molded Crevice Claw Nozzle",,,Contractor 9625010
29054,Shop Vacuums,962-51-10,Contractor 9625110,,E:\IMAGES\ITEMS\product\9\6\shop-vac-962-51-10-contractor-9625110.jpg,Shop-Vac,,"Products for Industrial and Commercial ApplicationsTough poly tank, Lock-On hose, tool basket, and tank drain.                          Cord Length: 18 feetOperation Sound Level: QuietHose Size: 1.5"" DiameterWarranty: 1 yearTank DrainLock-on HoseBlower FeatureOnboard Accessory Storage                     	Air Flow: 	190(CFM) 	Sealed Pressure: 	59(inches) 	Electrical Ratings: 	120V 60Hz 11.3Amps 	Peak Air Watts: 	340  Performance readings listed are done by Shop-Vac® lab method, not ASTM test method.","Accessories:                     1-1/2"" Dia x 12' Lock On® Hose (2) 1-1/2"" Wands 14"" Floor Nozzle Blow Molded Crevice Claw Nozzle",,,Contractor 9625110
29054,Shop Vacuums,962-52-10,Contractor 9625210,,E:\IMAGES\ITEMS\product\9\6\shop-vac-962-52-10-contractor-9625210.jpg,Shop-Vac,,"Products for Industrial and Commercial ApplicationsTough poly tank, Lock-On hose, tool basket, and tank drain.                          Cord Length: 18 feetOperation Sound Level: QuietHose Size: 1.5"" DiameterWarranty: 1 yearTank DrainLock-on HoseBlower FeatureOnboard Accessory Storage                     	Air Flow: 	190(CFM) 	Sealed Pressure: 	60(inches) 	Electrical Ratings: 	120V 60Hz 11.9Amps 	Peak Air Watts: 	365  Performance readings listed are done by Shop-Vac® lab method, not ASTM test method.","Accessories:                     1-1/2"" Dia x 12' Lock On® Hose (2) 1-1/2"" Wands 14"" Floor Nozzle Blow Molded Crevice Claw Nozzle",,,Contractor 9625210
29054,Shop Vacuums,962-53-10,Contractor 9625310,,E:\IMAGES\ITEMS\product\9\6\shop-vac-962-53-10-contractor-9625310.jpg,Shop-Vac,,"Products for Industrial and Commercial ApplicationsTough poly tank, Lock-On system, tool basket, and tank drain.                          Cord Length: 18 feetOperation Sound Level: QuietHose Size: 1.5"" DiameterWarranty: 1 yearTank DrainLock-on HoseBlower FeatureOnboard Accessory Storage                     	Air Flow: 	195(CFM) 	Sealed Pressure: 	60(inches) 	Electrical Ratings: 	120V 60Hz 12Amps 	Peak Air Watts: 	390  Performance readings listed are done by Shop-Vac® lab method, not ASTM test method.","Accessories:                     1-1/2"" Dia x 12' Lock On® Hose (2) 1-1/2"" Wands 14"" Floor Nozzle Blow Molded Crevice Claw Nozzle",,,Contractor 9625310
29054,Shop Vacuums,962-54-10,Contractor 9625410,,E:\IMAGES\ITEMS\product\9\6\shop-vac-962-54-10-contractor-9625410.jpg,Shop-Vac,,"Products for Industrial and Commercial ApplicationsHeavy duty, Lock On hose, and an accessory basket.                          Cord Length: 18 feetOperation Sound Level: Extra QuietHose Size: 1.5"" DiameterWarranty: 1 yearTank DrainLock-on HoseBlower FeatureOnboard Accessory Storage                     	Air Flow: 	195(CFM) 	Sealed Pressure: 	60(inches) 	Electrical Ratings: 	120V 60Hz 12Amps 	Peak Air Watts: 	390  Performance readings listed are done by Shop-Vac® lab method, not ASTM test method.","Accessories:                     1-1/2"" Dia x 12' Lock On® Hose (2) 1-1/2"" Wands 14"" Floor Nozzle Blow Molded Crevice Claw Nozzle",,,Contractor 9625410
29054,Shop Vacuums,962-57-10,Contractor 9625710,,E:\IMAGES\ITEMS\product\9\6\shop-vac-962-57-10-contractor-9625710.jpg,Shop-Vac,,"Products for Industrial and Commercial ApplicationsQuiet operation 6.5HP motor, Lock-On hose system, tool basket and tank drain.                          Cord Length: 18 feetOperation Sound Level: QuietHose Size: 1.5"" DiameterWarranty: 1 yearTank DrainLock-on HoseBlower FeatureOnboard Accessory Storage                     	Air Flow: 	195(CFM) 	Sealed Pressure: 	60(inches) 	Electrical Ratings: 	120V 60Hz 12Amps 	Peak Air Watts: 	390  Performance readings listed are done by Shop-Vac® lab method, not ASTM test method.","Accessories:                     1-1/2"" Dia x 12' Lock On® Hose (2) 1-1/2"" Wands 14"" Floor Nozzle Blow Molded Crevice Claw Nozzle",,,Contractor 9625710
29054,Shop Vacuums,962-58-10,Contractor 9625810,,E:\IMAGES\ITEMS\product\9\6\shop-vac-962-58-10-contractor-9625810.jpg,Shop-Vac,,"Drywall Vac. Quiet Cleanup for Fine Dusts and Debris.The Drywall Vac comes with a Shop-Vac Filter with Cleanstream Filtration by Gore to trap ultrafine dust ordinary filters miss, even drywall dust, from being returned to the air you breathe.                          Cord Length: 18 FeetOperation Sound Level: Extra QuietHose Size: 1.5"" DiameterWarranty: 1 YearTank DrainLock-on HoseBlower FeatureOnboard Accessory Storage                     	Air Flow: 	190(CFM) 	Sealed Pressure: 	59(inches) 	Electrical Ratings: 	120V 60Hz 11.3Amps 	Peak Air Watts: 	340  Performance readings listed are done by Shop-Vac® lab method, not ASTM test method.","Accessories:                     1-1/2"" Dia x 12' Lock On® Hose (2) 1-1/2"" Wands 14"" Floor Nozzle Blow Molded Crevice Claw Nozzle",,,Contractor 9625810
29054,Shop Vacuums,962-59-10,Contractor 9625910,,E:\IMAGES\ITEMS\product\9\6\shop-vac-962-59-10-contractor-9625910.jpg,Shop-Vac,,"Products for Industrial and Commercial ApplicationsTough poly tank, Lock-On positive connection hose system, and tool basket.                          Cord Length: 18 FeetOperation Sound Level: QuietHose Size: 1.5"" DiameterWarranty: 1 yearTank DrainLock-on HoseBlower FeatureOnboard Accessory Storage                     	Air Flow: 	185(CFM) 	Sealed Pressure: 	60(inches) 	Electrical Ratings: 	120V 60Hz 11.8Amps 	Peak Air Watts: 	360  Performance readings listed are done by Shop-Vac® lab method, not ASTM test method.","Accessories:                     1-1/2"" Dia x 12' Lock On® Hose (2) 1-1/2"" Wands 14"" Floor Nozzle Blow Molded Crevice Claw Nozzle",,,Contractor 9625910
29054,Shop Vacuums,963-12-00,Blower Vac 9631200,,E:\IMAGES\ITEMS\product\9\6\shop-vac-963-12-00-blower-vac-9631200.jpg,Shop-Vac,,"Two Powerful Cleaning Tools in One!Shop-Vac® UltraBlower Vacs are full featured wet/dry vacs PLUS convenient hand held leaf blowers in one economical package.                          Cord Length: 18 FeetOperation Sound Level: Super QuietHose Size: 1.25"" DiameterWarranty: 3 YearsTank DrainLock-on HoseBuilt In Portable Leaf BlowerOnboard Accessory Storage                     	Air Flow: 	145(CFM) 	Sealed Pressure: 	55(inches) 	Electrical Ratings: 	120V 60Hz 9.5Amps 	Peak Air Watts: 	305  Performance readings listed are done by Shop-Vac® lab method, not ASTM test method.","Accessories:                     1-1/4"" Dia. x 7' Lock-On Hose (3) 1-1/4"" extension wands (1) 2 1/2"" extension wands 10"" wet/dry nozzle blower nozzle concentrator nozzl",,,Blower Vac 9631200
29054,Shop Vacuums,963-34-00,Hardware Store Wet/Dry Vac 9633400,,E:\IMAGES\ITEMS\product\9\6\shop-vac-963-34-00-hardware-store-wetdry-vac-9633400.jpg,Shop-Vac,,"Two Powerful Cleaning Tools in One!Shop-Vac Ultra Pro Blower Vacs are full featured wet/dry vacs PLUS convenient hand held leaf blowers in one economical package.                          Cord Length: 18 FeetOperation Sound Level: Extra QuietHose Size: 2.5"" DiameterWarranty: 4 YearsLock-on HoseBlower FeatureBuilt In Portable Leaf BlowerOnboard Accessory Storage                     	Air Flow: 	105(CFM) 	Sealed Pressure: 	47(inches) 	Electrical Ratings: 	120V 60Hz 12 Amps 	Peak Air Watts: 	200  Performance readings listed are done by Shop-Vac® lab method, not ASTM test method.","Accessories:                     2-1/2"" Dia. X 8' Lock-On hose (2) 2-1/2"" extension wands 14"" floor nozzle 8"" utility nozzle crevice tool concentrator nozzle b",,,Hardware Store Wet/Dry Vac 9633400
29054,Shop Vacuums,965-06-10,Contractor 9650610,,E:\IMAGES\ITEMS\product\9\6\shop-vac-965-06-10-contractor-9650610.jpg,Shop-Vac,,"Products for Industrial and Commercial ApplicationsTough poly tank, Lock-On positive connection hose system, and tool basket.                          Cord Length: 12 FeetOperation Sound Level: QuietHose Size: 1.25"" DiameterWarranty: 1 yearLock-on HoseBlower FeatureOnboard Accessory Storage                     	Air Flow: 	143(CFM) 	Sealed Pressure: 	57(inches) 	Electrical Ratings: 	120V 60Hz 8.2Amps 	Peak Air Watts: 	240  Performance readings listed are done by Shop-Vac® lab method, not ASTM test method.","Accessories:                     1-1/4"" Dia. x 8' Hose Gulper Nozzle Crevice Tool Tool Holder (2) Extension wands Wet Dry nozzle",,,Contractor 9650610
29054,Shop Vacuums,968-94-00,Hardware Store Wet/Dry Vac 9689400,,E:\IMAGES\ITEMS\product\9\6\shop-vac-968-94-00-hardware-store-wetdry-vac-9689400.jpg,Shop-Vac,,"Wet/Dry Vac with a built-in pump!With a Shop-Vac Pump Vac, you can pick up water from one place and pump it to another. And you can keep vacuuming while you empty the tank.                          Cord Length: 18 FeetOperation Sound Level: Extra QuietHose Size: 2.5"" DiameterWarranty: 4 YearsTank DrainLock-on HoseBlower FeatureOnboard Accessory StorageBuilt In Water Pump                     	Air Flow: 	125(CFM) 	Sealed Pressure: 	45(inches) 	Electrical Ratings: 	120V 60Hz 11.5 Amps 	Peak Air Watts: 	190  Performance readings listed are done by Shop-Vac® lab method, not ASTM test method.","Accessories:                     2-1/2"" Dia. X 8' Lock-On hose (2) 2-1/2"" extension wands 14"" floor nozzle 8"" utility nozzle crevice tool Ergonomic elbow grip",,,Hardware Store Wet/Dry Vac 9689400
29054,Shop Vacuums,970-02-10,Industrial 9700210,,E:\IMAGES\ITEMS\product\9\7\shop-vac-970-02-10-industrial-9700210.jpg,Shop-Vac,,"Products for Industrial and Commercial Applications2-Stage 3HP motor, stainless steel tank, Lock-On positive connection hose system, and extra large wheels.                          Cord Length: 35 FeetOperation Sound Level: Extra QuietHose Size: 1.5"" DiameterWarranty: 1 YearStainless Steel TankLock-on HoseBlower FeatureOnboard Accessory Storage                     	Air Flow: 	109(CFM) 	Sealed Pressure: 	105(inches) 	Electrical Ratings: 	120V 60Hz 11Amps 	Peak Air Watts: 	360  Performance readings listed are done by Shop-Vac® lab method, not ASTM test method.","Accessories:                     1-1/2"" Dia. X 12' Lock On hose (2) metal extension wands 14"" master nozzle w/rug brush &amp; squeegee inserts plastic storage basket cr",,,Industrial 9700210
29054,Shop Vacuums,970-04-10,Industrial 9700410,,E:\IMAGES\ITEMS\product\9\7\shop-vac-970-04-10-industrial-9700410.jpg,Shop-Vac,,"Products for Industrial and Commercial Applications2-Stage 3HP motor, stainless steel tank, Lock-On positive connection hose system, tough tools and extra large wheels.                          Cord Length: 35 FeetOperation Sound Level: Extra QuietHose Size: 1.5"" DiameterWarranty: 1 YearStainless Steel TankLock-on HoseBlower FeatureOnboard Accessory Storage                     	Air Flow: 	109(CFM) 	Sealed Pressure: 	105(inches) 	Electrical Ratings: 	120V 60Hz 11Amps 	Peak Air Watts: 	360  Performance readings listed are done by Shop-Vac® lab method, not ASTM test method.","Accessories:                     1-1/2"" Dia. X 12' Lock On hose (2) metal extension wands 14"" master nozzle w/rug brush &amp; squeegee inserts plastic storage basket cr",,,Industrial 9700410
29054,Shop Vacuums,970-05-10,Industrial 9700510,,E:\IMAGES\ITEMS\product\9\7\shop-vac-970-05-10-industrial-9700510.jpg,Shop-Vac,,"Products for Industrial and Commercial Applications2-Stage 3HP motor, tough epoxy coated steel tank, tough metal tools, extra large wheels and fits a 55 gallon drum.                          Cord Length: 35 FeetOperation Sound Level: Extra QuietHose Size: 1.5"" DiameterWarranty: 1 Year                     	Air Flow: 	109(CFM) 	Sealed Pressure: 	105(inches) 	Electrical Ratings: 	120V 60Hz 11Amps 	Peak Air Watts: 	360  Performance readings listed are done by Shop-Vac® lab method, not ASTM test method.","Accessories:                     1-1/2"" Dia. X 12' crush resistant hose w/right angle connector claw utility nozzle.                                              Filters:",,,Industrial 9700510
29054,Shop Vacuums,970-06-10,Industrial 9700610,,E:\IMAGES\ITEMS\product\9\7\shop-vac-970-06-10-industrial-9700610.jpg,Shop-Vac,,"Products for Industrial and Commercial Applications55 Gallon drum head, 2-Stage 3 HP motor, tough metal tool.                          Cord Length: 35 feetOperation Sound Level: QuietHose Size: 1.5"" DiameterWarranty: 1 year                     	Air Flow: 	109(CFM) 	Sealed Pressure: 	105(inches) 	Electrical Ratings: 	120V 60Hz 11Amps 	Peak Air Watts: 	360  Performance readings listed are done by Shop-Vac® lab method, not ASTM test method.","Accessories:                     1-1/2"" Dia. X 12' crush resistant hose w/right angle connector claw utility nozzle.                                              Filters:",,,Industrial 9700610
19688,Vacuum Cleaner Bags and Filters,903-04-00,CARTRIDGE FILTER 4/BX SOLD BY EACH REPLACES 903-04-6,,E:\IMAGES\ITEMS\product\9\0\shop-vac-903-04-00-cartridge-filter-4bx-sold-by-each-replaces-903-04-6.jpg,Shop-Vac,,,"The Shop Vac 903-04-00 Vacuum Filter Cartridge is a compatible replacement vacuum filter for both wet and dry pick-up and fits most Shop-Vac Wet/Dry Vacs. This Shop-Vac 903-04-00 vacuum filter cartridge fits full size Shop Vac vacuums but does not fit the following vacuums: Hang Up Vacs, 5 Gallon Contractor Portable, Floormaster Plus, All Around Plus, Heavy Duty Portable, 1x1, BullDog Portable, Mighty Mini, Mini Hangup, Hippo, or All Arounds with 1-1/2 or 2 Gallon tank sizes.",2628290304.0,,CARTRIDGE FILTER 4/BX SOLD BY EACH REPLACES 903-04-6
19688,Vacuum Cleaner Bags and Filters,5870210,5GL COMPACT VACUUM CLEANER REPLACES 5872810,,E:\IMAGES\ITEMS\product\5\8\shop-vac-5870210-5gl-compact-vacuum-cleaner-replaces-5872810.jpg,Shop-Vac,,,"Shop-Vac 5 Gallon 5.5 peak HP Portable Contractor Wet/Dry Vac comes with versatile accessory assortment that includes 7 foot hose, 16"" Crevice Tool, Claw utility nozzle. Filters included are the Ultra Web(r) cartridge filter with retainer and a high efficiency disposable filter bag. Comes with a 20' power cord, top carry handle for easy portability. On board cord and hose storage and rear blower port. Has a 1 year warranty and is assembled in the U.S.A. Works great for job site clean up, work shops, garages, basements anywhere you need a wet dry vac with power and is portable.",2628210587.0,,5GL COMPACT VACUUM CLEANER REPLACES 5872810
19688,Vacuum Cleaner Bags and Filters,5892210,2.5 HP 2.5GL INDUSTRIAL WET/DRY VACUUM REPLACES 589,,E:\IMAGES\ITEMS\product\5\8\shop-vac-5892210-25-hp-25gl-industrial-wetdry-vacuum-replaces-589.jpg,Shop-Vac,,,"The Shop-Vac® 2.5 Gallon* 2.5 Peak HP** Wet Dry Vac is lightweight and portable. It is great for quick wet or dry pick up in your home, garage, workshop or vehicle. Attach the hose to the rear blower port to blow dirt out from those hard to reach places.",2628210586.0,,2.5 HP 2.5GL INDUSTRIAL WET/DRY VACUUM REPLACES 589
19688,Vacuum Cleaner Bags and Filters,90398,CARTRIDGE FILTER FOR WALL MOUNT UNIT 4/CS *SOLD BY CASE,,E:\IMAGES\ITEMS\product\9\0\shop-vac-90398-cartridge-filter-for-wall-mount-unit-4cs-sold-by-case.jpg,Shop-Vac,,,"Vacmaster Washable Cartridge Filter for Wall Mountable Vac, VWCF, can be used for model VWM510",2628290398.0,,CARTRIDGE FILTER FOR WALL MOUNT UNIT 4/CS *SOLD BY CASE
19688,Vacuum Cleaner Bags and Filters,906-62-00,DISPOSABLE 10-14 GL FILTER BAG 3/PK,,E:\IMAGES\ITEMS\product\9\0\shop-vac-906-62-00-disposable-10-14-gl-filter-bag-3pk.jpg,Shop-Vac,,,"Disposable Collection Filter Bags Easy to use and install, these disposable filters come in a package of three and can be used for your everyday pick-up needs of fine dust, dirt, and debris. Fits 10-14 gallon vacs (side inlets only)",2628290662.0,,DISPOSABLE 10-14 GL FILTER BAG 3/PK
19688,Vacuum Cleaner Bags and Filters,90663,VACUUM DISPOSABLE FILTER BAG 15-22GL CAPACITY 3/PK,,E:\IMAGES\ITEMS\product\9\0\shop-vac-90663-vacuum-disposable-filter-bag-15-22gl-capacity-3pk.jpg,Shop-Vac,,,"Disposable, collection filter bag, for use on 15 T0 22 gallon side tank inlet wet/dry vacs, for dry Only debris pick up And standard fine dust, drywall, concrete, etc. 3 pack Fits 15 to 22 gallon vacuums disposable collection bags for dry pickup only collects fine particles and dust for dry Only debris pick up And standard fine dust, drywall, concrete, etc Easy to use and install.",2628290663.0,,VACUUM DISPOSABLE FILTER BAG 15-22GL CAPACITY 3/PK
19688,Vacuum Cleaner Bags and Filters,90668,3PK FILTER BAG,,E:\IMAGES\ITEMS\product\9\0\shop-vac-90668-3pk-filter-bag.jpg,Shop-Vac,,,High Efficiency Collection filter bag for 2-2.5 gallon All Around(r) makes dry pickup easy. Just throw bag and dirt away.,,,3PK FILTER BAG
19688,Vacuum Cleaner Bags and Filters,906-71-00,DRYWALL BAG FOR 5 6 & 8GL TANKS 2/PK REPLACES 906,,E:\IMAGES\ITEMS\product\9\0\shop-vac-906-71-00-drywall-bag-for-5-6-8gl-tanks-2pk-replaces-906.jpg,Shop-Vac,,,"Shop-Vac High Efficiency Disposable Filter Bags For dry pick-up only. Traps fine dust in bag. Improves airflow characteristics, reducing the loss of suction power. Inner liner improves filtration, durability and capacity of filter bag. Disposable bag allows for fast, convenient removal of debris from tank Pack of 2",2628290671.0,,DRYWALL BAG FOR 5 6 & 8GL TANKS 2/PK REPLACES 906
19688,Vacuum Cleaner Bags and Filters,906-72-00,DRYWALL BAG FOR 10 12 & 14GL TANKS 2 PER PACK,,E:\IMAGES\ITEMS\product\9\0\shop-vac-906-72-00-drywall-bag-for-10-12-14gl-tanks-2-per-pack.jpg,Shop-Vac,,,"Shop-Vac High Efficiency Disposable Filter Bags For dry pick-up only. Traps fine dust in bag. Improves airflow characteristics, reducing the loss of suction power. Inner liner improves filtration, durability and capacity of filter bag. Disposable bag allows for fast, convenient removal of debris from tank Pack of 2",2628290672.0,,DRYWALL BAG FOR 10 12 & 14GL TANKS 2 PER PACK
19688,Vacuum Cleaner Bags and Filters,906-73-00,DRYWALL BAG FOR 15-25 GL TANKS 2 PER PACK,,E:\IMAGES\ITEMS\product\9\0\shop-vac-906-73-00-drywall-bag-for-15-25-gl-tanks-2-per-pack.jpg,Shop-Vac,,,"Shop-Vac High Efficiency Disposable Filter Bags For dry pick-up only. Traps fine dust in bag. Improves airflow characteristics, reducing the loss of suction power. Inner liner improves filtration, durability and capacity of filter bag. Disposable bag allows for fast, convenient removal of debris from tank Pack of 2",2628290673.0,,DRYWALL BAG FOR 15-25 GL TANKS 2 PER PACK
19688,Vacuum Cleaner Bags and Filters,9067700,14^ NOZZLE 2-1/2^ HOSE,,E:\IMAGES\ITEMS\product\9\0\shop-vac-9067700-14-nozzle-2-12-hose.jpg,Shop-Vac,,,"GOT DIRT? Shop-Vac's full line of products includes cordless, rechargeable wet dry vacuums, automotive vacuum systems, air movers, attachments & more. Whatever the job, Shop-Vac has you covered!",2628290151.0,,14^ NOZZLE 2-1/2^ HOSE
19688,Vacuum Cleaner Bags and Filters,919-07-10,FILTER BAGS 5 PER PACK 15-25 GALLON,,E:\IMAGES\ITEMS\product\9\1\shop-vac-919-07-10-filter-bags-5-per-pack-15-25-gallon.jpg,Shop-Vac,,,Shop Vac 919-07 Dry Filter Pick Up Vacuum Bags 15-25 Gal. Tank Models 5 Pack. Condition is New. Shipped with USPS Priority Mail.,2628291907.0,,FILTER BAGS 5 PER PACK 15-25 GALLON
19688,Vacuum Cleaner Bags and Filters,919-12-10,MICRO COLLECTION FILTER BAG 15-25 GL TANK 5 PER PAC,,E:\IMAGES\ITEMS\product\9\1\shop-vac-919-12-10-micro-collection-filter-bag-15-25-gl-tank-5-per-pac.jpg,Shop-Vac,,,"Used With:Back Pack Vac, Qty:5 per pack, Paper Features: -Dry pick-up only.-High-Efficiency filter bags.-Full cloth filter.-HEPA cartridge filter.-Price is for 1 Each.",,,MICRO COLLECTION FILTER BAG 15-25 GL TANK 5 PER PAC
19771,Cleaning Replacement Parts,9627010,10GL VACUUM WET DRY 4HP WITH ATTACHMENTS REPLACES 962,,E:\IMAGES\ITEMS\product\9\6\shop-vac-9627010-10gl-vacuum-wet-dry-4hp-with-attachments-replaces-962.jpg,Shop-Vac,,,"Shop-Vac contractor duty wet dry vacuum is for job site, construction projects, garage and basement cleanup. Includes 1.5 in. Accessories for wet or dry vacuuming. Also has high efficiency filtration for those fine particles.",2628296250.0,,10GL VACUUM WET DRY 4HP WITH ATTACHMENTS REPLACES 962
19771,Cleaning Replacement Parts,962-72-10,16GL 6.5 HP WET DRY VAC REPLACED 962-52-10,,E:\IMAGES\ITEMS\product\9\6\shop-vac-962-72-10-16gl-65-hp-wet-dry-vac-replaced-962-52-10.jpg,Shop-Vac,,,This Quiet Operation Industrial Shop-Vac (926-50-10) has the power and durability for those tough environments. The 10 gallon poly tank can stand up to any mess while the lock-on hose system gives you the ability to clean up the dirtiest messes.,2628296252.0,,16GL 6.5 HP WET DRY VAC REPLACED 962-52-10
19771,Cleaning Replacement Parts,9627710,10GL 6.5HP CONTRACTOR STAINLESS STEEL VAC REPLACES 96,,E:\IMAGES\ITEMS\product\9\6\shop-vac-9627710-10gl-65hp-contractor-stainless-steel-vac-replaces-96.jpg,Shop-Vac,,,"This 10 gallon stainless steel 6.5 Peak HP wet/dry vacuum includes 12 ft. X 1-1/2 in. Lock-on hose, 2 to 1-1/2 in. Extension wands, 14 in floor nozzle, 16 in crevice tool, claw utility nozzle, ultra web cartridge filter, high efficiency disposable filter bag. Features include: metal carriage handle, Full circulator Dolly, large rear wheels, lock-on hose system, Rear tool basket, side and top carry handles",2628210009.0,,10GL 6.5HP CONTRACTOR STAINLESS STEEL VAC REPLACES 96
