﻿category_ids,category_names,sku,meta_title,meta_description,Image,manufacturer,description,short_description,summary,upc,size_info,meta_keyword
423|21685,Drywall Tools|Drywall Specialty Tools,2311,Drywall Lfit,,E:\IMAGES\ITEMS\product\2\3\Sumner-Manufacturing-Co-Inc-2311-Drywall.jpg,Sumner Manufacturing Co. Inc.,,"Solid, safe construction Lightweight - 99 lb (45 kg) Two speed winch handle Quick, tool-free assembly One person operation Tilts 65° for drywall installation Lifts loads of 150 lb (70 kg) up to 11' 6"" (3.5 m)",,,Sumner Manufacturing Co. Inc. 2311 Drywall Lfit,Drywall Lfit
21873,Pipe Stands and Vises,ST-601,Hi Adjust-A-Roll with Steel Wheels,,E:\IMAGES\ITEMS\product\S\T\Sumner-Manufacturing-Co-Inc-ST-601-Hi-Adjust-A-Roll-with.jpg,Sumner Manufacturing Co. Inc.,,"Hi Adjust-A-Roll stands 31"" (78 cm) high Roller adjustment from either side Fast adjustment for easy pipe positioning 1/2"" to 36"" (12 – 900 mm), or 2,000 Lb (900 kg) pipe capacity Clean and simple design avoids welder interference Wheels trued for true pipe rotation Bronze bearing to eliminate arcing Brake to lock loads for layout or fit-up Handle large enough to work with gloved hand Replacement legs available for easy repair Weight: 34 lb",,,Sumner Manufacturing Co. Inc. ST-601 Hi Adjust-A-Roll with Steel Wheels,Hi Adjust-A-Roll with Steel Wheels
26720,Welding Cylinder Carts,782439,Double Cylinder Carts with Lifting Eye and/or Fire Wall,,E:\IMAGES\ITEMS\product\7\8\Double-Cylinder-Carts-with-Lifting-Eye-andor-Fire.jpg,Sumner Manufacturing Co. Inc.,,"The high rail feature secures tanks on to the cart while moving around job site situations. Full range cart holds one 244–330cu ft (9-1/4"") oxygen tank and one 210–420 cu ft (13-1/2"") acetylene tank. Equipped with 13 x 25"" (33 x 63 cm) base plate and a la",,,209-14SB-LF Cylinder Cart w/Firewall,Double Cylinder Carts with Lifting Eye and/or Fire Wall
26720,Welding Cylinder Carts,782441,Double Cylinder Carts with Lifting Eye and/or Fire Wall,,E:\IMAGES\ITEMS\product\7\8\Double-Cylinder-Carts-with-Lifting-Eye-andor-Fire.jpg,Sumner Manufacturing Co. Inc.,,"The high rail feature secures tanks on to the cart while moving around job site situations. Full range cart holds one 244–330cu ft (9-1/4"") oxygen tank and one 210–420 cu ft (13-1/2"") acetylene tank. Equipped with 13 x 25"" (33 x 63 cm) base plate and a la",,,209-14SB-L Cylinder Cart w/Divider,Double Cylinder Carts with Lifting Eye and/or Fire Wall
26720,Welding Cylinder Carts,782443,Double Cylinder Carts with Lifting Eye and/or Fire Wall,,E:\IMAGES\ITEMS\product\7\8\Double-Cylinder-Carts-with-Lifting-Eye-andor-Fire.jpg,Sumner Manufacturing Co. Inc.,,"The high rail feature secures tanks on to the cart while moving around job site situations. Full range cart holds one 244–330cu ft (9-1/4"") oxygen tank and one 210–420 cu ft (13-1/2"") acetylene tank. Equipped with 13 x 25"" (33 x 63 cm) base plate and a la",,,209-16PB-LF Cylinder Cart w/Firewall,Double Cylinder Carts with Lifting Eye and/or Fire Wall
26720,Welding Cylinder Carts,782444,Double Cylinder Carts with Lifting Eye and/or Fire Wall,,E:\IMAGES\ITEMS\product\7\8\Double-Cylinder-Carts-with-Lifting-Eye-andor-Fire.jpg,Sumner Manufacturing Co. Inc.,,"The high rail feature secures tanks on to the cart while moving around job site situations. Full range cart holds one 244–330cu ft (9-1/4"") oxygen tank and one 210–420 cu ft (13-1/2"") acetylene tank. Equipped with 13 x 25"" (33 x 63 cm) base plate and a la",,,209-16FB-LF Cylinder Cart w/Firewall,Double Cylinder Carts with Lifting Eye and/or Fire Wall
26720,Welding Cylinder Carts,782476,Double Cylinder Carts with Lifting Eye and/or Fire Wall,,E:\IMAGES\ITEMS\product\7\8\Double-Cylinder-Carts-with-Lifting-Eye-andor-Fire.jpg,Sumner Manufacturing Co. Inc.,,"The high rail feature secures tanks on to the cart while moving around job site situations. Full range cart holds one 244–330cu ft (9-1/4"") oxygen tank and one 210–420 cu ft (13-1/2"") acetylene tank. Equipped with 13 x 25"" (33 x 63 cm) base plate and a la",,,213-25WB-LF Cylinder Cart w/Firewall,Double Cylinder Carts with Lifting Eye and/or Fire Wall
26720,Welding Cylinder Carts,782491,Double Cylinder Carts with Lifting Eye and/or Fire Wall,,E:\IMAGES\ITEMS\product\7\8\Double-Cylinder-Carts-with-Lifting-Eye-andor-Fire.jpg,Sumner Manufacturing Co. Inc.,,"The high rail feature secures tanks on to the cart while moving around job site situations. Full range cart holds one 244–330cu ft (9-1/4"") oxygen tank and one 210–420 cu ft (13-1/2"") acetylene tank. Equipped with 13 x 25"" (33 x 63 cm) base plate and a la",,,213-14SB-LF Cylinder Cart w/Firewall,Double Cylinder Carts with Lifting Eye and/or Fire Wall
26720,Welding Cylinder Carts,782493,Double Cylinder Carts with Lifting Eye and/or Fire Wall,,E:\IMAGES\ITEMS\product\7\8\Double-Cylinder-Carts-with-Lifting-Eye-andor-Fire.jpg,Sumner Manufacturing Co. Inc.,,"The high rail feature secures tanks on to the cart while moving around job site situations. Full range cart holds one 244–330cu ft (9-1/4"") oxygen tank and one 210–420 cu ft (13-1/2"") acetylene tank. Equipped with 13 x 25"" (33 x 63 cm) base plate and a la",,,213-14SB-L Cylinder Cart w/Divider,Double Cylinder Carts with Lifting Eye and/or Fire Wall
26720,Welding Cylinder Carts,782495,Double Cylinder Carts with Lifting Eye and/or Fire Wall,,E:\IMAGES\ITEMS\product\7\8\Double-Cylinder-Carts-with-Lifting-Eye-andor-Fire.jpg,Sumner Manufacturing Co. Inc.,,"The high rail feature secures tanks on to the cart while moving around job site situations. Full range cart holds one 244–330cu ft (9-1/4"") oxygen tank and one 210–420 cu ft (13-1/2"") acetylene tank. Equipped with 13 x 25"" (33 x 63 cm) base plate and a la",,,213-16PB-LF Cylinder Cart w/Firewall,Double Cylinder Carts with Lifting Eye and/or Fire Wall
26720,Welding Cylinder Carts,782496,Double Cylinder Carts with Lifting Eye and/or Fire Wall,,E:\IMAGES\ITEMS\product\7\8\Double-Cylinder-Carts-with-Lifting-Eye-andor-Fire.jpg,Sumner Manufacturing Co. Inc.,,"The high rail feature secures tanks on to the cart while moving around job site situations. Full range cart holds one 244–330cu ft (9-1/4"") oxygen tank and one 210–420 cu ft (13-1/2"") acetylene tank. Equipped with 13 x 25"" (33 x 63 cm) base plate and a la",,,213-16FB-LF Cylinder Cart w/Firewall,Double Cylinder Carts with Lifting Eye and/or Fire Wall
26720,Welding Cylinder Carts,782497,Double Cylinder Carts with Lifting Eye and/or Fire Wall,,E:\IMAGES\ITEMS\product\7\8\Double-Cylinder-Carts-with-Lifting-Eye-andor-Fire.jpg,Sumner Manufacturing Co. Inc.,,"The high rail feature secures tanks on to the cart while moving around job site situations. Full range cart holds one 244–330cu ft (9-1/4"") oxygen tank and one 210–420 cu ft (13-1/2"") acetylene tank. Equipped with 13 x 25"" (33 x 63 cm) base plate and a la",,,213-25PB-LF Cylinder Cart w/Firewall,Double Cylinder Carts with Lifting Eye and/or Fire Wall
1201|20646,Jacks|Transmission Jacks,780375,Heavy Duty - Hi Jack,,E:\IMAGES\ITEMS\product\7\8\Heavy-Duty-Hi.jpg,Sumner Manufacturing Co. Inc.,"The Heavy Duty Jack is the first commercially produced Jack stand constructed of rugged 1"" (2.5 cm) steel tubing, tested by independent labs for excessive loads.","2,500 lb (1,135 Kg) capacity3,500 lb (1,580 kg) capacity for Heavy Duty Plus JackStrut tension plate for superior lateral support1"" (2.5 cm) square tube base constructionBuilt for heavy use & abuseQuick-act",,,"ST-801 w/Vee-Head, Weight (lbs): 24.0",Heavy Duty - Hi Jack
1201|20646,Jacks|Transmission Jacks,780376,Heavy Duty - Hi Jack,,E:\IMAGES\ITEMS\product\7\8\Heavy-Duty-Hi.jpg,Sumner Manufacturing Co. Inc.,"The Heavy Duty Jack is the first commercially produced Jack stand constructed of rugged 1"" (2.5 cm) steel tubing, tested by independent labs for excessive loads.","2,500 lb (1,135 Kg) capacity3,500 lb (1,580 kg) capacity for Heavy Duty Plus JackStrut tension plate for superior lateral support1"" (2.5 cm) square tube base constructionBuilt for heavy use & abuseQuick-act",,,"ST-802 w/Roller Head, Weight (lbs): 27.0",Heavy Duty - Hi Jack
1201|20646,Jacks|Transmission Jacks,780377,Heavy Duty - Hi Jack,,E:\IMAGES\ITEMS\product\7\8\Heavy-Duty-Hi.jpg,Sumner Manufacturing Co. Inc.,"The Heavy Duty Jack is the first commercially produced Jack stand constructed of rugged 1"" (2.5 cm) steel tubing, tested by independent labs for excessive loads.","2,500 lb (1,135 Kg) capacity3,500 lb (1,580 kg) capacity for Heavy Duty Plus JackStrut tension plate for superior lateral support1"" (2.5 cm) square tube base constructionBuilt for heavy use & abuseQuick-act",,,"ST-803 w/Bar Stock Head, Weight (lbs): 24.0",Heavy Duty - Hi Jack
1201|20646,Jacks|Transmission Jacks,780378,Heavy Duty - Hi Jack,,E:\IMAGES\ITEMS\product\7\8\Heavy-Duty-Hi.jpg,Sumner Manufacturing Co. Inc.,"The Heavy Duty Jack is the first commercially produced Jack stand constructed of rugged 1"" (2.5 cm) steel tubing, tested by independent labs for excessive loads.","2,500 lb (1,135 Kg) capacity3,500 lb (1,580 kg) capacity for Heavy Duty Plus JackStrut tension plate for superior lateral support1"" (2.5 cm) square tube base constructionBuilt for heavy use & abuseQuick-act",,,"ST-804 w/Stainless Steel Rollers, Weight (lbs): 28.0",Heavy Duty - Hi Jack
1201|20646,Jacks|Transmission Jacks,780379,Heavy Duty - Hi Jack,,E:\IMAGES\ITEMS\product\7\8\Heavy-Duty-Hi.jpg,Sumner Manufacturing Co. Inc.,"The Heavy Duty Jack is the first commercially produced Jack stand constructed of rugged 1"" (2.5 cm) steel tubing, tested by independent labs for excessive loads.","2,500 lb (1,135 Kg) capacity3,500 lb (1,580 kg) capacity for Heavy Duty Plus JackStrut tension plate for superior lateral support1"" (2.5 cm) square tube base constructionBuilt for heavy use & abuseQuick-act",,,"ST-805 w/Stainless Steel Vee-Head, Weight (lbs): 24.0",Heavy Duty - Hi Jack
1201|20646,Jacks|Transmission Jacks,780380,Heavy Duty - Hi Jack,,E:\IMAGES\ITEMS\product\7\8\Heavy-Duty-Hi.jpg,Sumner Manufacturing Co. Inc.,"The Heavy Duty Jack is the first commercially produced Jack stand constructed of rugged 1"" (2.5 cm) steel tubing, tested by independent labs for excessive loads.","2,500 lb (1,135 Kg) capacity3,500 lb (1,580 kg) capacity for Heavy Duty Plus JackStrut tension plate for superior lateral support1"" (2.5 cm) square tube base constructionBuilt for heavy use & abuseQuick-act",,,"ST-806 w/Ball Transfer Head, Weight (lbs): 27.0",Heavy Duty - Hi Jack
1201|20646,Jacks|Transmission Jacks,780381,Heavy Duty - Hi Jack,,E:\IMAGES\ITEMS\product\7\8\Heavy-Duty-Hi.jpg,Sumner Manufacturing Co. Inc.,"The Heavy Duty Jack is the first commercially produced Jack stand constructed of rugged 1"" (2.5 cm) steel tubing, tested by independent labs for excessive loads.","2,500 lb (1,135 Kg) capacity3,500 lb (1,580 kg) capacity for Heavy Duty Plus JackStrut tension plate for superior lateral support1"" (2.5 cm) square tube base constructionBuilt for heavy use & abuseQuick-act",,,"ST-807 w/Rubber Wheels, Weight (lbs): 26.0",Heavy Duty - Hi Jack
2011|23131,Hoists|Manual Chain Hoists,780300,Standard Roust-A-Bout Models,,E:\IMAGES\ITEMS\product\7\8\Standard-Roust-A-Bout.jpg,Sumner Manufacturing Co. Inc.,,"Lifts 1,500 pounds (680 kg)15', 18' and 25' heights (4.6, 5.5 and 7.6 m)Moves vertically and horizontally2 Winches: operate load and mast elevation separately4-speed load winchesInfinite load height adjustm",,,"Max Height: 15', Min Height: 79"", Base: 32"" x 40""",Standard Roust-A-Bout Models
2011|23131,Hoists|Manual Chain Hoists,780301,Standard Roust-A-Bout Models,,E:\IMAGES\ITEMS\product\7\8\Standard-Roust-A-Bout.jpg,Sumner Manufacturing Co. Inc.,,"Lifts 1,500 pounds (680 kg)15', 18' and 25' heights (4.6, 5.5 and 7.6 m)Moves vertically and horizontally2 Winches: operate load and mast elevation separately4-speed load winchesInfinite load height adjustm",,,"Max Height: 15', Min Height: 79"", Base: 40"" x 40""",Standard Roust-A-Bout Models
2011|23131,Hoists|Manual Chain Hoists,780302,Standard Roust-A-Bout Models,,E:\IMAGES\ITEMS\product\7\8\Standard-Roust-A-Bout.jpg,Sumner Manufacturing Co. Inc.,,"Lifts 1,500 pounds (680 kg)15', 18' and 25' heights (4.6, 5.5 and 7.6 m)Moves vertically and horizontally2 Winches: operate load and mast elevation separately4-speed load winchesInfinite load height adjustm",,,"Max Height: 18', Min Height: 126"", Base: 50"" x 50""",Standard Roust-A-Bout Models
2011|23131,Hoists|Manual Chain Hoists,780303,Standard Roust-A-Bout Models,,E:\IMAGES\ITEMS\product\7\8\Standard-Roust-A-Bout.jpg,Sumner Manufacturing Co. Inc.,,"Lifts 1,500 pounds (680 kg)15', 18' and 25' heights (4.6, 5.5 and 7.6 m)Moves vertically and horizontally2 Winches: operate load and mast elevation separately4-speed load winchesInfinite load height adjustm",,,"Max Height: 25', Min Height: 119"", Base: 60"" x 60""",Standard Roust-A-Bout Models
2011|23162,Hoists|Personnel Lifts,783650,Series 2100 Contractor Lifts,,E:\IMAGES\ITEMS\product\7\8\Series-2100-Contractor.jpg,Sumner Manufacturing Co. Inc.,"Unmatched as a good all around contractor lift, the Series 2100 features taller mast to reach desired work heights while requiring fewer mast sections. hence, the 2100 is less expensive and lighter. The base, forks, winch, etc. are the same as the 2000.","12', 18' & 24' heights (4.0 m, 5.6 m, & 7.3 m)650 lb capacity (300 kg)Fits through standard doorways & tail gatesLoading Bar - great for overhead cranesPulley Guards prevent cable from coming offReversible",,,"2112 - Max Height: 13'1"", Lift Capacity (lbs): 650, Lift Weight (lbs): 252",Series 2100 Contractor Lifts
2011|23162,Hoists|Personnel Lifts,783651,Series 2100 Contractor Lifts,,E:\IMAGES\ITEMS\product\7\8\Series-2100-Contractor.jpg,Sumner Manufacturing Co. Inc.,"Unmatched as a good all around contractor lift, the Series 2100 features taller mast to reach desired work heights while requiring fewer mast sections. hence, the 2100 is less expensive and lighter. The base, forks, winch, etc. are the same as the 2000.","12', 18' & 24' heights (4.0 m, 5.6 m, & 7.3 m)650 lb capacity (300 kg)Fits through standard doorways & tail gatesLoading Bar - great for overhead cranesPulley Guards prevent cable from coming offReversible",,,"2118 - Max Height: 18'6"", Lift Capacity (lbs): 650, Lift Weight (lbs): 321",Series 2100 Contractor Lifts
2011|23162,Hoists|Personnel Lifts,783652,Series 2100 Contractor Lifts,,E:\IMAGES\ITEMS\product\7\8\Series-2100-Contractor.jpg,Sumner Manufacturing Co. Inc.,"Unmatched as a good all around contractor lift, the Series 2100 features taller mast to reach desired work heights while requiring fewer mast sections. hence, the 2100 is less expensive and lighter. The base, forks, winch, etc. are the same as the 2000.","12', 18' & 24' heights (4.0 m, 5.6 m, & 7.3 m)650 lb capacity (300 kg)Fits through standard doorways & tail gatesLoading Bar - great for overhead cranesPulley Guards prevent cable from coming offReversible",,,"2124 - Max Height: 23'11"", Lift Capacity (lbs): 650, Lift Weight (lbs): 366",Series 2100 Contractor Lifts
828|23362|28301,Carts|Stock Carts|Carts,783317,Mack Rack I - complete with casters,,E:\IMAGES\ITEMS\product\7\8\sumner-manufacturing-co-inc-783317-mack-rack-i-complete-with-casters.jpg,Sumner Manufacturing Co. Inc.,,"Patented stacking feature: stack similar carts together or with other Stacking Mac Rack productsShipped assembled with 6"" (150 mm) heavy duty castersDurable powder coat finishJob site toughPriced for all budgets</li",,,,Mack Rack I - complete with casters
241|26715,Accessories - Welding|Welding Links and Clamps,781130,Ultra Clamps,,E:\IMAGES\ITEMS\product\7\8\Ultra.jpg,Sumner Manufacturing Co. Inc.,"A fast, accurate fit-up clamp for pipe to pipe, pipe to fitting … and more!","Rugged frame, built for job site useSmooth roller clamping action for positive grippingStainless steel contacts & alignment screwsOperating handle repositions for close workFine adjustment screws for quick fit-up</l",,,"1 – 2-1/2""",Ultra Clamps
241|26715,Accessories - Welding|Welding Links and Clamps,781150,Ultra Clamps,,E:\IMAGES\ITEMS\product\7\8\Ultra.jpg,Sumner Manufacturing Co. Inc.,"A fast, accurate fit-up clamp for pipe to pipe, pipe to fitting … and more!","Rugged frame, built for job site useSmooth roller clamping action for positive grippingStainless steel contacts & alignment screwsOperating handle repositions for close workFine adjustment screws for quick fit-up</l",,,"2 – 6""",Ultra Clamps
241|26715,Accessories - Welding|Welding Links and Clamps,781170,Ultra Clamps,,E:\IMAGES\ITEMS\product\7\8\Ultra.jpg,Sumner Manufacturing Co. Inc.,"A fast, accurate fit-up clamp for pipe to pipe, pipe to fitting … and more!","Rugged frame, built for job site useSmooth roller clamping action for positive grippingStainless steel contacts & alignment screwsOperating handle repositions for close workFine adjustment screws for quick fit-up</l",,,"5 – 12""",Ultra Clamps
707|24625,Clamping Tools|Clamping Tools,781235,Qwik Pins,,E:\IMAGES\ITEMS\product\7\8\sumner-manufacturing-co-inc-781235-qwik-pins.jpg,Sumner Manufacturing Co. Inc.,,"Quick installing pins work as convenient reference points to level flange for tack and weld-out — no tools neededHardened tapered ST-106 and ST-206 pins and Qwik Pins automatically center on 5/8"" to 1-5/8"" (16 to 42 mm) holes, ST-258 pins sim",,,,Qwik Pins
707|25227,Clamping Tools|Flange,781240,Flange Leveler,,E:\IMAGES\ITEMS\product\7\8\sumner-manufacturing-co-inc-781240-flange-leveler.jpg,Sumner Manufacturing Co. Inc.,For accurate alignment of carbon or stainless steel pipe flanges.,"Two hole & level in one time-saving operation Uses push button Quik Pin nuts for fast actionFeatures stub Acme threads for maximum clamping & hardened steel for lasting useAutomatically centers in flange holes 5/8"" to 1-5/8""",,,,Flange Leveler
828|23367|28301,Carts|Bar and Pipe Trucks|Carts,782699,Cricket,,E:\IMAGES\ITEMS\product\7\8\Cricket.jpg,Sumner Manufacturing Co. Inc.,,"Transport 20 ft (6.1 m) pipe lengths up to 1,000 Lb. (450 Kg)Comes with ratchet hold-down strap and 16"" (41 cm) tubed tires.Weighs only 82 Lb (37.2 kg) ... can be shipped U.P.S.Quick handle disconnect for compact storage.</l",,,Cart,Cricket
828|23367|28301,Carts|Bar and Pipe Trucks|Carts,782685,Cricket,,E:\IMAGES\ITEMS\product\7\8\Cricket.jpg,Sumner Manufacturing Co. Inc.,,"Transport 20 ft (6.1 m) pipe lengths up to 1,000 Lb. (450 Kg)Comes with ratchet hold-down strap and 16"" (41 cm) tubed tires.Weighs only 82 Lb (37.2 kg) ... can be shipped U.P.S.Quick handle disconnect for compact storage.</l",,,Cart with Flat Free Tires,Cricket
828|23365|28301,Carts|Wire Carts|Carts,783411,Caddy Mac #4,,E:\IMAGES\ITEMS\product\7\8\sumner-manufacturing-co-inc-783411-caddy-mac-4.jpg,Sumner Manufacturing Co. Inc.,A versatile wire cart and jobsite asset.,Accommodate wide range of spool sizeswire guides for smooth feeding from the spoolCaddy Mac 1 and 3 have the additional feature to function as a dollyPatented spindle locking system - spindles stay put during transportation<,"Height: 55.75""Width: 27""Length: 27""",,,Caddy Mac #4
1201|20646,Jacks|Transmission Jacks,781300,Fold-A-Jack - Hi Jack,,E:\IMAGES\ITEMS\product\7\8\Fold-A-Jack-Hi.jpg,Sumner Manufacturing Co. Inc.,,"2,500 lb (1,135 kg) capacityFolds up for storage easeCarrying handle for ease of transporting1"" (2.5 cm) square tube base constructionQuick-action lock washer for quick height positioningPatented Fall Guard",,,ST-881 w/Vee-Head,Fold-A-Jack - Hi Jack
1201|20646,Jacks|Transmission Jacks,781301,Fold-A-Jack - Hi Jack,,E:\IMAGES\ITEMS\product\7\8\Fold-A-Jack-Hi.jpg,Sumner Manufacturing Co. Inc.,,"2,500 lb (1,135 kg) capacityFolds up for storage easeCarrying handle for ease of transporting1"" (2.5 cm) square tube base constructionQuick-action lock washer for quick height positioningPatented Fall Guard",,,ST-882 w/Roller Head,Fold-A-Jack - Hi Jack
1201|20646,Jacks|Transmission Jacks,781302,Fold-A-Jack - Hi Jack,,E:\IMAGES\ITEMS\product\7\8\Fold-A-Jack-Hi.jpg,Sumner Manufacturing Co. Inc.,,"2,500 lb (1,135 kg) capacityFolds up for storage easeCarrying handle for ease of transporting1"" (2.5 cm) square tube base constructionQuick-action lock washer for quick height positioningPatented Fall Guard",,,ST-883 w/Bar Stock Head,Fold-A-Jack - Hi Jack
1201|20646,Jacks|Transmission Jacks,781303,Fold-A-Jack - Hi Jack,,E:\IMAGES\ITEMS\product\7\8\Fold-A-Jack-Hi.jpg,Sumner Manufacturing Co. Inc.,,"2,500 lb (1,135 kg) capacityFolds up for storage easeCarrying handle for ease of transporting1"" (2.5 cm) square tube base constructionQuick-action lock washer for quick height positioningPatented Fall Guard",,,ST-884 w/Stainless Steel Rollers,Fold-A-Jack - Hi Jack
1201|20646,Jacks|Transmission Jacks,781304,Fold-A-Jack - Hi Jack,,E:\IMAGES\ITEMS\product\7\8\Fold-A-Jack-Hi.jpg,Sumner Manufacturing Co. Inc.,,"2,500 lb (1,135 kg) capacityFolds up for storage easeCarrying handle for ease of transporting1"" (2.5 cm) square tube base constructionQuick-action lock washer for quick height positioningPatented Fall Guard",,,ST-885 w/Stainless Steel Vee-Head,Fold-A-Jack - Hi Jack
1201|20646,Jacks|Transmission Jacks,781305,Fold-A-Jack - Hi Jack,,E:\IMAGES\ITEMS\product\7\8\Fold-A-Jack-Hi.jpg,Sumner Manufacturing Co. Inc.,,"2,500 lb (1,135 kg) capacityFolds up for storage easeCarrying handle for ease of transporting1"" (2.5 cm) square tube base constructionQuick-action lock washer for quick height positioningPatented Fall Guard",,,ST-886 w/Ball Transfer Head,Fold-A-Jack - Hi Jack
1201|20646,Jacks|Transmission Jacks,781306,Fold-A-Jack - Hi Jack,,E:\IMAGES\ITEMS\product\7\8\Fold-A-Jack-Hi.jpg,Sumner Manufacturing Co. Inc.,,"2,500 lb (1,135 kg) capacityFolds up for storage easeCarrying handle for ease of transporting1"" (2.5 cm) square tube base constructionQuick-action lock washer for quick height positioningPatented Fall Guard",,,ST-887 w/Rubber Wheels,Fold-A-Jack - Hi Jack
1201|20646,Jacks|Transmission Jacks,781403,Max Jax Kit #1,,E:\IMAGES\ITEMS\product\7\8\sumner-manufacturing-co-inc-781403-max-jax-kit-1.jpg,Sumner Manufacturing Co. Inc.,"In the shop or on the job, moving long lengths of pipe is a snap with Max Jax!","Support 2,500 lb (1,135 kg) each!Large, convenient adjustment handleOptional casters enable pipe to be easily wheeled around in the shop or on the jobSeveral optional large vee head stylesJack independently load tes",Consisting of the basic Max Jax (PN 781460) with caster kit (PN 781464) and roller head kit (PN 781406).,,,Max Jax Kit #1
707|25227,Clamping Tools|Flange,784002,ST-302 Flange Spreader,,E:\IMAGES\ITEMS\product\7\8\sumner-manufacturing-co-inc-784002-st-302-flange-spreader.jpg,Sumner Manufacturing Co. Inc.,,"4 models to cover flange range from 1"" (25 mm) to 24"" (600 mm)Can be used for 150 lb. to 1,500 lb. flangesHardened wedge for safe splittingLarge feed screwDrive can be rotated by 1-3/8"" wrench or 1/2"" (12 mm) bar</l","Spread: 4""Pin Dia.: 3/4""150 lb: 2 - 12""300 lb: 1.5 - 8""400 lb: 1 - 4""600 lb: 1 - 4""900 lb: 1 - 2""1,500 lb: 1 - 2""",,,ST-302 Flange Spreader
707|26715,Clamping Tools|Welding Links and Clamps,785000,"Hold-E Pipe Clamp (3/4"" - 6"")",,E:\IMAGES\ITEMS\product\7\8\sumner-manufacturing-co-inc-785000-hold-e-pipe-clamp-34-6.jpg,Sumner Manufacturing Co. Inc.,"A Quick, Easy, Safe Clamp For Holding Pipe In Vee Head Jack Stands","Grips 3/4"" to 6"" pipe (20 to 152 mm) or 1"" to 6-1/2"" tubing (25 to 165 mm)Rugged steel frame for years of useQuick release button allows clamp arms to open and close in secondsAcme threads permit positive gripping of pipe to",,,,"Hold-E Pipe Clamp (3/4"" - 6"")"
828|23365|28301,Carts|Wire Carts|Carts,783230,Pipe Mac,,E:\IMAGES\ITEMS\product\7\8\sumner-manufacturing-co-inc-783230-pipe-mac.jpg,Sumner Manufacturing Co. Inc.,A Mobile Pipe Cart,"Transports 2,000 lb (900 kg) of pipe, individually or up to a height of 34"" (86 cm)Six 6"" heavy duty castersCenter-positioned casters makes rolling the Pipe Mac easy and enables quick cart rotation for tight turnsPosts pull",,,Pipe Mac,Pipe Mac
1201|20646,Jacks|Transmission Jacks,780440,Pro Roll,,E:\IMAGES\ITEMS\product\7\8\Pro.jpg,Sumner Manufacturing Co. Inc.,Expanded Features and Adjustable Height!,"1/2 – 36"" (1.2 – 91 cm) or 2,000 Lb (900 kg) capacityAdjustable height of 29"" (74 cm) to 43"" (109 cm)Leveling on either side of standUses Quick Change HousingsWheels “trued” for even pipe rotationBronze bea",,,Pro Roll [base only],Pro Roll
1201|20646,Jacks|Transmission Jacks,780441,Pro Roll,,E:\IMAGES\ITEMS\product\7\8\Pro.jpg,Sumner Manufacturing Co. Inc.,Expanded Features and Adjustable Height!,"1/2 – 36"" (1.2 – 91 cm) or 2,000 Lb (900 kg) capacityAdjustable height of 29"" (74 cm) to 43"" (109 cm)Leveling on either side of standUses Quick Change HousingsWheels “trued” for even pipe rotationBronze bea",,,Pro Roll with steel wheels,Pro Roll
1201|20646,Jacks|Transmission Jacks,780442,Pro Roll,,E:\IMAGES\ITEMS\product\7\8\Pro.jpg,Sumner Manufacturing Co. Inc.,Expanded Features and Adjustable Height!,"1/2 – 36"" (1.2 – 91 cm) or 2,000 Lb (900 kg) capacityAdjustable height of 29"" (74 cm) to 43"" (109 cm)Leveling on either side of standUses Quick Change HousingsWheels “trued” for even pipe rotationBronze bea",,,Pro Roll with ball transfer heads,Pro Roll
1201|20646,Jacks|Transmission Jacks,780443,Pro Roll,,E:\IMAGES\ITEMS\product\7\8\Pro.jpg,Sumner Manufacturing Co. Inc.,Expanded Features and Adjustable Height!,"1/2 – 36"" (1.2 – 91 cm) or 2,000 Lb (900 kg) capacityAdjustable height of 29"" (74 cm) to 43"" (109 cm)Leveling on either side of standUses Quick Change HousingsWheels “trued” for even pipe rotationBronze bea",,,Pro Roll with rubber wheels,Pro Roll
1201|20646,Jacks|Transmission Jacks,780444,Pro Roll,,E:\IMAGES\ITEMS\product\7\8\Pro.jpg,Sumner Manufacturing Co. Inc.,Expanded Features and Adjustable Height!,"1/2 – 36"" (1.2 – 91 cm) or 2,000 Lb (900 kg) capacityAdjustable height of 29"" (74 cm) to 43"" (109 cm)Leveling on either side of standUses Quick Change HousingsWheels “trued” for even pipe rotationBronze bea",,,Pro Roll with stainless steel wheels,Pro Roll
1201|20646,Jacks|Transmission Jacks,780446,Pro Roll,,E:\IMAGES\ITEMS\product\7\8\Pro.jpg,Sumner Manufacturing Co. Inc.,Expanded Features and Adjustable Height!,"1/2 – 36"" (1.2 – 91 cm) or 2,000 Lb (900 kg) capacityAdjustable height of 29"" (74 cm) to 43"" (109 cm)Leveling on either side of standUses Quick Change HousingsWheels “trued” for even pipe rotationBronze bea",,,Pro Roll with bar stock head,Pro Roll
707|24629,Clamping Tools|Pneumatic Clamping Tools,784100,Internal Fit-Up Clamp (Alignment Tool),,E:\IMAGES\ITEMS\product\7\8\Internal-Fit-Up-Clamp-Alignment.jpg,Sumner Manufacturing Co. Inc.,The Ideal Flange Fit-Up Tool!,Can be used on all standard weld neck flanges and great with slip-on flangesContact points stainless steel – a standard featureOne piece construction – no loose piecesQuick action operationPriced right,,,"2 – 4"" (50 – 100 mm) Internal Fit-up Clamp",Internal Fit-Up Clamp (Alignment Tool)
707|24629,Clamping Tools|Pneumatic Clamping Tools,784102,Internal Fit-Up Clamp (Alignment Tool),,E:\IMAGES\ITEMS\product\7\8\Internal-Fit-Up-Clamp-Alignment.jpg,Sumner Manufacturing Co. Inc.,The Ideal Flange Fit-Up Tool!,Can be used on all standard weld neck flanges and great with slip-on flangesContact points stainless steel – a standard featureOne piece construction – no loose piecesQuick action operationPriced right,,,"4 – 8"" (100 – 200 mm) Internal Fit-up Clamp",Internal Fit-Up Clamp (Alignment Tool)
707|24629,Clamping Tools|Pneumatic Clamping Tools,784103,Internal Fit-Up Clamp (Alignment Tool),,E:\IMAGES\ITEMS\product\7\8\Internal-Fit-Up-Clamp-Alignment.jpg,Sumner Manufacturing Co. Inc.,The Ideal Flange Fit-Up Tool!,Can be used on all standard weld neck flanges and great with slip-on flangesContact points stainless steel – a standard featureOne piece construction – no loose piecesQuick action operationPriced right,,,"8 - 12"" (200 – 300 mm) Internal Fit-up Clamp",Internal Fit-Up Clamp (Alignment Tool)
2011|23162,Hoists|Personnel Lifts,784750,Series 2400 Contractor Lift,,E:\IMAGES\ITEMS\product\7\8\Series-2400-Contractor.jpg,Sumner Manufacturing Co. Inc.,,Compact 12' (3.6 m) & 16' (4.8 m) liftsIMPROVED lifting capacity up to 450 lb (200 kg)One piece construction - no loose piecesExtremely portable for one man operationFits in most vans and SUVs13 ft. (4.0 m),,,"2412 - Max Height: 12', Capacity: 450lbs, Length Operating: 48""",Series 2400 Contractor Lift
2011|23162,Hoists|Personnel Lifts,784751,Series 2400 Contractor Lift,,E:\IMAGES\ITEMS\product\7\8\Series-2400-Contractor.jpg,Sumner Manufacturing Co. Inc.,,Compact 12' (3.6 m) & 16' (4.8 m) liftsIMPROVED lifting capacity up to 450 lb (200 kg)One piece construction - no loose piecesExtremely portable for one man operationFits in most vans and SUVs13 ft. (4.0 m),,,"2416 - Max Height: 16', Capacity: 450lbs, Length Operating: 48""",Series 2400 Contractor Lift
20640,Bottle Jacks,780502,SST STAINLESS STEEL VEE HEAD SLEEVE ATTACHMENT,,E:\IMAGES\ITEMS\product\7\8\sumner-manufacturing-co-inc-780502-sst-stainless-steel-vee-head-sleeve-attachment.jpg,Sumner Manufacturing Co. Inc.,,SS Vee Head Sleeve Attachment fits over vee and secures with two bolts with wing nuts,,,,SST STAINLESS STEEL VEE HEAD SLEEVE ATTACHMENT
21800,Gage Blocks and Clamps and Surveillance Masters,781265,"ULTRA FIT 1""-2 1/2""",,E:\IMAGES\ITEMS\product\7\8\sumner-manufacturing-co-inc-781265-ultra-fit-1-2-12.jpg,Sumner Manufacturing Co. Inc.,,,"ULTRA FIT, 1 - 2 1/2""",,,"ULTRA FIT 1""-2 1/2"""
,,780435,ST-107 ROTARY GROUND CLAMP,,E:\IMAGES\ITEMS\product\7\8\sumner-manufacturing-co-inc-780435-st-107-rotary-ground-clamp.jpg,Sumner Manufacturing Co. Inc.,,"Puts an end to tangled ground leadsRotary head turns with the pipe-puts an end to ground lead twist, tangle and wearProvides quick, positive ground for roll-out welding of pipe and fittings-eliminates weld pinholes caused by poor groundingAttaches and detaches in secondsMakes up ground leads three ways-lug, clamp-on and bare cable",,,,ST-107 ROTARY GROUND CLAMP
28024,Telescoping Jacks,780395,FAB SAF JACK,,E:\IMAGES\ITEMS\product\7\8\sumner-manufacturing-co-inc-780395-fab-saf-jack.jpg,Sumner Manufacturing Co. Inc.,,Large ribbed vee head to accommodate 36-inch pipeQuick-action lock washer,,,,FAB SAF JACK
28024,Telescoping Jacks,780471,PRO JACK V HEAD,,E:\IMAGES\ITEMS\product\7\8\sumner-manufacturing-co-inc-780471-pro-jack-v-head.jpg,Sumner Manufacturing Co. Inc.,,,,,,PRO JACK V HEAD
28283,Rental Plumbing and Pipe Equipment,780351,GRASS HOPPER ST-401,,E:\IMAGES\ITEMS\product\7\8\sumner-manufacturing-co-inc-780351-grass-hopper-st-401.jpg,Sumner Manufacturing Co. Inc.,,"Enables one man to lift 2000-Pound unassistedSpecial sliding chain block design accommodates long and short loadsCarries up to 20-Inch diameter pipe, tool boxes, fittings and valvesRugged high pressure tires and wheels allow for construction site mobilityChains can be used to lock wheels for security",,,,GRASS HOPPER ST-401
21784,Digital Angle Finders,779546,SUMNER 779546 INCLINOMETER,,E:\IMAGES\ITEMS\product\7\7\sumner-manufacturing-co-inc-779546-sumner-779546-inclinometer.jpg,Sumner Manufacturing Co. Inc.,Sumner Manufacturing Center Punch Inclinometer used to show degree pf incline. Digital display.,Sumner Manufacturing Center Punch Inclinometer used to show degree pf incline. Digital display.,Inclinometer Used With Center Punch Digital Display,66116579546.0,,SUMNER 779546 INCLINOMETER
25227,Flange,780430,SUMNER 780430 ST-106 FLANGE PINS 5/8 THRU 1-5/8,,E:\IMAGES\ITEMS\product\7\8\sumner-manufacturing-co-inc-780430-sumner-780430-st-106-flange-pins-58-thru-1-58.jpg,Sumner Manufacturing Co. Inc.,"For fast, accurate alignment of carbon pipe flanges (carbon or stainless steel).","For fast, accurate alignment of carbon pipe flanges (carbon or stainless steel).","Quick installing pins work as convenient reference points to level flange for tack and weld-out — no tools needed Hardened tapered ST-106 and ST-206 pins automatically center on 5/8""  to 1-5/8"" (16 to 42 mm) holes Features Acme threads for maximum clamping power and hardened steel for long lasting use",66116580430.0,,SUMNER 780430 ST-106 FLANGE PINS 5/8 THRU 1-5/8
23107,Cylinder Hand Trucks,782385,SUMNER 782385 112-10S SINGLE CYLINDER CART 10^ WHEELS,,E:\IMAGES\ITEMS\product\7\8\sumner-manufacturing-co-inc-782385-sumner-782385-112-10s-single-cylinder-cart-10-wheels.jpg,Sumner Manufacturing Co. Inc.,"Popular cylinder truck can be used for gas cylinders up to 12"" (30 cm) or for hauling boxes on the 7 x 14"" (17.8 x 35.6 cm) base plate. Load capacity rated at 500 lb (225 Kg).","Popular cylinder truck can be used for gas cylinders up to 12"" (30 cm) or for hauling boxes on the 7 x 14"" (17.8 x 35.6 cm) base plate. Load capacity rated at 500 lb (225 Kg).","Popular cylinder truck can be used for gas cylinders up to 12"" (30 cm) or for hauling boxes on the 7 x 14"" (17.8 x 35.6 cm) base plate Load capacity rated at 500 lb",66116582385.0,,SUMNER 782385 112-10S SINGLE CYLINDER CART 10^ WHEELS
21898,Center Punches,784520,SUMNER 784520 CENTERING PUNCH,,E:\IMAGES\ITEMS\product\7\8\sumner-manufacturing-co-inc-784520-sumner-784520-centering-punch.jpg,Sumner Manufacturing Co. Inc.,"Center head with magnetic aluminum base can be used on the circumference of pipe. Built-in, spring-loaded, hardened striking pin marks location with the push of a button.","Center head with magnetic aluminum base can be used on the circumference of pipe. Built-in, spring-loaded, hardened striking pin marks location with the push of a button.","Easy to read digital gauge Spring-loaded striking pin Magnetic base Removable gauge with magnetic base Alignment indicator 4"" to 8"" capability only Detachable digital gauge doubles as an angle finder",66116584520.0,,SUMNER 784520 CENTERING PUNCH
