﻿category_ids,category_names,sku,meta_title,meta_description,Image,manufacturer,description,short_description,summary,upc,size_info,meta_keyword
1973|22660,Lubricant Products|Penetrants and Lubricants,10110WD,BLK LIQ 1 Gallon,WD-40 BLK LIQ 1 Gallon,E:\IMAGES\ITEMS\product\1\0\WD-40-BLK-LIQ-1.jpg,WD-40,,"Features / Specifications Penetrates, loosens and frees stuck, frozen or rusted parts Protects metal against moisture and corrosive elements Removes grease, grime, water deposits and much more Lubricates moving parts","With literally thousands of uses, WD-40® is the #1 multi-purpose problem solver. It cleans, protects, penetrates, lubricates and displaces moisture like no other product on earth. In sizes and applications for every need.",,WD-40 BLK LIQ 1 Gallon,BLK LIQ 1 Gallon
1973|22660,Lubricant Products|Penetrants and Lubricants,110078WD,Smart Straw 11 oz.,WD-40 Smart Straw 11 oz.,E:\IMAGES\ITEMS\product\1\1\WD-40-Smart-Straw-11.jpg,WD-40,,Features / Specifications WD-40® can with built-in straw Smart new design allows for one-handed operation. 360° Valve - Flip it up for precision stream and down for regular spray action.,"Protect, clean and lubricate thousands upon thousands of items - without ever losing the straw again! The WD-40® Smart Straw Aerosol features a permanently attached straw that sprays two ways. Flip it up for a precision stream and down for regular spray action. This design allows for one-handed application and puts an exciting twist on this true American original.",,WD-40 Smart Straw 11 oz.,Smart Straw 11 oz.
22660,Penetrants and Lubricants,110108,WD-48 Lubricating Spray 3oz.,"All of the handy uses in one small can, the WD-40 3 oz handy can is always ready to tackle your toughest jams. From small to medium sized jobs, never fear, your problem solver is here",E:\IMAGES\ITEMS\product\1\1\WD-48-Lubricating-Spray.jpg,WD-40,"All of the handy uses in one small can, the WD-40 3 oz handy can is always ready to tackle your toughest jams. From small to medium sized jobs, never fear, your problem solver is here","Brand: WD-40 Percentage VOC: 49.5 % Composition: Aliphatic Hydrocarbon, Petroleum Base Oil, LVP Aliphatic Hydrocarbon, Surfactant Pour Point: -63 deg C Container Size: 3 oz Form: Liquid Viscosity: 2.79 - 2.96 cst Flash Point: 122 deg F Standards: ASTM Specified Specific Gravity: .82 Container Type: Handy Can Application Method: Spray Special Features: Light Amber Mild Odor",,,3oz.,WD-48 Lubricating Spray 3oz.
22660,Penetrants and Lubricants,110054,WD-40 Smart Straw 8oz.,"Spray, Never lose the straw again Permanently attached straw flip upwards for precision stream and downwards for regular spray action 8 and 11 oz",E:\IMAGES\ITEMS\product\1\1\WD-40-Smart-Straw.jpg,WD-40,"Spray, Never lose the straw again Permanently attached straw flip upwards for precision stream and downwards for regular spray action 8 and 11 oz","Brand: WD-40 Pour Point: -63 deg C Application Method: Spray Percentage VOC: 49.5 % Container Size: 8 oz Composition: Aliphatic Hydrocarbon, Petroleum Base Oil, LVP Aliphatic Hydrocarbon, Surfactant Container Type: Aerosol Form: Liquid Specific Gravity: .82 Flash Point: 122 deg F Viscosity: 2.79 - 2.96 cst Standards: ASTM Specified Special Features: Light Amber Mild Odor",,,WD-40 Smart Straw 8oz.,WD-40 Smart Straw 8oz.
22660,Penetrants and Lubricants,10116,WD-40 Lubricating Spray 16oz.,WD-40 general lubricant for multi purpose moving parts,E:\IMAGES\ITEMS\product\1\0\WD-40-Lubricating-Spray.jpg,WD-40,WD-40 general lubricant for multi purpose moving parts,"Excellent corrosion prohibitor - protects metal against moisture and corrosive elements Removes grease, grime, water deposits, and much more Long lasting multi purpose lubricant for moving parts Displaces moisture - non-conductive Low surface tension - penetrates, loosens and frees stuck, frozen or rusted parts","Brand: WD-40 Specific Gravity: .817 Container Size: 16 oz Flash Point: 131 deg F Container Type: Aerosol Composition: Aliphatic Petroleum Distillates, Petroleum Base Oil, LVP Hydrocarbon Fluid, Carbon Dioxide Application Method: Spray Type: Multi-Purpose Percentage VOC: 49.5 % Special Features: Light Amber Usage: For Gears, Tools",,WD-40 Lubricating Spray 16oz.,WD-40 Lubricating Spray 16oz.
22660,Penetrants and Lubricants,110184,WD-40 Non Aersol Trigger Pro 20oz.,"Created especially for Industrial users, WD-40 Trigger Pro has the same great WD-40 formula, now in a Non-Aerosol can. Multi-purpose lubricant, remover, protector, moisture displacer and more. WD-40 non-aerosol formulas also dissolve adhesives, allowing e",E:\IMAGES\ITEMS\product\1\1\WD-40-Non-Aersol-Trigger-Pro.jpg,WD-40,"Created especially for Industrial users, WD-40 Trigger Pro has the same great WD-40 formula, now in a Non-Aerosol can. Multi-purpose lubricant, remover, protector, moisture displacer and more. WD-40 non-aerosol formulas also dissolve adhesives, allowing easy removal of labels, tape, stickers, and excess bonding materia","No overspray Heavy duty spray trigger withstands abuse and does not leak (compared to other non-aerosol lubricants on the market) Off position on the nozzle means no accidental spraying in your truck, tool box or storage cabinet","Brand: WD-40 Form: Liquid Percentage VOC: 49.5 % Flash Point: 131 deg F Composition: Aliphatic Hydrocarbon, Petroleum Base Oil Container Size: 20 oz Container Type: Non-Aerosol Can Specific Gravity: .817 Special Features: Light Amber Mild Odor Usage: For Gears, Hinges, Moving Parts, Sliding Doors, Tools",,WD-40 Non Aersol Trigger Pro 20oz.,WD-40 Non Aersol Trigger Pro 20oz.
22660,Penetrants and Lubricants,10000,WD40 10000 SPRAY APPLICATOR,,E:\IMAGES\ITEMS\product\1\0\wd-40-10000-wd40-10000-spray-applicator.jpg,WD-40,,,This multi-use product is best dispensed from the Heavy Duty Empty Plastic Spray Applicator.The one-pint heavy-duty sprayer is meant for use with WD-40 bulk liquid. The adjustable spray nozzle converts the liquid to steam or spray for all sorts of uses. The durable plastic is specially treated on the inside to add stability for use.It's the perfect applicator for heavy users of WD-40. One pint heavy-duty sprayer for use with WD-40 bulk liquid. Adjustable spray nozzle for stream or spray. Durable plastic. Specially treated on inside to add stability for use with penetrating quality of the formula.,7956710000.0,,WD40 10000 SPRAY APPLICATOR
22660,Penetrants and Lubricants,10100,WD40 10100 SPRAY APPLICATOR 4/PK,,E:\IMAGES\ITEMS\product\1\0\wd-40-10100-wd40-10100-spray-applicator-4pk.jpg,WD-40,,,This multi-use product is best dispensed from the Heavy Duty Empty Plastic Spray Applicator.The one-pint heavy-duty sprayer is meant for use with WD-40 bulk liquid. The adjustable spray nozzle converts the liquid to steam or spray for all sorts of uses. The durable plastic is specially treated on the inside to add stability for use.It's the perfect applicator for heavy users of WD-40. One pint heavy-duty sprayer for use with WD-40 bulk liquid. Adjustable spray nozzle for stream or spray. Durable plastic. Specially treated on inside to add stability for use with penetrating quality of the formula.,,,WD40 10100 SPRAY APPLICATOR 4/PK
22660,Penetrants and Lubricants,300004,WD40 300004 11OZ SPECIALIST PENETRANT 6/CS,,E:\IMAGES\ITEMS\product\3\0\wd-40-300004-wd40-300004-11oz-specialist-penetrant-6cs.jpg,WD-40,,,"A fast-acting penetrant that gets deep into crevices, threads and seams to break the bonds that hold stuck parts together.. WD-40® Specialist® Rust Release Penetrant Spray is a fast-acting penetrant that quickly goes to work on rusted nuts, bolts, threads, locks and chains, and also leaves behind a protective layer to help prevent rust and corrosion from re-forming. Containing Blu Torch® Technology, a proprietary blend of synthetic additives, it is safe to use on plastics, rubber and metal. Extra-penetrating Blu Torch technology Ideal for use on nuts, bolts, threads and locks 50-state VOC compliant",7956730000.0,,WD40 300004 11OZ SPECIALIST PENETRANT 6/CS
22660,Penetrants and Lubricants,300059,WD40 300059 SPECIALIST DIRT AND DUST RESISTANT DRY LUBE PTFE SPRAY 10O,,E:\IMAGES\ITEMS\product\3\0\wd-40-300059-wd40-300059-specialist-dirt-and-dust-resistant-dry-lube-ptfe-spray-10o.jpg,WD-40,,,"A dry lubricant that provides long-lasting lubrication and protection without attracting dirt and dust.  WD-40® Specialist® Dirt and Dust Resistant Dry Lube PTFE spray is ideal for reducing friction, providing long-lasting lubrication and corrosion protection with no oily residue. It dries quickly and resists dirt, dust and oil. Great for reducing friction and wear on blades and bits, door and window tracks, slides, conveyor belts, rollers, hinges, power tools and equipment. Effective in temperatures ranging from -100° F to 500° F. Safe on metals, plastic and rubber.  Won't attract dirt, dust or oil 50-state VOC compliant",7956730005.0,,WD40 300059 SPECIALIST DIRT AND DUST RESISTANT DRY LUBE PTFE SPRAY 10O
22660,Penetrants and Lubricants,300070,WD40 300070 SPECIALIST DEGREASER 18OZ 4/CS,,E:\IMAGES\ITEMS\product\3\0\wd-40-300070-wd40-300070-specialist-degreaser-18oz-4cs.jpg,WD-40,,,"A foaming degreaser with deep penetrating action and a powerful stream that sprays up to 5 feet.  WD-40® Specialist ® Machine & Engine Degreaser Foaming Spray makes equipment run smoother, last longer and look like new. This aerosol has deep foaming penetrating action and a powerful stream that sprays up to 5 feet to quickly remove grease, oil, dirt and grime without engine disassembly. Great for auto and truck engines, tractors, forklifts, gears and chains, industrial machinery, farm and power equipment, and other metal tools. Safe for use on most metal when used as directed.  Water-based formula products deep foaming penetrating action 50-state VOC compliant",7956730007.0,,WD40 300070 SPECIALIST DEGREASER 18OZ 4/CS
22660,Penetrants and Lubricants,300103,WD40 300103 SPECIALIST GEL LUBRICANT 10OZ 6/CS,,E:\IMAGES\ITEMS\product\3\0\wd-40-300103-wd40-300103-specialist-gel-lubricant-10oz-6cs.jpg,WD-40,,,"A thick gel lubricant that provides long-lasting lubrication that won't run or drip.  WD-40® Specialist® Spray & Stay Gel Lubricant No-Drip Formula offers 12 times longer-lasting lubrication compared to WD-40 Multi-Use Product. This unique spray gel lubricant stays where you spray, making it ideal for use on vertical surfaces and moving parts. This thick formula also prevents rust for up to one year.* Great for gears, bearings, cables, chains, rollers and more without making a mess. Effective in-use temperatures ranging from -100° F to 500° F. Safe on multiple surfaces including metals, plastic and rubber.  *Independent tests conducted in salt spray and humidity chamber. Results may vary depending on extreme conditions.  Thick formula prevents rust for up to one year Ideal for vertical suraces",7956730010.0,,WD40 300103 SPECIALIST GEL LUBRICANT 10OZ 6/CS
22660,Penetrants and Lubricants,490026,WD40 490026 110054 8OZ SMART STRAW LUBRICANT 12/CS,,E:\IMAGES\ITEMS\product\4\9\wd-40-490026-wd40-490026-110054-8oz-smart-straw-lubricant-12cs.jpg,WD-40,,,,7956711005.0,,WD40 490026 110054 8OZ SMART STRAW LUBRICANT 12/CS
22660,Penetrants and Lubricants,490040,WD40 490040 11007 11OZ SMART STRAW AEROSOL CAN REPLACES 10011 12/CS,,E:\IMAGES\ITEMS\product\4\9\wd-40-490040-wd40-490040-11007-11oz-smart-straw-aerosol-can-replaces-10011-12cs.jpg,WD-40,,,"WD-40® Multi-Use Product protects metal from rust and corrision, penetrates stuck parts, displaces moisture and lubricates almost anything. Its permanently attached Smart Straw sprays 2 ways. Available in 8 oz., 11 oz., and 12 oz. can sizes.  Smart Straw Sprays 2 Ways  Flip up for stream, down for spray 50-state VOC compliant",7956711007.0,,WD40 490040 11007 11OZ SMART STRAW AEROSOL CAN REPLACES 10011 12/CS
22660,Penetrants and Lubricants,490057,WD40 490057 10152 12OZ SMART STRAW AEROSOL CAN 12/CS 126CS/PL,,E:\IMAGES\ITEMS\product\4\9\wd-40-490057-wd40-490057-10152-12oz-smart-straw-aerosol-can-12cs-126cspl.jpg,WD-40,,,,7956710152.0,,WD40 490057 10152 12OZ SMART STRAW AEROSOL CAN 12/CS 126CS/PL
22660,Penetrants and Lubricants,490088,WD40 490088 10116 16OZ AEROSOL CAN,,E:\IMAGES\ITEMS\product\4\9\wd-40-490088-wd40-490088-10116-16oz-aerosol-can.jpg,WD-40,,,"WD-40® Multi-Use Product protects metal from rust and corrision, penetrates stuck parts, displaces moisture and lubricates almost anything.WD-40® Industrial Size is perfect for big jobs that reqire a large amount of WD-40® in one place.  Traditional spray nozzle Unique size for industrial use 50-state VOC compliant",7956710116.0,,WD40 490088 10116 16OZ AEROSOL CAN
22660,Penetrants and Lubricants,490118,WD40 490118 10010 1GL CAN 4/CS,,E:\IMAGES\ITEMS\product\4\9\wd-40-490118-wd40-490118-10010-1gl-can-4cs.jpg,WD-40,,,"WD-40® Multi-Use Product protects metal from rust and corrosion, penetrates stuck parts, displaces moisture and lubricates almost anything. WD-40® One Gallon is ideal for heavy jobs that require soaking and dipping.  Ideal for soaking and dipping Heavy-duty use 50-state VOC compliant",7956710110.0,,WD40 490118 10010 1GL CAN 4/CS
22660,Penetrants and Lubricants,490194,WD40 490194 14.4OZ EZ REACH,,E:\IMAGES\ITEMS\product\4\9\wd-40-490194-wd40-490194-144oz-ez-reach.jpg,WD-40,,,"WD-40® Multi-Use Product protects metal from rust and corrosion, penetrates stuck parts, displaces moisture and lubricates almost anything.WD-40® EZ-REACH™ features an attached 8-inch flexible straw that bends and keeps its shape to get into hard-to-reach places.  8"" straw bends and keeps its shape Sprays 2 Ways® 50-state VOC compliant",7956749019.0,,WD40 490194 14.4OZ EZ REACH
22660,Penetrants and Lubricants,49091,EZ-REACH™ 14.4 oz.,,E:\IMAGES\ITEMS\product\4\9\wd-40-49091-ez-reach-144-oz.jpg,WD-40,"WD-40 EZ-REACH, which features an attached, 8-inch flexible straw that bends and keeps its shape, allows users to get around corners and crevices to deliver the same WD-40 Multi-Use Product that trade professionals and DIYers know and trust.",,8-Inch Flexible Straw Straw Bends And Keeps Its Shape Same Great Formula Sprays 2 Ways 50-State VOC Compliant,,,EZ-REACH™ 14.4 oz.
22660,Penetrants and Lubricants,49002,Smart Straw 8 oz.,,E:\IMAGES\ITEMS\product\4\9\wd-40-49002-smart-straw-8-oz.jpg,WD-40,,WD-40 Multi-Use Product with the Smart Straw cap ensures you never lose the straw again and sprays 2 ways: In a stream when the straw is up and as a spray when the straw is down.  Smart Straw that Sprays 2 Ways Drives out moisture Protects Frees sticky mechanisms Loosens rusted parts,,,8 oz.,Smart Straw 8 oz.
22660,Penetrants and Lubricants,49004,Smart Straw 11 oz.,,E:\IMAGES\ITEMS\product\4\9\wd-40-49004-smart-straw-11-oz.jpg,WD-40,,WD-40 Multi-Use Product with the Smart Straw cap ensures you never lose the straw again and sprays 2 ways: In a stream when the straw is up and as a spray when the straw is down.  Smart Straw that Sprays 2 Ways Drives out moisture Protects Frees sticky mechanisms Loosens rusted parts,,,11 oz.,Smart Straw 11 oz.
22660,Penetrants and Lubricants,49005,Smart Straw 12 oz.,,E:\IMAGES\ITEMS\product\4\9\wd-40-49005-smart-straw-12-oz.jpg,WD-40,,WD-40 Multi-Use Product with the Smart Straw cap ensures you never lose the straw again and sprays 2 ways: In a stream when the straw is up and as a spray when the straw is down.  Smart Straw that Sprays 2 Ways Drives out moisture Protects Frees sticky mechanisms Loosens rusted parts,,,12 oz.,Smart Straw 12 oz.
22660,Penetrants and Lubricants,49000,Multi-Use Product 3 oz.,,E:\IMAGES\ITEMS\product\4\9\wd-40-49000-multi-use-product-3-oz.jpg,WD-40,,"WD-40 Multi-Use Product in gallons and drums is ideal for soaking, refilling and providing versatility for heavy use jobs.  Drives out moisture Protects Frees sticky mechanisms Loosens rusted parts",,,3 oz.,Multi-Use Product 3 oz.
22660,Penetrants and Lubricants,49009,Big Blast 18 oz.,,E:\IMAGES\ITEMS\product\4\9\wd-40-49009-big-blast-18-oz.jpg,WD-40,"WD-40 Big Blast can covers large surfaces fast to protect surfaces from rust and corrosion, remove tree sap, road tar and other sticky stuff, displace moisture, and more!",,Wide-area Spray Nozzle Drives out moisture Protects Frees sticky mechanisms Loosens rusted parts,,,Big Blast 18 oz.
22660,Penetrants and Lubricants,49010,Trigger Pro  20 oz.,,E:\IMAGES\ITEMS\product\4\9\wd-40-49010-trigger-pro-20-oz.jpg,WD-40,"WD-40 Trigger Pro is a Non-Aerosol product that lubricates, prevents rust, displaces moisture, and more! The Trigger Pro is designed to allow you to control the spray. Delivering product quickly and efficiently over large areas as well as just the right a",,Non-aerosol formula Two Settings - Spray or Stream Precise application - No overspray Drives out moisture Protects Frees sticky mechanisms Loosens rusted parts,,,Trigger Pro  20 oz.
22660,Penetrants and Lubricants,49011,Multi-Use Product 1 Gallon,,E:\IMAGES\ITEMS\product\4\9\wd-40-49011-multi-use-product-1-gallon.jpg,WD-40,,"WD-40 Multi-Use Product in gallons and drums is ideal for soaking, refilling and providing versatility for heavy use jobs.  Drives out moisture Protects Frees sticky mechanisms Loosens rusted parts",,,1 Gallon,Multi-Use Product 1 Gallon
22660,Penetrants and Lubricants,49012,Multi-Use Product 5 Gallon,,E:\IMAGES\ITEMS\product\4\9\wd-40-49012-multi-use-product-5-gallon.jpg,WD-40,,"WD-40 Multi-Use Product in gallons and drums is ideal for soaking, refilling and providing versatility for heavy use jobs.  Drives out moisture Protects Frees sticky mechanisms Loosens rusted parts",,,5 Gallon,Multi-Use Product 5 Gallon
22660,Penetrants and Lubricants,49013,Multi-Use Product 55 Gallon,,E:\IMAGES\ITEMS\product\4\9\wd-40-49013-multi-use-product-55-gallon.jpg,WD-40,,"WD-40 Multi-Use Product in gallons and drums is ideal for soaking, refilling and providing versatility for heavy use jobs.  Drives out moisture Protects Frees sticky mechanisms Loosens rusted parts",,,55 Gallon,Multi-Use Product 55 Gallon
