﻿category_ids,category_names,sku,meta_title,meta_description,Image,manufacturer,description,short_description,summary,upc,size_info,meta_keyword
21971,Bench Vises,63301,"5"" Jaw Width Swivel Shop","Wilton Shop Vises have heavy-duty castings with a 30,000 PSI ductile iron body built for rugged use and extended life. Each has the capability of handling pipe as well as mounting to the bench with 3 mounting posts providing more stability and secure hold",E:\IMAGES\ITEMS\product\6\3\63301-Jet-5-Jaw-Width-Swivel.jpg,Wilton,"Wilton Shop Vises have heavy-duty castings with a 30,000 PSI ductile iron body built for rugged use and extended life. Each has the capability of handling pipe as well as mounting to the bench with 3 mounting posts providing more stability and secure hold.","Model Number: WS5 Gross Weight: 30.05lbs Jaw Width: 5""",,,"63301 Wilton 5"" Jaw Width Swivel Shop","5"" Jaw Width Swivel Shop"
707|24625,Clamping Tools|Clamping Tools,63110,"3/4"" Pipe Clamp Fixtures","Designed for use on any length 3/4"" threaded pipe.  Clamps are high strength iron and have steel components.  Multiple disc clutch provides instant adjustment, secure hold and quick release.",E:\IMAGES\ITEMS\product\6\3\63110-Jet-34-Pipe-Clamp.jpg,Wilton,"Designed for use on any length 3/4"" threaded pipe.  Clamps are high strength iron and have steel components.  Multiple disc clutch provides instant adjustment, secure hold and quick release.",Model Number: 709828 Gross Weight:2.6lbs,,,"63110 Wilton 3/4"" Pipe Clamp Fixtures","3/4"" Pipe Clamp Fixtures"
24625,Clamping Tools,41421,WILTON 41421 142C 2^ C-CLAMP 140 Series 1-1/8 Throat Depth,"C-Clamp Carded 0 - 2” Opening Capacity, 1-1/8” Throat Depth",E:\IMAGES\ITEMS\product\4\1\41421-Jet-Malleable-Iron-C.jpg,Wilton,"C-Clamp Carded 0 - 2"" Opening Capacity, 1-1/8"" Throat Depth","Model Nuumber: 142c Gross Weight: 0.27lbs Max Opening Capacity: 0-2"" Throat Depth: 1-1/8""","Rugged ductile iron frames with black oxide spindle, swivel pads and sliding cross pin handle Designed for the home craftsman, woodworker and light industrial service Oscillating head Wilton's heaviest-duty carriage clamp available",1990741421.0,"C-Clamp Carded 0 - 2” Opening Capacity, 1-1/8” Throat Depth",WILTON 41421 142C 2^ C-CLAMP 140 Series 1-1/8 Throat Depth
24625,Clamping Tools,41409,"C-Clamp Carded 0 - 8"" Opening Capacity, 4"" Throat Depth","C-Clamp Carded 0 - 8” Opening Capacity, 4” Throat Depth",E:\IMAGES\ITEMS\product\4\1\41409-Jet-Malleable-Iron-C.jpg,Wilton,"C-Clamp Carded 0 - 8"" Opening Capacity, 4"" Throat Depth","Rugged ductile iron frames with black oxide spindle, swivel pads and sliding cross pin handle.  Designed for the home craftsman, woodworker and light industrial service  Oscillating head.  Wilton's heaviest-duty carriage clamp available.",,,"C-Clamp Carded 0 - 8” Opening Capacity, 4” Throat Depth","C-Clamp Carded 0 - 8"" Opening Capacity, 4"" Throat Depth"
24625,Clamping Tools,41405,"C-Clamp Carded 0 - 3"" Opening Capacity, 2"" Throat Depth","C-Clamp Carded 0 - 3” Opening Capacity, 2” Throat Depth",E:\IMAGES\ITEMS\product\4\1\41405-Jet-Malleable-Iron-C.jpg,Wilton,"C-Clamp Carded 0 - 3"" Opening Capacity, 2"" Throat Depth","Rugged ductile iron frames with black oxide spindle, swivel pads and sliding cross pin handle.  Designed for the home craftsman, woodworker and light industrial service  Oscillating head.  Wilton's heaviest-duty carriage clamp available.",,,"C-Clamp Carded 0 - 3” Opening Capacity, 2” Throat Depth","C-Clamp Carded 0 - 3"" Opening Capacity, 2"" Throat Depth"
275|21899,Chisels|Chisels,33601,33601 Wilton Chisel,"2-1/8"" X 11"" FLOOR CHISEL",E:\IMAGES\ITEMS\product\3\3\33601-Wilton.gif,Wilton,"2-1/8"" X 11"" FLOOR CHISEL",,,,33601 Wilton Chisel,33601 Wilton Chisel
275|21899,Chisels|Chisels,32504,Cold Chisel,"1/2"" X 6"" COLD CHISEL",E:\IMAGES\ITEMS\product\3\2\32504-Wilton-Cold.gif,Wilton,"1/2"" X 6"" COLD CHISEL",,,,32504 Wilton Cold Chisel,Cold Chisel
21633,C Clamps,22006,WILTON 22006 8^ C-CLAMP 540A-8 540A Series 3-1/4 Throat Depth,"Wilton Carriage C-Clamps are ideal for light industrial, woodworking and repair applications. They feature a black oxide coating, oscillating head, and sliding cross pin handle.",E:\IMAGES\ITEMS\product\2\2\22006-Wilton-Iron-Ductile-C.jpg,Wilton,"Wilton Carriage C-Clamps are ideal for light industrial, woodworking and repair applications. They feature a black oxide coating, oscillating head, and sliding cross pin handle.","Frames made from high strength ductile iron castings.  Sliding pin (vise type) handle, single acme thread rolled spindle and oscillating ball and socket tip.  Wilton's heaviest-duty carriage clamp available  Lifetime Warranty.","Frames made from high strength ductile iron castings Sliding pin (vise type) handle, single acme thread rolled spindle and oscillating ball and socket tip Wilton's heaviest-duty carriage clamp available Lifetime Warranty",1990722006.0,22006 Wilton Iron Ductile C-Clamp,WILTON 22006 8^ C-CLAMP 540A-8 540A Series 3-1/4 Throat Depth
707|24625,Clamping Tools|Clamping Tools,22005,Ductile Iron C-Clamp,"Wilton Carriage C-Clamps are ideal for light industrial, woodworking and repair applications. They feature a black oxide coating, oscillating head, and sliding cross pin handle.",E:\IMAGES\ITEMS\product\2\2\22005-Wilton-Ductile-Iron-C.jpg,Wilton,"Wilton Carriage C-Clamps are ideal for light industrial, woodworking and repair applications. They feature a black oxide coating, oscillating head, and sliding cross pin handle.","Frames made from high strength ductile iron castings.  Sliding pin (vise type) handle, single acme thread rolled spindle and oscillating ball and socket tip.  Wilton's heaviest-duty carriage clamp available.  Lifetime Warranty.","Model Number: 540A-6 Overall Dimensions: 1.2x5.4x10 Gross Weight: 3.05lbs Opening Capacity Max: 0-6"" Normal Clamp Pressure: 2,450lbs Spindle Diameter: 5/8"" Throat Depth:2 3/4""",,22005 Wilton Ductile Iron C-Clamp,Ductile Iron C-Clamp
707|24625,Clamping Tools|Clamping Tools,22003,Ductile Iron C-Clamp,"Wilton Carriage C-Clamps are ideal for light industrial, woodworking and repair applications. They feature a black oxide coating, oscillating head, and sliding cross pin handle.",E:\IMAGES\ITEMS\product\2\2\22003-Wilton-Ductile-Iron-C.jpg,Wilton,"Wilton Carriage C-Clamps are ideal for light industrial, woodworking and repair applications. They feature a black oxide coating, oscillating head, and sliding cross pin handle.","Frames made from high strength ductile iron castings.  Sliding pin (vise type) handle, single acme thread rolled spindle and oscillating ball and socket tip.  Wilton's heaviest-duty carriage clamp available  Lifetime Warranty.","Model Number: 540A-4 Overall Dimensions: 1.4x4.5x8.8 Gross Weight: 2.1lbs Max Opening Capacity: 0-4"" Normal Clamp Pressuer: 2,150 lbs Spindle Diameter: 5/8"" Throat Depth: 2 1/16""",,22003 Wilton Ductile Iron C-Clamp,Ductile Iron C-Clamp
1894|28191,Extensions|Socket Wrenches,5708,"7/8"" 3LB BACKING OUT PUNCH","16"" HANDLE",E:\IMAGES\ITEMS\product\5\7\5708-Wilton-78-3LB-BACKING-OUT.gif,Wilton,"16"" HANDLE",,,,"5708 Wilton 7/8"" 3LB BACKING OUT PUNCH","7/8"" 3LB BACKING OUT PUNCH"
707|24625,Clamping Tools|Clamping Tools,22007,540A Series C-Clamp,"Frames made from high strength ductile iron castings Sliding pin (vise type) handle, single acme thread rolled spindle and oscillating ball and socket tip Weight: 7.4 lbs",E:\IMAGES\ITEMS\product\2\2\22007-Orgill-540A-Series-C.jpg,Wilton,"Frames made from high strength ductile iron castings Sliding pin (vise type) handle, single acme thread rolled spindle and oscillating ball and socket tip Weight: 7.4 lbs",,,,22007 Wilton 540A Series C-Clamp,540A Series C-Clamp
707|24625,Clamping Tools|Clamping Tools,22008,540A Series C-Clamp 0-12 in,"Frames made from high strength ductile iron castings. Sliding pin (vise type) handle, single acme thread rolled spindle and oscillating ball and socket tip",E:\IMAGES\ITEMS\product\2\2\22008-Orgill-540A-Series-C-Clamp-0-12.jpg,Wilton,"Frames made from high strength ductile iron castings. Sliding pin (vise type) handle, single acme thread rolled spindle and oscillating ball and socket tip",Opening Size: 12 in [Max]  Spindle Diam: 7/8 in Min. Proof Test: 2850 lb Body Material: Cast Steel Finish: Black Paint Locking Type: Thread Locking Handle Type: Sliding Pin Handle Material: Steel Wt.: 8 lb,,,22008 Wilton 540A Series C-Clamp 0-12 in,540A Series C-Clamp 0-12 in
707|24625,Clamping Tools|Clamping Tools,41408,140 Series C-Clamp,"C-Clamp Carded 0 - 6” Opening Capacity, 3-1/4” Throat Depth",E:\IMAGES\ITEMS\product\4\1\140-Series-C.jpg,Wilton,"C-Clamp Carded 0 - 6” Opening Capacity, 3-1/4” Throat Depth","Rugged ductile iron frames with black oxide spindle, swivel pads and sliding cross pin handle  Designed for the home craftsman, woodworker and light industrial service  Oscillating head  Wilton's heaviest-duty carriage clamp available",,,140 Series C-Clamp,140 Series C-Clamp
21710,Ball Pein Hammers,33214,WILTON 33214 32oz Head 14^ BASH Ball Pein Hammer,,E:\IMAGES\ITEMS\product\3\3\wilton-33214-32-oz-head-14-bash-ball-pein-hammer.jpg,Wilton,,Safety Plate prevents head from dislodgingAnti-Vibe Neck with tapered design eliminates vibration from strikingNo-Slip Grip made from vulcanized rubber ensures a secure holdUnbreakable® Handle Technology - Steel core eliminates breaking during overstrikes,Safety Plate prevents head from dislodging Anti-Vibe Neck with tapered design eliminates vibration from striking No-Slip Grip made from vulcanized rubber ensures a secure hold Unbreakable® Handle Technology - Steel core eliminates breaking during overstrikes,73132517927.0,,WILTON 33214 32oz Head 14^ BASH Ball Pein Hammer
21716,Sledges,20412,WILTON 20412 4LB BASH Sledge Hammer 12^ HANDLE,,E:\IMAGES\ITEMS\product\2\0\wilton-20412-4-lb-head-12-bash-sledge-hammer.jpg,Wilton,,"Unbreakable® Handle Technology - Steel core eliminates breaking during overstrikesTrademark Green Head - Hi-Vis, drop forged 46 HRC steel head endures the most demanding applicationsSafety Plate - Secures head to handle preventing head dislodgingErgonomic Handle - shaped and thickened for improved comfort and less vibrationNo-Slip Grip - Vulcanized rubber handle for secure grip while striking","Unbreakable® Handle Technology - Steel core eliminates breaking during overstrikes Trademark Green Head - Hi-Vis, drop forged 46 HRC steel head endures the most demanding applications Safety Plate - Secures head to handle preventing head dislodging Ergonomic Handle - shaped and thickened for improved comfort and less vibration No-Slip Grip - Vulcanized rubber handle for secure grip while striking Lanyard Hole - Safely secure hammer to wrist or stationary object",73132517908.0,,WILTON 20412 4LB BASH Sledge Hammer 12^ HANDLE
21716,Sledges,20416,WILTON 20416 4LB 16^ BASH Sledge Hammer,,E:\IMAGES\ITEMS\product\2\0\wilton-20416-4-lbs-head-16-bash-sledge-hammer.jpg,Wilton,,"Unbreakable® Handle Technology - Steel core eliminates breaking during overstrikesTrademark Green Head - Hi-Vis, drop forged 46 HRC steel head endures the most demanding applicationsSafety Plate - Secures head to handle preventing head dislodgingErgonomic Handle - shaped and thickened for improved comfort and less vibrationNo-Slip Grip - Vulcanized rubber handle for secure grip while striking","Unbreakable® Handle Technology - Steel core eliminates breaking during overstrikes Trademark Green Head - Hi-Vis, drop forged 46 HRC steel head endures the most demanding applications Safety Plate - Secures head to handle preventing head dislodging Ergonomic Handle - shaped and thickened for improved comfort and less vibration No-Slip Grip - Vulcanized rubber handle for secure grip while striking Lanyard Hole - Safely secure hammer to wrist or stationary object",73132517909.0,,WILTON 20416 4LB 16^ BASH Sledge Hammer
21716,Sledges,20616,"6 LB HEAD 16"" BASH SLEDGE HAMMER",,E:\IMAGES\ITEMS\product\2\0\wilton-20616-6-lb-head-16-bash-sledge-hammer.jpg,Wilton,,"Unbreakable® Handle Technology - Steel core eliminates breaking during overstrikesTrademark Green Head - Hi-Vis, drop forged 46 HRC steel head endures the most demanding applicationsSafety Plate - Secures head to handle preventing head dislodgingAnti-Vibe Neck - Thick, tapered neck absorbs vibration reducing worker fatigueNo-Slip Grip - Vulcanized rubber handle for secure grip while striking","At Wilton, we are on a never-ending journey to create the highest quality, most indestructible tools on the market. On this journey we've managed to design and file patents for the world's most durable sledge hammer with Unbreakable® Handle Technology, revolutionary design, and engineered no-slip rubber grip. With the Wilton B.A.S.H® backed by our $1,000 Guarantee, we put our money where our mouth is.",731325215500.0,,"6 LB HEAD 16"" BASH SLEDGE HAMMER"
21716,Sledges,20624,WILTON 20624 6LB Head 24^ BASH Sledge Hammer,,E:\IMAGES\ITEMS\product\2\0\wilton-20624-6-lb-head-24-bash-sledge-hammer.jpg,Wilton,,"Unbreakable® Handle Technology - Steel core eliminates breaking during overstrikesTrademark Green Head - Hi-Vis, drop forged 46 HRC steel head endures the most demanding applicationsSafety Plate - Secures head to handle preventing head dislodgingAnti-Vibe Neck - Thick, tapered neck absorbs vibration reducing worker fatigueNo-Slip Grip - Vulcanized rubber handle for secure grip while striking","Unbreakable® Handle Technology - Steel core eliminates breaking during overstrikes Trademark Green Head - Hi-Vis, drop forged 46 HRC steel head endures the most demanding applications Safety Plate - Secures head to handle preventing head dislodging Anti-Vibe Neck - Thick, tapered neck absorbs vibration reducing worker fatigue No-Slip Grip - Vulcanized rubber handle for secure grip while striking Lanyard Hole - Safely secure hammer to wrist or stationary object",73132517910.0,,WILTON 20624 6LB Head 24^ BASH Sledge Hammer
21716,Sledges,20824,"8 LBS HEAD 24"" BASH SLEDGE HAMMER",,E:\IMAGES\ITEMS\product\2\0\wilton-20824-8-lbs-head-24-bash-sledge-hammer.jpg,Wilton,,"Unbreakable® Handle Technology - Steel core eliminates breaking during overstrikesTrademark Green Head - Hi-Vis, drop forged 46 HRC steel head endures the most demanding applicationsSafety Plate - Secures head to handle preventing head dislodgingAnti-Vibe Neck - Thick, tapered neck absorbs vibration reducing worker fatigueNo-Slip Grip - Vulcanized rubber handle for secure grip while striking","At Wilton, we are on a never-ending journey to create the highest quality, most indestructible tools on the market. On this journey we've managed to design and file patents for the world's most durable sledge hammer with Unbreakable® Handle Technology, revolutionary design, and engineered no-slip rubber grip. With the Wilton B.A.S.H® backed by our $1,000 Guarantee, we put our money where our mouth is.",731325179130.0,,"8 LBS HEAD 24"" BASH SLEDGE HAMMER"
21716,Sledges,20830,WILTON 20830 8LB Head 30^ BASH Sledge Hammer,,E:\IMAGES\ITEMS\product\2\0\wilton-20830-8-lb-head-30-bash-sledge-hammer.jpg,Wilton,,"Unbreakable® Handle Technology - Steel core eliminates breaking during overstrikesTrademark Green Head - Hi-Vis, drop forged 46 HRC steel head endures the most demanding applicationsSafety Plate - Secures head to handle preventing head dislodgingAnti-Vibe Neck - Thick, tapered neck absorbs vibration reducing worker fatigueNo-Slip Grip - Vulcanized rubber handle for secure grip while striking","Unbreakable® Handle Technology - Steel core eliminates breaking during overstrikes Trademark Green Head - Hi-Vis, drop forged 46 HRC steel head endures the most demanding applications Safety Plate - Secures head to handle preventing head dislodging Anti-Vibe Neck - Thick, tapered neck absorbs vibration reducing worker fatigue No-Slip Grip - Vulcanized rubber handle for secure grip while striking Lanyard Hole - Safely secure hammer to wrist or stationary object",73132517913.0,,WILTON 20830 8LB Head 30^ BASH Sledge Hammer
21716,Sledges,20836,WILTON 20836 8LB Head 36^ HANDLE BASH Sledge Hammer,,E:\IMAGES\ITEMS\product\2\0\wilton-20836-8-lb-head-36-bash-sledge-hammer.jpg,Wilton,,"Unbreakable® Handle Technology - Steel core eliminates breaking during overstrikesTrademark Green Head - Hi-Vis, drop forged 46 HRC steel head endures the most demanding applicationsSafety Plate - Secures head to handle preventing head dislodgingAnti-Vibe Neck - Thick, tapered neck absorbs vibration reducing worker fatigueNo-Slip Grip - Vulcanized rubber handle for secure grip while striking","Unbreakable® Handle Technology - Steel core eliminates breaking during overstrikes Trademark Green Head - Hi-Vis, drop forged 46 HRC steel head endures the most demanding applications Safety Plate - Secures head to handle preventing head dislodging Anti-Vibe Neck - Thick, tapered neck absorbs vibration reducing worker fatigue No-Slip Grip - Vulcanized rubber handle for secure grip while striking Lanyard Hole - Safely secure hammer to wrist or stationary object",73132517914.0,,WILTON 20836 8LB Head 36^ HANDLE BASH Sledge Hammer
21716,Sledges,21030,"10 LB HEAD 30"" BASH SLEDGE HAMMER",,E:\IMAGES\ITEMS\product\2\1\wilton-21030-10-lb-head-30-bash-sledge-hammer.jpg,Wilton,,"Unbreakable® Handle Technology - Steel core eliminates breaking during overstrikesTrademark Green Head - Hi-Vis, drop forged 46 HRC steel head endures the most demanding applicationsSafety Plate - Secures head to handle preventing head dislodgingAnti-Vibe Neck - Thick, tapered neck absorbs vibration reducing worker fatigueNo-Slip Grip - Vulcanized rubber handle for secure grip while striking","At Wilton, we are on a never-ending journey to create the highest quality, most indestructible tools on the market. On this journey we've managed to design and file patents for the world's most durable sledge hammer with Unbreakable® Handle Technology, revolutionary design, and engineered no-slip rubber grip. With the Wilton B.A.S.H® backed by our $1,000 Guarantee, we put our money where our mouth is.",,,"10 LB HEAD 30"" BASH SLEDGE HAMMER"
21716,Sledges,21036,WILTON 21036 10LB Head 36^ BASH Sledge Hammer,,E:\IMAGES\ITEMS\product\2\1\wilton-21036-10-lb-head-36-bash-sledge-hammer.jpg,Wilton,,"Unbreakable® Handle Technology - Steel core eliminates breaking during overstrikesTrademark Green Head - Hi-Vis, drop forged 46 HRC steel head endures the most demanding applicationsSafety Plate - Secures head to handle preventing head dislodgingAnti-Vibe Neck - Thick, tapered neck absorbs vibration reducing worker fatigueNo-Slip Grip - Vulcanized rubber handle for secure grip while striking","Unbreakable® Handle Technology - Steel core eliminates breaking during overstrikes Trademark Green Head - Hi-Vis, drop forged 46 HRC steel head endures the most demanding applications Safety Plate - Secures head to handle preventing head dislodging Anti-Vibe Neck - Thick, tapered neck absorbs vibration reducing worker fatigue No-Slip Grip - Vulcanized rubber handle for secure grip while striking Lanyard Hole - Safely secure hammer to wrist or stationary object",73132517917.0,,WILTON 21036 10LB Head 36^ BASH Sledge Hammer
21716,Sledges,21436,WILTON 21436 14LB Head 36^ BASH Sledge Hammer,,E:\IMAGES\ITEMS\product\2\1\wilton-21436-14-lb-head-36-bash-sledge-hammer.jpg,Wilton,,"Unbreakable® Handle Technology - Steel core eliminates breaking during overstrikesTrademark Green Head - Hi-Vis, drop forged 46 HRC steel head endures the most demanding applicationsSafety Plate - Secures head to handle preventing head dislodgingAnti-Vibe Neck - Thick, tapered neck absorbs vibration reducing worker fatigueNo-Slip Grip - Vulcanized rubber handle for secure grip while striking","Unbreakable® Handle Technology - Steel core eliminates breaking during overstrikes Trademark Green Head - Hi-Vis, drop forged 46 HRC steel head endures the most demanding applications Safety Plate - Secures head to handle preventing head dislodging Anti-Vibe Neck - Thick, tapered neck absorbs vibration reducing worker fatigue No-Slip Grip - Vulcanized rubber handle for secure grip while striking Lanyard Hole - Safely secure hammer to wrist or stationary object",73132517922.0,,WILTON 21436 14LB Head 36^ BASH Sledge Hammer
21716,Sledges,90412,"4LB 12"" BASH BRASS SLEDGE HAMMER",,E:\IMAGES\ITEMS\product\9\0\wilton-90412-4lb-12-bash-brass-sledge-hammer.jpg,Wilton,,Brass Head is non-sparking for use near combustible materials and nonmarring to reduce work damage.Unbreakable® Handle Technology - Steel core eliminates breaking during overstrikesSafety Plate prevents head from dislodgingAnti-Vibe Neck with tapered design eliminates vibration from strikingNo-Slip Grip made from vulcanized rubber ensures a secure hold,"With a spindleless design, the Wilton® Lever Clamps offer a time saving method of clamping your welding work pieces. Torque down on the Wilton® Blue Aluminum handle for maximum force and simply loosen by squeezing the Quick-Trigger release.",,,"4LB 12"" BASH BRASS SLEDGE HAMMER"
21633,C Clamps,10622005,"6"" C-CLAMP DUCTILE IRON FRAME",,E:\IMAGES\ITEMS\product\1\0\wilton-10622005-6-c-clamp-ductile-iron-frame.jpg,Wilton,,,,,,"6"" C-CLAMP DUCTILE IRON FRAME"
21633,C Clamps,10822006,"8"" C-CLAMP DUCTILE IRON FRAME",,E:\IMAGES\ITEMS\product\1\0\wilton-10822006-8-c-clamp-ductile-iron-frame.jpg,Wilton,,,,,,"8"" C-CLAMP DUCTILE IRON FRAME"
21633,C Clamps,11022007,"10"" C-CLAMP DUCTILE IRON FRAME",,E:\IMAGES\ITEMS\product\1\1\wilton-11022007-10-c-clamp-ductile-iron-frame.jpg,Wilton,,,,,,"10"" C-CLAMP DUCTILE IRON FRAME"
21633,C Clamps,21500K,WILTON 21500K 2 4 6^ 400 SERIES C-CLAMPS AND 746 6^ MECHANICS SWIVEL,,E:\IMAGES\ITEMS\product\2\1\wilton-21500k-wilton-21500k-2-4-6-400-series-c-clamps-and-746-6-mechanics-swivel.png,Wilton,,,"Swivel base rotates 360° and has double lockdowns ensuring maximum stability Powder coat paint resists scratches and provides a tough durable finish Replaceable hardened steel top and pipe jaws Large anvil work surface Heavy-duty 30,000 PSI iron casting built for rugged use and extended life Fully enclosed spindle and nut",73132575358.0,,WILTON 21500K 2 4 6^ 400 SERIES C-CLAMPS AND 746 6^ MECHANICS SWIVEL
21973,Specialty Vises and Components,10010,WILTON 10010 6^ ATV All-Terrain Vise 5^ Throat Depth,,/,Wilton,,,"Fits a standard 2"" hitch and includes a hitch pin for security. Can be mounted on a bench or trailer for even greater versatility with the included mounting bracket. Lightweight and with an integrated carrying handle, the ATV is designed for easy transport. Patented 360° locking handle secures the handle while driving or repositions it while working. The included set screws are designed to provide a tight fit in the hitch and reduce vibration while driving.",73132529460.0,,WILTON 10010 6^ ATV All-Terrain Vise 5^ Throat Depth
21973,Specialty Vises and Components,10403,WILTON 10403 203-1/2M3 Combination Pipe and Bench Vises - Swivel Base,,E:\IMAGES\ITEMS\product\1\0\wilton-10403-wilton-10403-203-12m3-combination-pipe-and-bench-vises-swivel-base.jpg,Wilton,,,"The Wilton 10403 203-1/2M3 Combination Pipe and Bench vise is designed to handle the most demanding clamping applications. Unlike most vises that have a fixed center nut, the Combination Pipe and Bench round channel vise nut is anchored at the rear which provides straight line pull and even pressure resulting in greater durability. The round channel design also allows for a completely enclosed spindle and nut assembly which keeps debris out and lubrication in for a lifetime of smooth operation. For ultimate versatility, the Combination Pipe and Bench vise is equipped with main jaws, pipe jaws and a machined anvil work surface.",1990710403.0,,WILTON 10403 203-1/2M3 Combination Pipe and Bench Vises - Swivel Base
21973,Specialty Vises and Components,11127,WILTON 11127 675 5-1/2 UTILITY VISE 5^ JAW OPENING 3-3/16 THROAT DEPTH,,E:\IMAGES\ITEMS\product\1\1\wilton-11127-wilton-11127-675-5-12-utility-vise-5-jaw-opening-3-316-throat-depth.png,Wilton,,,"Large anvil for shaping materials Heavy duty 30,000 psi casting for strength and durability Replaceable steel serrated jaw inserts provide a firm grip 180° swivel base with lock down allows for quick and easy positioning Built-in Pipe jaws handle various Pipe sizes",1990711127.0,,WILTON 11127 675 5-1/2 UTILITY VISE 5^ JAW OPENING 3-3/16 THROAT DEPTH
21971,Bench Vises,11800,WILTON 11800 648HD 8^ Workshop Vise 7-1/2 Jaw Opening 4-1/2 Throat Dep,,E:\IMAGES\ITEMS\product\1\1\wilton-11800-wilton-11800-648hd-8-workshop-vise-7-12-jaw-opening-4-12-throat-dep.jpg,Wilton,,,"Wilton Shop Vises have heavy-duty castings with a 30,000 PSI iron body built for rugged use and extended life. Each has the capability of handling pipe as well as mounting to the bench with 3 mounting posts providing more stability and secure hold.",1990711800.0,,WILTON 11800 648HD 8^ Workshop Vise 7-1/2 Jaw Opening 4-1/2 Throat Dep
21633,C Clamps,14214,WILTON 14214 402 2^ C-CLAMP 2-1/4 Throat Depth,,E:\IMAGES\ITEMS\product\1\4\wilton-14214-wilton-14214-402-2-c-clamp-2-14-throat-depth.png,Wilton,,,"Industry's top choice for maintenance, production and repair operations Drop-forged steel frame, regular-duty with extra deep-throat Black oxide coated spindles and Perma-pad® resist corrosion, and are replaceable Innovative frame geometry for maximum strength V grooved anvil allows secure holding of all materials including rounds, squares and flats.",1990714214.0,,WILTON 14214 402 2^ C-CLAMP 2-1/4 Throat Depth
21633,C Clamps,14228,WILTON 14228 403 3^ 400 Series C-Clamp 2-1/2 Throat Depth,,E:\IMAGES\ITEMS\product\1\4\wilton-14228-wilton-14228-403-3-400-series-c-clamp-2-12-throat-depth.png,Wilton,,,"Industry's top choice for maintenance, production and repair operations Drop-forged steel frame, regular-duty with extra deep-throat Black oxide coated spindles and Perma-pad® resist corrosion, and are replaceable Innovative frame geometry for maximum strength V grooved anvil allows secure holding of all materials including rounds, squares and flats.",1990714228.0,,WILTON 14228 403 3^ 400 Series C-Clamp 2-1/2 Throat Depth
24625,Clamping Tools,14242,WILTON 14242 404 4^ C-CLAMP 400 Series 3-1/4 Throat Depth,,E:\IMAGES\ITEMS\product\1\4\wilton-14242-wilton-14242-404-4-c-clamp-400-series-3-14-throat-depth.png,Wilton,,,"Industry's top choice for maintenance, production and repair operations Drop-forged steel frame, regular-duty with extra deep-throat Black oxide coated spindles and Perma-pad® resist corrosion, and are replaceable Innovative frame geometry for maximum strength V grooved anvil allows secure holding of all materials including rounds, squares and flats.",1990714242.0,,WILTON 14242 404 4^ C-CLAMP 400 Series 3-1/4 Throat Depth
24625,Clamping Tools,14256,WILTON 14256 6^ C-CLAMP 406 400 Series 4-1/8 Throat Depth,,E:\IMAGES\ITEMS\product\1\4\wilton-14256-wilton-14256-6-c-clamp-406-400-series-4-18-throat-depth.png,Wilton,,,"Industry's top choice for maintenance, production and repair operations Drop-forged steel frame, regular-duty with extra deep-throat Black oxide coated spindles and Perma-pad® resist corrosion, and are replaceable Innovative frame geometry for maximum strength V grooved anvil allows secure holding of all materials including rounds, squares and flats.",1990714256.0,,WILTON 14256 6^ C-CLAMP 406 400 Series 4-1/8 Throat Depth
21633,C Clamps,14270,WILTON 14270 408 8^ C-Clamp 0^ TO 8-1/4 Jaw Opening 5^ Throat Depth,,E:\IMAGES\ITEMS\product\1\4\wilton-14270-wilton-14270-408-8-c-clamp-0-to-8-14-jaw-opening-5-throat-depth.png,Wilton,,,"Industry's top choice for maintenance, production and repair operations Drop-forged steel frame, regular-duty with extra deep-throat Black oxide coated spindles and Perma-pad® resist corrosion, and are replaceable Innovative frame geometry for maximum strength V grooved anvil allows secure holding of all materials including rounds, squares and flats.",1990714270.0,,WILTON 14270 408 8^ C-Clamp 0^ TO 8-1/4 Jaw Opening 5^ Throat Depth
21716,Sledges,20212,WILTON 20212 2-1/2LB BASH SLEDGE HAMMER 12^,,E:\IMAGES\ITEMS\product\2\0\wilton-20212-wilton-20212-2-12lb-bash-sledge-hammer-12.png,Wilton,,,"Unbreakable® Handle Technology - Steel core eliminates breaking during overstrikes Trademark Green Head - Hi-Vis, drop forged 46 HRC steel head endures the most demanding applications Safety Plate - Secures head to handle preventing head dislodging Ergonomic Handle - shaped and thickened for improved comfort and less vibration No-Slip Grip - Vulcanized rubber handle for secure grip while striking Lanyard Hole - Safely secure hammer to wrist or stationary object",73132517907.0,,WILTON 20212 2-1/2LB BASH SLEDGE HAMMER 12^
21633,C Clamps,20303,WILTON 20303 H404 4^ C-CLAMP 2-3/4 Throat Depth,,E:\IMAGES\ITEMS\product\2\0\wilton-20303-wilton-20303-h404-4-c-clamp-2-34-throat-depth.png,Wilton,,,"Drop forged, regular-duty with extra deep throat Improved frame design allows for a higher proof test, greater throat depth, and lower overall weight Acme rolled spindle threads provide maximum strength and clamping force Exceptional value and performance V grooved anvil allows secure holding of all materials including rounds, squares and flats.",1990720303.0,,WILTON 20303 H404 4^ C-CLAMP 2-3/4 Throat Depth
21633,C Clamps,20304,WILTON 20304 H406 6^ C-CLAMP 400 Series 3-5/8 Throat Depth,,E:\IMAGES\ITEMS\product\2\0\wilton-20304-wilton-20304-h406-6-c-clamp-400-series-3-58-throat-depth.png,Wilton,,,"Drop forged, regular-duty with extra deep throat Improved frame design allows for a higher proof test, greater throat depth, and lower overall weight Acme rolled spindle threads provide maximum strength and clamping force Exceptional value and performance V grooved anvil allows secure holding of all materials including rounds, squares and flats.",1990720304.0,,WILTON 20304 H406 6^ C-CLAMP 400 Series 3-5/8 Throat Depth
21633,C Clamps,20305,WILTON 20305 8^ H408 400 Series C-Clamp 4-1/2 Throat Depth,,E:\IMAGES\ITEMS\product\2\0\wilton-20305-wilton-20305-8-h408-400-series-c-clamp-4-12-throat-depth.png,Wilton,,,"Drop forged, regular-duty with extra deep throat Improved frame design allows for a higher proof test, greater throat depth, and lower overall weight Acme rolled spindle threads provide maximum strength and clamping force Exceptional value and performance V grooved anvil allows secure holding of all materials including rounds, squares and flats.",1990720305.0,,WILTON 20305 8^ H408 400 Series C-Clamp 4-1/2 Throat Depth
21633,C Clamps,20306,WILTON 20306 H410 10^ 400 Series C-Clamp 5-3/8 Throat Depth,,E:\IMAGES\ITEMS\product\2\0\wilton-20306-wilton-20306-h410-10-400-series-c-clamp-5-38-throat-depth.png,Wilton,,,"Drop forged, regular-duty with extra deep throat Improved frame design allows for a higher proof test, greater throat depth, and lower overall weight Acme rolled spindle threads provide maximum strength and clamping force Exceptional value and performance V grooved anvil allows secure holding of all materials including rounds, squares and flats.",1990720306.0,,WILTON 20306 H410 10^ 400 Series C-Clamp 5-3/8 Throat Depth
21633,C Clamps,20307,WILTON 20307 H412 12^ C-Clamp 5-3/4 Throat Depth,,E:\IMAGES\ITEMS\product\2\0\wilton-20307-wilton-20307-h412-12-c-clamp-5-34-throat-depth.png,Wilton,,,"Drop forged, regular-duty with extra deep throat Improved frame design allows for a higher proof test, greater throat depth, and lower overall weight Acme rolled spindle threads provide maximum strength and clamping force Exceptional value and performance V grooved anvil allows secure holding of all materials including rounds, squares and flats.",1990720307.0,,WILTON 20307 H412 12^ C-Clamp 5-3/4 Throat Depth
21633,C Clamps,20481,WILTON 20481 H403CS 3^ C-Clamp 2-3/8 Throat Depth,,E:\IMAGES\ITEMS\product\2\0\wilton-20481-wilton-20481-h403cs-3-c-clamp-2-38-throat-depth.png,Wilton,,,"Drop forged, regular duty with extra deep throat Copper plated spindle and Perma-pad® for resistance to welding spatter and corrosion, and are replaceable, and are replaceable Exceptional value high-visibility welding clamps Lifetime Warranty V grooved anvil allows secure holding of all materials including rounds, squares and flats. Serrated pad available separately",1990720481.0,,WILTON 20481 H403CS 3^ C-Clamp 2-3/8 Throat Depth
21633,C Clamps,20483,WILTON 20483 H404CS 4^ C-Clamp 2-3/4 Throat Depth,,E:\IMAGES\ITEMS\product\2\0\wilton-20483-wilton-20483-h404cs-4-c-clamp-2-34-throat-depth.png,Wilton,,,"Wilton® Spark-Duty™ 400 Series Hi-Vis C-Clamps are ideal for steel fabrication and industrial welding. Each boast a drop forged construction, an ACME rolled, copper plated spindle and conform to OSHA safety color standards for physical hazards regulation# 1910.144. Each has an oscillating head with a high quality steel pad built to last and provides firm gripping action on angular surfaces.",1990720483.0,,WILTON 20483 H404CS 4^ C-Clamp 2-3/4 Throat Depth
21633,C Clamps,20484,WILTON 20484 H406CS 6^ C-CLAMP 400-CS Series 3-5/8 Throat Depth,,E:\IMAGES\ITEMS\product\2\0\wilton-20484-wilton-20484-h406cs-6-c-clamp-400-cs-series-3-58-throat-depth.png,Wilton,,,"Drop forged, regular duty with extra deep throat Copper plated spindle and Perma-pad® for resistance to welding spatter and corrosion, and are replaceable, and are replaceable Exceptional value high-visibility welding clamps Lifetime Warranty V grooved anvil allows secure holding of all materials including rounds, squares and flats. Serrated pad available separately",1990720484.0,,WILTON 20484 H406CS 6^ C-CLAMP 400-CS Series 3-5/8 Throat Depth
21633,C Clamps,20485,WILTON 20485 H408CS 8^ C-CLAMP 400-CS Series 4-1/2 Throat Depth,,E:\IMAGES\ITEMS\product\2\0\wilton-20485-wilton-20485-h408cs-8-c-clamp-400-cs-series-4-12-throat-depth.png,Wilton,"Wilton® Spark-Duty™ 400 Series Hi-Vis C-Clamps are ideal for steel fabrication and industrial welding. Each boast a drop forged construction, an ACME rolled, copper plated spindle and conform to OSHA safety color standards for physical hazards regulation#",,,1990720485.0,,WILTON 20485 H408CS 8^ C-CLAMP 400-CS Series 4-1/2 Throat Depth
21633,C Clamps,20486,WILTON 20486 H410CS 10^ C-CLAMP 5-3/8 Throat Depth,,E:\IMAGES\ITEMS\product\2\0\wilton-20486-wilton-20486-h410cs-10-c-clamp-5-38-throat-depth.png,Wilton,,,"Drop forged, regular duty with extra deep throat Copper plated spindle and Perma-pad® for resistance to welding spatter and corrosion, and are replaceable, and are replaceable Exceptional value high-visibility welding clamps Lifetime Warranty V grooved anvil allows secure holding of all materials including rounds, squares and flats. Serrated pad available separately",1990720486.0,,WILTON 20486 H410CS 10^ C-CLAMP 5-3/8 Throat Depth
21633,C Clamps,20487,WILTON 20487 H412CS 12^ C-CLAMP 400-CS Series 5-3/4 Throat Depth,,E:\IMAGES\ITEMS\product\2\0\wilton-20487-wilton-20487-h412cs-12-c-clamp-400-cs-series-5-34-throat-depth.png,Wilton,,,"Drop forged, regular duty with extra deep throat Copper plated spindle and Perma-pad® for resistance to welding spatter and corrosion, and are replaceable, and are replaceable Exceptional value high-visibility welding clamps Lifetime Warranty V grooved anvil allows secure holding of all materials including rounds, squares and flats. Serrated pad available separately",1990720487.0,,WILTON 20487 H412CS 12^ C-CLAMP 400-CS Series 5-3/4 Throat Depth
21716,Sledges,20816,WILTON 20816 8LB Head 16^ BASH Sledge Hammer,,E:\IMAGES\ITEMS\product\2\0\wilton-20816-wilton-20816-8lb-head-16-bash-sledge-hammer.png,Wilton,,,"Unbreakable® Handle Technology - Steel core eliminates breaking during overstrikes Trademark Green Head - Hi-Vis, drop forged 46 HRC steel head endures the most demanding applications Safety Plate - Secures head to handle preventing head dislodging Anti-Vibe Neck - Thick, tapered neck absorbs vibration reducing worker fatigue No-Slip Grip - Vulcanized rubber handle for secure grip while striking Lanyard Hole - Safely secure hammer to wrist or stationary object",73132522363.0,,WILTON 20816 8LB Head 16^ BASH Sledge Hammer
21716,Sledges,21236,WILTON 21236 12LB 36^ BASH Sledge Hammer,,E:\IMAGES\ITEMS\product\2\1\wilton-21236-wilton-21236-12lb-36-bash-sledge-hammer.png,Wilton,,,"Unbreakable® Handle Technology - Steel core eliminates breaking during overstrikes Trademark Green Head - Hi-Vis, drop forged 46 HRC steel head endures the most demanding applications Safety Plate - Secures head to handle preventing head dislodging Anti-Vibe Neck - Thick, tapered neck absorbs vibration reducing worker fatigue No-Slip Grip - Vulcanized rubber handle for secure grip while striking Lanyard Hole - Safely secure hammer to wrist or stationary object",73132517920.0,,WILTON 21236 12LB 36^ BASH Sledge Hammer
24625,Clamping Tools,21304,WILTON 21304 53 1-1/2^ Forged Super-Junior C-Clamp 0^ - 1-1/2^ Jaw O,,E:\IMAGES\ITEMS\product\2\1\wilton-21304-wilton-21304-53-1-12-forged-super-junior-c-clamp-0-1-12-jaw-o.png,Wilton,,,Super-Junior® clamps are forged steel with heat treated frames to provide a much stronger clamp than pressed steel or malleable clamps Steel screws are zinc plated for longer life,1990721304.0,,WILTON 21304 53 1-1/2^ Forged Super-Junior C-Clamp 0^ - 1-1/2^ Jaw O
21631,Bar Clamp and Spreaders,21806,WILTON 21806 6 ^I^ Bar Clamp 6000LB Capacity Regular Duty,,E:\IMAGES\ITEMS\product\2\1\wilton-21806-wilton-21806-6-i-bar-clamp-6000lb-capacity-regular-duty.png,Wilton,,,"A rapid acting powerful clamp designed and constructed for hard, everyday production work Quick Action, no slip clutches are 3/4” apart and formed in the web for greater bar strength High strength ductile slide cannot slipo or bind; easily released Steel handle with comfortable wood crank for fast clamping",1990721806.0,,WILTON 21806 6 ^I^ Bar Clamp 6000LB Capacity Regular Duty
21633,C Clamps,22002,WILTON 22002 3^ 540A-3 C-Clamp 1-7/8 Throat Depth,,E:\IMAGES\ITEMS\product\2\2\wilton-22002-wilton-22002-3-540a-3-c-clamp-1-78-throat-depth.png,Wilton,,,"Frames made from high strength ductile iron castings Sliding pin (vise type) handle, single acme thread rolled spindle and oscillating ball and socket tip Wilton's heaviest-duty carriage clamp available Lifetime Warranty",1990722002.0,,WILTON 22002 3^ 540A-3 C-Clamp 1-7/8 Throat Depth
21633,C Clamps,22004,WILTON 22004 5^ 540A-5 C-Clamp 2-1/2 Throat Depth 6/CS,,E:\IMAGES\ITEMS\product\2\2\wilton-22004-wilton-22004-5-540a-5-c-clamp-2-12-throat-depth-6cs.png,Wilton,,,"Frames made from high strength ductile iron castings Sliding pin (vise type) handle, single acme thread rolled spindle and oscillating ball and socket tip Wilton's heaviest-duty carriage clamp available Lifetime Warranty",1990722004.0,,WILTON 22004 5^ 540A-5 C-Clamp 2-1/2 Throat Depth 6/CS
21633,C Clamps,22115,WILTON 22115 H566N 568 1-1/4^ Junior Cast C-Clamp - Nylon Caps 0^ -,,E:\IMAGES\ITEMS\product\2\2\wilton-22115-wilton-22115-h566n-568-1-14-junior-cast-c-clamp-nylon-caps-0-.png,Wilton,,,Ductile / malleable iron castings are desired for close work in pattern and mold making Used extensively in the aircraft / aerospace industry because of their weight to strength ratio Nylon cap on the tip as well as nylon inserts are securely fixed to the foot of the clamp,1990722115.0,,WILTON 22115 H566N 568 1-1/4^ Junior Cast C-Clamp - Nylon Caps 0^ -
21633,C Clamps,22116,WILTON 22116 H568N 568 2-1/2^Junior Cast C-Clamp - Nylon Caps 0^ - 2,,E:\IMAGES\ITEMS\product\2\2\wilton-22116-wilton-22116-h568n-568-2-12junior-cast-c-clamp-nylon-caps-0-2.png,Wilton,,,Ductile / malleable iron castings are desired for close work in pattern and mold making Used extensively in the aircraft / aerospace industry because of their weight to strength ratio Nylon cap on the tip as well as nylon inserts are securely fixed to the foot of the clamp,1990722116.0,,WILTON 22116 H568N 568 2-1/2^Junior Cast C-Clamp - Nylon Caps 0^ - 2
21971,Bench Vises,28806,WILTON 28806 5-1/2 1755 TRADESMAN ROUND CHANNEL VISE WITH SWIVEL BASE,,E:\IMAGES\ITEMS\product\2\8\wilton-28806-wilton-28806-5-12-1755-tradesman-round-channel-vise-with-swivel-base.png,Wilton,,,"Enclosed design keeps lubrication in and contaminants out for a lifetime of smooth operation Redesigned spindle assembly improves overall product life and durability Precision slide bar eliminates movement in the front jaw regardless of opened distance Machined steel serrated jaws with phosphate coating provide increased durability and an extended life of use Reversible jaw inserts are serrated on one side for extra grip and smooth on the other to prevent marring on softer surfaces 60,000 PSI ductile iron body, jaw and base is virtually indestructible with 2X the strength of grey cast iron Longer spindle nut ensures smooth movement and a stronger straight-line pull Large anvil designed to take a beating while forming and shaping materials",73132575396.0,,WILTON 28806 5-1/2 1755 TRADESMAN ROUND CHANNEL VISE WITH SWIVEL BASE
21971,Bench Vises,28815,WILTON 28815 656HD 6^ Utility Vise 4-3/16 Throat Depth REPLACES 191,,E:\IMAGES\ITEMS\product\2\8\wilton-28815-wilton-28815-656hd-6-utility-vise-4-316-throat-depth-replaces-191.png,Wilton,,,Powder coat paint resists scratches and provides a tough durable surface Replaceable hardened steel jaws with a serrated pattern ensure grip and a long life Dual lock-downs and a 360° swivel base Built-in pipe jaws handle a range of pipe sizes Large anvil work surface for forming and shaping materials Perfect for general clamping applications Rugged and versatile yet moderately price,1990700191.0,,WILTON 28815 656HD 6^ Utility Vise 4-3/16 Throat Depth REPLACES 191
21971,Bench Vises,28825,WILTON 28825 C-0 3-1/2 Combination Pipe and Bench Vise Swivel Base 5^,,E:\IMAGES\ITEMS\product\2\8\wilton-28825-wilton-28825-c-0-3-12-combination-pipe-and-bench-vise-swivel-base-5.png,Wilton,,,"Massive cast iron vise body is virtually indestructible, weighing up to 30% more than competing models Sealed construction keeps lubrication in and contaminants out for a lifetime of smooth operation Precision slide bar eliminates movement in the front jaw regardless of opened distance Longer spindle nut ensures smooth movement and a stronger straight-line pull Hardened steel replaceable jaw inserts are machine serrated for a safe and secure grip under maximum torque Self-centering pipe jaws hold up to 2.5"" pipe safely and securely Large anvil designed to take a beating while forming and shaping materials Locking swivel base with double lockdowns for non-slip hold in any position",1990710200.0,,WILTON 28825 C-0 3-1/2 Combination Pipe and Bench Vise Swivel Base 5^
21710,Ball Pein Hammers,32414,WILTON 32414 24oz Head 14^ BASH Ball Pein Hammer,,E:\IMAGES\ITEMS\product\3\2\wilton-32414-wilton-32414-24oz-head-14-bash-ball-pein-hammer.png,Wilton,,,Safety Plate prevents head from dislodging Anti-Vibe Neck with tapered design eliminates vibration from striking No-Slip Grip made from vulcanized rubber ensures a secure hold Unbreakable® Handle Technology - Steel core eliminates breaking during overstrikes,73132517926.0,,WILTON 32414 24oz Head 14^ BASH Ball Pein Hammer
21633,C Clamps,41407,WILTON 41407 145C 5^ C-CLAMP 140 Series 3^ Throat Depth,,E:\IMAGES\ITEMS\product\4\1\wilton-41407-wilton-41407-145c-5-c-clamp-140-series-3-throat-depth.png,Wilton,,,"Rugged ductile iron frames with black oxide spindle, swivel pads and sliding cross pin handle Designed for the home craftsman, woodworker and light industrial service Oscillating head Wilton's heaviest-duty carriage clamp available",1990741407.0,,WILTON 41407 145C 5^ C-CLAMP 140 Series 3^ Throat Depth
21633,C Clamps,41411,WILTON 41411 141C 1^ C-CLAMP 140 Series 1-1/16 Throat Depth,,E:\IMAGES\ITEMS\product\4\1\wilton-41411-wilton-41411-141c-1-c-clamp-140-series-1-116-throat-depth.png,Wilton,,,"Rugged ductile iron frames with black oxide spindle, swivel pads and sliding cross pin handle Designed for the home craftsman, woodworker and light industrial service Oscillating head Wilton's heaviest-duty carriage clamp available",1990741411.0,,WILTON 41411 141C 1^ C-CLAMP 140 Series 1-1/16 Throat Depth
21633,C Clamps,41416,WILTON 41416 141-1/2C 140 Series 1-1/2^ C-Clamp 0^ - 1-1/2^ Jaw Open,,E:\IMAGES\ITEMS\product\4\1\wilton-41416-wilton-41416-141-12c-140-series-1-12-c-clamp-0-1-12-jaw-open.png,Wilton,,,"Rugged ductile iron frames with black oxide spindle, swivel pads and sliding cross pin handle Designed for the home craftsman, woodworker and light industrial service Oscillating head Wilton's heaviest-duty carriage clamp available",1990741416.0,,WILTON 41416 141-1/2C 140 Series 1-1/2^ C-Clamp 0^ - 1-1/2^ Jaw Open
21971,Bench Vises,63187,WILTON 63187 1550 5^ High Visibility Safety Vise 5-1/4 Jaw Opening,,E:\IMAGES\ITEMS\product\6\3\wilton-63187-wilton-63187-1550-5-high-visibility-safety-vise-5-14-jaw-opening.png,Wilton,,,"Safety color conforms to OSHA standard for physical hazards; Regulation #1910.144 Replaceable serrated top jaws and pipe jaws 360° swivel base and double lockdowns Fully enclosed spindle and nut Large anvil work surface Powder coat paint resists scratches and provides a tough durable finish Heavy-duty 30,000 PSI iron casting built for rugged use and extended life",1990763187.0,,WILTON 63187 1550 5^ High Visibility Safety Vise 5-1/4 Jaw Opening
24625,Clamping Tools,63192,WILTON 63192 620 20^ L-Clamp 4-3/4 Throat Depth discontinued when inve,,E:\IMAGES\ITEMS\product\6\3\wilton-63192-wilton-63192-620-20-l-clamp-4-34-throat-depth-discontinued-when-inve.jpg,Wilton,,,"Versatile, Economy Series L-Clamps Are Designed For Economical Repetitive Clamping Offers Generous Throat Depth, Substantial Clamping Pressure At A Competitive Price Steel Swivel Pads Provide Secure Clamping",1990763192.0,,WILTON 63192 620 20^ L-Clamp 4-3/4 Throat Depth discontinued when inve
24625,Clamping Tools,63193,WILTON 63193 624 Economy Series L-Clamp 24^ Jaw Opening 4-3/4^ Thro,,E:\IMAGES\ITEMS\product\6\3\wilton-63193-wilton-63193-624-economy-series-l-clamp-24-jaw-opening-4-34-thro.jpg,Wilton,,,"Wilton® L-Clamp, Economy, Series: SPARK-DUTY™, 4-3/4 in Throat Depth, Standard Swivel, 24 in Jaw Opening, 3/4 in Screw, 3/4 in Spindle Dia, Steel Bar, 2600 lb Clamping Pressure, 1-3/16 x 9/16 in Nominal Rail, Steel Handle, Black Oxide",1990763193.0,,WILTON 63193 624 Economy Series L-Clamp 24^ Jaw Opening 4-3/4^ Thro
21973,Specialty Vises and Components,63200,WILTON 63200 1755 5-1/2 Tradesman Vise 5^ Jaw Opening 3-3/4 Throat Dep,,E:\IMAGES\ITEMS\product\6\3\wilton-63200-wilton-63200-1755-5-12-tradesman-vise-5-jaw-opening-3-34-throat-dep.jpg,Wilton,,,• Wider jaws provide greater clamping surface • Fully enclosed spindle and nut increases the life of the vise • Large anvil work surface • Precision turned sidebar • 360° swivel base with double lockdowns,1990763200.0,,WILTON 63200 1755 5-1/2 Tradesman Vise 5^ Jaw Opening 3-3/4 Throat Dep
24625,Clamping Tools,63252,WILTON 63252 6312B Light-Duty Copper Plated L-Clamp 12^ Jaw Opening,,E:\IMAGES\ITEMS\product\6\3\wilton-63252-wilton-63252-6312b-light-duty-copper-plated-l-clamp-12-jaw-opening.jpg,Wilton,,,"Forged sliding arm design reduces clamping setup time. New hex nut design makes replacing pads and spindles easy. Copper plated spindles and Perma-Pad resist welding spatter. Exclusive, ergonomic Wilton-Grip provides comfort, speed and visibility (included on many sizes).",1990763252.0,,WILTON 63252 6312B Light-Duty Copper Plated L-Clamp 12^ Jaw Opening
24625,Clamping Tools,86200,WILTON 86200 1800S-8 8^ F-Clamp Regular Duty,,E:\IMAGES\ITEMS\product\8\6\wilton-86200-wilton-86200-1800s-8-8-f-clamp-regular-duty.png,Wilton,,,Black oxide spindle resists wear and tear while impeding rust. Drop forged arm provides minimal flex under heavy work loads. Swivel pad centers on workpiece for a sturdy hold. Sturdy tommy bar is engineered for durability and comfort.,73132522823.0,,WILTON 86200 1800S-8 8^ F-Clamp Regular Duty
24625,Clamping Tools,86210,WILTON 86210 1800S-12 12^ F-Clamp Regular Duty,,E:\IMAGES\ITEMS\product\8\6\wilton-86210-wilton-86210-1800s-12-12-f-clamp-regular-duty.png,Wilton,,,Black oxide spindle resists wear and tear while impeding rust. Drop forged arm provides minimal flex under heavy work loads. Swivel pad centers on workpiece for a sturdy hold. Sturdy tommy bar is engineered for durability and comfort,73132522824.0,,WILTON 86210 1800S-12 12^ F-Clamp Regular Duty
24625,Clamping Tools,86220,WILTON 86220 1800S-18 18^ F-Clamp Regular Duty,,E:\IMAGES\ITEMS\product\8\6\wilton-86220-wilton-86220-1800s-18-18-f-clamp-regular-duty.jpg,Wilton,,,black oxide spindle resists wear and tear while impeding rust drop forged arm provides minimal flex under heavy work loads swivel pad centers on workpiece for a sturdy hold sturdy tommy bar is engineered for durability and comfort throat depth:  4-3/4,73132522825.0,,WILTON 86220 1800S-18 18^ F-Clamp Regular Duty
